meeting_date,file,prefix,meeting_kind,part,original_url,wayback_timestamp,wayback_url,mimetype,bytes,sha256
1995-05-30,min1.htm,,Council,1,http://council.vancouver.ca/previous_years/950530/min1.htm,20161102232201,https://web.archive.org/web/20161102232201id_/http://council.vancouver.ca/previous_years/950530/min1.htm,text/html,28649,30901b49f40452afd4d630fc26640a361f78290376cf044781522e8a659fcfb2
1995-05-30,min2.htm,,Council,2,http://council.vancouver.ca/previous_years/950530/min2.htm,20161102232202,https://web.archive.org/web/20161102232202id_/http://council.vancouver.ca/previous_years/950530/min2.htm,text/html,24944,4f886e4a30e61ca03504b484ee4d27680019ea928fa4c51260e70c5ae9fbc033
1995-05-30,min3.htm,,Council,3,http://council.vancouver.ca/previous_years/950530/min3.htm,20161102232203,https://web.archive.org/web/20161102232203id_/http://council.vancouver.ca/previous_years/950530/min3.htm,text/html,5770,37dd548c7381e2c996063401a4931c6a581435cc1b4e8861126d7dcfd82ff27d
1995-05-30,min4.htm,,Council,4,http://council.vancouver.ca/previous_years/950530/min4.htm,20161102232203,https://web.archive.org/web/20161102232203id_/http://council.vancouver.ca/previous_years/950530/min4.htm,text/html,35091,381f5def344ee462a0cf64707c39e8952cc70a3d2bddf6aba8fb505199e41458
1995-05-30,min5.htm,,Council,5,http://council.vancouver.ca/previous_years/950530/min5.htm,20161102232204,https://web.archive.org/web/20161102232204id_/http://council.vancouver.ca/previous_years/950530/min5.htm,text/html,74772,358d924afb0cecd766b90b92476a03fd899f665d795fe5e4987b089a6c3d7753
1995-06-06,min1.htm,,Council,1,http://council.vancouver.ca/previous_years/950606/min1.htm,20161102232136,https://web.archive.org/web/20161102232136id_/http://council.vancouver.ca/previous_years/950606/min1.htm,text/html,29781,60ed2a1245f90b9ada748983f3c828448b2e904241f77f0c9609370d83248df1
1995-06-06,min2.htm,,Council,2,http://council.vancouver.ca/previous_years/950606/min2.htm,20161102232137,https://web.archive.org/web/20161102232137id_/http://council.vancouver.ca/previous_years/950606/min2.htm,text/html,27150,4d175ff3df87930bd6bf7605b61fcd78383601beb340dc1bd77c795da70ee584
1995-06-06,min3.htm,,Council,3,http://council.vancouver.ca/previous_years/950606/min3.htm,20161102232138,https://web.archive.org/web/20161102232138id_/http://council.vancouver.ca/previous_years/950606/min3.htm,text/html,20766,acbab695203f402d8408d0b6f862f7198d225d8590a025c6394c1b53e6812991
1995-06-06,minutes.htm,,Council,,http://council.vancouver.ca/previous_years/950606/minutes.htm,20161102232134,https://web.archive.org/web/20161102232134id_/http://council.vancouver.ca/previous_years/950606/minutes.htm,text/html,146089,14ed12da308be9dc083fb1e736c13ce2489b5490d73555ca64d9c70a72907bec
1995-06-20,min.htm,,Council,,http://council.vancouver.ca/previous_years/950620/min.htm,20161102232113,https://web.archive.org/web/20161102232113id_/http://council.vancouver.ca/previous_years/950620/min.htm,text/html,36641,a535f44eadcb5e91d0af710fdce5fae19453829fb7c944b74f06e92fe7dac5f5
1995-06-27,min.htm,,Council,,http://council.vancouver.ca/previous_years/950627/min.htm,20161102232055,https://web.archive.org/web/20161102232055id_/http://council.vancouver.ca/previous_years/950627/min.htm,text/html,19942,57c3407fe7493c57c1a2458eb594f69d291f2d1707ef6ea1cf25a6f721804840
1995-06-27,min1.htm,,Council,1,http://council.vancouver.ca/previous_years/950627/min1.htm,20161102232056,https://web.archive.org/web/20161102232056id_/http://council.vancouver.ca/previous_years/950627/min1.htm,text/html,16531,a9235c00bb76d0101b2ab8bd232125d58baa5ed8567590c1c22cbbc0d12babc4
1995-06-27,min2.htm,,Council,2,http://council.vancouver.ca/previous_years/950627/min2.htm,20161102232057,https://web.archive.org/web/20161102232057id_/http://council.vancouver.ca/previous_years/950627/min2.htm,text/html,12676,eb15105a220310bb0fdd7d3e302f609068ea1a5b7cc526563c411a44935bb947
1995-06-27,min3.htm,,Council,3,http://council.vancouver.ca/previous_years/950627/min3.htm,20161102232058,https://web.archive.org/web/20161102232058id_/http://council.vancouver.ca/previous_years/950627/min3.htm,text/html,36164,ca5992dfbf26c06ab81634b34f98a172db817fd4ac82bcdc8bf7a2d288576b34
1995-07-11,min.htm,,Council,,http://council.vancouver.ca/previous_years/950711/min.htm,20161102232035,https://web.archive.org/web/20161102232035id_/http://council.vancouver.ca/previous_years/950711/min.htm,text/html,37413,46f3bee5230d4c6c6bca4dc7f26d4cff9291ecd8ee1502179b7a44ff75d47d24
1995-07-13,csbmin.htm,csb,Standing Committee on City Services and Budgets,,http://council.vancouver.ca/previous_years/950713/csbmin.htm,20161102232029,https://web.archive.org/web/20161102232029id_/http://council.vancouver.ca/previous_years/950713/csbmin.htm,text/html,32182,d74038d75d0c97e268c79f776a6e1b780d75ddabba3ca2daa09a4ef02102bf5f
1995-07-18,min.htm,,Council,,http://council.vancouver.ca/previous_years/950718/min.htm,20161102232014,https://web.archive.org/web/20161102232014id_/http://council.vancouver.ca/previous_years/950718/min.htm,text/html,34682,79b9110f02c23550bc7e3d2b7a6c56a1cd07fe9fc6f5a57daae763dbcf7775e0
1995-07-25,min.htm,,Council,,http://council.vancouver.ca/previous_years/950725/min.htm,20161102231949,https://web.archive.org/web/20161102231949id_/http://council.vancouver.ca/previous_years/950725/min.htm,text/html,67415,d97fcff4190e587be2f34fc8fb44372685c293fdaa99a8b24ccab61b98d48f2d
1995-07-27,min7.htm,,Council,7,http://council.vancouver.ca/previous_years/950727/min7.htm,20161102231941,https://web.archive.org/web/20161102231941id_/http://council.vancouver.ca/previous_years/950727/min7.htm,text/html,11656,dceec485ea96df5195d3499415e42969fa6f8389b4e6b3242a1412e5692211a1
1995-07-27,min8.htm,,Council,8,http://council.vancouver.ca/previous_years/950727/min8.htm,20161102231944,https://web.archive.org/web/20161102231944id_/http://council.vancouver.ca/previous_years/950727/min8.htm,text/html,36077,990807c07b90417911b8ae6a1622ae6401106edfc2a36b268798f34b788b73a2
1995-09-12,min1.htm,,Council,1,http://council.vancouver.ca/previous_years/950912/min1.htm,20161102231922,https://web.archive.org/web/20161102231922id_/http://council.vancouver.ca/previous_years/950912/min1.htm,text/html,48167,9115fafb4c97e34c98808d80670e80e7d445361ed6e11464113c330367d5bafb
1995-09-12,min2.htm,,Council,2,http://council.vancouver.ca/previous_years/950912/min2.htm,20161102231940,https://web.archive.org/web/20161102231940id_/http://council.vancouver.ca/previous_years/950912/min2.htm,text/html,30713,069dee46cc196d197ff14636c3916be452184538f3f9d2197e4e845348b8144f
1995-09-14,min3.htm,,Council,3,http://council.vancouver.ca/previous_years/950914/min3.htm,20161102231919,https://web.archive.org/web/20161102231919id_/http://council.vancouver.ca/previous_years/950914/min3.htm,text/html,6987,d72022429ecc70bc965c6ed0b280a9b4756f7799a40b42ef4844af41bdb7d057
1995-09-14,min4.htm,,Council,4,http://council.vancouver.ca/previous_years/950914/min4.htm,20161102231915,https://web.archive.org/web/20161102231915id_/http://council.vancouver.ca/previous_years/950914/min4.htm,text/html,13663,c85f45e9b27f99b7ee8191fde25e859f67f59f3272901e24375836c57a839d1e
1995-09-26,blenmin.htm,blen,,,http://council.vancouver.ca/previous_years/950926/blenmin.htm,20161102231854,https://web.archive.org/web/20161102231854id_/http://council.vancouver.ca/previous_years/950926/blenmin.htm,text/html,12137,b0023450063c81cd43033855be91d7a1c763e77823820f0e519cc3561cc5d350
1995-09-26,phmin.htm,ph,Public Hearing,,http://council.vancouver.ca/previous_years/950926/phmin.htm,20161102231852,https://web.archive.org/web/20161102231852id_/http://council.vancouver.ca/previous_years/950926/phmin.htm,text/html,4038,1659fcabaf1d6c85bb129c104da745aa2ced3a2aa287ed9b8d481ad68650d327
1995-10-17,min.htm,,Council,,http://council.vancouver.ca/previous_years/951017/min.htm,20161102231823,https://web.archive.org/web/20161102231823id_/http://council.vancouver.ca/previous_years/951017/min.htm,text/html,34668,db15a00b0d19a81d8463a17e98f94a444d7be97cc902101c7594d8204e5703cb
1995-10-17,min2.htm,,Council,2,http://council.vancouver.ca/previous_years/951017/min2.htm,20161102231821,https://web.archive.org/web/20161102231821id_/http://council.vancouver.ca/previous_years/951017/min2.htm,text/html,4212,6896752e07b6baccf327136a7a4114c52e741bdb9f0f88cd879015bcd7c3f75e
1995-10-19,csbmin.htm,csb,Standing Committee on City Services and Budgets,,http://council.vancouver.ca/previous_years/951019/csbmin.htm,20161102231841,https://web.archive.org/web/20161102231841id_/http://council.vancouver.ca/previous_years/951019/csbmin.htm,text/html,18048,a50dc037ecb3bceec984c077529cc1995b534f7f02624e45940c7a915f015b48
1995-10-19,pemin.htm,pe,Standing Committee on Planning and Environment,,http://council.vancouver.ca/previous_years/951019/pemin.htm,20161102231842,https://web.archive.org/web/20161102231842id_/http://council.vancouver.ca/previous_years/951019/pemin.htm,text/html,23125,4aa22454bc94b810d9e1fc1a3322eaafe9f2c6cf868720a9765ba236138ca6dc
1995-10-19,vtcmin.htm,vtc,,,http://council.vancouver.ca/previous_years/951019/vtcmin.htm,20161102231846,https://web.archive.org/web/20161102231846id_/http://council.vancouver.ca/previous_years/951019/vtcmin.htm,text/html,9384,c4773cf0091df7099717bbc560a10ad0ba1d75eda47b3d7eaf72a0e59302d435
1995-10-24,regmin.htm,reg,Regular Council,,http://council.vancouver.ca/previous_years/951024/regmin.htm,20161102231748,https://web.archive.org/web/20161102231748id_/http://council.vancouver.ca/previous_years/951024/regmin.htm,text/html,25117,eb91eafe3f4581e6348d633337a1894cd83bd8399bcd51f6e50620b02b541855
1995-10-26,csbmin.htm,csb,Standing Committee on City Services and Budgets,,http://council.vancouver.ca/previous_years/951026/csbmin.htm,20161102231758,https://web.archive.org/web/20161102231758id_/http://council.vancouver.ca/previous_years/951026/csbmin.htm,text/html,23977,43328144516dc020d903294092896b8f18889bb301923467fec02be5113f015a
1995-10-26,pemin.htm,pe,Standing Committee on Planning and Environment,,http://council.vancouver.ca/previous_years/951026/pemin.htm,20161102231814,https://web.archive.org/web/20161102231814id_/http://council.vancouver.ca/previous_years/951026/pemin.htm,text/html,26894,6f87587c04ffed6c1e2888fc61379a0168c1505e5c7528173fc7a9b83146a236
1995-11-07,regmin.htm,reg,Regular Council,,http://council.vancouver.ca/previous_years/951107/regmin.htm,20161102231708,https://web.archive.org/web/20161102231708id_/http://council.vancouver.ca/previous_years/951107/regmin.htm,text/html,30519,3fd1d1d717ebc5ec8e13a6ab17dd804738b757091cfa8765cd90df55faea27e2
1995-11-09,csbmin.htm,csb,Standing Committee on City Services and Budgets,,http://council.vancouver.ca/previous_years/951109/csbmin.htm,20161102231739,https://web.archive.org/web/20161102231739id_/http://council.vancouver.ca/previous_years/951109/csbmin.htm,text/html,20463,3bae8a96ea464fae733663258277c61170a62404f74ba16700bfcafb0652e2d4
1995-11-09,vllcmin.htm,vllc,Vancouver Liquor Licensing Commission,,http://council.vancouver.ca/previous_years/951109/vllcmin.htm,20161102231743,https://web.archive.org/web/20161102231743id_/http://council.vancouver.ca/previous_years/951109/vllcmin.htm,text/html,8282,61728001f548a3bac52b9c281fa17695224e98eb27474dece300bbecc7f8edb1
1995-11-14,phmin.htm,ph,Public Hearing,,http://council.vancouver.ca/previous_years/951114/phmin.htm,20161102231642,https://web.archive.org/web/20161102231642id_/http://council.vancouver.ca/previous_years/951114/phmin.htm,text/html,18174,8d898324b590cd5802b27b7aafc177ec6cef02ad48ea28e26c79ac07dbf92efc
1995-11-14,regmin.htm,reg,Regular Council,,http://council.vancouver.ca/previous_years/951114/regmin.htm,20161102231631,https://web.archive.org/web/20161102231631id_/http://council.vancouver.ca/previous_years/951114/regmin.htm,text/html,24177,93137c538cb1bb83c7429b2f78d1272faead64b5007dd64492d8599d8611951a
1995-11-16,crmin.htm,cr,Court of Revision,,http://council.vancouver.ca/previous_years/951116/crmin.htm,20161102231646,https://web.archive.org/web/20161102231646id_/http://council.vancouver.ca/previous_years/951116/crmin.htm,text/html,24412,4eb7c61b331085d515637fb1afc7eb1642b261db46fa61a1034fbaa3f1bf24ed
1995-12-12,phmin.htm,ph,Public Hearing,,http://council.vancouver.ca/previous_years/951212/phmin.htm,20161102231538,https://web.archive.org/web/20161102231538id_/http://council.vancouver.ca/previous_years/951212/phmin.htm,text/html,5485,250b5b29e696d09db87971df48e10710b95310612cd23cdb58b3c977728b8101
1995-12-12,regmin.htm,reg,Regular Council,,http://council.vancouver.ca/previous_years/951212/regmin.htm,20161102231505,https://web.archive.org/web/20161102231505id_/http://council.vancouver.ca/previous_years/951212/regmin.htm,text/html,59313,e8a93f158f5bf0aff96e160784d1bc65197a58c824a21dcbe050ecc925954fed
1995-12-14,csbmin.htm,csb,Standing Committee on City Services and Budgets,,http://council.vancouver.ca/previous_years/951214/csbmin.htm,20161102231525,https://web.archive.org/web/20161102231525id_/http://council.vancouver.ca/previous_years/951214/csbmin.htm,text/html,21486,d227b06377115758692c742a11da6bb2d3c81e368cb8228648cd1fe89933b96b
1996-01-09,min1.htm,,Council,1,http://council.vancouver.ca/previous_years/960109/min1.htm,20161102231431,https://web.archive.org/web/20161102231431id_/http://council.vancouver.ca/previous_years/960109/min1.htm,text/html,48261,0cd3fedcfb0d99eeaa31608708268b21c56c497485ce3f83c76cd0d3a499807b
1996-01-11,csbmin.htm,csb,Standing Committee on City Services and Budgets,,http://council.vancouver.ca/previous_years/960111/csbmin.htm,20161102231445,https://web.archive.org/web/20161102231445id_/http://council.vancouver.ca/previous_years/960111/csbmin.htm,text/html,17497,d1d89557bf53d8ef93b6ed72e43623e665d268084eff27aaeb8525cdbf57279d
1996-01-11,pemin.htm,pe,Standing Committee on Planning and Environment,,http://council.vancouver.ca/previous_years/960111/pemin.htm,20161102231448,https://web.archive.org/web/20161102231448id_/http://council.vancouver.ca/previous_years/960111/pemin.htm,text/html,8419,992cd6538188142bf0bc99e7f98855eed736dd36bcb38b126c60bb077f7d088c
1996-01-11,vtcmin.htm,vtc,,,http://council.vancouver.ca/previous_years/960111/vtcmin.htm,20161102231450,https://web.archive.org/web/20161102231450id_/http://council.vancouver.ca/previous_years/960111/vtcmin.htm,text/html,12965,759ffefb03ff7c953f3254c714b53561eaa297f877572163a3bc69e5ecda8ec6
1996-01-16,min1.htm,,Council,1,http://council.vancouver.ca/previous_years/960116/min1.htm,20161102231420,https://web.archive.org/web/20161102231420id_/http://council.vancouver.ca/previous_years/960116/min1.htm,text/html,33363,6f9e41f8ceef4b6d2d7ac6d2cb2e6a4c274794af5b6bc4a8d4614b731f197dc9
1996-01-18,csbmin.htm,csb,Standing Committee on City Services and Budgets,,http://council.vancouver.ca/previous_years/960118/csbmin.htm,20161102231427,https://web.archive.org/web/20161102231427id_/http://council.vancouver.ca/previous_years/960118/csbmin.htm,text/html,10135,4cafd6ef0a039a52aa4348ba241474f0e1229cd6e385bddeb38350e6b3faf701
1996-01-18,pemin.htm,pe,Standing Committee on Planning and Environment,,http://council.vancouver.ca/previous_years/960118/pemin.htm,20161102231428,https://web.archive.org/web/20161102231428id_/http://council.vancouver.ca/previous_years/960118/pemin.htm,text/html,15042,1bf5c4382d53e1340fca9a92b5d1bbfccfd35f139f8bc83c56d898b444a4c3dd
1996-01-30,min1.htm,,Council,1,http://council.vancouver.ca/previous_years/960130/min1.htm,20161102231402,https://web.archive.org/web/20161102231402id_/http://council.vancouver.ca/previous_years/960130/min1.htm,text/html,23602,3b9acd75d44a9568e3388d3d72256969aac4c79e90df7a8202d8afa1a60d7952
1996-02-01,csbmin.htm,csb,Standing Committee on City Services and Budgets,,http://council.vancouver.ca/previous_years/960201/csbmin.htm,20161102231412,https://web.archive.org/web/20161102231412id_/http://council.vancouver.ca/previous_years/960201/csbmin.htm,text/html,20821,b303dfe2a0b8338d61fe17cb1296aa47f1ddbba4839e98238c234124439d84b8
1996-02-08,csbmin.htm,csb,Standing Committee on City Services and Budgets,,http://council.vancouver.ca/previous_years/960208/csbmin.htm,20161102231355,https://web.archive.org/web/20161102231355id_/http://council.vancouver.ca/previous_years/960208/csbmin.htm,text/html,12463,bab2b618552bb44e3ce37db00b50152388c843940dc3421f2ea056e4bad85e6b
1996-02-08,pemin.htm,pe,Standing Committee on Planning and Environment,,http://council.vancouver.ca/previous_years/960208/pemin.htm,20161102231357,https://web.archive.org/web/20161102231357id_/http://council.vancouver.ca/previous_years/960208/pemin.htm,text/html,21839,359fe603920a32c788f17426718316ea900df1724bb030bd1ce62f20aa90dbb3
1996-02-08,vtcmin.htm,vtc,,,http://council.vancouver.ca/previous_years/960208/vtcmin.htm,20161102231400,https://web.archive.org/web/20161102231400id_/http://council.vancouver.ca/previous_years/960208/vtcmin.htm,text/html,8224,2433efe5108d92ff9b41c9fec5b7d8a462e62489d8f8275b6989fcb20b24f559
1996-02-20,min.htm,,Council,,http://council.vancouver.ca/previous_years/960220/min.htm,20161102231334,https://web.archive.org/web/20161102231334id_/http://council.vancouver.ca/previous_years/960220/min.htm,text/html,29383,9dbb1b203d99f6bcd1d84ccb08e3b7312c39cab219993a4ea459179d9b31ba2a
1996-02-22,csbmin1.htm,csb,Standing Committee on City Services and Budgets,1,http://council.vancouver.ca/previous_years/960222/csbmin1.htm,20161102231348,https://web.archive.org/web/20161102231348id_/http://council.vancouver.ca/previous_years/960222/csbmin1.htm,text/html,20911,b6051fa19860baf92603ddb2da4a3f54b41a332aab6b945379709f7fb0a03558
1996-02-22,pemin.htm,pe,Standing Committee on Planning and Environment,,http://council.vancouver.ca/previous_years/960222/pemin.htm,20161102231352,https://web.archive.org/web/20161102231352id_/http://council.vancouver.ca/previous_years/960222/pemin.htm,text/html,13515,a2a4155bb60fd5431ba174b6e221d79e3ab52a1cf0fcce6873a9563c7310d643
1996-02-27,regmin.htm,reg,Regular Council,,https://council.vancouver.ca/previous_years/960227/regmin.htm,20250812214923,https://web.archive.org/web/20250812214923id_/https://council.vancouver.ca/previous_years/960227/regmin.htm,text/html,38825,4c22ab3cc595920fb341d3330e1433ae9602fcbae822d95606dfc81ab675bc2a
1996-02-29,csbmin.htm,csb,Standing Committee on City Services and Budgets,,http://council.vancouver.ca/previous_years/960229/csbmin.htm,20161102231328,https://web.archive.org/web/20161102231328id_/http://council.vancouver.ca/previous_years/960229/csbmin.htm,text/html,16816,fb7309e45f15fedb4d94bbc671fc8c00f7dd8678966484d31405528d2b91af9a
1996-02-29,pemin.htm,pe,Standing Committee on Planning and Environment,,http://council.vancouver.ca/previous_years/960229/pemin.htm,20161102231332,https://web.archive.org/web/20161102231332id_/http://council.vancouver.ca/previous_years/960229/pemin.htm,text/html,20823,ecbfbf033f9e1182d5e44a3be1be376cbfafe96dcb235b42dedf4cddea0d7fcc
1996-03-12,phmin.htm,ph,Public Hearing,,https://council.vancouver.ca/previous_years/960312/phmin.htm,20250812211417,https://web.archive.org/web/20250812211417id_/https://council.vancouver.ca/previous_years/960312/phmin.htm,text/html,28048,103ee175da4fc870082cd64d6a21c704a0ab8fb9b1b30d1039a4625fea052bc4
1996-03-12,regmin.htm,reg,Regular Council,,http://council.vancouver.ca/previous_years/960312/regmin.htm,20161102231242,https://web.archive.org/web/20161102231242id_/http://council.vancouver.ca/previous_years/960312/regmin.htm,text/html,37403,344d2ef40ed21b49ff5f414fe0444859cd2629ec821f59303670fb4500917145
1996-03-14,csbmin.htm,csb,Standing Committee on City Services and Budgets,,http://council.vancouver.ca/previous_years/960314/csbmin.htm,20161102231258,https://web.archive.org/web/20161102231258id_/http://council.vancouver.ca/previous_years/960314/csbmin.htm,text/html,13920,f8530b4eccbb1e0987a22873febdb61af5abcbb1d5bc7afb74b039cd9a7f8df3
1996-03-14,pemin.htm,pe,Standing Committee on Planning and Environment,,http://council.vancouver.ca/previous_years/960314/pemin.htm,20161102231302,https://web.archive.org/web/20161102231302id_/http://council.vancouver.ca/previous_years/960314/pemin.htm,text/html,15641,844eafbb225166dc07905d76f1c02be043c123f7f89d8892a6184b161f776fb7
1996-03-14,vllcmin.htm,vllc,Vancouver Liquor Licensing Commission,,http://council.vancouver.ca/previous_years/960314/vllcmin.htm,20161102231308,https://web.archive.org/web/20161102231308id_/http://council.vancouver.ca/previous_years/960314/vllcmin.htm,text/html,18575,1e185961c93916ced35c6e1c5389d69020c248d393a7d0e77b5792f26d59e4fa
1996-03-14,vtcmin.htm,vtc,,,http://council.vancouver.ca/previous_years/960314/vtcmin.htm,20161102231306,https://web.archive.org/web/20161102231306id_/http://council.vancouver.ca/previous_years/960314/vtcmin.htm,text/html,9390,31a59f8a43ef5ad093b1fd240a10e072203cc9703fcb3b06e6e4ae2e36e088a8
1996-03-26,regmin.htm,reg,Regular Council,,http://council.vancouver.ca/previous_years/960326/regmin.htm,20161102231221,https://web.archive.org/web/20161102231221id_/http://council.vancouver.ca/previous_years/960326/regmin.htm,text/html,51535,4d82e81ab11699af712cd86b7deb9b0ccec5f73c122780f204e8f0afc918e093
1996-03-28,csbmin.htm,csb,Standing Committee on City Services and Budgets,,http://council.vancouver.ca/previous_years/960328/csbmin.htm,20161102231231,https://web.archive.org/web/20161102231231id_/http://council.vancouver.ca/previous_years/960328/csbmin.htm,text/html,29750,5e1d7e81c4e937cda59df3ab65383f40467ec10465070b8c5cb31d909c7ecfb0
1996-03-28,pemin.htm,pe,Standing Committee on Planning and Environment,,http://council.vancouver.ca/previous_years/960328/pemin.htm,20161102231237,https://web.archive.org/web/20161102231237id_/http://council.vancouver.ca/previous_years/960328/pemin.htm,text/html,19973,b70e0ebd8ecc837c4b743e44c438ac94d21c54a22bb90ee99de18fac00ec277f
1996-04-02,regmin.htm,reg,Regular Council,,http://council.vancouver.ca/previous_years/960402/regmin.htm,20161102231209,https://web.archive.org/web/20161102231209id_/http://council.vancouver.ca/previous_years/960402/regmin.htm,text/html,37068,72636166a724c8a3e1e049f36c17d4f8f98cd2dc4054165c60bfdc0465f54a43
1996-04-18,csbmin.htm,csb,Standing Committee on City Services and Budgets,,http://council.vancouver.ca/previous_years/960418/csbmin.htm,20161102231146,https://web.archive.org/web/20161102231146id_/http://council.vancouver.ca/previous_years/960418/csbmin.htm,text/html,19877,94dc8de71e5763ff19923bc2b6f146fbc962704bf709ba730c01b478f4ce649f
1996-04-18,pemin.htm,pe,Standing Committee on Planning and Environment,,http://council.vancouver.ca/previous_years/960418/pemin.htm,20161102231150,https://web.archive.org/web/20161102231150id_/http://council.vancouver.ca/previous_years/960418/pemin.htm,text/html,15471,38ddf401316bc1ab85a52f77b2fac9f2144ed48480850f9ce89c4da994a4ce67
1996-04-18,vllcmin.htm,vllc,Vancouver Liquor Licensing Commission,,http://council.vancouver.ca/previous_years/960418/vllcmin.htm,20161102231156,https://web.archive.org/web/20161102231156id_/http://council.vancouver.ca/previous_years/960418/vllcmin.htm,text/html,8581,063a854faa8a7ee84738e7e67d27a627c3f05a86d19b4a7170a9d564f4a3292b
1996-04-18,vtcmin.htm,vtc,,,http://council.vancouver.ca/previous_years/960418/vtcmin.htm,20161102231154,https://web.archive.org/web/20161102231154id_/http://council.vancouver.ca/previous_years/960418/vtcmin.htm,text/html,14782,7fe59afafe263a64166b36eb28027dd7513af7c1ab824052beb4150aa8d4e91d
1996-04-23,regmin.htm,reg,Regular Council,,http://council.vancouver.ca/previous_years/960423/regmin.htm,20161102231133,https://web.archive.org/web/20161102231133id_/http://council.vancouver.ca/previous_years/960423/regmin.htm,text/html,22027,1e2df698677c02332094d3e576ec4e7b7774cf8610fb36b2988604fd4670b872
1996-04-25,csbmin.htm,csb,Standing Committee on City Services and Budgets,,http://council.vancouver.ca/previous_years/960425/csbmin.htm,20161102231124,https://web.archive.org/web/20161102231124id_/http://council.vancouver.ca/previous_years/960425/csbmin.htm,text/html,19517,af5bdff4fc555ce6d6cea61128ec2ab4741014d97e9926d8a6e7ef44c8c03517
1996-04-25,pemin.htm,pe,Standing Committee on Planning and Environment,,http://council.vancouver.ca/previous_years/960425/pemin.htm,20161102231129,https://web.archive.org/web/20161102231129id_/http://council.vancouver.ca/previous_years/960425/pemin.htm,text/html,21529,034913eb7c06de51fb43dc376e50564ec2265e045d6b75141ed4301d878af8ae
1996-05-07,regmin.htm,reg,Regular Council,,http://council.vancouver.ca/previous_years/960507/regmin.htm,20161102231104,https://web.archive.org/web/20161102231104id_/http://council.vancouver.ca/previous_years/960507/regmin.htm,text/html,29349,485412f2fbd806fa1e94d996bc5f7e0e41009862e5a959aa4e4ac1a682e9d20e
1996-05-09,csbmin.htm,csb,Standing Committee on City Services and Budgets,,https://council.vancouver.ca/previous_years/960509/csbmin.htm,20250812215911,https://web.archive.org/web/20250812215911id_/https://council.vancouver.ca/previous_years/960509/csbmin.htm,text/html,11917,92fe317985cfbad03ec97547f0422a26749111f93d77fc25f02cb4247e0b2506
1996-05-09,pemin.htm,pe,Standing Committee on Planning and Environment,,https://council.vancouver.ca/previous_years/960509/pemin.htm,20250812220113,https://web.archive.org/web/20250812220113id_/https://council.vancouver.ca/previous_years/960509/pemin.htm,text/html,33613,8b9b82972a1cf46966c022ec6bc1711f68a5089f339a624569ec9b90b928cd2e
1996-05-14,phmin.htm,ph,Public Hearing,,http://council.vancouver.ca/previous_years/960514/phmin.htm,20161102231053,https://web.archive.org/web/20161102231053id_/http://council.vancouver.ca/previous_years/960514/phmin.htm,text/html,13943,724d7f867b9fecf1f754a8a41e27eeef86abd62e656af9ec65304d678ac9d8c5
1996-05-14,regmin.htm,reg,Regular Council,,http://council.vancouver.ca/previous_years/960514/regmin.htm,20161102231037,https://web.archive.org/web/20161102231037id_/http://council.vancouver.ca/previous_years/960514/regmin.htm,text/html,53061,12d2e51cc1fcf98df219378e15e0248e0ca267eb376f1932de6ec9dce11e7774
1996-05-16,csbmin.htm,csb,Standing Committee on City Services and Budgets,,http://council.vancouver.ca/previous_years/960516/csbmin.htm,20161102231056,https://web.archive.org/web/20161102231056id_/http://council.vancouver.ca/previous_years/960516/csbmin.htm,text/html,10729,6d49dd677bd3893e5c0854f87f9a568b5ffa62e9a683d4f5f03e284cc5f9ef8c
1996-05-16,pemin.htm,pe,Standing Committee on Planning and Environment,,http://council.vancouver.ca/previous_years/960516/pemin.htm,20161102231058,https://web.archive.org/web/20161102231058id_/http://council.vancouver.ca/previous_years/960516/pemin.htm,text/html,23639,507306bb0dadc70a424bdad181fcd99e7fc8a8d0707b286bffd103ec82ac47a5
1996-05-16,vtcmin.htm,vtc,,,http://council.vancouver.ca/previous_years/960516/vtcmin.htm,20161102231102,https://web.archive.org/web/20161102231102id_/http://council.vancouver.ca/previous_years/960516/vtcmin.htm,text/html,13082,8e044ea8de183b7d4260b0b2d1d96a1ceab62b41202d06c02f962b65f0deb516
1996-05-28,regmin.htm,reg,Regular Council,,http://council.vancouver.ca/previous_years/960528/regmin.htm,20161102231012,https://web.archive.org/web/20161102231012id_/http://council.vancouver.ca/previous_years/960528/regmin.htm,text/html,52865,66ee1c51a43c23dcb883a8ce7adcbcc71ab689685fe2f3308c78cc72dd0e9ad7
1996-06-11,regmin.htm,reg,Regular Council,,http://council.vancouver.ca/previous_years/960611/regmin.htm,20161102230950,https://web.archive.org/web/20161102230950id_/http://council.vancouver.ca/previous_years/960611/regmin.htm,text/html,35189,5c0d2a05089005d1ecbe090d32d9d8e819f902b5ae007535251f4f72f7e6b1c7
1996-06-12,vtcmin.htm,vtc,,,https://council.vancouver.ca/previous_years/960612/vtcmin.htm,20250812212212,https://web.archive.org/web/20250812212212id_/https://council.vancouver.ca/previous_years/960612/vtcmin.htm,text/html,23321,d7e2389989c993c1c0e366b823ae955a5d4a25321fa4a214813d08eb6345c2ff
1996-06-13,csbmin.htm,csb,Standing Committee on City Services and Budgets,,http://council.vancouver.ca/previous_years/960613/csbmin.htm,20161102231005,https://web.archive.org/web/20161102231005id_/http://council.vancouver.ca/previous_years/960613/csbmin.htm,text/html,14500,fdf9a164d1990dec940812691ead7ac24821e93200ea2da72a8e1f1a9f6ed0e9
1996-06-13,pemin.htm,pe,Standing Committee on Planning and Environment,,http://council.vancouver.ca/previous_years/960613/pemin.htm,20161102231008,https://web.archive.org/web/20161102231008id_/http://council.vancouver.ca/previous_years/960613/pemin.htm,text/html,25565,3190e9452f303ef86542ec2eecaa0b91963930af993db18ca87bc7fc34a781e9
1996-06-25,phmin.htm,ph,Public Hearing,,http://council.vancouver.ca/previous_years/960625/phmin.htm,20161102230936,https://web.archive.org/web/20161102230936id_/http://council.vancouver.ca/previous_years/960625/phmin.htm,text/html,28115,0765af75041c2ea9c49cc148e812c7ff379fa5b9ad04bcc7c7a7a9f6a388688d
1996-06-25,regmin.htm,reg,Regular Council,,http://council.vancouver.ca/previous_years/960625/regmin.htm,20161102230918,https://web.archive.org/web/20161102230918id_/http://council.vancouver.ca/previous_years/960625/regmin.htm,text/html,80101,beea278abf6f891518778953868cc79ea19d49b7504d284c00fff74f8e4912f0
1996-06-27,csbmin.htm,csb,Standing Committee on City Services and Budgets,,http://council.vancouver.ca/previous_years/960627/csbmin.htm,20161102230937,https://web.archive.org/web/20161102230937id_/http://council.vancouver.ca/previous_years/960627/csbmin.htm,text/html,25832,0318442e67ba92949faacdb8d6a09feb8de4b6a395807b4df61ffa838f9faae0
1996-06-27,pemin.htm,pe,Standing Committee on Planning and Environment,,http://council.vancouver.ca/previous_years/960627/pemin.htm,20161102230943,https://web.archive.org/web/20161102230943id_/http://council.vancouver.ca/previous_years/960627/pemin.htm,text/html,22359,c18e47932f60d073b9de5d5c061700cae5ba1397ec30785464dbf8a4e4603a79
1996-07-09,regmin1.htm,reg,Regular Council,1,http://council.vancouver.ca/previous_years/960709/regmin1.htm,20161102230900,https://web.archive.org/web/20161102230900id_/http://council.vancouver.ca/previous_years/960709/regmin1.htm,text/html,41316,dc3ec98b6e6e49c5e237eb39af654604833ecd38c7177e3befd6d0a5b9dde157
1996-07-09,vtcmin1.htm,vtc,,1,http://council.vancouver.ca/previous_years/960709/vtcmin1.htm,20161102230909,https://web.archive.org/web/20161102230909id_/http://council.vancouver.ca/previous_years/960709/vtcmin1.htm,text/html,19537,0f01441d1275d1c2c61f88d2e7c712c57b2a993cc43930b969bf4cc22e13c6fa
1996-07-11,csbmin.htm,csb,Standing Committee on City Services and Budgets,,http://council.vancouver.ca/previous_years/960711/csbmin.htm,20161102230912,https://web.archive.org/web/20161102230912id_/http://council.vancouver.ca/previous_years/960711/csbmin.htm,text/html,53250,56f6c14df80a1621e8206357c7aca97cafb9e3f1b00ed2f31af24a08f3df62bb
1996-07-11,pemin.htm,pe,Standing Committee on Planning and Environment,,http://council.vancouver.ca/previous_years/960711/pemin.htm,20161102230915,https://web.archive.org/web/20161102230915id_/http://council.vancouver.ca/previous_years/960711/pemin.htm,text/html,23225,d13f035a143430e8de9072146b5466c4a2507123ae020070c1db86544c0f2615
1996-07-23,phmin.htm,ph,Public Hearing,,http://council.vancouver.ca/previous_years/960723/phmin.htm,20161102230845,https://web.archive.org/web/20161102230845id_/http://council.vancouver.ca/previous_years/960723/phmin.htm,text/html,13056,a82d8735b541ad17084b132b3adbce3be45bbd58ed0deae315a253542368fbbf
1996-07-25,csbmin.htm,csb,Standing Committee on City Services and Budgets,,http://council.vancouver.ca/previous_years/960725/csbmin.htm,20161102230846,https://web.archive.org/web/20161102230846id_/http://council.vancouver.ca/previous_years/960725/csbmin.htm,text/html,20380,26445e6c0672088eaf3f40ad3e20904517d6c46598e705efd750c974a7830ccc
1996-07-25,pemin.htm,pe,Standing Committee on Planning and Environment,,http://council.vancouver.ca/previous_years/960725/pemin.htm,20161102230850,https://web.archive.org/web/20161102230850id_/http://council.vancouver.ca/previous_years/960725/pemin.htm,text/html,19602,6efc50af439b4a637fc99ced63b36d08494c9ec4b3fdd0a123a14981e835a079
1996-07-25,vllcmin.htm,vllc,Vancouver Liquor Licensing Commission,,http://council.vancouver.ca/previous_years/960725/vllcmin.htm,20161102230855,https://web.archive.org/web/20161102230855id_/http://council.vancouver.ca/previous_years/960725/vllcmin.htm,text/html,15285,b0c61a791fc85e4f1073480feffdca203a067fe4d0a97e80950e6b60627316ea
1996-07-25,vtcmin.htm,vtc,,,http://council.vancouver.ca/previous_years/960725/vtcmin.htm,20161102230852,https://web.archive.org/web/20161102230852id_/http://council.vancouver.ca/previous_years/960725/vtcmin.htm,text/html,17611,dca21a5fde6c6cbeac28b4e7a290a6e31cf706a4837dbff65d01c014cb5ec73e
1996-07-30,regmin.htm,reg,Regular Council,,http://council.vancouver.ca/previous_years/960730/regmin.htm,20161102230757,https://web.archive.org/web/20161102230757id_/http://council.vancouver.ca/previous_years/960730/regmin.htm,text/html,61248,4b7b9b036d58919a0dbace2cb7eee3baf383dbd84786071e700ff09e5adba65e
1996-08-01,csbmin.htm,csb,Standing Committee on City Services and Budgets,,http://council.vancouver.ca/previous_years/960801/csbmin.htm,20161102230820,https://web.archive.org/web/20161102230820id_/http://council.vancouver.ca/previous_years/960801/csbmin.htm,text/html,19115,f284d482f4ab44836f24c530eb1ed1b606893860f3eb68b10ea52a30e34563c2
1996-08-01,pemin.htm,pe,Standing Committee on Planning and Environment,,http://council.vancouver.ca/previous_years/960801/pemin.htm,20161102230823,https://web.archive.org/web/20161102230823id_/http://council.vancouver.ca/previous_years/960801/pemin.htm,text/html,29717,25095e8a46a62355cc6d70b58a27984ee82a9f428f1969798d5ed521ecabf749
1996-08-01,phmin.htm,ph,Public Hearing,,https://council.vancouver.ca/previous_years/960801/phmin.htm,20250812213419,https://web.archive.org/web/20250812213419id_/https://council.vancouver.ca/previous_years/960801/phmin.htm,text/html,56125,fad00a87d7eb4f8bad5863ff2654df001d3576fe4a6377a0bf9bc3bf463f3036
1996-09-10,phmin.htm,ph,Public Hearing,,http://council.vancouver.ca/previous_years/960910/phmin.htm,20161102230753,https://web.archive.org/web/20161102230753id_/http://council.vancouver.ca/previous_years/960910/phmin.htm,text/html,16249,c22743b705770ffb075a6c7058d565860af46dec5997fb558bc08b3c3c6452d0
1996-09-10,regmin.htm,reg,Regular Council,,http://council.vancouver.ca/previous_years/960910/regmin.htm,20161102230739,https://web.archive.org/web/20161102230739id_/http://council.vancouver.ca/previous_years/960910/regmin.htm,text/html,44669,f0a70f683330af16434ae4a58164c698fc16658ee301f76847eb743b3df1cb68
1996-09-12,pemin.htm,pe,Standing Committee on Planning and Environment,,http://council.vancouver.ca/previous_years/960912/pemin.htm,20161102230753,https://web.archive.org/web/20161102230753id_/http://council.vancouver.ca/previous_years/960912/pemin.htm,text/html,25845,ebdeea6bf882212df03fcd70c52ff3a71e777d1f5f8c13ec336301e4719c0312
1996-09-23,spmin.htm,sp,Special Council,,http://council.vancouver.ca/previous_years/960923/spmin.htm,20161102230739,https://web.archive.org/web/20161102230739id_/http://council.vancouver.ca/previous_years/960923/spmin.htm,text/html,17656,334bc47cc7746e7b247f51d0a59c33db7febaa6eee6ef31cfffac0ab4d3b7232
1996-09-24,phmin.htm,ph,Public Hearing,,http://council.vancouver.ca/previous_years/960924/phmin.htm,20161102230724,https://web.archive.org/web/20161102230724id_/http://council.vancouver.ca/previous_years/960924/phmin.htm,text/html,4583,236cf1cf7f78664d52194054a9d66e26f3ad2a70bcb7c4d4907ec94b6270767e
1996-09-24,regmin.htm,reg,Regular Council,,http://council.vancouver.ca/previous_years/960924/regmin.htm,20161102230717,https://web.archive.org/web/20161102230717id_/http://council.vancouver.ca/previous_years/960924/regmin.htm,text/html,37395,ddbb893f34f40fa4ebc7a1e0ebab5bdaaab1e839d300a07da4e70cca1bb3e8ec
1996-09-24,scmin.htm,sc,,,http://council.vancouver.ca/previous_years/960924/scmin.htm,20161102230716,https://web.archive.org/web/20161102230716id_/http://council.vancouver.ca/previous_years/960924/scmin.htm,text/html,14059,141f027d3b6a0b9e3708fad2e716ee4d17ad277be7619e3acaf1207744b412d1
1996-09-26,csbmin.htm,csb,Standing Committee on City Services and Budgets,,http://council.vancouver.ca/previous_years/960926/csbmin.htm,20161102230725,https://web.archive.org/web/20161102230725id_/http://council.vancouver.ca/previous_years/960926/csbmin.htm,text/html,22788,71b75fcac1ffdc6670e29cbc2e150a862deeee921fafdf731c504dfb7010c199
1996-09-26,pemin.htm,pe,Standing Committee on Planning and Environment,,http://council.vancouver.ca/previous_years/960926/pemin.htm,20161102230730,https://web.archive.org/web/20161102230730id_/http://council.vancouver.ca/previous_years/960926/pemin.htm,text/html,22234,134b5264dc7e322e8fc41fb6c0db4e7aaa7111945b64593e72df9d26d874cf09
1996-09-26,vllcmin.htm,vllc,Vancouver Liquor Licensing Commission,,http://council.vancouver.ca/previous_years/960926/vllcmin.htm,20161102230735,https://web.archive.org/web/20161102230735id_/http://council.vancouver.ca/previous_years/960926/vllcmin.htm,text/html,15287,0fd9dea643304ca846b83eabdc2c452e7209a3d73cc15c21a931609b8e936a71
1996-09-26,vtcmin.htm,vtc,,,http://council.vancouver.ca/previous_years/960926/vtcmin.htm,20161102230733,https://web.archive.org/web/20161102230733id_/http://council.vancouver.ca/previous_years/960926/vtcmin.htm,text/html,13030,c5d311caae5e15a334626f14b49a2db5979580f9431779bce7deffa9dcdf3adf
1996-10-08,phmin.htm,ph,Public Hearing,,http://council.vancouver.ca/previous_years/961008/phmin.htm,20161102230716,https://web.archive.org/web/20161102230716id_/http://council.vancouver.ca/previous_years/961008/phmin.htm,text/html,24213,1b69986f0fdc3222409ec45c1b168082f14b64932c059dad3eac07d341ed9ed7
1996-10-08,regmin.htm,reg,Regular Council,,http://council.vancouver.ca/previous_years/961008/regmin.htm,20161102230709,https://web.archive.org/web/20161102230709id_/http://council.vancouver.ca/previous_years/961008/regmin.htm,text/html,32678,b375b4e501cec9817a5394f9b9c87dd310cbc87cfc94a1abbb90f73e6c2a4a5c
1996-10-10,csbmin.htm,csb,Standing Committee on City Services and Budgets,,https://council.vancouver.ca/previous_years/961010/csbmin.htm,20250812213914,https://web.archive.org/web/20250812213914id_/https://council.vancouver.ca/previous_years/961010/csbmin.htm,text/html,17733,3859a4a24dc761c5af4208b3f4b0d959904298fdb6dd4f57c9a3eb1f7bc4c01c
1996-10-10,pemin.htm,pe,Standing Committee on Planning and Environment,,https://council.vancouver.ca/previous_years/961010/pemin.htm,20250812214141,https://web.archive.org/web/20250812214141id_/https://council.vancouver.ca/previous_years/961010/pemin.htm,text/html,27444,e5d8e1d28e68393e4881835d5e27cd5306a41f62a6857cce4ccb856dbffdf64a
1996-10-22,phmin.htm,ph,Public Hearing,,http://council.vancouver.ca/previous_years/961022/phmin.htm,20161102230644,https://web.archive.org/web/20161102230644id_/http://council.vancouver.ca/previous_years/961022/phmin.htm,text/html,5036,6c5dd75b8b6357017482c25ed184bee504cd4021a31c52a82b05552796bd36bd
1996-10-22,regmin.htm,reg,Regular Council,,http://council.vancouver.ca/previous_years/961022/regmin.htm,20161102230630,https://web.archive.org/web/20161102230630id_/http://council.vancouver.ca/previous_years/961022/regmin.htm,text/html,40435,d47a76e2f538bc1e4f7e1fbb8838a4bcb3b7c2f1bed5ab701900bad96e8661eb
1996-10-24,csbmin.htm,csb,Standing Committee on City Services and Budgets,,http://council.vancouver.ca/previous_years/961024/csbmin.htm,20161102230645,https://web.archive.org/web/20161102230645id_/http://council.vancouver.ca/previous_years/961024/csbmin.htm,text/html,15901,de795ba03e76276ca15a403cb31c49602e485feb2ad02f16cf9eaaf50ee2cc67
1996-10-24,pemin.htm,pe,Standing Committee on Planning and Environment,,http://council.vancouver.ca/previous_years/961024/pemin.htm,20161102230649,https://web.archive.org/web/20161102230649id_/http://council.vancouver.ca/previous_years/961024/pemin.htm,text/html,21458,7b3729eb11bc25e483f061fa8c623d53e74d32e968606cf9601a1f07153d5416
1996-10-24,vllcmin.htm,vllc,Vancouver Liquor Licensing Commission,,http://council.vancouver.ca/previous_years/961024/vllcmin.htm,20161102230654,https://web.archive.org/web/20161102230654id_/http://council.vancouver.ca/previous_years/961024/vllcmin.htm,text/html,16831,96e446fe878a2a5483b6397a5218528008f91ac62efe3b01cc905fd81a63dce5
1996-11-05,regmin.htm,reg,Regular Council,,http://council.vancouver.ca/previous_years/961105/regmin.htm,20161102230608,https://web.archive.org/web/20161102230608id_/http://council.vancouver.ca/previous_years/961105/regmin.htm,text/html,60438,71e4ea657f7acecd09af6509ff1d5290f626d261c14718e1d4b321a8f89559df
1996-11-07,csbmin.htm,csb,Standing Committee on City Services and Budgets,,http://council.vancouver.ca/previous_years/961107/csbmin.htm,20161102230619,https://web.archive.org/web/20161102230619id_/http://council.vancouver.ca/previous_years/961107/csbmin.htm,text/html,13427,97e07844b2cba597a7a64ca163eaab84116cf60818739a149849cc5bc8c480e4
1996-11-07,pemin.htm,pe,Standing Committee on Planning and Environment,,http://council.vancouver.ca/previous_years/961107/pemin.htm,20161102230626,https://web.archive.org/web/20161102230626id_/http://council.vancouver.ca/previous_years/961107/pemin.htm,text/html,25339,3ab8276c2b1cbde687322d48a0bb8fdb1b76fa73eea0457aa901e13f11995c15
1996-11-26,phmin.htm,ph,Public Hearing,,http://council.vancouver.ca/previous_years/961126/phmin.htm,20161102230558,https://web.archive.org/web/20161102230558id_/http://council.vancouver.ca/previous_years/961126/phmin.htm,text/html,14159,2c766906b780522a1e815225c079249e140ac88106256f7f9096492514abd3e9
1996-11-26,regmin.htm,reg,Regular Council,,http://council.vancouver.ca/previous_years/961126/regmin.htm,20161102230548,https://web.archive.org/web/20161102230548id_/http://council.vancouver.ca/previous_years/961126/regmin.htm,text/html,49970,51070b1e0e272a789b7e066d9104fb416a245e2ed2adb6293b103031304436e2
1996-11-28,csbmin.htm,csb,Standing Committee on City Services and Budgets,,http://council.vancouver.ca/previous_years/961128/csbmin.htm,20161102230559,https://web.archive.org/web/20161102230559id_/http://council.vancouver.ca/previous_years/961128/csbmin.htm,text/html,33349,3c4d68c79f911b5e8154232ab525fcd391255b71a87e08acf1788e2a4e31d965
1996-11-28,pemin.htm,pe,Standing Committee on Planning and Environment,,http://council.vancouver.ca/previous_years/961128/pemin.htm,20161102230604,https://web.archive.org/web/20161102230604id_/http://council.vancouver.ca/previous_years/961128/pemin.htm,text/html,21733,05a578314e2676dccb0a7fe3731de2d4950084f89094ab83ba3d19b219e6df94
1996-12-10,regmin.htm,reg,Regular Council,,http://council.vancouver.ca/previous_years/961210/regmin.htm,20161102230518,https://web.archive.org/web/20161102230518id_/http://council.vancouver.ca/previous_years/961210/regmin.htm,text/html,64762,c43b9924574d8b136d799c5ae95cf3be90cd5a0a1ba53ca6b987fd49c4658f54
1996-12-12,pemin.htm,pe,Standing Committee on Planning and Environment,,http://council.vancouver.ca/previous_years/961212/pemin.htm,20161102230545,https://web.archive.org/web/20161102230545id_/http://council.vancouver.ca/previous_years/961212/pemin.htm,text/html,22352,8229ae435f79119f3972fbf1415b34993e43b40252758cb68d3c61ec63e6b588
1997-01-07,regmin.htm,reg,Regular Council,,http://council.vancouver.ca/previous_years/970107/regmin.htm,20161102230506,https://web.archive.org/web/20161102230506id_/http://council.vancouver.ca/previous_years/970107/regmin.htm,text/html,41112,b4295a01bd99ae3cd8b8beab8e3c234b1457591f7adac6f4ba91a4e6dc0e7ecc
1997-01-09,csbmin.htm,csb,Standing Committee on City Services and Budgets,,http://council.vancouver.ca/previous_years/970109/csbmin.htm,20161102230516,https://web.archive.org/web/20161102230516id_/http://council.vancouver.ca/previous_years/970109/csbmin.htm,text/html,19107,feee190b7f6231b4592dea490ae2c9aae74e82209a5442a0340dba02981ce129
1997-01-16,phmin.htm,ph,Public Hearing,,http://council.vancouver.ca/previous_years/970116/phmin.htm,20161102230504,https://web.archive.org/web/20161102230504id_/http://council.vancouver.ca/previous_years/970116/phmin.htm,text/html,61963,50c5b97f8f23265b71208c8126f9c6f846d6220a308a260d1407b2544c7e6318
1997-01-28,regmin.htm,reg,Regular Council,,http://council.vancouver.ca/previous_years/970128/regmin.htm,20161102230459,https://web.archive.org/web/20161102230459id_/http://council.vancouver.ca/previous_years/970128/regmin.htm,text/html,31643,7e61dc35ba37a63951ff1aa8a98d57758bfacae9a34026b12ae65069b37f0852
1997-01-28,spmin.htm,sp,Special Council,,http://council.vancouver.ca/previous_years/970128/spmin.htm,20161102230504,https://web.archive.org/web/20161102230504id_/http://council.vancouver.ca/previous_years/970128/spmin.htm,text/html,33555,84600cbfc03185a56e71b25d3557bd077339839a6546c51da651cdaf6643cf4e
1997-01-30,csbmin.htm,csb,Standing Committee on City Services and Budgets,,http://council.vancouver.ca/previous_years/970130/csbmin.htm,20161102230452,https://web.archive.org/web/20161102230452id_/http://council.vancouver.ca/previous_years/970130/csbmin.htm,text/html,21422,0cafba9d14071f4eaa45852fd092033bcca2fdbf34e2d5f42e3f09df80beaac3
1997-01-30,pemin.htm,pe,Standing Committee on Planning and Environment,,http://council.vancouver.ca/previous_years/970130/pemin.htm,20161102230456,https://web.archive.org/web/20161102230456id_/http://council.vancouver.ca/previous_years/970130/pemin.htm,text/html,15547,e3a688517cc62510385cd5e0902f31737631dbde9961c08b4458060d1f78b70c
1997-01-30,spmin2.htm,sp,Special Council,2,http://council.vancouver.ca/previous_years/970130/spmin2.htm,20161102230451,https://web.archive.org/web/20161102230451id_/http://council.vancouver.ca/previous_years/970130/spmin2.htm,text/html,14955,207bbb94821cd4844611943e2aa207debfc219f370aa5e684153b2038689d1ee
1997-02-04,regmin2.htm,reg,Regular Council,2,http://council.vancouver.ca/previous_years/970204/regmin2.htm,20161102230439,https://web.archive.org/web/20161102230439id_/http://council.vancouver.ca/previous_years/970204/regmin2.htm,text/html,58367,a7685294bcfc968d8e91f61c62be6d95bd58ca18be7c2b1697dc28487baef568
1997-02-05,ttmin.htm,tt,Standing Committee on Transportation and Traffic,,http://council.vancouver.ca/previous_years/970205/ttmin.htm,20161102230423,https://web.archive.org/web/20161102230423id_/http://council.vancouver.ca/previous_years/970205/ttmin.htm,text/html,26906,3ac88b07554e3f837566a558130700dad2ef5f04fa1638a02675f348ed9395d6
1997-02-06,csbmin.htm,csb,Standing Committee on City Services and Budgets,,http://council.vancouver.ca/previous_years/970206/csbmin.htm,20161102230437,https://web.archive.org/web/20161102230437id_/http://council.vancouver.ca/previous_years/970206/csbmin.htm,text/html,21159,f4a65a371aa1ba189d20e5552e5171852077fc3de489dd953c4d2e01f1a44644
1997-02-06,pemin.htm,pe,Standing Committee on Planning and Environment,,http://council.vancouver.ca/previous_years/970206/pemin.htm,20161102230433,https://web.archive.org/web/20161102230433id_/http://council.vancouver.ca/previous_years/970206/pemin.htm,text/html,15937,732408164c964c5bf1c062919765f6465b77f4ec95c4a1daf1e93cdc1037e740
1997-02-06,vllcmin.htm,vllc,Vancouver Liquor Licensing Commission,,http://council.vancouver.ca:80/previous_years/970206/vllcmin.htm,20170331053100,https://web.archive.org/web/20170331053100id_/http://council.vancouver.ca:80/previous_years/970206/vllcmin.htm,text/html,18736,dd7426fba3a8fd219322f18644c1291e0a48481ef5bba87005fb2cf4d8c41767
1997-02-18,regmin.htm,reg,Regular Council,,http://council.vancouver.ca/previous_years/970218/regmin.htm,20161102230331,https://web.archive.org/web/20161102230331id_/http://council.vancouver.ca/previous_years/970218/regmin.htm,text/html,32776,b444854aae0ef8d077618fb2aecd4150286d6fbe56487db25efe35936fd2db1f
1997-02-20,csbmin.htm,csb,Standing Committee on City Services and Budgets,,http://council.vancouver.ca/previous_years/970220/csbmin.htm,20161102230352,https://web.archive.org/web/20161102230352id_/http://council.vancouver.ca/previous_years/970220/csbmin.htm,text/html,34166,f5bab23383ac7ccd3179da954909b9768706f512a345fa10a79dab6c99919508
1997-02-20,phmin.htm,ph,Public Hearing,,http://council.vancouver.ca/previous_years/970220/phmin.htm,20161102230351,https://web.archive.org/web/20161102230351id_/http://council.vancouver.ca/previous_years/970220/phmin.htm,text/html,47623,e9037dcd74f34c1d80fdb6c2b910af2314b15be8fa2c1d725c13e7df68c72f94
1997-02-25,regmin.htm,reg,Regular Council,,http://council.vancouver.ca/previous_years/970225/regmin.htm,20161102230311,https://web.archive.org/web/20161102230311id_/http://council.vancouver.ca/previous_years/970225/regmin.htm,text/html,34153,eb69ce40feb528f0628f7a8381364cb10833f018b4da01760893b80a8927282e
1997-02-25,spmin.htm,sp,Special Council,,http://council.vancouver.ca/previous_years/970225/spmin.htm,20161102230325,https://web.archive.org/web/20161102230325id_/http://council.vancouver.ca/previous_years/970225/spmin.htm,text/html,10606,a21e03967ee4115267b42614266d2dfa8a2ed0398cc8c432af90a7d177a0fe59
1997-02-27,csbmin.htm,csb,Standing Committee on City Services and Budgets,,http://council.vancouver.ca/previous_years/970227/csbmin.htm,20161102230326,https://web.archive.org/web/20161102230326id_/http://council.vancouver.ca/previous_years/970227/csbmin.htm,text/html,10665,4b53929d62f9d388ac53c7698da2c2cd3a0e33a5bfb3b017325618ce0a444621
1997-02-27,pemin.htm,pe,Standing Committee on Planning and Environment,,http://council.vancouver.ca/previous_years/970227/pemin.htm,20161102230329,https://web.archive.org/web/20161102230329id_/http://council.vancouver.ca/previous_years/970227/pemin.htm,text/html,19920,b5be7fe1ea418dd7bba444afab4a77ce1330d0ea1c9e6b5c9f70034ac3f7b46e
1997-03-11,regmin.htm,reg,Regular Council,,http://council.vancouver.ca/previous_years/970311/regmin.htm,20161102230257,https://web.archive.org/web/20161102230257id_/http://council.vancouver.ca/previous_years/970311/regmin.htm,text/html,29296,12541be27184d3c07c61ac54442058e9dbd286bc17be506241cf078366d74f18
1997-03-11,ttmin.htm,tt,Standing Committee on Transportation and Traffic,,http://council.vancouver.ca/previous_years/970311/ttmin.htm,20161102230306,https://web.archive.org/web/20161102230306id_/http://council.vancouver.ca/previous_years/970311/ttmin.htm,text/html,20463,e17f2e569789cbdb53c870e19552760045ea62956d21fb3f2c17419e171a8884
1997-03-12,phmin.htm,ph,Public Hearing,,http://council.vancouver.ca/previous_years/970312/phmin.htm,20161102230256,https://web.archive.org/web/20161102230256id_/http://council.vancouver.ca/previous_years/970312/phmin.htm,text/html,36594,8703d87c4951dea5ff68b3d7f5a76b8f65442a645cc8bec6055c85123733f42c
1997-03-13,csbmin.htm,csb,Standing Committee on City Services and Budgets,,http://council.vancouver.ca/previous_years/970313/csbmin.htm,20161102230243,https://web.archive.org/web/20161102230243id_/http://council.vancouver.ca/previous_years/970313/csbmin.htm,text/html,21506,f518b0c1bdfa45df085e96952d0b3507e37ba592da69980c71e1822779cfb2a6
1997-03-13,pemin.htm,pe,Standing Committee on Planning and Environment,,http://council.vancouver.ca/previous_years/970313/pemin.htm,20161102230248,https://web.archive.org/web/20161102230248id_/http://council.vancouver.ca/previous_years/970313/pemin.htm,text/html,30199,cc773a71c30e031c1c502ec97ff4b89810083f3c8b4d6b1e58d25d3e32143056
1997-03-13,vllcmin.htm,vllc,Vancouver Liquor Licensing Commission,,http://council.vancouver.ca/previous_years/970313/vllcmin.htm,20161102230253,https://web.archive.org/web/20161102230253id_/http://council.vancouver.ca/previous_years/970313/vllcmin.htm,text/html,16916,70ad37e00f62c60829e2f397c27d87c4c3a6804c74bec89f871c9d82c05fcc61
1997-03-25,phmin1.htm,ph,Public Hearing,1,http://council.vancouver.ca/previous_years/970325/phmin1.htm,20161102230210,https://web.archive.org/web/20161102230210id_/http://council.vancouver.ca/previous_years/970325/phmin1.htm,text/html,8632,12a4d905dda4e0ef9b6e47988ab4e21d4b8daa8d96c266790ea956cd0abccf59
1997-03-25,phmin2.htm,ph,Public Hearing,2,http://council.vancouver.ca/previous_years/970325/phmin2.htm,20161102230211,https://web.archive.org/web/20161102230211id_/http://council.vancouver.ca/previous_years/970325/phmin2.htm,text/html,47579,597049a31416e861dac1c58b326e1bf86cf7f6eaf787512328a7cc2863cf297c
1997-03-25,regmin.htm,reg,Regular Council,,http://council.vancouver.ca/previous_years/970325/regmin.htm,20161102230212,https://web.archive.org/web/20161102230212id_/http://council.vancouver.ca/previous_years/970325/regmin.htm,text/html,58457,4dd8cdffe3f32bdf5e99254e4f021e40da2bd5a75e2bf8bf10973017ecd0bfb2
1997-03-25,ttmin.htm,tt,Standing Committee on Transportation and Traffic,,http://council.vancouver.ca/previous_years/970325/ttmin.htm,20161102230235,https://web.archive.org/web/20161102230235id_/http://council.vancouver.ca/previous_years/970325/ttmin.htm,text/html,19660,713fe7fdd75e14207fe826556289e2b32fa22661aa6e6ae9cc6a21074418eace
1997-03-27,pemin.htm,pe,Standing Committee on Planning and Environment,,http://council.vancouver.ca/previous_years/970327/pemin.htm,20161102230237,https://web.archive.org/web/20161102230237id_/http://council.vancouver.ca/previous_years/970327/pemin.htm,text/html,30826,6be0e17b9b0978a699fcc55fa5c123b28a6249c2cd0eb85d696a54ad4e710580
1997-04-08,regmin.htm,reg,Regular Council,,http://council.vancouver.ca/previous_years/970408/regmin.htm,20161102230153,https://web.archive.org/web/20161102230153id_/http://council.vancouver.ca/previous_years/970408/regmin.htm,text/html,33601,e526c3b3b048b3f7835e9fc9bd669b59f32afd1b1cb17e449e36a17bba74bf99
1997-04-09,ttmin.htm,tt,Standing Committee on Transportation and Traffic,,http://council.vancouver.ca/previous_years/970409/ttmin.htm,20161102230151,https://web.archive.org/web/20161102230151id_/http://council.vancouver.ca/previous_years/970409/ttmin.htm,text/html,24119,21d737b31b39a9993853abe3003d5bce92f77eed0f08d060f7144dd5e12fb590
1997-04-10,csbmin.htm,csb,Standing Committee on City Services and Budgets,,http://council.vancouver.ca/previous_years/970410/csbmin.htm,20161102230133,https://web.archive.org/web/20161102230133id_/http://council.vancouver.ca/previous_years/970410/csbmin.htm,text/html,27701,332fbef27b31259270c67a0b76cdd26f22daa601fd2cff20e4911cb8834cb8b0
1997-04-10,pemin.htm,pe,Standing Committee on Planning and Environment,,http://council.vancouver.ca/previous_years/970410/pemin.htm,20161102230141,https://web.archive.org/web/20161102230141id_/http://council.vancouver.ca/previous_years/970410/pemin.htm,text/html,20705,0d1f1bc6727a322a1562473227fd3645d5312c2ead66ed93460500dd7af54219
1997-04-10,vllcmin.htm,vllc,Vancouver Liquor Licensing Commission,,http://council.vancouver.ca/previous_years/970410/vllcmin.htm,20161102230146,https://web.archive.org/web/20161102230146id_/http://council.vancouver.ca/previous_years/970410/vllcmin.htm,text/html,10858,9de3f98c435c7aa45ed8c01fd41c253cac1dc6c57d41325c5bc5b2ae3e3274d0
1997-04-22,phmin1.htm,ph,Public Hearing,1,http://council.vancouver.ca/previous_years/970422/phmin1.htm,20161102230100,https://web.archive.org/web/20161102230100id_/http://council.vancouver.ca/previous_years/970422/phmin1.htm,text/html,8960,fa878a8866c3332f9f1e8fbd0cca8eaa8e16195675c55286c21bd2e7cf85936b
1997-04-22,regmin.htm,reg,Regular Council,,http://council.vancouver.ca/previous_years/970422/regmin.htm,20161102230103,https://web.archive.org/web/20161102230103id_/http://council.vancouver.ca/previous_years/970422/regmin.htm,text/html,49886,cb8c5b6b8ae6324e0222a0e5a7936cacd2b36d21d8fef1d5aa40d33cb27ca16f
1997-04-22,ttmin.htm,tt,Standing Committee on Transportation and Traffic,,http://council.vancouver.ca/previous_years/970422/ttmin.htm,20161102230131,https://web.archive.org/web/20161102230131id_/http://council.vancouver.ca/previous_years/970422/ttmin.htm,text/html,16909,bd454016dba14dae3a3313bdaf1b17a1f9ddb24c540f61a588286464703524a1
1997-04-24,csbmin.htm,csb,Standing Committee on City Services and Budgets,,http://council.vancouver.ca/previous_years/970424/csbmin.htm,20161102230055,https://web.archive.org/web/20161102230055id_/http://council.vancouver.ca/previous_years/970424/csbmin.htm,text/html,23029,5f6becbd9d1d15ab39ce856dd3b48863e549153058261b98c4a4796864b5bf30
1997-04-24,pemin.htm,pe,Standing Committee on Planning and Environment,,http://council.vancouver.ca/previous_years/970424/pemin.htm,20161102230051,https://web.archive.org/web/20161102230051id_/http://council.vancouver.ca/previous_years/970424/pemin.htm,text/html,27016,e002edefa937dc26fe9c315a1c131bf06cbb1fbcff75e11eb293c8ec58cd820d
1997-04-24,phmin2.htm,ph,Public Hearing,2,http://council.vancouver.ca/previous_years/970424/phmin2.htm,20161102230049,https://web.archive.org/web/20161102230049id_/http://council.vancouver.ca/previous_years/970424/phmin2.htm,text/html,32291,7a7bb65cc9f57abec7e069a4ec9669a78bbda8632d328db9bdbb6522a4e331a9
1997-05-06,regmin.htm,reg,Regular Council,,http://council.vancouver.ca/previous_years/970506/regmin.htm,20161102230037,https://web.archive.org/web/20161102230037id_/http://council.vancouver.ca/previous_years/970506/regmin.htm,text/html,35986,481611397697d15012300ed954f2e80742d2ac3f8d7c9aa2e9ad0a710509f64e
1997-05-06,ttmin.htm,tt,Standing Committee on Transportation and Traffic,,http://council.vancouver.ca/previous_years/970506/ttmin.htm,20161102230034,https://web.archive.org/web/20161102230034id_/http://council.vancouver.ca/previous_years/970506/ttmin.htm,text/html,16361,a5f45449936e94c2dc689270f6f7c5672a407eeebcaca0ed817390163571faf0
1997-05-07,phmin.htm,ph,Public Hearing,,http://council.vancouver.ca/previous_years/970507/phmin.htm,20161102230033,https://web.archive.org/web/20161102230033id_/http://council.vancouver.ca/previous_years/970507/phmin.htm,text/html,17762,5ede6f86ba39d3dc7380a4819fe6f888df1cf875950dfaf8fcf90d0e7466123e
1997-05-08,csbmin.htm,csb,Standing Committee on City Services and Budgets,,http://council.vancouver.ca/previous_years/970508/csbmin.htm,20161102230026,https://web.archive.org/web/20161102230026id_/http://council.vancouver.ca/previous_years/970508/csbmin.htm,text/html,19315,22bea0c412aced78d675e882b0a0618bbe12c1c8390e049ba85bb1aa56b720ae
1997-05-08,pemin.htm,pe,Standing Committee on Planning and Environment,,http://council.vancouver.ca/previous_years/970508/pemin.htm,20161102230030,https://web.archive.org/web/20161102230030id_/http://council.vancouver.ca/previous_years/970508/pemin.htm,text/html,21384,54babafd2c7fb45e5a3890ec7ad788257cbac1a4d64756d5316109a93b03e5ae
1997-05-13,regmin.htm,reg,Regular Council,,http://council.vancouver.ca/previous_years/970513/regmin.htm,20161102230018,https://web.archive.org/web/20161102230018id_/http://council.vancouver.ca/previous_years/970513/regmin.htm,text/html,28796,6a355b5174bf7ee272e1abc9c22a91d944bcd796d4cd92cc6df4b88549c7ad78
1997-05-13,spmin.htm,sp,Special Council,,http://council.vancouver.ca/previous_years/970513/spmin.htm,20161102230025,https://web.archive.org/web/20161102230025id_/http://council.vancouver.ca/previous_years/970513/spmin.htm,text/html,17384,f5db13a15af1bbcaf5cf46ed7f5eb501b8cdc2b523838c963c8ad15b3a071ba0
1997-05-15,csbmin.htm,csb,Standing Committee on City Services and Budgets,,http://council.vancouver.ca/previous_years/970515/csbmin.htm,20161102230010,https://web.archive.org/web/20161102230010id_/http://council.vancouver.ca/previous_years/970515/csbmin.htm,text/html,8288,98fafa86c26b6d3d4e9e6fc72b8a6d3fb69c45aa48df8466579f2bdc25b046fa
1997-05-15,pemin.htm,pe,Standing Committee on Planning and Environment,,http://council.vancouver.ca/previous_years/970515/pemin.htm,20161102230014,https://web.archive.org/web/20161102230014id_/http://council.vancouver.ca/previous_years/970515/pemin.htm,text/html,17227,209d663ed1090823ac3d09ec8ccea65b30ea83cf1026f03db009d1fd5cafcac1
1997-05-21,spmin.htm,sp,Special Council,,http://council.vancouver.ca/previous_years/970521/spmin.htm,20161102230009,https://web.archive.org/web/20161102230009id_/http://council.vancouver.ca/previous_years/970521/spmin.htm,text/html,5526,a3c375e9374f5f09b379b16526faa5576f4b852bde2c93a9ef6f0c626493b775
1997-05-26,scmin.htm,sc,,,http://council.vancouver.ca/previous_years/970526/scmin.htm,20161102230008,https://web.archive.org/web/20161102230008id_/http://council.vancouver.ca/previous_years/970526/scmin.htm,text/html,9659,8f738c264f02a16e68b52000c9c8f9140fc9b174bdc870803998ab4fec39e6b4
1997-05-27,regmin.htm,reg,Regular Council,,http://council.vancouver.ca/previous_years/970527/regmin.htm,20161102225951,https://web.archive.org/web/20161102225951id_/http://council.vancouver.ca/previous_years/970527/regmin.htm,text/html,52290,20f3fd5bd52781184e9e460e703ca56da702238a0dd87c94e215e8b5a25e59da
1997-05-27,vllcmin.htm,vllc,Vancouver Liquor Licensing Commission,,http://council.vancouver.ca/previous_years/970527/vllcmin.htm,20161102230007,https://web.archive.org/web/20161102230007id_/http://council.vancouver.ca/previous_years/970527/vllcmin.htm,text/html,9302,d9fe0b34cdb1f5f893e011d00e2033cecc58823e72b4c83e39c26b080e5a0527
1997-05-29,pemin.htm,pe,Standing Committee on Planning and Environment,,http://council.vancouver.ca/previous_years/970529/pemin.htm,20161102225942,https://web.archive.org/web/20161102225942id_/http://council.vancouver.ca/previous_years/970529/pemin.htm,text/html,25540,bb250c948a36042c3d1cdbbf1b7e0e6f6586a0c889ca28d009bc8215fdf79e4d
1997-05-29,phmin1.htm,ph,Public Hearing,1,http://council.vancouver.ca/previous_years/970529/phmin1.htm,20161102225948,https://web.archive.org/web/20161102225948id_/http://council.vancouver.ca/previous_years/970529/phmin1.htm,text/html,26356,8ab3468acc81ea92b9cc75ea59967b1a8ddad2b4d0c740eb30eaa864f3033462
1997-06-03,regmin.htm,reg,Regular Council,,https://council.vancouver.ca/previous_years/970603/regmin.htm,20230422232237,https://web.archive.org/web/20230422232237id_/https://council.vancouver.ca/previous_years/970603/regmin.htm,text/html,39565,75bcec15d94795200d37541b79aa760462ac728752948341c32ad0673ab57758
1997-06-03,ttmin.htm,tt,Standing Committee on Transportation and Traffic,,http://council.vancouver.ca/previous_years/970603/ttmin.htm,20161102225939,https://web.archive.org/web/20161102225939id_/http://council.vancouver.ca/previous_years/970603/ttmin.htm,text/html,20433,bb54412badb8a42664606b353744d37ab4fe52e40e7c3504e69ec379074e408f
1997-06-17,crmin.htm,cr,Court of Revision,,http://council.vancouver.ca/previous_years/970617/crmin.htm,20161102225905,https://web.archive.org/web/20161102225905id_/http://council.vancouver.ca/previous_years/970617/crmin.htm,text/html,27636,4b03235567a4cd206eca6707dde2eb101619db0590f83ab349bdff5fd9b82b7f
1997-06-17,regmin.htm,reg,Regular Council,,http://council.vancouver.ca/previous_years/970617/regmin.htm,20161102225906,https://web.archive.org/web/20161102225906id_/http://council.vancouver.ca/previous_years/970617/regmin.htm,text/html,26921,945e70632df1a0257bec187f81d27f9e05bf43f02453f25754895c25dcafb673
1997-06-17,ttmin.htm,tt,Standing Committee on Transportation and Traffic,,http://council.vancouver.ca/previous_years/970617/ttmin.htm,20161102225927,https://web.archive.org/web/20161102225927id_/http://council.vancouver.ca/previous_years/970617/ttmin.htm,text/html,20785,15dff95dfbad2dc1ebb35b94da790b6fb72375086f17d8c73a9ba614d2e31f00
1997-06-18,phmin.htm,ph,Public Hearing,,http://council.vancouver.ca/previous_years/970618/phmin.htm,20161102225904,https://web.archive.org/web/20161102225904id_/http://council.vancouver.ca/previous_years/970618/phmin.htm,text/html,45231,04b736d57e966546763ebc35f43879faa6974458c1b79f834ebf6734173d3306
1997-06-19,csbmin.htm,csb,Standing Committee on City Services and Budgets,,http://council.vancouver.ca/previous_years/970619/csbmin.htm,20161102225902,https://web.archive.org/web/20161102225902id_/http://council.vancouver.ca/previous_years/970619/csbmin.htm,text/html,14432,722d4a756c4098eefdb24375318184f05bc11300d8bd8c445f9ffb06486d28b7
1997-06-19,pemin.htm,pe,Standing Committee on Planning and Environment,,http://council.vancouver.ca/previous_years/970619/pemin.htm,20161102225859,https://web.archive.org/web/20161102225859id_/http://council.vancouver.ca/previous_years/970619/pemin.htm,text/html,33530,bd9ebd41260c9ea13ee26055c67c416fddea22ef22dc66fe99ba934a8c8b6a99
1997-06-24,regmin.htm,reg,Regular Council,,http://council.vancouver.ca/previous_years/970624/regmin.htm,20161102225820,https://web.archive.org/web/20161102225820id_/http://council.vancouver.ca/previous_years/970624/regmin.htm,text/html,66821,b6e1f77d354bea963cba02df9ce765709c31526f1c15fa723efb36256f4dc091
1997-06-24,ttmin.htm,tt,Standing Committee on Transportation and Traffic,,http://council.vancouver.ca/previous_years/970624/ttmin.htm,20161102225858,https://web.archive.org/web/20161102225858id_/http://council.vancouver.ca/previous_years/970624/ttmin.htm,text/html,14537,3f5a1ba62fd4836d9f7a1f9a128405028423af5c24de2fbb4ddef0c7d271bcd0
1997-06-25,vllcmin.htm,vllc,Vancouver Liquor Licensing Commission,,http://council.vancouver.ca/previous_years/970625/vllcmin.htm,20161102225818,https://web.archive.org/web/20161102225818id_/http://council.vancouver.ca/previous_years/970625/vllcmin.htm,text/html,9940,4c8408b18ee70ff234537bfaf80c988f26bce6610d1ca3c383ffbd97dfe80054
1997-06-26,csbmin.htm,csb,Standing Committee on City Services and Budgets,,http://council.vancouver.ca/previous_years/970626/csbmin.htm,20161102225815,https://web.archive.org/web/20161102225815id_/http://council.vancouver.ca/previous_years/970626/csbmin.htm,text/html,30195,8ccf1ed05f6344d4d02c484225a79db97902d9651e45cb02bc7f76bbf0ad4629
1997-06-26,pemin.htm,pe,Standing Committee on Planning and Environment,,http://council.vancouver.ca/previous_years/970626/pemin.htm,20161102225811,https://web.archive.org/web/20161102225811id_/http://council.vancouver.ca/previous_years/970626/pemin.htm,text/html,16760,4e6efe825b918c2163435dac3600ccb892a5f45aad9c20e60c932fa86262fcdc
1997-06-26,phmin.htm,ph,Public Hearing,,https://council.vancouver.ca/previous_years/970626/phmin.htm,20211224210603,https://web.archive.org/web/20211224210603id_/https://council.vancouver.ca/previous_years/970626/phmin.htm,text/html,13261,5f630fc92c64caa96c1d27223ddccc6250fec99b38cc0f1050d398f0ca743b18
1997-07-08,regmin.htm,reg,Regular Council,,http://council.vancouver.ca/previous_years/970708/regmin.htm,20161102225754,https://web.archive.org/web/20161102225754id_/http://council.vancouver.ca/previous_years/970708/regmin.htm,text/html,32357,adb6774284605c2aa7c771f11557e61692b23509b2eb28bead3574a83e63bf53
1997-07-08,ttmin.htm,tt,Standing Committee on Transportation and Traffic,,http://council.vancouver.ca/previous_years/970708/ttmin.htm,20161102225808,https://web.archive.org/web/20161102225808id_/http://council.vancouver.ca/previous_years/970708/ttmin.htm,text/html,23942,0e0c025a30d277f1f93202ebcb78a736d35d7e00155cb62d16bcca4ea293cd20
1997-07-09,phmin.htm,ph,Public Hearing,,http://council.vancouver.ca/previous_years/970709/phmin.htm,20161102225753,https://web.archive.org/web/20161102225753id_/http://council.vancouver.ca/previous_years/970709/phmin.htm,text/html,21520,84a9563ab73c8cf3b73748a0e91bf1d8349e3a0851d8a976c6231f32108778f2
1997-07-10,csbmin.htm,csb,Standing Committee on City Services and Budgets,,http://council.vancouver.ca/previous_years/970710/csbmin.htm,20161102225748,https://web.archive.org/web/20161102225748id_/http://council.vancouver.ca/previous_years/970710/csbmin.htm,text/html,14303,128948bf46759d444a05de39dc67b16ef8acdecd2e0242bc137d4c03887d3aee
1997-07-10,pemin.htm,pe,Standing Committee on Planning and Environment,,http://council.vancouver.ca/previous_years/970710/pemin.htm,20161102225751,https://web.archive.org/web/20161102225751id_/http://council.vancouver.ca/previous_years/970710/pemin.htm,text/html,24702,5bd4483b48ade126fb7d338ae8daf642debe5d529bc5068f8db4400a8cf40f2d
1997-07-14,phmin.htm,ph,Public Hearing,,http://council.vancouver.ca/previous_years/970714/phmin.htm,20161102225747,https://web.archive.org/web/20161102225747id_/http://council.vancouver.ca/previous_years/970714/phmin.htm,text/html,8827,d783919e2ef155e2147ef55fbce351a5b66750a703829c969233a27a5162df10
1997-07-22,phmin3.htm,ph,Public Hearing,3,http://council.vancouver.ca/previous_years/970722/phmin3.htm,20161102225730,https://web.archive.org/web/20161102225730id_/http://council.vancouver.ca/previous_years/970722/phmin3.htm,text/html,4161,d52650bec11af23fa09498c5101b278b72aa2a0c672bafd813b48a98b02a7235
1997-07-22,regmin.htm,reg,Regular Council,,http://council.vancouver.ca/previous_years/970722/regmin.htm,20161102225731,https://web.archive.org/web/20161102225731id_/http://council.vancouver.ca/previous_years/970722/regmin.htm,text/html,50214,0d21938c32dca8e5770f426ff554a3e8d794dd064740129c883f97601d280637
1997-07-24,pemin.htm,pe,Standing Committee on Planning and Environment,,http://council.vancouver.ca/previous_years/970724/pemin.htm,20161102225718,https://web.archive.org/web/20161102225718id_/http://council.vancouver.ca/previous_years/970724/pemin.htm,text/html,28770,1faa45454ff835bdbb46c024f84a3e41fdba528ec939fe6ae48ad5226039d8c4
1997-07-28,phmin346.htm,ph,Public Hearing,346,http://council.vancouver.ca/previous_years/970728/phmin346.htm,20161102225715,https://web.archive.org/web/20161102225715id_/http://council.vancouver.ca/previous_years/970728/phmin346.htm,text/html,17015,ca9ff7db80ef8bdede6d271e71b6233b28960c42ff1ceeae82c24df0c8473a46
1997-07-29,phmin347.htm,ph,Public Hearing,347,http://council.vancouver.ca/previous_years/970729/phmin347.htm,20161102225656,https://web.archive.org/web/20161102225656id_/http://council.vancouver.ca/previous_years/970729/phmin347.htm,text/html,25817,af3b03bd72646b2eea3016f88c3d3c8a095c2c1da9af1199fe2556b0c8c516a7
1997-07-29,regmin.htm,reg,Regular Council,,http://council.vancouver.ca/previous_years/970729/regmin.htm,20161102225657,https://web.archive.org/web/20161102225657id_/http://council.vancouver.ca/previous_years/970729/regmin.htm,text/html,65679,1c6c2b137be699bc334320b7e6bb1679663eba9bac7e76b28ec3412967d06b62
1997-07-29,ttmin.htm,tt,Standing Committee on Transportation and Traffic,,http://council.vancouver.ca/previous_years/970729/ttmin.htm,20161102225651,https://web.archive.org/web/20161102225651id_/http://council.vancouver.ca/previous_years/970729/ttmin.htm,text/html,18441,1b74681f6eda4f940f7640429fe4cbbf6cbd88275d59b2e8e599d17e8fd47884
1997-07-31,csbmin.htm,csb,Standing Committee on City Services and Budgets,,http://council.vancouver.ca/previous_years/970731/csbmin.htm,20161102225641,https://web.archive.org/web/20161102225641id_/http://council.vancouver.ca/previous_years/970731/csbmin.htm,text/html,23340,eef8f87270ea01545dfeccd185d50f2adcf9179703bba8606ca6e71077f94b7f
1997-07-31,pemin.htm,pe,Standing Committee on Planning and Environment,,http://council.vancouver.ca/previous_years/970731/pemin.htm,20161102225647,https://web.archive.org/web/20161102225647id_/http://council.vancouver.ca/previous_years/970731/pemin.htm,text/html,34529,011276aaab66dd98fde831d7902a0b65e606f82e4c3e325eae84f6b4c4a0b688
1997-09-09,csbmin.htm,csb,Standing Committee on City Services and Budgets,,http://council.vancouver.ca/previous_years/970909/csbmin.htm,20161102225638,https://web.archive.org/web/20161102225638id_/http://council.vancouver.ca/previous_years/970909/csbmin.htm,text/html,14461,6dd0c174b190eaa01f66e4bf66ddf828cf7df25f21bcb4422139980e9cc595b5
1997-09-09,regmin.htm,reg,Regular Council,,http://council.vancouver.ca/previous_years/970909/regmin.htm,20161102225629,https://web.archive.org/web/20161102225629id_/http://council.vancouver.ca/previous_years/970909/regmin.htm,text/html,13614,f3254b54a98b1f4fbe5c85935def8fda51d9ffc1e3923327c09102b67fa2f994
1997-09-11,phmin1.htm,ph,Public Hearing,1,http://council.vancouver.ca/previous_years/970911/phmin1.htm,20161102225605,https://web.archive.org/web/20161102225605id_/http://council.vancouver.ca/previous_years/970911/phmin1.htm,text/html,21542,278709f530eca1cb10b16a6d5a32af6f83db4a534bc43099b50c248ede1c3a24
1997-09-11,phmin2.htm,ph,Public Hearing,2,http://council.vancouver.ca/previous_years/970911/phmin2.htm,20161102225607,https://web.archive.org/web/20161102225607id_/http://council.vancouver.ca/previous_years/970911/phmin2.htm,text/html,6704,93c11a48c0f74195d46f7b5ebcad209cdf5958e241cba00c0f8dee0425c1f5d1
1997-09-25,csbmin.htm,csb,Standing Committee on City Services and Budgets,,http://council.vancouver.ca/previous_years/970925/csbmin.htm,20161102225623,https://web.archive.org/web/20161102225623id_/http://council.vancouver.ca/previous_years/970925/csbmin.htm,text/html,24189,a334290568d9850820c08ae85b10aa450577035febf5d2f5952a021986d15d08
1997-09-25,phmin.htm,ph,Public Hearing,,http://council.vancouver.ca/previous_years/970925/phmin.htm,20161102225622,https://web.archive.org/web/20161102225622id_/http://council.vancouver.ca/previous_years/970925/phmin.htm,text/html,28183,64ac63b03e18eaf0fe3ba128b0fb212af49055188ef21a46dd0e72ea5aba379d
1997-10-07,regmin.htm,reg,Regular Council,,http://council.vancouver.ca/previous_years/971007/regmin.htm,20161102225551,https://web.archive.org/web/20161102225551id_/http://council.vancouver.ca/previous_years/971007/regmin.htm,text/html,33428,cc6f330ea3e4917ca8a31aad48cd818b82462f7ed9f23fb9b639c4dd97e2b1c9
1997-10-07,ttmin.htm,tt,Standing Committee on Transportation and Traffic,,http://council.vancouver.ca/previous_years/971007/ttmin.htm,20161102225603,https://web.archive.org/web/20161102225603id_/http://council.vancouver.ca/previous_years/971007/ttmin.htm,text/html,9840,8c4895e36e8cf42c7002f72742b18d40ffbc476d3e3b6b59b406a0fbafa581c6
1997-10-09,csbmin.htm,csb,Standing Committee on City Services and Budgets,,http://council.vancouver.ca/previous_years/971009/csbmin.htm,20161102225613,https://web.archive.org/web/20161102225613id_/http://council.vancouver.ca/previous_years/971009/csbmin.htm,text/html,11355,3b527d208944cd4d8e6bfbd1026a63809fef233569f55508efbfdaf1ff6a5ddb
1997-10-09,pemin.htm,pe,Standing Committee on Planning and Environment,,http://council.vancouver.ca/previous_years/971009/pemin.htm,20161102225618,https://web.archive.org/web/20161102225618id_/http://council.vancouver.ca/previous_years/971009/pemin.htm,text/html,18131,550c926921409c0a4abd7a2fbf0c5c8a3bfb4cdb7acb5b7ba4b88b1d3a6afc63
1997-10-09,phmin350.htm,ph,Public Hearing,350,http://council.vancouver.ca/previous_years/971009/phmin350.htm,20161102225609,https://web.archive.org/web/20161102225609id_/http://council.vancouver.ca/previous_years/971009/phmin350.htm,text/html,8520,6a8e4374afd9c4a977b99b0ea14fd943c0b76d387af843a67503d06c5a3e16ae
1997-10-09,vllcmin.htm,vllc,Vancouver Liquor Licensing Commission,,http://council.vancouver.ca/previous_years/971009/vllcmin.htm,20161102225619,https://web.archive.org/web/20161102225619id_/http://council.vancouver.ca/previous_years/971009/vllcmin.htm,text/html,9496,9b33a5ebc1f91bd5cdb8aab61cf33236e269dc70a18d762f9502572fa8263b54
1997-10-28,phmin.htm,ph,Public Hearing,,http://council.vancouver.ca/previous_years/971028/phmin.htm,20161102225548,https://web.archive.org/web/20161102225548id_/http://council.vancouver.ca/previous_years/971028/phmin.htm,text/html,10197,3aa9782abe44946abf55f1337569443daa9fa2d21a42466af0b38973efb02e5b
1997-10-28,ttmin.htm,tt,Standing Committee on Transportation and Traffic,,http://council.vancouver.ca/previous_years/971028/ttmin.htm,20161102225545,https://web.archive.org/web/20161102225545id_/http://council.vancouver.ca/previous_years/971028/ttmin.htm,text/html,19359,28d9b98d57c91893a58f5c29578a44e14d91d9bb8a67af4f4867ad81a3cd19c3
1997-10-30,csbmin.htm,csb,Standing Committee on City Services and Budgets,,http://council.vancouver.ca/previous_years/971030/csbmin.htm,20161102225535,https://web.archive.org/web/20161102225535id_/http://council.vancouver.ca/previous_years/971030/csbmin.htm,text/html,17940,827d5143241ef2a70afc35dbafc2a1b374aa9ffec5b3ccd2c52ae4b015c26e5d
1997-10-30,pemin.htm,pe,Standing Committee on Planning and Environment,,http://council.vancouver.ca/previous_years/971030/pemin.htm,20161102225539,https://web.archive.org/web/20161102225539id_/http://council.vancouver.ca/previous_years/971030/pemin.htm,text/html,20081,730dcd449d78d151cbe859a3fe55ac2b8dc5fd6433eeeff6853e71a53da983f3
1997-10-30,phmin2.htm,ph,Public Hearing,2,http://council.vancouver.ca/previous_years/971030/phmin2.htm,20161102225543,https://web.archive.org/web/20161102225543id_/http://council.vancouver.ca/previous_years/971030/phmin2.htm,text/html,9519,8ae300f8fd302dfef35e90b1bb0079dbce11e4f5c6361b5dadcc68cc759aeb8f
1997-11-04,regmin.htm,reg,Regular Council,,http://council.vancouver.ca/previous_years/971104/regmin.htm,20161102225523,https://web.archive.org/web/20161102225523id_/http://council.vancouver.ca/previous_years/971104/regmin.htm,text/html,21817,badc78b24aa060124555ab6c35295eb2071bafc895e0bf4df790fbe733c365f2
1997-11-04,ttmin2.htm,tt,Standing Committee on Transportation and Traffic,2,http://council.vancouver.ca/previous_years/971104/ttmin2.htm,20161102225533,https://web.archive.org/web/20161102225533id_/http://council.vancouver.ca/previous_years/971104/ttmin2.htm,text/html,16527,afaf923138555b1144313e52f6592535d895e91f66266907b7691ae7f09db91a
1997-11-06,csbmin.htm,csb,Standing Committee on City Services and Budgets,,http://council.vancouver.ca/previous_years/971106/csbmin.htm,20161102225517,https://web.archive.org/web/20161102225517id_/http://council.vancouver.ca/previous_years/971106/csbmin.htm,text/html,11936,a185c33ff103109a63967da9afca18234757e1db1278dd9a9f4054af3a08d5a0
1997-11-06,pemin.htm,pe,Standing Committee on Planning and Environment,,http://council.vancouver.ca/previous_years/971106/pemin.htm,20161102225520,https://web.archive.org/web/20161102225520id_/http://council.vancouver.ca/previous_years/971106/pemin.htm,text/html,26247,76820959be9edbf2886e3062eedb33513820e059d6d59d8c5366598267a39c5e
1997-11-13,vllcmin.htm,vllc,Vancouver Liquor Licensing Commission,,http://council.vancouver.ca/previous_years/971113/vllcmin.htm,20161102225511,https://web.archive.org/web/20161102225511id_/http://council.vancouver.ca/previous_years/971113/vllcmin.htm,text/html,19476,d997fc10d3accf6b8b5e771212060177b70dcfaf431b4d1a9fe27ad19c07a7f1
1997-11-18,phmin.htm,ph,Public Hearing,,http://council.vancouver.ca/previous_years/971118/phmin.htm,20161102225507,https://web.archive.org/web/20161102225507id_/http://council.vancouver.ca/previous_years/971118/phmin.htm,text/html,8869,f05a24b6181293ddaaf4b8d038390af3166f3973f5624ae7f63b8633fa5d8592
1997-11-18,regmin.htm,reg,Regular Council,,http://council.vancouver.ca/previous_years/971118/regmin.htm,20161102225454,https://web.archive.org/web/20161102225454id_/http://council.vancouver.ca/previous_years/971118/regmin.htm,text/html,44850,739ae1a989478df015339c3f5746e50f136505c4e4522477bdbed200e3ee4381
1997-11-20,csbmin.htm,csb,Standing Committee on City Services and Budgets,,http://council.vancouver.ca/previous_years/971120/csbmin.htm,20161102225440,https://web.archive.org/web/20161102225440id_/http://council.vancouver.ca/previous_years/971120/csbmin.htm,text/html,16685,592f665826c2b9df784df98cc19ce1f7a96be4fe6b50ff639aadf7bd88e6572a
1997-11-20,pemin.htm,pe,Standing Committee on Planning and Environment,,http://council.vancouver.ca/previous_years/971120/pemin.htm,20161102225449,https://web.archive.org/web/20161102225449id_/http://council.vancouver.ca/previous_years/971120/pemin.htm,text/html,20197,1480922354dd4ebcbdeb9c6e79993b0c22943d7fdd265b2f77922497d0cd21fb
1997-12-02,regmin.htm,reg,Regular Council,,http://council.vancouver.ca/previous_years/971202/regmin.htm,20161102225424,https://web.archive.org/web/20161102225424id_/http://council.vancouver.ca/previous_years/971202/regmin.htm,text/html,24145,c23ccb873b5829ac4e591ab8f4d66f088361450ff2a7802ae5f6de8bf835dfb7
1997-12-02,ttmin.htm,tt,Standing Committee on Transportation and Traffic,,http://council.vancouver.ca/previous_years/971202/ttmin.htm,20161102225438,https://web.archive.org/web/20161102225438id_/http://council.vancouver.ca/previous_years/971202/ttmin.htm,text/html,18036,3868f92debc183f3bfe462b1aaaa7d33c49a94b0ace493546daac26984ebaa1f
1997-12-04,csbmin.htm,csb,Standing Committee on City Services and Budgets,,http://council.vancouver.ca/previous_years/971204/csbmin.htm,20161102225417,https://web.archive.org/web/20161102225417id_/http://council.vancouver.ca/previous_years/971204/csbmin.htm,text/html,18467,a7842b3cc7f79d171f85af3aabc512016817cd9fd5dbe129914f1598b05ade94
1997-12-09,regmin.htm,reg,Regular Council,,http://council.vancouver.ca/previous_years/971209/regmin.htm,20161102225350,https://web.archive.org/web/20161102225350id_/http://council.vancouver.ca/previous_years/971209/regmin.htm,text/html,29853,26440370254bbb642d10720d29cd31d88076bc1e73e1f9035acdbd7266545941
1997-12-09,ttmin2.htm,tt,Standing Committee on Transportation and Traffic,2,http://council.vancouver.ca/previous_years/971209/ttmin2.htm,20161102225346,https://web.archive.org/web/20161102225346id_/http://council.vancouver.ca/previous_years/971209/ttmin2.htm,text/html,22885,f5692f34e4d19f8fa9aa8b499b8b52d770f23f58843a61aff788d5f616790580
1997-12-11,csbmin.htm,csb,Standing Committee on City Services and Budgets,,http://council.vancouver.ca/previous_years/971211/csbmin.htm,20161102225336,https://web.archive.org/web/20161102225336id_/http://council.vancouver.ca/previous_years/971211/csbmin.htm,text/html,22595,450c4e1c9e6db5822ec1dbe9d4925fc0f670fea1913ea6d78b0c0357292438c9
1997-12-11,pemin.htm,pe,Standing Committee on Planning and Environment,,http://council.vancouver.ca/previous_years/971211/pemin.htm,20161102225341,https://web.archive.org/web/20161102225341id_/http://council.vancouver.ca/previous_years/971211/pemin.htm,text/html,40830,c22af19c283a4610bf72a41c363d509fae422164b1f0f77bd0fcf26972a9f54c
1998-01-06,phmin.htm,ph,Public Hearing,,http://council.vancouver.ca/previous_years/980106/phmin.htm,20161102225331,https://web.archive.org/web/20161102225331id_/http://council.vancouver.ca/previous_years/980106/phmin.htm,text/html,22061,99f8f315e3268c0836d0d78c2fa67d09e2465677c8623ad15c2ee22973e7af78
1998-01-06,regmin.htm,reg,Regular Council,,http://council.vancouver.ca/previous_years/980106/regmin.htm,20161102225316,https://web.archive.org/web/20161102225316id_/http://council.vancouver.ca/previous_years/980106/regmin.htm,text/html,35628,91c88dfa75f8b232547d0cc331684664751973587f5a2cdad6834dcbac9058dd
1998-01-06,ttmin.htm,tt,Standing Committee on Transportation and Traffic,,http://council.vancouver.ca/previous_years/980106/ttmin.htm,20161102225312,https://web.archive.org/web/20161102225312id_/http://council.vancouver.ca/previous_years/980106/ttmin.htm,text/html,8989,e6d595d98f0e4b3052fbbb1c7899a1ce6148a9572f4fcf103ba4d7771081fcfa
1998-01-08,pemins.htm,pe,Standing Committee on Planning and Environment,,http://council.vancouver.ca/previous_years/980108/pemins.htm,20161102225303,https://web.archive.org/web/20161102225303id_/http://council.vancouver.ca/previous_years/980108/pemins.htm,text/html,17176,ba7554d7777f799f889a7bdfe4de6ad97edf5ec70e99e51be965522af4b67acb
1998-01-08,vllcmin.htm,vllc,Vancouver Liquor Licensing Commission,,http://council.vancouver.ca/previous_years/980108/vllcmin.htm,20161102225309,https://web.archive.org/web/20161102225309id_/http://council.vancouver.ca/previous_years/980108/vllcmin.htm,text/html,21344,ba87e74937f48007cbb97ce4cbf002e7a04cf0403cd780876844dda6dbd76217
1998-01-20,crmin.htm,cr,Court of Revision,,http://council.vancouver.ca/previous_years/980120/crmin.htm,20161102225243,https://web.archive.org/web/20161102225243id_/http://council.vancouver.ca/previous_years/980120/crmin.htm,text/html,7896,84ce942d3362ebc740f2270231aee09c4e28a71c7ff778982eb05d009fff1262
1998-01-20,regmin.htm,reg,Regular Council,,http://council.vancouver.ca/previous_years/980120/regmin.htm,20161102225244,https://web.archive.org/web/20161102225244id_/http://council.vancouver.ca/previous_years/980120/regmin.htm,text/html,31446,97f682c61304f7f0cebbb2fe65e6ddf4c7675a2c4c680b1d0f5fa41934636d40
1998-01-22,minutes.htm,,Council,,http://council.vancouver.ca/previous_years/980122/minutes.htm,20161102225242,https://web.archive.org/web/20161102225242id_/http://council.vancouver.ca/previous_years/980122/minutes.htm,text/html,25226,72ee75a10a71a7d17a53d4f3bd5d156d9006fa8d91d69b1d84dad8c7c5bf8276
1998-01-22,phmin.htm,ph,Public Hearing,,http://council.vancouver.ca/previous_years/980122/phmin.htm,20161102225237,https://web.archive.org/web/20161102225237id_/http://council.vancouver.ca/previous_years/980122/phmin.htm,text/html,19343,2c4cf8ec9c02c352a8a86e3cde17af521e414c26a34a0052a2241b422b788adf
1998-02-05,csmins.htm,cs,Standing Committee on City Services and Budgets,,http://council.vancouver.ca/previous_years/980205/csmins.htm,20161102225229,https://web.archive.org/web/20161102225229id_/http://council.vancouver.ca/previous_years/980205/csmins.htm,text/html,18653,f0acc44a8aa2d76e5cd7a722510a83557acc6abc7a7084ab54971e2a492a5c4f
1998-02-05,pemin.htm,pe,Standing Committee on Planning and Environment,,http://council.vancouver.ca/previous_years/980205/pemin.htm,20161102225221,https://web.archive.org/web/20161102225221id_/http://council.vancouver.ca/previous_years/980205/pemin.htm,text/html,30725,4f6ea98219fc2c26ac926fa5566ab6f28090cb54bb41cc3d41b82a51e2eba0a9
1998-02-05,vllcmin.htm,vllc,Vancouver Liquor Licensing Commission,,http://council.vancouver.ca/previous_years/980205/vllcmin.htm,20161102225216,https://web.archive.org/web/20161102225216id_/http://council.vancouver.ca/previous_years/980205/vllcmin.htm,text/html,15111,b7b8042dc54df0d48d074ae5826a242900d9aae91a71b35f48c6aafd2e9d1b19
1998-02-17,min5.htm,,Council,5,http://council.vancouver.ca/previous_years/980217/min5.htm,20161102225152,https://web.archive.org/web/20161102225152id_/http://council.vancouver.ca/previous_years/980217/min5.htm,text/html,12351,d737df59986396f45300e686cde4e4214b5b2945d51aad80cdbfb626184d7c33
1998-02-17,regmin.htm,reg,Regular Council,,http://council.vancouver.ca/previous_years/980217/regmin.htm,20161102225147,https://web.archive.org/web/20161102225147id_/http://council.vancouver.ca/previous_years/980217/regmin.htm,text/html,45104,716460c270bf7016955863c03eb3299941f4a47015559aeeb99246c9682293b3
1998-02-19,csbmins.htm,csb,Standing Committee on City Services and Budgets,,http://council.vancouver.ca/previous_years/980219/csbmins.htm,20161102225140,https://web.archive.org/web/20161102225140id_/http://council.vancouver.ca/previous_years/980219/csbmins.htm,text/html,16390,cc6eec9e0bef87e90218b1fa0cec06819239ec4bfb73a23c0bb280bc55bfc453
1998-02-19,phmin.htm,ph,Public Hearing,,http://council.vancouver.ca/previous_years/980219/phmin.htm,20161102225137,https://web.archive.org/web/20161102225137id_/http://council.vancouver.ca/previous_years/980219/phmin.htm,text/html,18653,39fd02d5eec089b8c7fc5d916839bbc15f03dc2c22768c3f5f265f620683b032
1998-03-03,regmin.htm,reg,Regular Council,,http://council.vancouver.ca/previous_years/980303/regmin.htm,20161102225039,https://web.archive.org/web/20161102225039id_/http://council.vancouver.ca/previous_years/980303/regmin.htm,text/html,28855,d1d76f1d1e89b881f9a6f56073d7f4a6215fda90461e2007c5927603f178e28d
1998-03-03,ttmins.htm,tt,Standing Committee on Transportation and Traffic,,http://council.vancouver.ca/previous_years/980303/ttmins.htm,20161102225131,https://web.archive.org/web/20161102225131id_/http://council.vancouver.ca/previous_years/980303/ttmins.htm,text/html,12539,3f9dd59569555dd67f3d070d8176893de1b1a12ff3dba6b56b0a928cecf49d89
1998-03-05,csmins.htm,cs,Standing Committee on City Services and Budgets,,http://council.vancouver.ca/previous_years/980305/csmins.htm,20161102225026,https://web.archive.org/web/20161102225026id_/http://council.vancouver.ca/previous_years/980305/csmins.htm,text/html,14386,0893cb92045599a09c87c1f0fbe4cd03a1ff825655e418c19c87153c822351a6
1998-03-05,pemin.htm,pe,Standing Committee on Planning and Environment,,http://council.vancouver.ca/previous_years/980305/pemin.htm,20161102225034,https://web.archive.org/web/20161102225034id_/http://council.vancouver.ca/previous_years/980305/pemin.htm,text/html,22311,7beab2482cbe5a1b7441ed0d5b796030af89b71026b12ececa26bbad6874ac38
1998-03-10,minutes.htm,,Council,,http://council.vancouver.ca/previous_years/980310/minutes.htm,20161102225003,https://web.archive.org/web/20161102225003id_/http://council.vancouver.ca/previous_years/980310/minutes.htm,text/html,30772,461f1c2f2f73ea1a488fa7c13e3aed341daa88558e3af16f9a325f00995ce271
1998-03-12,csmins.htm,cs,Standing Committee on City Services and Budgets,,http://council.vancouver.ca/previous_years/980312/csmins.htm,20161102224957,https://web.archive.org/web/20161102224957id_/http://council.vancouver.ca/previous_years/980312/csmins.htm,text/html,18545,fbe3c64fc30f095b039cfb1ff67d408358f61e584bbd7181c48ec097d8dc4f49
1998-03-12,pemins.htm,pe,Standing Committee on Planning and Environment,,http://council.vancouver.ca/previous_years/980312/pemins.htm,20161102224948,https://web.archive.org/web/20161102224948id_/http://council.vancouver.ca/previous_years/980312/pemins.htm,text/html,18626,207016f1c5bb1cf12563bd9611d89d3236449fd7ffa6cbad7a15604486c127d1
1998-03-24,minutes.htm,,Council,,http://council.vancouver.ca/previous_years/980324/minutes.htm,20161102224924,https://web.archive.org/web/20161102224924id_/http://council.vancouver.ca/previous_years/980324/minutes.htm,text/html,43540,1259bf03e97890c426d59e85b0ebaebe27abcec560066463cac7a6960dce4dd6
1998-03-24,phmin.htm,ph,Public Hearing,,http://council.vancouver.ca/previous_years/980324/phmin.htm,20161102224919,https://web.archive.org/web/20161102224919id_/http://council.vancouver.ca/previous_years/980324/phmin.htm,text/html,15342,7706b539d1fb5278feb08a4e34852b135268e1b7c057289314a45c7f4e9b32c2
1998-03-24,ttmins.htm,tt,Standing Committee on Transportation and Traffic,,http://council.vancouver.ca/previous_years/980324/ttmins.htm,20161102224947,https://web.archive.org/web/20161102224947id_/http://council.vancouver.ca/previous_years/980324/ttmins.htm,text/html,8653,37e121e79eab1a125f6e4c648221153b944b1d5c24db7e09708671f6bf3cebc6
1998-03-26,csbmins.htm,csb,Standing Committee on City Services and Budgets,,http://council.vancouver.ca/previous_years/980326/csbmins.htm,20161102224912,https://web.archive.org/web/20161102224912id_/http://council.vancouver.ca/previous_years/980326/csbmins.htm,text/html,18455,bf6faf2de7a447f38134fbdf424098ae482ba091737911dc224c901c8623e6de
1998-03-26,pemins.htm,pe,Standing Committee on Planning and Environment,,http://council.vancouver.ca/previous_years/980326/pemins.htm,20161102224916,https://web.archive.org/web/20161102224916id_/http://council.vancouver.ca/previous_years/980326/pemins.htm,text/html,11391,638976b0aed93bacb5ae2bc0022abe57077ab0e25b5f09c2dfad1a6be678569e
1998-04-07,regmin.htm,reg,Regular Council,,http://council.vancouver.ca/previous_years/980407/regmin.htm,20161102224858,https://web.archive.org/web/20161102224858id_/http://council.vancouver.ca/previous_years/980407/regmin.htm,text/html,43415,d9b0c09f4fb285dfbfb5245519700efc5c043cda4e77bbd174ca0f405f7d27ff
1998-04-07,ttmins.htm,tt,Standing Committee on Transportation and Traffic,,http://council.vancouver.ca/previous_years/980407/ttmins.htm,20161102224853,https://web.archive.org/web/20161102224853id_/http://council.vancouver.ca/previous_years/980407/ttmins.htm,text/html,18181,a4203e3e00c586d6f0e43ffaac9e45476aa38d453c9e9d19d3b7f953aecb2a94
1998-04-08,phmin2.htm,ph,Public Hearing,2,http://council.vancouver.ca/previous_years/980408/phmin2.htm,20161102224847,https://web.archive.org/web/20161102224847id_/http://council.vancouver.ca/previous_years/980408/phmin2.htm,text/html,27027,4113a40d7fcb0856b934c08ad11925eb8359e9206f85ac1115a8cef8deb50e3d
1998-04-09,csbmins.htm,csb,Standing Committee on City Services and Budgets,,http://council.vancouver.ca/previous_years/980409/csbmins.htm,20161102224840,https://web.archive.org/web/20161102224840id_/http://council.vancouver.ca/previous_years/980409/csbmins.htm,text/html,15377,2b8282019832b6600853b76f589404066fdf9b611f9e286c690775aa115464f1
1998-04-09,pemins.htm,pe,Standing Committee on Planning and Environment,,http://council.vancouver.ca/previous_years/980409/pemins.htm,20161102224845,https://web.archive.org/web/20161102224845id_/http://council.vancouver.ca/previous_years/980409/pemins.htm,text/html,15936,facf9a2e9ab6e409e6e1001a0b64bddea9dd0d5bc6b2cf4d9677777364cc9907
1998-04-21,minutes.htm,,Council,,http://council.vancouver.ca/previous_years/980421/minutes.htm,20161102224810,https://web.archive.org/web/20161102224810id_/http://council.vancouver.ca/previous_years/980421/minutes.htm,text/html,38512,1e5d6a203928a241a318f61efe9bacf7e55bd74fea1730f19e996b3e652c31be
1998-04-23,csbmins.htm,csb,Standing Committee on City Services and Budgets,,http://council.vancouver.ca/previous_years/980423/csbmins.htm,20161102224803,https://web.archive.org/web/20161102224803id_/http://council.vancouver.ca/previous_years/980423/csbmins.htm,text/html,14930,32e6002c88b462f387278a4bbfa16319961cb18988cc3c080cdba52d4270369c
1998-04-23,pemins.htm,pe,Standing Committee on Planning and Environment,,http://council.vancouver.ca/previous_years/980423/pemins.htm,20161102224759,https://web.archive.org/web/20161102224759id_/http://council.vancouver.ca/previous_years/980423/pemins.htm,text/html,19517,30898b4fe7db8c94e221e2a75de8dd12e9e78d6d08c987b27ab8bdce94733384
1998-04-23,vllcmin.htm,vllc,Vancouver Liquor Licensing Commission,,http://council.vancouver.ca/previous_years/980423/vllcmin.htm,20161102224753,https://web.archive.org/web/20161102224753id_/http://council.vancouver.ca/previous_years/980423/vllcmin.htm,text/html,16434,3fe5528c0830c91802a24b7185326c97ca6d1b4f7ee1ebc6d11804be03b97661
1998-04-28,minutes.htm,,Council,,http://council.vancouver.ca/previous_years/980428/minutes.htm,20161102224740,https://web.archive.org/web/20161102224740id_/http://council.vancouver.ca/previous_years/980428/minutes.htm,text/html,39589,cca122e6d7fdca702ac6af10dfed5825fc481665e585f2120a7ab4b72e09e263
1998-04-28,phmin.htm,ph,Public Hearing,,http://council.vancouver.ca/previous_years/980428/phmin.htm,20161102224733,https://web.archive.org/web/20161102224733id_/http://council.vancouver.ca/previous_years/980428/phmin.htm,text/html,62984,b3909f52c0e845f3d6ea5ddd3dc5f4da3caa6d17d3a878b44660a69b21186ec9
1998-04-28,ttmins.htm,tt,Standing Committee on Transportation and Traffic,,http://council.vancouver.ca/previous_years/980428/ttmins.htm,20161102224751,https://web.archive.org/web/20161102224751id_/http://council.vancouver.ca/previous_years/980428/ttmins.htm,text/html,14388,4296ee1770e64f9b1bea430adde67dbd6fb011907913f76651e81fb4182376b6
1998-04-30,csbmins.htm,csb,Standing Committee on City Services and Budgets,,http://council.vancouver.ca/previous_years/980430/csbmins.htm,20161102224724,https://web.archive.org/web/20161102224724id_/http://council.vancouver.ca/previous_years/980430/csbmins.htm,text/html,12947,16ad90fe7580dabca8c98bd85011ff976e2e829c133ef781a746a1f4a2cc0a98
1998-04-30,pemin.htm,pe,Standing Committee on Planning and Environment,,http://council.vancouver.ca/previous_years/980430/pemin.htm,20161102224729,https://web.archive.org/web/20161102224729id_/http://council.vancouver.ca/previous_years/980430/pemin.htm,text/html,27479,36fb98448928a6ed990bf489afcfee3502c259ccd52f12361461dcafbef6d8f0
1998-05-12,minutes.htm,,Council,,http://council.vancouver.ca/previous_years/980512/minutes.htm,20161102224702,https://web.archive.org/web/20161102224702id_/http://council.vancouver.ca/previous_years/980512/minutes.htm,text/html,53663,0407c95f29cdf0220f6b8696f225027dcef2cc390ed204d74cfcaaf3a08d4370
1998-05-12,ttmins.htm,tt,Standing Committee on Transportation and Traffic,,http://council.vancouver.ca/previous_years/980512/ttmins.htm,20161102224721,https://web.archive.org/web/20161102224721id_/http://council.vancouver.ca/previous_years/980512/ttmins.htm,text/html,11949,2e85826efefb181beeb31a0302987083e6273703fc23e9a98fb972a1b3611cd7
1998-05-14,csbmins.htm,csb,Standing Committee on City Services and Budgets,,http://council.vancouver.ca/previous_years/980514/csbmins.htm,20161102224647,https://web.archive.org/web/20161102224647id_/http://council.vancouver.ca/previous_years/980514/csbmins.htm,text/html,13538,f6cb1c5e02096097fe32de77bc3d7942416b379a93274e32c7bcd6c9ba87c83d
1998-05-14,pemin.htm,pe,Standing Committee on Planning and Environment,,http://council.vancouver.ca/previous_years/980514/pemin.htm,20161102224653,https://web.archive.org/web/20161102224653id_/http://council.vancouver.ca/previous_years/980514/pemin.htm,text/html,31938,ce2282b851433a06d1db0bd28585d76a84ec7467d369500227c3b3ad994d7c3e
1998-05-14,vllcmin.htm,vllc,Vancouver Liquor Licensing Commission,,http://council.vancouver.ca/previous_years/980514/vllcmin.htm,20161102224701,https://web.archive.org/web/20161102224701id_/http://council.vancouver.ca/previous_years/980514/vllcmin.htm,text/html,13501,484b129d3f2168a1f889d786e5456fc176b43948bccea29a90bf5bdc81f40d8e
1998-05-25,csbmins.htm,csb,Standing Committee on City Services and Budgets,,http://council.vancouver.ca/previous_years/980525/csbmins.htm,20161102224631,https://web.archive.org/web/20161102224631id_/http://council.vancouver.ca/previous_years/980525/csbmins.htm,text/html,13106,5763fd05f121d0cb7b259fb60e123adc90a94c111ed832a4c14f7529aa9a8abb
1998-05-26,minutes.htm,,Council,,http://council.vancouver.ca/previous_years/980526/minutes.htm,20161102224602,https://web.archive.org/web/20161102224602id_/http://council.vancouver.ca/previous_years/980526/minutes.htm,text/html,44925,309fec50038ffed43bae480175c61f080eb25377e2a817d935461808bd4ca1c6
1998-05-26,scmins.htm,sc,,,http://council.vancouver.ca/previous_years/980526/scmins.htm,20161102224620,https://web.archive.org/web/20161102224620id_/http://council.vancouver.ca/previous_years/980526/scmins.htm,text/html,11967,f787c8ddc36a99399615ac9b2d3e625eb38a52f1cc8d7c7107fd46f423f6db0f
1998-05-27,spmins.htm,sp,Special Council,,http://council.vancouver.ca/previous_years/980527/spmins.htm,20161102224553,https://web.archive.org/web/20161102224553id_/http://council.vancouver.ca/previous_years/980527/spmins.htm,text/html,13261,220462bf452ad87eaf62df489ae77161b5c77017bbffd91508fac787a5434935
1998-05-28,MINUTES.htm,,Council,,http://council.vancouver.ca/previous_years/980528/MINUTES.htm,20161102224550,https://web.archive.org/web/20161102224550id_/http://council.vancouver.ca/previous_years/980528/MINUTES.htm,text/html,22765,288e65e054fb595bdc146a05805a7cf2ad78fac536d863c01b187895cd3b7329
1998-05-28,csbmins.htm,csb,Standing Committee on City Services and Budgets,,http://council.vancouver.ca/previous_years/980528/csbmins.htm,20161102224538,https://web.archive.org/web/20161102224538id_/http://council.vancouver.ca/previous_years/980528/csbmins.htm,text/html,18086,cc7da600f8c1a54cc9de954d8c17be8f2e1ee498f774367b1fbcee9f99cb4988
1998-05-28,pemins.htm,pe,Standing Committee on Planning and Environment,,http://council.vancouver.ca/previous_years/980528/pemins.htm,20161102224532,https://web.archive.org/web/20161102224532id_/http://council.vancouver.ca/previous_years/980528/pemins.htm,text/html,16612,cc5bfbef542998abd9d6fb8ddbea54062a726ddd0c55188b504a98e561759868
1998-06-16,crmin.htm,cr,Court of Revision,,http://council.vancouver.ca/previous_years/980616/crmin.htm,20161102224456,https://web.archive.org/web/20161102224456id_/http://council.vancouver.ca/previous_years/980616/crmin.htm,text/html,13710,ebe201a3ef8c03e57698aa5d9c80e60709603995d131a11db8b5c1d5ef1034d0
1998-06-16,minutes.htm,,Council,,http://council.vancouver.ca/previous_years/980616/minutes.htm,20161102224503,https://web.archive.org/web/20161102224503id_/http://council.vancouver.ca/previous_years/980616/minutes.htm,text/html,81419,85349c86584a5489a47ef7fea610c0c53fc2396611893b61a379f07ceebca882
1998-06-16,ttmins.htm,tt,Standing Committee on Transportation and Traffic,,http://council.vancouver.ca/previous_years/980616/ttmins.htm,20161102224500,https://web.archive.org/web/20161102224500id_/http://council.vancouver.ca/previous_years/980616/ttmins.htm,text/html,25594,e1b887ad653598d19bff11907a696b29e15eb9e50ab8fe749de040da53b8b8c1
1998-06-18,csbmins.htm,csb,Standing Committee on City Services and Budgets,,http://council.vancouver.ca/previous_years/980618/csbmins.htm,20161102224447,https://web.archive.org/web/20161102224447id_/http://council.vancouver.ca/previous_years/980618/csbmins.htm,text/html,22102,4d47cb68c826e38cd31c68a6bf4b1f7cbed4446702504a60ba2bb04ae0b0eae4
1998-06-18,vllcmin.htm,vllc,Vancouver Liquor Licensing Commission,,http://council.vancouver.ca/previous_years/980618/vllcmin.htm,20161102224452,https://web.archive.org/web/20161102224452id_/http://council.vancouver.ca/previous_years/980618/vllcmin.htm,text/html,31304,cb0aa41d00534ef2346b5b342cd4ac64a5b3b398ff34a6b620c67dba36d54db5
1998-06-22,phmin3.htm,ph,Public Hearing,3,http://council.vancouver.ca/previous_years/980622/phmin3.htm,20161102224441,https://web.archive.org/web/20161102224441id_/http://council.vancouver.ca/previous_years/980622/phmin3.htm,text/html,34518,ce481058eba2b3702aa0f34d3cb8e23dea7b992d1c5d4044c5f9d0b39fd2557b
1998-06-23,regmin.htm,reg,Regular Council,,http://council.vancouver.ca/previous_years/980623/regmin.htm,20161102224428,https://web.archive.org/web/20161102224428id_/http://council.vancouver.ca/previous_years/980623/regmin.htm,text/html,24907,7d45af81c222d360ec96ab4519b31e7a808497687f3b840acf8d63b4b387c8fd
1998-06-23,scmins.htm,sc,,,http://council.vancouver.ca/previous_years/980623/scmins.htm,20161102224440,https://web.archive.org/web/20161102224440id_/http://council.vancouver.ca/previous_years/980623/scmins.htm,text/html,14978,cb62ec779645a24a1bd837b339b0f8958c98260125b5ab9706450d7a8e21e257
1998-06-25,pemins.htm,pe,Standing Committee on Planning and Environment,,http://council.vancouver.ca/previous_years/980625/pemins.htm,20161102224415,https://web.archive.org/web/20161102224415id_/http://council.vancouver.ca/previous_years/980625/pemins.htm,text/html,24358,dfe5258e9c2ea09de952dad8b98ac08c081307faee0ec78a6d39495b4e88ace6
1998-06-25,phmin.htm,ph,Public Hearing,,http://council.vancouver.ca/previous_years/980625/phmin.htm,20161102224423,https://web.archive.org/web/20161102224423id_/http://council.vancouver.ca/previous_years/980625/phmin.htm,text/html,25592,6ac93f2a21225c227e68339bfb75cd201ef9bb9ea4b240f9b22b8aa689b09b02
1998-07-07,regmin.htm,reg,Regular Council,,http://council.vancouver.ca/previous_years/980707/regmin.htm,20161102224348,https://web.archive.org/web/20161102224348id_/http://council.vancouver.ca/previous_years/980707/regmin.htm,text/html,43579,420af4b6593fe2efbbf5b0cc83122050956844551cd7dbadfc2f1feedd4abf9c
1998-07-07,ttmins.htm,tt,Standing Committee on Transportation and Traffic,,http://council.vancouver.ca/previous_years/980707/ttmins.htm,20161102224413,https://web.archive.org/web/20161102224413id_/http://council.vancouver.ca/previous_years/980707/ttmins.htm,text/html,14177,f73e3ba2af32a5ccc19a1e062a22125e7064449f9960bfaf096ca46290ff452d
1998-07-09,csbmins.htm,csb,Standing Committee on City Services and Budgets,,http://council.vancouver.ca/previous_years/980709/csbmins.htm,20161102224339,https://web.archive.org/web/20161102224339id_/http://council.vancouver.ca/previous_years/980709/csbmins.htm,text/html,12760,4f775bad21b4792f5a633cc94bd8d75c046e87b3a0b562b7ec857920da24488d
1998-07-09,pemins.htm,pe,Standing Committee on Planning and Environment,,http://council.vancouver.ca/previous_years/980709/pemins.htm,20161102224343,https://web.archive.org/web/20161102224343id_/http://council.vancouver.ca/previous_years/980709/pemins.htm,text/html,15096,fbea4ab36ccf4c712626491e2759b5a88cf56d05e4aef4145d0a456ee9cf94c3
1998-07-21,minutes.htm,,Council,,http://council.vancouver.ca/previous_years/980721/minutes.htm,20161102224324,https://web.archive.org/web/20161102224324id_/http://council.vancouver.ca/previous_years/980721/minutes.htm,text/html,28415,624ff4dd3ad202acaea2ff3854f2fffff36439dafc235b4a3e8789e77b7da8a8
1998-07-21,scmins.htm,sc,,,http://council.vancouver.ca/previous_years/980721/scmins.htm,20161102224336,https://web.archive.org/web/20161102224336id_/http://council.vancouver.ca/previous_years/980721/scmins.htm,text/html,11858,38658d40564aa6d272c93174221d2104b9f84c93d9d24fa7df2549e1ba23cd0c
1998-07-23,csbmins.htm,csb,Standing Committee on City Services and Budgets,,http://council.vancouver.ca/previous_years/980723/csbmins.htm,20161102224309,https://web.archive.org/web/20161102224309id_/http://council.vancouver.ca/previous_years/980723/csbmins.htm,text/html,15467,745e9f93fa36f55e60fc6966d4b0d4f4e7e68be038e3cda8e5d1c26606601900
1998-07-23,pemins.htm,pe,Standing Committee on Planning and Environment,,http://council.vancouver.ca/previous_years/980723/pemins.htm,20161102224319,https://web.archive.org/web/20161102224319id_/http://council.vancouver.ca/previous_years/980723/pemins.htm,text/html,20431,1530307b0804b2d953fb2950c0fc0af8b1441d0471eb6f74ab1ff79fa9c0aad1
1998-07-23,vllcmin.htm,vllc,Vancouver Liquor Licensing Commission,,http://council.vancouver.ca/previous_years/980723/vllcmin.htm,20161102224313,https://web.archive.org/web/20161102224313id_/http://council.vancouver.ca/previous_years/980723/vllcmin.htm,text/html,13561,099c075c6a708e49303bbd03d6d901bb02824ac11c32ff254f2543e7606bccb2
1998-07-28,phmin.htm,ph,Public Hearing,,http://council.vancouver.ca/previous_years/980728/phmin.htm,20161102224302,https://web.archive.org/web/20161102224302id_/http://council.vancouver.ca/previous_years/980728/phmin.htm,text/html,25255,d03967964b2f316ccabee5c2d580859bd14062911f65ab0448a5669e38288277
1998-07-28,regmins.htm,reg,Regular Council,,http://council.vancouver.ca/previous_years/980728/regmins.htm,20161102224233,https://web.archive.org/web/20161102224233id_/http://council.vancouver.ca/previous_years/980728/regmins.htm,text/html,53617,b9a976d3af73f2a013a23013b51074774e0ccafba53f55cf9cf2b445ed086cd0
1998-07-28,scmins.htm,sc,,,http://council.vancouver.ca/previous_years/980728/scmins.htm,20161102224238,https://web.archive.org/web/20161102224238id_/http://council.vancouver.ca/previous_years/980728/scmins.htm,text/html,25910,2f8362972ad6e343969959beca751c6ad84b6320321e325bda9a3f0d9d7250a4
1998-07-28,ttmins.htm,tt,Standing Committee on Transportation and Traffic,,http://council.vancouver.ca/previous_years/980728/ttmins.htm,20161102224300,https://web.archive.org/web/20161102224300id_/http://council.vancouver.ca/previous_years/980728/ttmins.htm,text/html,22632,66d9dba03ddc33dedfad669970581fddebb42bd0ca42dac7b864c5f9d4924637
1998-07-30,csbmins.htm,csb,Standing Committee on City Services and Budgets,,http://council.vancouver.ca/previous_years/980730/csbmins.htm,20161102224225,https://web.archive.org/web/20161102224225id_/http://council.vancouver.ca/previous_years/980730/csbmins.htm,text/html,20191,9f30143d4959f8bf82a1c26f1ca2d4c78f1084afa04bd890c57ca5748968565e
1998-07-30,pemins.htm,pe,Standing Committee on Planning and Environment,,http://council.vancouver.ca/previous_years/980730/pemins.htm,20161102224219,https://web.archive.org/web/20161102224219id_/http://council.vancouver.ca/previous_years/980730/pemins.htm,text/html,44912,da3bcb1a31c7184e46da7b6fe77dcbb863ef061fce9da3e055950bd82f98cdee
1998-09-08,crmin.htm,cr,Court of Revision,,http://council.vancouver.ca/previous_years/980908/crmin.htm,20161102224203,https://web.archive.org/web/20161102224203id_/http://council.vancouver.ca/previous_years/980908/crmin.htm,text/html,10572,39bcf4ffcc884fbf0ba64b8ae2c58c953f02b334cb9b24474b3df10f5bc3935b
1998-09-08,minutes.htm,,Council,,http://council.vancouver.ca/previous_years/980908/minutes.htm,20161102224205,https://web.archive.org/web/20161102224205id_/http://council.vancouver.ca/previous_years/980908/minutes.htm,text/html,32315,1ecc4812e12839e19bc376c2ac2825aea38ded62cf3db570e49f9c89b15eb2ea
1998-09-10,pemins.htm,pe,Standing Committee on Planning and Environment,,http://council.vancouver.ca/previous_years/980910/pemins.htm,20161102224200,https://web.archive.org/web/20161102224200id_/http://council.vancouver.ca/previous_years/980910/pemins.htm,text/html,30582,9c1953bd0cd5c133c76f55f5a740a584815551696f5f548a0c92d24ae0cd0437
1998-09-15,phmin.htm,ph,Public Hearing,,http://council.vancouver.ca/previous_years/980915/phmin.htm,20161102224144,https://web.archive.org/web/20161102224144id_/http://council.vancouver.ca/previous_years/980915/phmin.htm,text/html,29913,6db23a4641249cad67a360dd29333b020e8146e10b6ec9bbcfa300d6138fe718
1998-09-15,regmins.htm,reg,Regular Council,,http://council.vancouver.ca/previous_years/980915/regmins.htm,20161102224147,https://web.archive.org/web/20161102224147id_/http://council.vancouver.ca/previous_years/980915/regmins.htm,text/html,22765,fde7f4f04caa11487a2e6b8f688280f1d45e01c298d1383fac42ebaadbf8a66e
1998-09-15,ttmins.htm,tt,Standing Committee on Transportation and Traffic,,http://council.vancouver.ca/previous_years/980915/ttmins.htm,20161102224157,https://web.archive.org/web/20161102224157id_/http://council.vancouver.ca/previous_years/980915/ttmins.htm,text/html,16313,0b474b082cae79523fcd13ce4661de399402d0b6dc6bf575508d2bd856b6c90c
1998-09-17,csbmins.htm,csb,Standing Committee on City Services and Budgets,,http://council.vancouver.ca/previous_years/980917/csbmins.htm,20161102224141,https://web.archive.org/web/20161102224141id_/http://council.vancouver.ca/previous_years/980917/csbmins.htm,text/html,17733,c949c1f508a2beaf31a1469968363052b77e89b6a1121efbc0014aea56017a11
1998-09-29,phmins.htm,ph,Public Hearing,,http://council.vancouver.ca/previous_years/980929/phmins.htm,20161102224113,https://web.archive.org/web/20161102224113id_/http://council.vancouver.ca/previous_years/980929/phmins.htm,text/html,29251,34f82a5a216b39e51808639f41ed4e04d9f453db3ed3ed665541e0cbcc101c69
1998-09-29,regmins.htm,reg,Regular Council,,http://council.vancouver.ca/previous_years/980929/regmins.htm,20161102224117,https://web.archive.org/web/20161102224117id_/http://council.vancouver.ca/previous_years/980929/regmins.htm,text/html,35453,2d069d63442763a093fe444737de067b965bbe1f212034355ed6d124edfee739
1998-10-01,pemins.htm,pe,Standing Committee on Planning and Environment,,http://council.vancouver.ca/previous_years/981001/pemins.htm,20161102224110,https://web.archive.org/web/20161102224110id_/http://council.vancouver.ca/previous_years/981001/pemins.htm,text/html,29578,43d9cda6be2e0896dc4f096bdc826e756ce240eef8d6449c3272a85697e99add
1998-10-01,spmin.htm,sp,Special Council,,http://council.vancouver.ca/previous_years/981001/spmin.htm,20161102224107,https://web.archive.org/web/20161102224107id_/http://council.vancouver.ca/previous_years/981001/spmin.htm,text/html,26242,822c93e0da8c7126568a0709c9f4136ae6edaef534b0a3e883847ca87299e156
1998-10-06,regmins.htm,reg,Regular Council,,http://council.vancouver.ca/previous_years/981006/regmins.htm,20161102224051,https://web.archive.org/web/20161102224051id_/http://council.vancouver.ca/previous_years/981006/regmins.htm,text/html,27843,42d31f3e8a30bee64dce942a3a52887cf0239e86a256e60f529eaf71eac93937
1998-10-06,ttmins.htm,tt,Standing Committee on Transportation and Traffic,,http://council.vancouver.ca/previous_years/981006/ttmins.htm,20161102224105,https://web.archive.org/web/20161102224105id_/http://council.vancouver.ca/previous_years/981006/ttmins.htm,text/html,16713,055a8dac14dbb903dacb060804f7bbb5b57039dadafbf398b4156bcf084e335f
1998-10-08,csbmins.htm,csb,Standing Committee on City Services and Budgets,,http://council.vancouver.ca/previous_years/981008/csbmins.htm,20161102224047,https://web.archive.org/web/20161102224047id_/http://council.vancouver.ca/previous_years/981008/csbmins.htm,text/html,19291,383a4d0fd0586e94644e5ff39f94fd1095942b3a7a81a80b8a45116d55edc474
1998-10-08,pemins.htm,pe,Standing Committee on Planning and Environment,,http://council.vancouver.ca/previous_years/981008/pemins.htm,20161102224043,https://web.archive.org/web/20161102224043id_/http://council.vancouver.ca/previous_years/981008/pemins.htm,text/html,21867,a169c93cd8ea669469e9363b90398c64cb572f530f09cf5d928d6c82d42502d6
1998-10-08,vllcmin.htm,vllc,Vancouver Liquor Licensing Commission,,http://council.vancouver.ca/previous_years/981008/vllcmin.htm,20161102224038,https://web.archive.org/web/20161102224038id_/http://council.vancouver.ca/previous_years/981008/vllcmin.htm,text/html,23739,06d56c05b0eafac4876c125202bb791ea22a9bec11575c578c1584a76573b0d2
1998-10-20,minutes.htm,,Council,,http://council.vancouver.ca/previous_years/981020/minutes.htm,20161102224004,https://web.archive.org/web/20161102224004id_/http://council.vancouver.ca/previous_years/981020/minutes.htm,text/html,45787,8ae3f48de1b8e902c12a0339b02476fbfcbe2a7032047630981aedfebb7f6600
1998-10-20,scmins.htm,sc,,,http://council.vancouver.ca/previous_years/981020/scmins.htm,20161102224037,https://web.archive.org/web/20161102224037id_/http://council.vancouver.ca/previous_years/981020/scmins.htm,text/html,8577,91e5dbbbf8de74cc819fc2dc7d88ca6e8721bc676b7a27cdd005eb2dfd9fa3e9
1998-10-22,csbmins.htm,csb,Standing Committee on City Services and Budgets,,http://council.vancouver.ca/previous_years/981022/csbmins.htm,20161102223942,https://web.archive.org/web/20161102223942id_/http://council.vancouver.ca/previous_years/981022/csbmins.htm,text/html,27139,734652d08af2143c136c7d9d73912ae46ed10707fbd14a9e7d70fb76de7a7598
1998-10-22,pemin.htm,pe,Standing Committee on Planning and Environment,,http://council.vancouver.ca/previous_years/981022/pemin.htm,20161102223945,https://web.archive.org/web/20161102223945id_/http://council.vancouver.ca/previous_years/981022/pemin.htm,text/html,50823,1b75049646b15dea44c20a4d17cfc526b715269f64d11ad7c33334d6185e8e06
1998-10-22,phmin1.htm,ph,Public Hearing,1,http://council.vancouver.ca/previous_years/981022/phmin1.htm,20161102223936,https://web.archive.org/web/20161102223936id_/http://council.vancouver.ca/previous_years/981022/phmin1.htm,text/html,20671,bcb161d8697656bfe2c5f26d8ca301c5ae2376d855643609f1f0fc9eadae030a
1998-10-22,phmin2.htm,ph,Public Hearing,2,http://council.vancouver.ca/previous_years/981022/phmin2.htm,20161102223938,https://web.archive.org/web/20161102223938id_/http://council.vancouver.ca/previous_years/981022/phmin2.htm,text/html,29711,b14d074c9b684b6b987dabfdfb22bf0f936f0920b119045f0ed6d9f69a86a7d9
1998-11-03,minutes.htm,,Council,,http://council.vancouver.ca/previous_years/981103/minutes.htm,20161102223914,https://web.archive.org/web/20161102223914id_/http://council.vancouver.ca/previous_years/981103/minutes.htm,text/html,38356,eaf733362eacf34e5bee636a846ebd252f29cda598831571e7864b96dc1c782c
1998-11-03,ttmins.htm,tt,Standing Committee on Transportation and Traffic,,http://council.vancouver.ca/previous_years/981103/ttmins.htm,20161102223932,https://web.archive.org/web/20161102223932id_/http://council.vancouver.ca/previous_years/981103/ttmins.htm,text/html,21736,332499a515d587065b2d5f2fa803174aaac798c3fc3e52c6564564a545423fb1
1998-11-05,csbmins.htm,csb,Standing Committee on City Services and Budgets,,http://council.vancouver.ca/previous_years/981105/csbmins.htm,20161102223907,https://web.archive.org/web/20161102223907id_/http://council.vancouver.ca/previous_years/981105/csbmins.htm,text/html,31303,0efbe1f79b2f60a468ce225f8aca0e768a3fbf814bf4e7dab90f5385f82c3e8a
1998-11-16,spmin.htm,sp,Special Council,,http://council.vancouver.ca/previous_years/981116/spmin.htm,20161102223840,https://web.archive.org/web/20161102223840id_/http://council.vancouver.ca/previous_years/981116/spmin.htm,text/html,17991,7263674e95ebe6e811f3e8c6b0d0fb1bab0f285f2a022317433df1a7e6f14305
1998-11-17,regmins.htm,reg,Regular Council,,http://council.vancouver.ca/previous_years/981117/regmins.htm,20161102223825,https://web.archive.org/web/20161102223825id_/http://council.vancouver.ca/previous_years/981117/regmins.htm,text/html,35875,a0e826c7351aeec850214b88e44a2c07407612b8381a291b529d83fd1d12b655
1998-11-19,csbmins.htm,csb,Standing Committee on City Services and Budgets,,http://council.vancouver.ca/previous_years/981119/csbmins.htm,20161102223820,https://web.archive.org/web/20161102223820id_/http://council.vancouver.ca/previous_years/981119/csbmins.htm,text/html,28312,a249a648e69082f0856cc24aeb1bdb607fa2022929cf69ecb96297a6be8cd135
1998-11-19,pemins.htm,pe,Standing Committee on Planning and Environment,,http://council.vancouver.ca/previous_years/981119/pemins.htm,20161102223816,https://web.archive.org/web/20161102223816id_/http://council.vancouver.ca/previous_years/981119/pemins.htm,text/html,35753,fc6d379ef776e1742440c023808076c463bf8c092dd1613bb94a628bf8f74df6
1998-11-26,vllcmin.htm,vllc,Vancouver Liquor Licensing Commission,,http://council.vancouver.ca/previous_years/981126/vllcmin.htm,20161102223810,https://web.archive.org/web/20161102223810id_/http://council.vancouver.ca/previous_years/981126/vllcmin.htm,text/html,35367,6b411d184770bc82bc49ee5e4712037ea145c83ea569377669a4d36c90e87ff1
1998-12-01,crmin.htm,cr,Court of Revision,,http://council.vancouver.ca/previous_years/981201/crmin.htm,20161102223751,https://web.archive.org/web/20161102223751id_/http://council.vancouver.ca/previous_years/981201/crmin.htm,text/html,15987,4bd895d36f8b8739060b8750a1ad6c8138e45cbcdfb0d2558d52479b958f0d20
1998-12-01,minutes.htm,,Council,,http://council.vancouver.ca/previous_years/981201/minutes.htm,20161102223754,https://web.archive.org/web/20161102223754id_/http://council.vancouver.ca/previous_years/981201/minutes.htm,text/html,34511,0c3106504b50c1aeed2e289e5c779fad5b365e527ea0bd6f45c31f37cd615751
1998-12-01,phmin.htm,ph,Public Hearing,,http://council.vancouver.ca/previous_years/981201/phmin.htm,20161102223808,https://web.archive.org/web/20161102223808id_/http://council.vancouver.ca/previous_years/981201/phmin.htm,text/html,8691,ac17f09de1b0b1d46a752ad82499af94dd09bdee7442ae6ccea4e562f1b77cd2
1998-12-02,phmin.htm,ph,Public Hearing,,http://council.vancouver.ca/previous_years/981202/phmin.htm,20161102223749,https://web.archive.org/web/20161102223749id_/http://council.vancouver.ca/previous_years/981202/phmin.htm,text/html,36116,beb2510fb3e134e1fe94b1a5658ac57766076f8ef841c9ca018e43325fd31177
1998-12-03,csbmins.htm,csb,Standing Committee on City Services and Budgets,,http://council.vancouver.ca/previous_years/981203/csbmins.htm,20161102223742,https://web.archive.org/web/20161102223742id_/http://council.vancouver.ca/previous_years/981203/csbmins.htm,text/html,29326,46e7ce6668d7b8c3880a946efc183aad861786be8007d2f191c82c8c8cf82140
1998-12-03,pemins.htm,pe,Standing Committee on Planning and Environment,,http://council.vancouver.ca/previous_years/981203/pemins.htm,20161102223737,https://web.archive.org/web/20161102223737id_/http://council.vancouver.ca/previous_years/981203/pemins.htm,text/html,23989,edc07be5f4fbe4679c45b7f789b691a4c2427f209fc415815e023595e6243dce
1998-12-08,minutes.htm,,Council,,http://council.vancouver.ca/previous_years/981208/minutes.htm,20161102223710,https://web.archive.org/web/20161102223710id_/http://council.vancouver.ca/previous_years/981208/minutes.htm,text/html,45379,9919376ab5fe42918d5342c97ac46a0f9dfc0e7900522fb8675b6ad24cd7ffeb
1998-12-08,spmin.htm,sp,Special Council,,http://council.vancouver.ca/previous_years/981208/spmin.htm,20161102223708,https://web.archive.org/web/20161102223708id_/http://council.vancouver.ca/previous_years/981208/spmin.htm,text/html,37081,d06763e9ca7a58b08386adf113064318415444df006e2918937c41bec41fdc2f
1998-12-10,csbmins.htm,csb,Standing Committee on City Services and Budgets,,http://council.vancouver.ca/previous_years/981210/csbmins.htm,20161102223702,https://web.archive.org/web/20161102223702id_/http://council.vancouver.ca/previous_years/981210/csbmins.htm,text/html,26170,833324afd64e48294b77b9ea813a131a0d9428e716997be9d8e5e4bc80b661c2
1999-01-05,minutes.htm,,Council,,http://council.vancouver.ca/previous_years/990105/minutes.htm,20161102223638,https://web.archive.org/web/20161102223638id_/http://council.vancouver.ca/previous_years/990105/minutes.htm,text/html,28470,d3f621fcfd7cd4c667f02942416e6ba84b7b7ea6cdc778cc3d5f3ffbdf12b12f
1999-01-05,ttmins.htm,tt,Standing Committee on Transportation and Traffic,,http://council.vancouver.ca/previous_years/990105/ttmins.htm,20161102223658,https://web.archive.org/web/20161102223658id_/http://council.vancouver.ca/previous_years/990105/ttmins.htm,text/html,20273,5aabfb2f221f1a0834768771a0da782c7640e0431e2868e7989b4f61d9f17a15
1999-01-07,csbmins.htm,csb,Standing Committee on City Services and Budgets,,http://council.vancouver.ca/previous_years/990107/csbmins.htm,20161102223631,https://web.archive.org/web/20161102223631id_/http://council.vancouver.ca/previous_years/990107/csbmins.htm,text/html,23896,df1bc6d94b2f8fd4f761cf27b0c624f65ad8bd40858098066155761be017a0a6
1999-01-07,pemins.htm,pe,Standing Committee on Planning and Environment,,http://council.vancouver.ca/previous_years/990107/pemins.htm,20161102223624,https://web.archive.org/web/20161102223624id_/http://council.vancouver.ca/previous_years/990107/pemins.htm,text/html,35678,c3fd0066550349d2d92ab902d94b502eb97ee7e27d7df4904fa39c6b5c7acab2
1999-01-12,minutes.htm,,Council,,http://council.vancouver.ca/previous_years/990112/minutes.htm,20161102223617,https://web.archive.org/web/20161102223617id_/http://council.vancouver.ca/previous_years/990112/minutes.htm,text/html,13967,8858920df2de33ea1d2d969e2748d1967ca317bfc55ae147dee7cc6be24db2d6
1999-01-12,ttmins.htm,tt,Standing Committee on Transportation and Traffic,,http://council.vancouver.ca/previous_years/990112/ttmins.htm,20161102223612,https://web.archive.org/web/20161102223612id_/http://council.vancouver.ca/previous_years/990112/ttmins.htm,text/html,21936,0e60e32deac598b47d576233171c2dbfed721bea61514ea631d1c88f72d5697b
1999-01-14,pemins.htm,pe,Standing Committee on Planning and Environment,,http://council.vancouver.ca/previous_years/990114/pemins.htm,20161102223604,https://web.archive.org/web/20161102223604id_/http://council.vancouver.ca/previous_years/990114/pemins.htm,text/html,22535,fdcbbd34cb22c0531550a1e5f0c0191c9781684dc2333eb15ac869a1cbade4ce
1999-01-14,phmin.htm,ph,Public Hearing,,http://council.vancouver.ca/previous_years/990114/phmin.htm,20161102223601,https://web.archive.org/web/20161102223601id_/http://council.vancouver.ca/previous_years/990114/phmin.htm,text/html,39331,eac4c861c19efb44cb456b6cbdbb83d0d1c3d7931c5804b1311f778fc780b12e
1999-01-14,scmin.htm,sc,,,http://council.vancouver.ca/previous_years/990114/scmin.htm,20161102223609,https://web.archive.org/web/20161102223609id_/http://council.vancouver.ca/previous_years/990114/scmin.htm,text/html,8945,12bb7ff695d80ee5e9777ef0da4c80de405bf4f6e6d96fe2e5ed9b65eb3a5c9f
1999-01-26,minutes.htm,,Council,,http://council.vancouver.ca/previous_years/990126/minutes.htm,20161102223550,https://web.archive.org/web/20161102223550id_/http://council.vancouver.ca/previous_years/990126/minutes.htm,text/html,41441,a09adf95cceb64c515a3f944626d0058a678fb52b2d244b2b7910c057d4f24e4
1999-01-28,csbmins.htm,csb,Standing Committee on City Services and Budgets,,http://council.vancouver.ca/previous_years/990128/csbmins.htm,20161102223532,https://web.archive.org/web/20161102223532id_/http://council.vancouver.ca/previous_years/990128/csbmins.htm,text/html,21394,4104535df0014a6808ca66c9cd96cb28f5ccde16e14035d2b0bd573b8a3dfe1f
1999-01-28,pemins.htm,pe,Standing Committee on Planning and Environment,,http://council.vancouver.ca/previous_years/990128/pemins.htm,20161102223538,https://web.archive.org/web/20161102223538id_/http://council.vancouver.ca/previous_years/990128/pemins.htm,text/html,31533,ad40b5412b0280458fa5114af129c6f078cd100b05427e448cd05f440424436d
1999-01-28,vllcmins.htm,vllc,Vancouver Liquor Licensing Commission,,http://council.vancouver.ca/previous_years/990128/vllcmins.htm,20161102223543,https://web.archive.org/web/20161102223543id_/http://council.vancouver.ca/previous_years/990128/vllcmins.htm,text/html,26798,139ffed94cc7a129a664f1fd94c9755dac1f019d831effbae7fbfcd92e1e68df
1999-02-02,phmin.htm,ph,Public Hearing,,http://council.vancouver.ca/previous_years/990202/phmin.htm,20161102223524,https://web.archive.org/web/20161102223524id_/http://council.vancouver.ca/previous_years/990202/phmin.htm,text/html,8823,265c640163694a29ae0bbc835d4e58818c86a69d43c4dfb70bd3da9a68c93910
1999-02-02,regmin.htm,reg,Regular Council,,http://council.vancouver.ca/previous_years/990202/regmin.htm,20161102223503,https://web.archive.org/web/20161102223503id_/http://council.vancouver.ca/previous_years/990202/regmin.htm,text/html,33572,2c9cddc77bfcc408f989ed758f39f44ff49728799f45a6b71035d6379e865064
1999-02-02,ttmins.htm,tt,Standing Committee on Transportation and Traffic,,http://council.vancouver.ca/previous_years/990202/ttmins.htm,20161102223456,https://web.archive.org/web/20161102223456id_/http://council.vancouver.ca/previous_years/990202/ttmins.htm,text/html,15928,10d59ccd43283a881c4be6386776795243b40557eb9b7136efd660d5a7d7886f
1999-02-04,csbmins.htm,csb,Standing Committee on City Services and Budgets,,http://council.vancouver.ca/previous_years/990204/csbmins.htm,20161102223449,https://web.archive.org/web/20161102223449id_/http://council.vancouver.ca/previous_years/990204/csbmins.htm,text/html,15016,86778ab8b5614e680790c8d37137aaeed0c2791d0f45d115348701713a781255
1999-02-16,crmin.htm,cr,Court of Revision,,http://council.vancouver.ca/previous_years/990216/crmin.htm,20161102223443,https://web.archive.org/web/20161102223443id_/http://council.vancouver.ca/previous_years/990216/crmin.htm,text/html,17282,9fc534049c1447608157a1d067e575a492ab7056769af14c854003c5588755c5
1999-02-16,draftmin.htm,draft,,,http://council.vancouver.ca/previous_years/990216/draftmin.htm,20161102223430,https://web.archive.org/web/20161102223430id_/http://council.vancouver.ca/previous_years/990216/draftmin.htm,text/html,40792,633b230dfe5a6935b7867b0ce57574c4d7b0f4430fd46f6479f874e65ed565c8
1999-02-16,regmin.htm,reg,Regular Council,,http://council.vancouver.ca/previous_years/990216/regmin.htm,20161102223432,https://web.archive.org/web/20161102223432id_/http://council.vancouver.ca/previous_years/990216/regmin.htm,text/html,44885,1c85cbe86f3566e3ff604e071441e4ce29a4c5edab9f38e8d1e37423f354ccad
1999-02-18,scmin.htm,sc,,,http://council.vancouver.ca/previous_years/990218/scmin.htm,20161102214658,https://web.archive.org/web/20161102214658id_/http://council.vancouver.ca/previous_years/990218/scmin.htm,text/html,12737,f5ec0f4f93686220d685329dfd10af9028eb31cd5963f16efb450581e3e255ac
1999-02-23,draftmin.htm,draft,,,http://council.vancouver.ca/previous_years/990223/draftmin.htm,20161102223401,https://web.archive.org/web/20161102223401id_/http://council.vancouver.ca/previous_years/990223/draftmin.htm,text/html,32955,325efc8a9f744c3b79844d32f60a3f59fc796611c67681467a4d25c7270027b1
1999-02-23,phmin.htm,ph,Public Hearing,,http://council.vancouver.ca/previous_years/990223/phmin.htm,20161102223428,https://web.archive.org/web/20161102223428id_/http://council.vancouver.ca/previous_years/990223/phmin.htm,text/html,34542,bbe7ea7278d6b2aa663363cf5c5cf09f82e64c46a0bd2628c57ab1e96e5b704a
1999-02-23,regmin.htm,reg,Regular Council,,http://council.vancouver.ca/previous_years/990223/regmin.htm,20161102223403,https://web.archive.org/web/20161102223403id_/http://council.vancouver.ca/previous_years/990223/regmin.htm,text/html,40045,41b4f6eec24f95f5fd9bd9d0e19680fe9cf7b379611f1d6168e70e4174de9076
1999-02-23,ttmins.htm,tt,Standing Committee on Transportation and Traffic,,http://council.vancouver.ca/previous_years/990223/ttmins.htm,20161102223358,https://web.archive.org/web/20161102223358id_/http://council.vancouver.ca/previous_years/990223/ttmins.htm,text/html,20689,4255fe418af62ac816115ba3ca4d129cbf5b8d7cd5cd682b0fed4adc69832231
1999-02-25,csbmins.htm,csb,Standing Committee on City Services and Budgets,,http://council.vancouver.ca/previous_years/990225/csbmins.htm,20161102223340,https://web.archive.org/web/20161102223340id_/http://council.vancouver.ca/previous_years/990225/csbmins.htm,text/html,20062,b16baf74859e2554396b6c20b79513c2faa2c8084fd8634cbcb1cf1057db67b2
1999-02-25,pemins.htm,pe,Standing Committee on Planning and Environment,,http://council.vancouver.ca/previous_years/990225/pemins.htm,20161102223346,https://web.archive.org/web/20161102223346id_/http://council.vancouver.ca/previous_years/990225/pemins.htm,text/html,31228,a362f93640a9befc358952619885e2c7e46bbf39db2f81c7df28346045060827
1999-02-25,vllcmins.htm,vllc,Vancouver Liquor Licensing Commission,,http://council.vancouver.ca/previous_years/990225/vllcmins.htm,20161102223350,https://web.archive.org/web/20161102223350id_/http://council.vancouver.ca/previous_years/990225/vllcmins.htm,text/html,22458,d471045770b25ba8be8c51f500906e5274d9df81d47d7e5febc8f819edf0f79b
1999-03-08,scmins.htm,sc,,,http://council.vancouver.ca/previous_years/990308/scmins.htm,20161102223302,https://web.archive.org/web/20161102223302id_/http://council.vancouver.ca/previous_years/990308/scmins.htm,text/html,27575,83d5deeecdf81f86462663a0e556fc858aaa1036deecca12d1c13fbe2c96aeac
1999-03-09,crmin.htm,cr,Court of Revision,,http://council.vancouver.ca/previous_years/990309/crmin.htm,20161102223327,https://web.archive.org/web/20161102223327id_/http://council.vancouver.ca/previous_years/990309/crmin.htm,text/html,12788,92d685351db5833878fbf2b3553aff0ece74ae9d7e9d1ba7b77e712d36ccdff1
1999-03-09,draftmin.htm,draft,,,http://council.vancouver.ca/previous_years/990309/draftmin.htm,20161102223305,https://web.archive.org/web/20161102223305id_/http://council.vancouver.ca/previous_years/990309/draftmin.htm,text/html,57383,e1e95170d88f77038b723e44ebbcac74a3c07f894c80d5762b7336fd51c8dd8d
1999-03-09,regmin.htm,reg,Regular Council,,http://council.vancouver.ca/previous_years/990309/regmin.htm,20161102223306,https://web.archive.org/web/20161102223306id_/http://council.vancouver.ca/previous_years/990309/regmin.htm,text/html,56871,e3de5d6df28380533737018eb88418aa9bc53a8875d92511481bd3ce6d1f874d
1999-03-09,scmin.htm,sc,,,http://council.vancouver.ca/previous_years/990309/scmin.htm,20161102223304,https://web.archive.org/web/20161102223304id_/http://council.vancouver.ca/previous_years/990309/scmin.htm,text/html,12596,f4afd66cf9435faa2f48fed4a8d62e4929ea5ed6a4130b5d96dacd9dde962286
1999-03-11,csbmins.htm,csb,Standing Committee on City Services and Budgets,,http://council.vancouver.ca/previous_years/990311/csbmins.htm,20161102223331,https://web.archive.org/web/20161102223331id_/http://council.vancouver.ca/previous_years/990311/csbmins.htm,text/html,22380,a00163d27cd6563adc4a331357e77074fc8849628abbeb3694df12cc82905a3a
1999-03-11,pemin.htm,pe,Standing Committee on Planning and Environment,,http://council.vancouver.ca/previous_years/990311/pemin.htm,20161102223335,https://web.archive.org/web/20161102223335id_/http://council.vancouver.ca/previous_years/990311/pemin.htm,text/html,23521,f0808af535bb541f932a8324a802f6cc185138db4ead307d34fe38852bbc65ea
1999-03-23,minutes2.htm,,Council,2,http://council.vancouver.ca/previous_years/990323/minutes2.htm,20161102223210,https://web.archive.org/web/20161102223210id_/http://council.vancouver.ca/previous_years/990323/minutes2.htm,text/html,68074,b340987e6109d2ab4ee56b6780c314b646ed93157e94232da1a47752c0bdea13
1999-03-23,phmin.htm,ph,Public Hearing,,http://council.vancouver.ca/previous_years/990323/phmin.htm,20161102223204,https://web.archive.org/web/20161102223204id_/http://council.vancouver.ca/previous_years/990323/phmin.htm,text/html,31458,3d828e2bba5ba82924b5eb34ebefc3b04da909ae9b89b3a6df4f188693c3d0c4
1999-03-23,ttmins.htm,tt,Standing Committee on Transportation and Traffic,,http://council.vancouver.ca/previous_years/990323/ttmins.htm,20161102223234,https://web.archive.org/web/20161102223234id_/http://council.vancouver.ca/previous_years/990323/ttmins.htm,text/html,28705,1580e591617fa8adf4fa9fe564742a9b28203cf35f190aa8c432b82d582e3579
1999-03-25,csbmin.htm,csb,Standing Committee on City Services and Budgets,,http://council.vancouver.ca/previous_years/990325/csbmin.htm,20161102223158,https://web.archive.org/web/20161102223158id_/http://council.vancouver.ca/previous_years/990325/csbmin.htm,text/html,24917,171364c0d31a0c1404cd454d597e40dfe5ac23793fb707d7d9e687d86eaffc8e
1999-03-25,pemins.htm,pe,Standing Committee on Planning and Environment,,http://council.vancouver.ca/previous_years/990325/pemins.htm,20161102223152,https://web.archive.org/web/20161102223152id_/http://council.vancouver.ca/previous_years/990325/pemins.htm,text/html,28741,94a6f96bbc2eef239ccffe9064dc58a581b3c5b570591ff3e42f1443c42a78b7
1999-03-25,vllcmins.htm,vllc,Vancouver Liquor Licensing Commission,,http://council.vancouver.ca/previous_years/990325/vllcmins.htm,20161102223149,https://web.archive.org/web/20161102223149id_/http://council.vancouver.ca/previous_years/990325/vllcmins.htm,text/html,13880,b2271203839100992e9addb5d3c06a7c16dccd276575afeff16afa37952bff45
1999-03-30,csbmin.htm,csb,Standing Committee on City Services and Budgets,,http://council.vancouver.ca/previous_years/990330/csbmin.htm,20161102223140,https://web.archive.org/web/20161102223140id_/http://council.vancouver.ca/previous_years/990330/csbmin.htm,text/html,20376,5820aa5c959f53ae815a0f345ed7b3e9fdba23f141d3b2303300686ab1b53d72
1999-03-30,minutes2.htm,,Council,2,http://council.vancouver.ca/previous_years/990330/minutes2.htm,20161102223114,https://web.archive.org/web/20161102223114id_/http://council.vancouver.ca/previous_years/990330/minutes2.htm,text/html,47836,5714a54be263324e01793560aad681cbc2767d3f0df15c31c217d91d444a66d8
1999-03-30,phmin.htm,ph,Public Hearing,,http://council.vancouver.ca/previous_years/990330/phmin.htm,20161102222554,https://web.archive.org/web/20161102222554id_/http://council.vancouver.ca/previous_years/990330/phmin.htm,text/html,45055,aec4d125d0a977617db493da258b6b808a2a710a785404fb239138e0d86bb7e5
1999-04-13,phmins1.htm,ph,Public Hearing,1,http://council.vancouver.ca/previous_years/990413/phmins1.htm,20161102223107,https://web.archive.org/web/20161102223107id_/http://council.vancouver.ca/previous_years/990413/phmins1.htm,text/html,19424,c8d8ec7d596d32058f3283ac70b96534b912d8c255a8d298eb9ebf6896b4d8c3
1999-04-13,regmin.htm,reg,Regular Council,,http://council.vancouver.ca/previous_years/990413/regmin.htm,20161102223045,https://web.archive.org/web/20161102223045id_/http://council.vancouver.ca/previous_years/990413/regmin.htm,text/html,68856,3adbadb4a00d209b739ad29f808ab85220d756edb2429b59798fcd3371642195
1999-04-15,csbmin.htm,csb,Standing Committee on City Services and Budgets,,http://council.vancouver.ca/previous_years/990415/csbmin.htm,20161102223035,https://web.archive.org/web/20161102223035id_/http://council.vancouver.ca/previous_years/990415/csbmin.htm,text/html,23434,6a192925f01a2f3d84b4b7bc5a3d6b73e6d5a60144ad95c4507a947f93002d04
1999-04-15,vllcmins.htm,vllc,Vancouver Liquor Licensing Commission,,http://council.vancouver.ca/previous_years/990415/vllcmins.htm,20161102223034,https://web.archive.org/web/20161102223034id_/http://council.vancouver.ca/previous_years/990415/vllcmins.htm,text/html,10440,d660538b7f1ece2a603bcbfb9a18f247819aaa924239349ea2efa100b2c675be
1999-04-27,pmmins.htm,pm,,,http://council.vancouver.ca/previous_years/990427/pmmins.htm,20161102222930,https://web.archive.org/web/20161102222930id_/http://council.vancouver.ca/previous_years/990427/pmmins.htm,text/html,22237,029e36a76cb9a091fafbd585ee284c9a226c6e547ef9d2c5097ed59901295695
1999-04-27,regmin.htm,reg,Regular Council,,http://council.vancouver.ca/previous_years/990427/regmin.htm,20161102223004,https://web.archive.org/web/20161102223004id_/http://council.vancouver.ca/previous_years/990427/regmin.htm,text/html,25533,e72aadb45e62a36bdd04d64acc1455353fedaa7f676fc61847295383796de1ea
1999-04-27,ttmin.htm,tt,Standing Committee on Transportation and Traffic,,http://council.vancouver.ca/previous_years/990427/ttmin.htm,20161102223025,https://web.archive.org/web/20161102223025id_/http://council.vancouver.ca/previous_years/990427/ttmin.htm,text/html,24136,b3c3afdba115dc72e9060671c1f28a48339e41b45a9bcca2986871a4c0e4b94c
1999-04-29,csbmin.htm,csb,Standing Committee on City Services and Budgets,,http://council.vancouver.ca/previous_years/990429/csbmin.htm,20161102222957,https://web.archive.org/web/20161102222957id_/http://council.vancouver.ca/previous_years/990429/csbmin.htm,text/html,24632,59533358fcb42760d11945e138fade3b1a70eab10aec3f292de22389550e90e8
1999-04-29,phmin.htm,ph,Public Hearing,,http://council.vancouver.ca/previous_years/990429/phmin.htm,20161102222940,https://web.archive.org/web/20161102222940id_/http://council.vancouver.ca/previous_years/990429/phmin.htm,text/html,51312,f313f8fde9091e4fa9d4fe1362716d796a258d58842dabea9af9bbcf531cf304
1999-05-04,minutes.htm,,Council,,http://council.vancouver.ca/previous_years/990504/minutes.htm,20161102222934,https://web.archive.org/web/20161102222934id_/http://council.vancouver.ca/previous_years/990504/minutes.htm,text/html,32915,0554d4aac2156a38e02b6943933cb9bb312897da467809f4e208f101f9458303
1999-05-06,csbmin.htm,csb,Standing Committee on City Services and Budgets,,http://council.vancouver.ca/previous_years/990506/csbmin.htm,20161102222919,https://web.archive.org/web/20161102222919id_/http://council.vancouver.ca/previous_years/990506/csbmin.htm,text/html,21473,c0a6838300f3de670fa5c0008a22bb1271e48ca338a06608049cfa7a93cb9a2c
1999-05-06,pemin.htm,pe,Standing Committee on Planning and Environment,,http://council.vancouver.ca/previous_years/990506/pemin.htm,20161102222925,https://web.archive.org/web/20161102222925id_/http://council.vancouver.ca/previous_years/990506/pemin.htm,text/html,19851,641cb39ebd393bf133b2eee84fd9b33cef05fb7e7217e9ab667a7cc7836826f0
1999-05-17,phmins2.htm,ph,Public Hearing,2,http://council.vancouver.ca/previous_years/990517/phmins2.htm,20161102222427,https://web.archive.org/web/20161102222427id_/http://council.vancouver.ca/previous_years/990517/phmins2.htm,text/html,29833,26f1e589315c6ec9f101bbb61bcf58dc23402db85c7483b53d65c036fc031133
1999-05-18,phmin.htm,ph,Public Hearing,,http://council.vancouver.ca/previous_years/990518/phmin.htm,20161102222909,https://web.archive.org/web/20161102222909id_/http://council.vancouver.ca/previous_years/990518/phmin.htm,text/html,40823,b4f132a0bc71a33e9d4b5cb42c2d40f061b0b2dbc05814573874b2894acea320
1999-05-18,regmin.htm,reg,Regular Council,,http://council.vancouver.ca/previous_years/990518/regmin.htm,20161102222830,https://web.archive.org/web/20161102222830id_/http://council.vancouver.ca/previous_years/990518/regmin.htm,text/html,40769,01191f5a4b45602b8f4f1e4c01281abcd74bdba18c3e0402bac327f6fceafe6c
1999-05-18,ttmins.htm,tt,Standing Committee on Transportation and Traffic,,http://council.vancouver.ca/previous_years/990518/ttmins.htm,20161102222825,https://web.archive.org/web/20161102222825id_/http://council.vancouver.ca/previous_years/990518/ttmins.htm,text/html,22814,9ce092eb1aaf43431598cf256e2055b4359d2a6926a8d5357406ff4bbea84432
1999-05-20,csmin.htm,cs,Standing Committee on City Services and Budgets,,http://council.vancouver.ca/previous_years/990520/csmin.htm,20161102222808,https://web.archive.org/web/20161102222808id_/http://council.vancouver.ca/previous_years/990520/csmin.htm,text/html,26830,491c734f35ed0c573d9f1ee592ad7969bedf8ec179813c74217d1d073f5244dc
1999-05-20,pemin.htm,pe,Standing Committee on Planning and Environment,,http://council.vancouver.ca/previous_years/990520/pemin.htm,20161102222817,https://web.archive.org/web/20161102222817id_/http://council.vancouver.ca/previous_years/990520/pemin.htm,text/html,16615,172a9667df8d62da627a1fc7aed3d2e4835478b91d347cc5de4a550444055116
1999-06-01,regmin.htm,reg,Regular Council,,http://council.vancouver.ca/previous_years/990601/regmin.htm,20161102222753,https://web.archive.org/web/20161102222753id_/http://council.vancouver.ca/previous_years/990601/regmin.htm,text/html,40446,5d9edf9811c979a73e5606e23ad89c14bc06425b1599be39b2f6b238c92d525b
1999-06-01,ttmins.htm,tt,Standing Committee on Transportation and Traffic,,https://council.vancouver.ca/previous_years/990601/ttmins.htm,20240203000655,https://web.archive.org/web/20240203000655id_/https://council.vancouver.ca/previous_years/990601/ttmins.htm,text/html,20597,13861d47a90bce4c46257ef4c724e2197f347c580f5bb8ca0025e482fa318f2d
1999-06-15,minutes.htm,,Council,,http://council.vancouver.ca/previous_years/990615/minutes.htm,20161102222722,https://web.archive.org/web/20161102222722id_/http://council.vancouver.ca/previous_years/990615/minutes.htm,text/html,128851,2b46a33305dcaabd0fb15e0433bf8f79ed053f93d2372390f50778085987a4ea
1999-06-15,scmins.htm,sc,,,http://council.vancouver.ca/previous_years/990615/scmins.htm,20161102222746,https://web.archive.org/web/20161102222746id_/http://council.vancouver.ca/previous_years/990615/scmins.htm,text/html,12964,6d0045e085904cd20cc56a21f7b71ac051e455f99772fde76c0b6a83bdf2b7de
1999-06-17,csbmin.htm,csb,Standing Committee on City Services and Budgets,,http://council.vancouver.ca/previous_years/990617/csbmin.htm,20161102222559,https://web.archive.org/web/20161102222559id_/http://council.vancouver.ca/previous_years/990617/csbmin.htm,text/html,21251,9798a12dcd7a8584c832fbb77d5b2373c1162ddfab5fa883de3df13a30605118
1999-06-17,pemin.htm,pe,Standing Committee on Planning and Environment,,http://council.vancouver.ca/previous_years/990617/pemin.htm,20161102222604,https://web.archive.org/web/20161102222604id_/http://council.vancouver.ca/previous_years/990617/pemin.htm,text/html,27795,a0f27b87236777e6826f1f5418d390585f1b2fc362bf09565fa087362e995ea3
1999-06-17,vllcmins.htm,vllc,Vancouver Liquor Licensing Commission,,http://council.vancouver.ca/previous_years/990617/vllcmins.htm,20161102222613,https://web.archive.org/web/20161102222613id_/http://council.vancouver.ca/previous_years/990617/vllcmins.htm,text/html,22974,dc56c0505573c2308e408dbbf28c49cd839d29ecb2f00a63198b3a98c2e49f34
1999-06-22,crmin.htm,cr,Court of Revision,,http://council.vancouver.ca/previous_years/990622/crmin.htm,20161102222459,https://web.archive.org/web/20161102222459id_/http://council.vancouver.ca/previous_years/990622/crmin.htm,text/html,33935,0864b00976d50c1be6110eaedd78ab69adad9595917c944a0bf3b9b649cf61b8
1999-06-22,minutes.htm,,Council,,http://council.vancouver.ca/previous_years/990622/minutes.htm,20161102222505,https://web.archive.org/web/20161102222505id_/http://council.vancouver.ca/previous_years/990622/minutes.htm,text/html,48965,17f34e5cae4f0305a9ad56016be552b74e3fe96f319c25f95075314995b28d15
1999-06-22,ttmins.htm,tt,Standing Committee on Transportation and Traffic,,http://council.vancouver.ca/previous_years/990622/ttmins.htm,20161102222534,https://web.archive.org/web/20161102222534id_/http://council.vancouver.ca/previous_years/990622/ttmins.htm,text/html,26840,88a34894fa9751dd0dcdd0760fe67926e2ddfcfff85835df1317e4f30b02df22
1999-06-24,csbmins.htm,csb,Standing Committee on City Services and Budgets,,http://council.vancouver.ca/previous_years/990624/csbmins.htm,20161102222438,https://web.archive.org/web/20161102222438id_/http://council.vancouver.ca/previous_years/990624/csbmins.htm,text/html,16603,390e3439d42451e4a57f20e7373c5cf7a2f44812b2691435102954b8e3df38b7
1999-06-24,pemins.htm,pe,Standing Committee on Planning and Environment,,http://council.vancouver.ca/previous_years/990624/pemins.htm,20161102222455,https://web.archive.org/web/20161102222455id_/http://council.vancouver.ca/previous_years/990624/pemins.htm,text/html,22284,f45d4be57d9b3408d7e8e6ed6c00e9aa6e5c41018bcbadbb2d032ce8801d5dcd
1999-06-24,phmin.htm,ph,Public Hearing,,http://council.vancouver.ca/previous_years/990624/phmin.htm,20161102222433,https://web.archive.org/web/20161102222433id_/http://council.vancouver.ca/previous_years/990624/phmin.htm,text/html,29539,4aeeef16f2255b2c4e12f33483cbbb99bd600cf29f2f93fff1d8ae3afcfa07db
1999-07-06,minutes.htm,,Council,,http://council.vancouver.ca/previous_years/990706/minutes.htm,20161102222353,https://web.archive.org/web/20161102222353id_/http://council.vancouver.ca/previous_years/990706/minutes.htm,text/html,86898,1cd0209a01b00749433d37578f41ff0aa16bb9a16d5e0651244a3ba8d40311bc
1999-07-06,phmin.htm,ph,Public Hearing,,http://council.vancouver.ca/previous_years/990706/phmin.htm,20161102222424,https://web.archive.org/web/20161102222424id_/http://council.vancouver.ca/previous_years/990706/phmin.htm,text/html,25028,fac8e1a39c4ec3eff7bc4c6bd7354864fa18f5302aecf94ebe5d46ba4ed49348
1999-07-06,ttmins.htm,tt,Standing Committee on Transportation and Traffic,,http://council.vancouver.ca/previous_years/990706/ttmins.htm,20161102222342,https://web.archive.org/web/20161102222342id_/http://council.vancouver.ca/previous_years/990706/ttmins.htm,text/html,24594,8c47882a712a13c5c51500a464dbed6f26a967283a11765cbdc7d890025b4be5
1999-07-08,csbmins.htm,csb,Standing Committee on City Services and Budgets,,http://council.vancouver.ca/previous_years/990708/csbmins.htm,20161102222334,https://web.archive.org/web/20161102222334id_/http://council.vancouver.ca/previous_years/990708/csbmins.htm,text/html,25367,daa8002d5e886a5f3344f1e8100348c19feb1c9f830e358b1e2d5150676e6d4f
1999-07-08,pemins.htm,pe,Standing Committee on Planning and Environment,,http://council.vancouver.ca/previous_years/990708/pemins.htm,20161102222326,https://web.archive.org/web/20161102222326id_/http://council.vancouver.ca/previous_years/990708/pemins.htm,text/html,28368,2625a605efdf9e8a4c59862de25a6ffd08ae4e03414360f6b46561ae27513088
1999-07-08,scmin.htm,sc,,,http://council.vancouver.ca/previous_years/990708/scmin.htm,20161102222322,https://web.archive.org/web/20161102222322id_/http://council.vancouver.ca/previous_years/990708/scmin.htm,text/html,15750,c79c86d82a24af308a14b7410d7b87066b4758a3a3cb86997099eeae08707d2b
1999-07-20,minutes.htm,,Council,,http://council.vancouver.ca/previous_years/990720/minutes.htm,20161102222239,https://web.archive.org/web/20161102222239id_/http://council.vancouver.ca/previous_years/990720/minutes.htm,text/html,73171,f46274586f0709ee07cedba41d47e8b3d70abc0e7b0ab6a8afe7dbef8c4e4c05
1999-07-20,scmins.htm,sc,,,http://council.vancouver.ca/previous_years/990720/scmins.htm,20161102222318,https://web.archive.org/web/20161102222318id_/http://council.vancouver.ca/previous_years/990720/scmins.htm,text/html,20439,30bce46c9ed94c5e3e45a99efeed3cae4904a5e416bf50532655facfc73972c6
1999-07-20,ttmin.htm,tt,Standing Committee on Transportation and Traffic,,http://council.vancouver.ca/previous_years/990720/ttmin.htm,20161102222235,https://web.archive.org/web/20161102222235id_/http://council.vancouver.ca/previous_years/990720/ttmin.htm,text/html,22695,fa617713bf38b2a693a59b7d140f629d05ef26cc7bbd81f5ec3de8035dbda9c2
1999-07-21,Scmin.htm,sc,,,http://council.vancouver.ca/previous_years/990721/Scmin.htm,20161102221730,https://web.archive.org/web/20161102221730id_/http://council.vancouver.ca/previous_years/990721/Scmin.htm,text/html,27854,5b0ccb968ae86b842d6611b13d0326cc6ade64b9f974a345d173c88d2f0ad04f
1999-07-22,csbmin.htm,csb,Standing Committee on City Services and Budgets,,http://council.vancouver.ca/previous_years/990722/csbmin.htm,20161102222212,https://web.archive.org/web/20161102222212id_/http://council.vancouver.ca/previous_years/990722/csbmin.htm,text/html,27711,8cbf4baabed22f1eb8fda790198018002c66461fc2fc9ceff3a3ce329a6321e3
1999-07-22,pemins.htm,pe,Standing Committee on Planning and Environment,,http://council.vancouver.ca/previous_years/990722/pemins.htm,20161102222218,https://web.archive.org/web/20161102222218id_/http://council.vancouver.ca/previous_years/990722/pemins.htm,text/html,35031,80aa2cefc619146853ff3a75741a2811a0b48156fc447e6ecc6a5b4ee58f0cd8
1999-07-22,vllcmins.htm,vllc,Vancouver Liquor Licensing Commission,,http://council.vancouver.ca/previous_years/990722/vllcmins.htm,20161102222226,https://web.archive.org/web/20161102222226id_/http://council.vancouver.ca/previous_years/990722/vllcmins.htm,text/html,19743,2015f3b3169e9aaf5da57f75586c3efa410699f01c7b54cc5b2f2979a3a1e698
1999-07-27,phmin.htm,ph,Public Hearing,,http://council.vancouver.ca/previous_years/990727/phmin.htm,20161102222118,https://web.archive.org/web/20161102222118id_/http://council.vancouver.ca/previous_years/990727/phmin.htm,text/html,62241,d088d52377cf1e2e06b239f8d6dbf7a45b8d2df8b31cee73ef3828787646caf8
1999-07-27,regmin.htm,reg,Regular Council,,http://council.vancouver.ca/previous_years/990727/regmin.htm,20161102221920,https://web.archive.org/web/20161102221920id_/http://council.vancouver.ca/previous_years/990727/regmin.htm,text/html,124891,e61af304bce87be011511ef136e5cbe3ed15e60d23c03d2a9417e5b3e420d8a1
1999-07-27,scmin.htm,sc,,,http://council.vancouver.ca/previous_years/990727/scmin.htm,20161102221917,https://web.archive.org/web/20161102221917id_/http://council.vancouver.ca/previous_years/990727/scmin.htm,text/html,13476,0f458fca46e5ecad2e36b9e46ac80e565c7168376ff34da2a34b0452267f05ed
1999-07-29,csbmin.htm,csb,Standing Committee on City Services and Budgets,,http://council.vancouver.ca/previous_years/990729/csbmin.htm,20161102221900,https://web.archive.org/web/20161102221900id_/http://council.vancouver.ca/previous_years/990729/csbmin.htm,text/html,39708,f6a3df0a9f3116a2655f66f174e1aaca978ee2eaad42f25d87e51a412efb9b57
1999-07-29,pemins.htm,pe,Standing Committee on Planning and Environment,,http://council.vancouver.ca/previous_years/990729/pemins.htm,20161102221907,https://web.archive.org/web/20161102221907id_/http://council.vancouver.ca/previous_years/990729/pemins.htm,text/html,54775,a87c706eaf02c509ff7010e1db2cac9cec8a3ad40acb7ac0787775759abed3f8
1999-09-14,regmin.htm,reg,Regular Council,,http://council.vancouver.ca/previous_years/990914/regmin.htm,20161102221839,https://web.archive.org/web/20161102221839id_/http://council.vancouver.ca/previous_years/990914/regmin.htm,text/html,55232,eee568b951274490a3539a8dee87763b4c04ef3c993e2fe16b45065ab82f3b69
1999-09-14,scmin.htm,sc,,,http://council.vancouver.ca/previous_years/990914/scmin.htm,20161102221855,https://web.archive.org/web/20161102221855id_/http://council.vancouver.ca/previous_years/990914/scmin.htm,text/html,14903,3c92984d63bac42c382ae549a2cc978a2515037af27f527983f4ea946058cc6c
1999-09-16,Csbmin.htm,csb,Standing Committee on City Services and Budgets,,http://council.vancouver.ca/previous_years/990916/Csbmin.htm,20161102221826,https://web.archive.org/web/20161102221826id_/http://council.vancouver.ca/previous_years/990916/Csbmin.htm,text/html,18795,e87368444a887e1d5ee7c7b5c37afd427012e181dc633d43f0a2a922ea90c987
1999-09-16,vllcmins.htm,vllc,Vancouver Liquor Licensing Commission,,http://council.vancouver.ca/previous_years/990916/vllcmins.htm,20161102221832,https://web.archive.org/web/20161102221832id_/http://council.vancouver.ca/previous_years/990916/vllcmins.htm,text/html,26123,0c4390f6b33666f370d4060fca469d016917f851a2f39195405f3cd8052230cd
1999-09-21,phmin2.htm,ph,Public Hearing,2,http://council.vancouver.ca/previous_years/990921/phmin2.htm,20161102221820,https://web.archive.org/web/20161102221820id_/http://council.vancouver.ca/previous_years/990921/phmin2.htm,text/html,73806,e94bf3cdd57955d5021516e18e9665cf0c4f01e4db23f6c7d378c9c5b2f0026d
1999-09-21,regmin.htm,reg,Regular Council,,http://council.vancouver.ca/previous_years/990921/regmin.htm,20161102221742,https://web.archive.org/web/20161102221742id_/http://council.vancouver.ca/previous_years/990921/regmin.htm,text/html,51704,bab29e1cb68fd8c015df699a37cf583c4302c1a49cb6592315053c73d92de771
1999-09-22,scmin.htm,sc,,,http://council.vancouver.ca/previous_years/990922/scmin.htm,20161102221823,https://web.archive.org/web/20161102221823id_/http://council.vancouver.ca/previous_years/990922/scmin.htm,text/html,13928,83cf971b44d4e7ad68dc20eb6f82c004b1d704b227e34108cbd4a0b36c233729
1999-09-23,Pemin.htm,pe,Standing Committee on Planning and Environment,,http://council.vancouver.ca/previous_years/990923/Pemin.htm,20161102221738,https://web.archive.org/web/20161102221738id_/http://council.vancouver.ca/previous_years/990923/Pemin.htm,text/html,28403,833a11b1850db8fcea119b295750301b005997224ee2e4cf8385aec9753c82bb
1999-10-05,phmin.htm,ph,Public Hearing,,http://council.vancouver.ca/previous_years/991005/phmin.htm,20161102221710,https://web.archive.org/web/20161102221710id_/http://council.vancouver.ca/previous_years/991005/phmin.htm,text/html,16094,bd59145a7af43114e79070302eaaba84a8a6ae6f6d48ccbb103a7ef1dc661fca
1999-10-05,regmin.htm,reg,Regular Council,,http://council.vancouver.ca/previous_years/991005/regmin.htm,20161102221719,https://web.archive.org/web/20161102221719id_/http://council.vancouver.ca/previous_years/991005/regmin.htm,text/html,65578,c9bf146dfeb822947ec71e260aa49ea4ef4108b24d3ac90e28103da248de7ba7
1999-10-05,ttmin.htm,tt,Standing Committee on Transportation and Traffic,,http://council.vancouver.ca/previous_years/991005/ttmin.htm,20161102221706,https://web.archive.org/web/20161102221706id_/http://council.vancouver.ca/previous_years/991005/ttmin.htm,text/html,14245,8aed061900933da8b06d8937b5e876d09c15510119263c40fb2776c2f9495565
1999-10-07,Pemin.htm,pe,Standing Committee on Planning and Environment,,http://council.vancouver.ca/previous_years/991007/Pemin.htm,20161102221735,https://web.archive.org/web/20161102221735id_/http://council.vancouver.ca/previous_years/991007/Pemin.htm,text/html,18651,d00f1106cc7335a2d75010d0178a23ae9b434dcbaf554c60c11651da8aafc8b0
1999-10-19,minutes.htm,,Council,,http://council.vancouver.ca/previous_years/991019/minutes.htm,20161102221622,https://web.archive.org/web/20161102221622id_/http://council.vancouver.ca/previous_years/991019/minutes.htm,text/html,88289,f61e5d4eff8d5179c8a64cffc7c1439fd94e0774a2f1d12723403491cecb0744
1999-10-19,phmin.htm,ph,Public Hearing,,http://council.vancouver.ca/previous_years/991019/phmin.htm,20161102221649,https://web.archive.org/web/20161102221649id_/http://council.vancouver.ca/previous_years/991019/phmin.htm,text/html,40484,0e813acd7fb31e9f4bbd93885635e52ce2bf17af2b6807afa0dccbcc1f52f35f
1999-10-19,ttmin.htm,tt,Standing Committee on Transportation and Traffic,,http://council.vancouver.ca/previous_years/991019/ttmin.htm,20161102221619,https://web.archive.org/web/20161102221619id_/http://council.vancouver.ca/previous_years/991019/ttmin.htm,text/html,17269,47e77a62fe577c2b27bdbfdcda7a63f843ce6a4a7ba4e1066696156074e5dc6b
1999-10-20,Scmin.htm,sc,,,http://council.vancouver.ca/previous_years/991020/Scmin.htm,20161102221616,https://web.archive.org/web/20161102221616id_/http://council.vancouver.ca/previous_years/991020/Scmin.htm,text/html,12997,9ddd4796225b4e3e1f29a9134b17064cf98f8baec7de78e83056a40c11c94fea
1999-10-21,csbmin.htm,csb,Standing Committee on City Services and Budgets,,http://council.vancouver.ca/previous_years/991021/csbmin.htm,20161102221606,https://web.archive.org/web/20161102221606id_/http://council.vancouver.ca/previous_years/991021/csbmin.htm,text/html,29745,fa97c40d612557b3d8953e4b3b237f13d27f9be9bd48e028e538025fcd7ecbf7
1999-10-21,pemins.htm,pe,Standing Committee on Planning and Environment,,http://council.vancouver.ca/previous_years/991021/pemins.htm,20161102221611,https://web.archive.org/web/20161102221611id_/http://council.vancouver.ca/previous_years/991021/pemins.htm,text/html,15465,bec1a7ede67f512940038207295b4fc311de2829efcd7c3a85069c552918df92
1999-11-01,crmin.htm,cr,Court of Revision,,http://council.vancouver.ca/previous_years/991101/crmin.htm,20161102221600,https://web.archive.org/web/20161102221600id_/http://council.vancouver.ca/previous_years/991101/crmin.htm,text/html,9812,c53629365b2d053e9f7158793de7c9ad7d91b810e13e49c32167886f14ba94ee
1999-11-02,regmin.htm,reg,Regular Council,,http://council.vancouver.ca/previous_years/991102/regmin.htm,20161102221523,https://web.archive.org/web/20161102221523id_/http://council.vancouver.ca/previous_years/991102/regmin.htm,text/html,60014,94de1dbce6b4d56cea7b5aaec3783072c0e47c76dd749473e9c1f509e8204ead
1999-11-02,ttmin.htm,tt,Standing Committee on Transportation and Traffic,,http://council.vancouver.ca/previous_years/991102/ttmin.htm,20161102221541,https://web.archive.org/web/20161102221541id_/http://council.vancouver.ca/previous_years/991102/ttmin.htm,text/html,23653,4d066d331c509ece9aad96ac2abc6c3eb9b147594793bca66f3e21f73d9d9cd6
1999-11-04,Csbmin.htm,csb,Standing Committee on City Services and Budgets,,http://council.vancouver.ca/previous_years/991104/Csbmin.htm,20161102221510,https://web.archive.org/web/20161102221510id_/http://council.vancouver.ca/previous_years/991104/Csbmin.htm,text/html,22331,ed46f2d5b0f6b33c026be1001dacd277b69f66475d5399aa4917770eeb3f7daa
1999-11-04,pemins.htm,pe,Standing Committee on Planning and Environment,,http://council.vancouver.ca/previous_years/991104/pemins.htm,20161102221514,https://web.archive.org/web/20161102221514id_/http://council.vancouver.ca/previous_years/991104/pemins.htm,text/html,21596,45067c27039d92f5b0a1a04563a5380d6d572f97636d2663de6bf79820c109dd
1999-11-30,regmin.htm,reg,Regular Council,,http://council.vancouver.ca/previous_years/991130/regmin.htm,20161102221433,https://web.archive.org/web/20161102221433id_/http://council.vancouver.ca/previous_years/991130/regmin.htm,text/html,90224,0608e7dd63ed68a3a6ec64a863c878c3d0c0eea7cbc313d7b66fc4291bf28cff
1999-11-30,ttmin.htm,tt,Standing Committee on Transportation and Traffic,,http://council.vancouver.ca/previous_years/991130/ttmin.htm,20161102221409,https://web.archive.org/web/20161102221409id_/http://council.vancouver.ca/previous_years/991130/ttmin.htm,text/html,18576,0b26a72cb30ca6283966758a232f0a48435cb7dd701389e63ef2bd741c1d96d0
1999-12-02,csbmins.htm,csb,Standing Committee on City Services and Budgets,,http://council.vancouver.ca/previous_years/991202/csbmins.htm,20161102221355,https://web.archive.org/web/20161102221355id_/http://council.vancouver.ca/previous_years/991202/csbmins.htm,text/html,27840,e82cd20b4768c6090399bb9bd36443b93f7d8e4d43006210e1c8be789a41e730
1999-12-02,pemins.htm,pe,Standing Committee on Planning and Environment,,http://council.vancouver.ca/previous_years/991202/pemins.htm,20161102221344,https://web.archive.org/web/20161102221344id_/http://council.vancouver.ca/previous_years/991202/pemins.htm,text/html,32511,cbf8eea3ef4f248cd6e8a87a0a601e4617ebf13a7493c32faa009ac92e7178e3
1999-12-06,inaugmin.htm,inaug,Inaugural Council,,http://council.vancouver.ca/previous_years/991206/inaugmin.htm,20161102221331,https://web.archive.org/web/20161102221331id_/http://council.vancouver.ca/previous_years/991206/inaugmin.htm,text/html,42880,0fa4ad3b96d166f8d25a228dfe4768d7930f496ee02017611e071e6885fc795d
1999-12-07,blmin1.htm,bl,,1,http://council.vancouver.ca/previous_years/991207/blmin1.htm,20161102221329,https://web.archive.org/web/20161102221329id_/http://council.vancouver.ca/previous_years/991207/blmin1.htm,text/html,18062,18c583c13381c7d547c4b142927bb2b930cadf353f41e7484187dc85b3530d52
1999-12-13,blmin2.htm,bl,,2,http://council.vancouver.ca/previous_years/991213/blmin2.htm,20161102221325,https://web.archive.org/web/20161102221325id_/http://council.vancouver.ca/previous_years/991213/blmin2.htm,text/html,12592,6804f77907859622f10398c907f4462c1b78ec7d975a291ddf2d44cff883755f
1999-12-14,phmin.htm,ph,Public Hearing,,http://council.vancouver.ca/previous_years/991214/phmin.htm,20161102221318,https://web.archive.org/web/20161102221318id_/http://council.vancouver.ca/previous_years/991214/phmin.htm,text/html,21811,b85531b7e2a8b380e6619d32de9cd684f9a2c7c67ef3796599c4f1213099f8a7
1999-12-14,regmin.htm,reg,Regular Council,,http://council.vancouver.ca/previous_years/991214/regmin.htm,20161102221256,https://web.archive.org/web/20161102221256id_/http://council.vancouver.ca/previous_years/991214/regmin.htm,text/html,54134,08faa87dca5d02afc020f9470050086570b5fc4c415e1e2fead6157945df9b17
1999-12-16,csbmin.htm,csb,Standing Committee on City Services and Budgets,,http://council.vancouver.ca/previous_years/991216/csbmin.htm,20161102221233,https://web.archive.org/web/20161102221233id_/http://council.vancouver.ca/previous_years/991216/csbmin.htm,text/html,33548,9670c83d4fead2b37409b1793c99852c692d05ed792678f7c1754a28cf95695c
1999-12-16,liqmins.htm,liq,,,http://council.vancouver.ca/previous_years/991216/liqmins.htm,20161102221253,https://web.archive.org/web/20161102221253id_/http://council.vancouver.ca/previous_years/991216/liqmins.htm,text/html,13824,b071d116b97a6c1fe473aea176a223d82285c8d4b0876e40918315f2ef1a5f31
1999-12-16,pemins.htm,pe,Standing Committee on Planning and Environment,,http://council.vancouver.ca/previous_years/991216/pemins.htm,20161102221244,https://web.archive.org/web/20161102221244id_/http://council.vancouver.ca/previous_years/991216/pemins.htm,text/html,43764,08de93c626fc6d2ca9ea094bbdd3401e93cccc3d9d6a4e7b03d3b4b85432ea68
2000-01-11,regmin.htm,reg,Regular Council,,http://council.vancouver.ca/previous_years/000111/regmin.htm,20161102221204,https://web.archive.org/web/20161102221204id_/http://council.vancouver.ca/previous_years/000111/regmin.htm,text/html,42275,be55114f2bf21619595d0550d1440c6528fec9b89eb78543ef240434cd2292ca
2000-01-11,ttmins.htm,tt,Standing Committee on Transportation and Traffic,,http://council.vancouver.ca/previous_years/000111/ttmins.htm,20161102221221,https://web.archive.org/web/20161102221221id_/http://council.vancouver.ca/previous_years/000111/ttmins.htm,text/html,15684,bb89b704ae261abf7622903567e9c1db95408a872bf3f7e8645085f7870944ad
2000-01-13,csbmin.htm,csb,Standing Committee on City Services and Budgets,,http://council.vancouver.ca/previous_years/000113/csbmin.htm,20161102221156,https://web.archive.org/web/20161102221156id_/http://council.vancouver.ca/previous_years/000113/csbmin.htm,text/html,21310,267a37b6baa1ebd4d1162a403e8153edaa380c4e44e522d899cfc0413679b501
2000-01-13,pemins.htm,pe,Standing Committee on Planning and Environment,,http://council.vancouver.ca/previous_years/000113/pemins.htm,20161102221151,https://web.archive.org/web/20161102221151id_/http://council.vancouver.ca/previous_years/000113/pemins.htm,text/html,18762,7e7c162c7f77f42457c7ce36e186ec6813b852e640bb18c1d7424cec9f49470f
2000-01-18,regmin.htm,reg,Regular Council,,http://council.vancouver.ca/previous_years/000118/regmin.htm,20161102221136,https://web.archive.org/web/20161102221136id_/http://council.vancouver.ca/previous_years/000118/regmin.htm,text/html,41180,9476a4738914dcbc1b0f6ea7cf5b1df34adbed87ef7fe8fe55c50a12035ca337
2000-01-20,csbmins.htm,csb,Standing Committee on City Services and Budgets,,http://council.vancouver.ca/previous_years/000120/csbmins.htm,20161102221132,https://web.archive.org/web/20161102221132id_/http://council.vancouver.ca/previous_years/000120/csbmins.htm,text/html,24514,d3d3711bad1b77b3d0cc8738f9f0383f00793bc1995b0cdbe4b7d6fb6347ad7c
2000-02-01,crmin.htm,cr,Court of Revision,,http://council.vancouver.ca/previous_years/000201/crmin.htm,20161102221127,https://web.archive.org/web/20161102221127id_/http://council.vancouver.ca/previous_years/000201/crmin.htm,text/html,18665,aaf6d6dbd5b74aa886085043d27b85e5dcd4ad61d77d9561ebac09c6f5dbdd61
2000-02-01,minutes.htm,,Council,,http://council.vancouver.ca/previous_years/000201/minutes.htm,20161102221108,https://web.archive.org/web/20161102221108id_/http://council.vancouver.ca/previous_years/000201/minutes.htm,text/html,39490,b335709b62abe5c44451ddd287cc2fbc317edee97b65696877afc648b7103d74
2000-02-01,ttmins.htm,tt,Standing Committee on Transportation and Traffic,,http://council.vancouver.ca/previous_years/000201/ttmins.htm,20161102221102,https://web.archive.org/web/20161102221102id_/http://council.vancouver.ca/previous_years/000201/ttmins.htm,text/html,17263,e4e2661770ef56660e3ce12b45d16ab5b153db09bf465840a9d0ebfc878b3dec
2000-02-03,blmins.htm,bl,,,http://council.vancouver.ca/previous_years/000203/blmins.htm,20161102221058,https://web.archive.org/web/20161102221058id_/http://council.vancouver.ca/previous_years/000203/blmins.htm,text/html,15102,010a1bfd12d352ea350e440ab8aa99a0d0fa360736ac1811f9d275488cd9f2b9
2000-02-03,csmins.htm,cs,Standing Committee on City Services and Budgets,,http://council.vancouver.ca/previous_years/000203/csmins.htm,20161102221047,https://web.archive.org/web/20161102221047id_/http://council.vancouver.ca/previous_years/000203/csmins.htm,text/html,18760,aa5f39cb30219087a048fefb13d3d83798ebf4f4b7314f8f94174703b2703c94
2000-02-03,pemins.htm,pe,Standing Committee on Planning and Environment,,http://council.vancouver.ca/previous_years/000203/pemins.htm,20161102221052,https://web.archive.org/web/20161102221052id_/http://council.vancouver.ca/previous_years/000203/pemins.htm,text/html,23963,499a92656e06ff6e1d3fa7ffbbf03dd8e6ad9e2f8fedaded45623cfdd9216bb2
2000-02-15,crmin.htm,cr,Court of Revision,,http://council.vancouver.ca/previous_years/000215/crmin.htm,20161102221042,https://web.archive.org/web/20161102221042id_/http://council.vancouver.ca/previous_years/000215/crmin.htm,text/html,43372,a381b96dbd5d82e34d29a3bb9a501cd972534ffd1699f33f0500209390db3551
2000-02-15,minutes.htm,,Council,,http://council.vancouver.ca/previous_years/000215/minutes.htm,20161102221022,https://web.archive.org/web/20161102221022id_/http://council.vancouver.ca/previous_years/000215/minutes.htm,text/html,53503,e0ff68820ae1ef8defb725ecd25f88561b3379d30171a7c2a232681f0133de38
2000-02-17,blmins.htm,bl,,,http://council.vancouver.ca/previous_years/000217/blmins.htm,20161102221020,https://web.archive.org/web/20161102221020id_/http://council.vancouver.ca/previous_years/000217/blmins.htm,text/html,15719,63fa39f000dff5c13a852caa3910efd204b27728bb45c18008e9d4c519a6b2ab
2000-02-17,csmins.htm,cs,Standing Committee on City Services and Budgets,,http://council.vancouver.ca/previous_years/000217/csmins.htm,20161102220957,https://web.archive.org/web/20161102220957id_/http://council.vancouver.ca/previous_years/000217/csmins.htm,text/html,29264,5b149aaff6583f5c41638e802161197a3f1313eadb365ee2984cd992411cf90c
2000-02-17,pemins.htm,pe,Standing Committee on Planning and Environment,,http://council.vancouver.ca/previous_years/000217/pemins.htm,20161102221009,https://web.archive.org/web/20161102221009id_/http://council.vancouver.ca/previous_years/000217/pemins.htm,text/html,28357,12c78a0d9970fa08e4ed150c438967b6de02a12c44c95da9e6c821eccdbe0c74
2000-02-22,phmin.htm,ph,Public Hearing,,http://council.vancouver.ca/previous_years/000222/phmin.htm,20161102220943,https://web.archive.org/web/20161102220943id_/http://council.vancouver.ca/previous_years/000222/phmin.htm,text/html,35340,445de1bf965f88670cf8dc29022ddee6e927b55bcb47c325fcb55ca5e388e0f8
2000-02-22,regmin.htm,reg,Regular Council,,http://council.vancouver.ca/previous_years/000222/regmin.htm,20161102220903,https://web.archive.org/web/20161102220903id_/http://council.vancouver.ca/previous_years/000222/regmin.htm,text/html,32821,131db6911527cec25ab6acad2d97e5c8f5d193d2395e65b03b1780d47ab56d8f
2000-02-22,ttmins.htm,tt,Standing Committee on Transportation and Traffic,,http://council.vancouver.ca/previous_years/000222/ttmins.htm,20161102220856,https://web.archive.org/web/20161102220856id_/http://council.vancouver.ca/previous_years/000222/ttmins.htm,text/html,28675,13b6e816b777a15a12166ab6bbc0e8681217288857074977c070e60222f6f2c2
2000-02-24,csmins.htm,cs,Standing Committee on City Services and Budgets,,http://council.vancouver.ca/previous_years/000224/csmins.htm,20161102220836,https://web.archive.org/web/20161102220836id_/http://council.vancouver.ca/previous_years/000224/csmins.htm,text/html,17511,d5b0583e24e5c8781ce6131c971dfc9162eb11782ea1dcd8f63a0037dc63c7d5
2000-02-24,pemins.htm,pe,Standing Committee on Planning and Environment,,http://council.vancouver.ca/previous_years/000224/pemins.htm,20161102220841,https://web.archive.org/web/20161102220841id_/http://council.vancouver.ca/previous_years/000224/pemins.htm,text/html,19382,f6a754fd8b1477c95d3ce19683915a28401bf5ab3c798950b416ec8f8735d662
2000-02-24,phmin2.htm,ph,Public Hearing,2,https://council.vancouver.ca/previous_years/000224/phmin2.htm,20220523155648,https://web.archive.org/web/20220523155648id_/https://council.vancouver.ca/previous_years/000224/phmin2.htm,text/html,13560,8bf386a093f94eb83f79062cc2123a94fc23ee59d5611321d4919754daa01d37
2000-03-07,regmin.htm,reg,Regular Council,,http://council.vancouver.ca/previous_years/000307/regmin.htm,20161102220814,https://web.archive.org/web/20161102220814id_/http://council.vancouver.ca/previous_years/000307/regmin.htm,text/html,54731,18ff8243da240f9738f34008a510667e0cba324bccaf9e47f34dadaa96fcbc1c
2000-03-09,csmins.htm,cs,Standing Committee on City Services and Budgets,,http://council.vancouver.ca/previous_years/000309/csmins.htm,20161102220804,https://web.archive.org/web/20161102220804id_/http://council.vancouver.ca/previous_years/000309/csmins.htm,text/html,22933,c6a9256ae637b0b50fa09d8bca678b979a485c46bea02d7c5ed9e75da32eabf5
2000-03-09,pemins.htm,pe,Standing Committee on Planning and Environment,,http://council.vancouver.ca/previous_years/000309/pemins.htm,20161102220809,https://web.archive.org/web/20161102220809id_/http://council.vancouver.ca/previous_years/000309/pemins.htm,text/html,20548,6b520ca46b057fa972d7aed025d0eedeb0397d233cbc079a05a89b5601f6d3a3
2000-03-14,phmins.htm,ph,Public Hearing,,http://council.vancouver.ca/previous_years/000314/phmins.htm,20161102220728,https://web.archive.org/web/20161102220728id_/http://council.vancouver.ca/previous_years/000314/phmins.htm,text/html,23260,e136ff318c3cb7e8d0cf7f26a4ca9e20bb2c4ad4def0c2af74f364861ead155b
2000-03-14,regmin.htm,reg,Regular Council,,http://council.vancouver.ca/previous_years/000314/regmin.htm,20161102220716,https://web.archive.org/web/20161102220716id_/http://council.vancouver.ca/previous_years/000314/regmin.htm,text/html,48651,24298ce9b32f5ea4dda0d6a4cd335c4a40fef275569683a135a9ff4ca391976f
2000-03-14,ttmin.htm,tt,Standing Committee on Transportation and Traffic,,http://council.vancouver.ca/previous_years/000314/ttmin.htm,20161102220703,https://web.archive.org/web/20161102220703id_/http://council.vancouver.ca/previous_years/000314/ttmin.htm,text/html,21848,f841497db67a5affa99355969433fd57068b2552a5551a8703b941d3502debf8
2000-03-16,csbmins.htm,csb,Standing Committee on City Services and Budgets,,http://council.vancouver.ca/previous_years/000316/csbmins.htm,20161102220647,https://web.archive.org/web/20161102220647id_/http://council.vancouver.ca/previous_years/000316/csbmins.htm,text/html,24126,accee2822546cf8bb2656ca57dcc61f796d88dc221deb038de92ace51301f916
2000-03-16,pemins.htm,pe,Standing Committee on Planning and Environment,,http://council.vancouver.ca/previous_years/000316/pemins.htm,20161102220654,https://web.archive.org/web/20161102220654id_/http://council.vancouver.ca/previous_years/000316/pemins.htm,text/html,37760,44496165a287e104a31afea299276050de1598981ab7fbb401eb914acad2ef25
2000-03-27,spmin.htm,sp,Special Council,,http://council.vancouver.ca/previous_years/000327/spmin.htm,20161102220554,https://web.archive.org/web/20161102220554id_/http://council.vancouver.ca/previous_years/000327/spmin.htm,text/html,24851,1d740e8d57ba19b560b6bfe7760d11ff15ee6ed7ed671b7660f23a66e12dcd0c
2000-03-28,regmin.htm,reg,Regular Council,,http://council.vancouver.ca/previous_years/000328/regmin.htm,20161102220623,https://web.archive.org/web/20161102220623id_/http://council.vancouver.ca/previous_years/000328/regmin.htm,text/html,53547,b08a846dbedf7810b35f732e21d15f5bde60fd31b6745bd3364085d9f5319d6f
2000-03-28,ttmins.htm,tt,Standing Committee on Transportation and Traffic,,http://council.vancouver.ca/previous_years/000328/ttmins.htm,20161102220642,https://web.archive.org/web/20161102220642id_/http://council.vancouver.ca/previous_years/000328/ttmins.htm,text/html,22105,dd49fd2b832029f1cdd0464807dca74e5c308a7a2fbac14e295e05d2d9304566
2000-03-30,csbmins.htm,csb,Standing Committee on City Services and Budgets,,http://council.vancouver.ca/previous_years/000330/csbmins.htm,20161102220601,https://web.archive.org/web/20161102220601id_/http://council.vancouver.ca/previous_years/000330/csbmins.htm,text/html,23532,8c20b25a68cbb078f8ec0a3d4ae1096d0190bedddb7a1914aade5fddf250d614
2000-03-30,pemins.htm,pe,Standing Committee on Planning and Environment,,http://council.vancouver.ca/previous_years/000330/pemins.htm,20161102220608,https://web.archive.org/web/20161102220608id_/http://council.vancouver.ca/previous_years/000330/pemins.htm,text/html,38742,3b134bd655605f14923ce4c12ba73d74ae194e32f9cb51850a0582e1d4725bad
2000-04-04,blmins.htm,bl,,,http://council.vancouver.ca/previous_years/000404/blmins.htm,20161102220533,https://web.archive.org/web/20161102220533id_/http://council.vancouver.ca/previous_years/000404/blmins.htm,text/html,13985,e4d5bcbf6cb90bd28ea1b0c537d26297d1ee17fd2c0b5d51d2b55d14f9101875
2000-04-04,regmin.htm,reg,Regular Council,,http://council.vancouver.ca/previous_years/000404/regmin.htm,20161102220536,https://web.archive.org/web/20161102220536id_/http://council.vancouver.ca/previous_years/000404/regmin.htm,text/html,42070,ff9e972e4b51c050aeaf87ac361b4a5a10037e236e9dd956ee6c19c4bd09fb00
2000-04-06,csbmin2.htm,csb,Standing Committee on City Services and Budgets,2,http://council.vancouver.ca/previous_years/000406/csbmin2.htm,20161102220514,https://web.archive.org/web/20161102220514id_/http://council.vancouver.ca/previous_years/000406/csbmin2.htm,text/html,28253,4bf40e71749148439a7a301c845adc783474dc031a23a1cb76add24016f1683c
2000-04-06,pemins.htm,pe,Standing Committee on Planning and Environment,,http://council.vancouver.ca/previous_years/000406/pemins.htm,20161102220521,https://web.archive.org/web/20161102220521id_/http://council.vancouver.ca/previous_years/000406/pemins.htm,text/html,30877,57ab79f52bef0ba9333611aec1c3ce0c3aac5ff9c805727053e8724ad845f3e5
2000-04-06,phmin.htm,ph,Public Hearing,,http://council.vancouver.ca/previous_years/000406/phmin.htm,20161102220527,https://web.archive.org/web/20161102220527id_/http://council.vancouver.ca/previous_years/000406/phmin.htm,text/html,12530,e5c53708c1265ea118ab8e76de25b668d307c7af424a610fa72bcade179cb86d
2000-04-17,blmins.htm,bl,,,http://council.vancouver.ca/previous_years/000417/blmins.htm,20161102220510,https://web.archive.org/web/20161102220510id_/http://council.vancouver.ca/previous_years/000417/blmins.htm,text/html,15732,1d2ddc6ba2fe16ac06df29805563e5d1c9c4e7130722ea929c0e1a3794f80ac7
2000-04-18,phmin.htm,ph,Public Hearing,,http://council.vancouver.ca/previous_years/000418/phmin.htm,20161102220506,https://web.archive.org/web/20161102220506id_/http://council.vancouver.ca/previous_years/000418/phmin.htm,text/html,18682,24596057d28d6e0f97c3bf9500f33b6e5561da9be27361b93e76954659eb85b9
2000-04-18,regmin.htm,reg,Regular Council,,http://council.vancouver.ca/previous_years/000418/regmin.htm,20161102220448,https://web.archive.org/web/20161102220448id_/http://council.vancouver.ca/previous_years/000418/regmin.htm,text/html,62946,1b8f2077bd9909497b933a02acb9d03388868ff6afb0aad218639f9cd0f25e97
2000-04-18,ttmins.htm,tt,Standing Committee on Transportation and Traffic,,http://council.vancouver.ca/previous_years/000418/ttmins.htm,20161102220444,https://web.archive.org/web/20161102220444id_/http://council.vancouver.ca/previous_years/000418/ttmins.htm,text/html,20866,25cf880ba8b5f5693fcd25bbbe8665ecd73d66c092e0131352bcbc710cc16f2f
2000-04-20,csbmins.htm,csb,Standing Committee on City Services and Budgets,,http://council.vancouver.ca/previous_years/000420/csbmins.htm,20161102220427,https://web.archive.org/web/20161102220427id_/http://council.vancouver.ca/previous_years/000420/csbmins.htm,text/html,25192,488d55a3fa44fd76e5a7cb456d8210cf744f60f7dfeeeb5088555e7f2c4223ad
2000-04-20,pemins.htm,pe,Standing Committee on Planning and Environment,,http://council.vancouver.ca/previous_years/000420/pemins.htm,20161102220435,https://web.archive.org/web/20161102220435id_/http://council.vancouver.ca/previous_years/000420/pemins.htm,text/html,15901,7414c3e9b0e14d3808e12292caa66100ceaa056700f0648a13add421cdd9e7ee
2000-05-02,regmin.htm,reg,Regular Council,,http://council.vancouver.ca/previous_years/000502/regmin.htm,20161102220357,https://web.archive.org/web/20161102220357id_/http://council.vancouver.ca/previous_years/000502/regmin.htm,text/html,43902,141b96de292599eb41ed00fd8d57b30f94c421ea18805f6e4fd11f04bc3d1382
2000-05-02,ttmins.htm,tt,Standing Committee on Transportation and Traffic,,http://council.vancouver.ca/previous_years/000502/ttmins.htm,20161102220419,https://web.archive.org/web/20161102220419id_/http://council.vancouver.ca/previous_years/000502/ttmins.htm,text/html,18252,139d34378b371c0d3fd12f168e1729d049d649340605c68bfe7f3595c05d8425
2000-05-04,csbmins.htm,csb,Standing Committee on City Services and Budgets,,http://council.vancouver.ca/previous_years/000504/csbmins.htm,20161102220337,https://web.archive.org/web/20161102220337id_/http://council.vancouver.ca/previous_years/000504/csbmins.htm,text/html,45425,87a66038a553654cc7d77fafbfd0d4e9dd6e358f232cc2f73630398e5470076e
2000-05-04,pemins.htm,pe,Standing Committee on Planning and Environment,,http://council.vancouver.ca/previous_years/000504/pemins.htm,20161102220349,https://web.archive.org/web/20161102220349id_/http://council.vancouver.ca/previous_years/000504/pemins.htm,text/html,30283,b9868f10b4cbe41debaad16374d9d8a859b3c07012e87c91e0b8a76064f0b3f5
2000-05-16,phmin.htm,ph,Public Hearing,,http://council.vancouver.ca/previous_years/000516/phmin.htm,20161102220329,https://web.archive.org/web/20161102220329id_/http://council.vancouver.ca/previous_years/000516/phmin.htm,text/html,16168,aa732eb5b9464fa65d4468e5b56c5b8d3d68f3e202fa5f2ebb19c763a98f0000
2000-05-16,regmin.htm,reg,Regular Council,,http://council.vancouver.ca/previous_years/000516/regmin.htm,20161102220306,https://web.archive.org/web/20161102220306id_/http://council.vancouver.ca/previous_years/000516/regmin.htm,text/html,65425,0bb9940c153d78e99cc34ff4323079bf462eda0ff0defbef32fa26dd70d5d992
2000-05-18,blmins.htm,bl,,,http://council.vancouver.ca/previous_years/000518/blmins.htm,20161102220304,https://web.archive.org/web/20161102220304id_/http://council.vancouver.ca/previous_years/000518/blmins.htm,text/html,20975,2e1a274da387c32bb191005b2d9d3aeaee7916d63a70be389a0da7cd42a346e8
2000-05-18,csbmins.htm,csb,Standing Committee on City Services and Budgets,,http://council.vancouver.ca/previous_years/000518/csbmins.htm,20161102220247,https://web.archive.org/web/20161102220247id_/http://council.vancouver.ca/previous_years/000518/csbmins.htm,text/html,34613,cadc7b989099ee6f8d53396a0c755edb632827ca450735481696cc0385df0d81
2000-05-18,pemins.htm,pe,Standing Committee on Planning and Environment,,http://council.vancouver.ca/previous_years/000518/pemins.htm,20161102220253,https://web.archive.org/web/20161102220253id_/http://council.vancouver.ca/previous_years/000518/pemins.htm,text/html,32920,de6ef1b9ae3054018c17afccc411d3097ac104433ccb145c84566ab821d3ec04
2000-05-29,blmins.htm,bl,,,http://council.vancouver.ca/previous_years/000529/blmins.htm,20161102220237,https://web.archive.org/web/20161102220237id_/http://council.vancouver.ca/previous_years/000529/blmins.htm,text/html,27193,c3c129f1d41a0c2c06137c37e198b20ea86d4a6626e740e976f31cb4815e726e
2000-05-30,regmin.htm,reg,Regular Council,,http://council.vancouver.ca/previous_years/000530/regmin.htm,20161102220209,https://web.archive.org/web/20161102220209id_/http://council.vancouver.ca/previous_years/000530/regmin.htm,text/html,96689,7f7d54aa2326eb65d2a20cb84d1c65c12352a60ed36efafe3337b33c7de00f83
2000-05-30,ttmin.htm,tt,Standing Committee on Transportation and Traffic,,http://council.vancouver.ca/previous_years/000530/ttmin.htm,20161102220200,https://web.archive.org/web/20161102220200id_/http://council.vancouver.ca/previous_years/000530/ttmin.htm,text/html,25045,25db16c86fbac0680514788c7693a6bf8cb48f9d6cc8d2ec19e6920599c4e87d
2000-05-31,pemins.htm,pe,Standing Committee on Planning and Environment,,http://council.vancouver.ca/previous_years/000531/pemins.htm,20161102220155,https://web.archive.org/web/20161102220155id_/http://council.vancouver.ca/previous_years/000531/pemins.htm,text/html,17696,e4d233e6f41d6f4fd0707a6947dbc75dd043d38ec7c33d9eb44c086663ecca58
2000-06-13,phmin.htm,ph,Public Hearing,,http://council.vancouver.ca/previous_years/000613/phmin.htm,20161102220150,https://web.archive.org/web/20161102220150id_/http://council.vancouver.ca/previous_years/000613/phmin.htm,text/html,20872,244eb497269b92ad6f387fd4685a3c023eb2df76223ea9038c562419a8b9d92e
2000-06-13,regmin.htm,reg,Regular Council,,http://council.vancouver.ca/previous_years/000613/regmin.htm,20161102220131,https://web.archive.org/web/20161102220131id_/http://council.vancouver.ca/previous_years/000613/regmin.htm,text/html,46588,7111a1e2f64e54cf9abb0a1260550cd651783a5be7abe779452182a75d4eafd7
2000-06-14,spmins.htm,sp,Special Council,,http://council.vancouver.ca/previous_years/000614/spmins.htm,20161102220123,https://web.archive.org/web/20161102220123id_/http://council.vancouver.ca/previous_years/000614/spmins.htm,text/html,15718,535c8ce17ed85fdc9cbfad432e71e57360e34d05d3bec5019528474f7dd01f3d
2000-06-15,csbmins.htm,csb,Standing Committee on City Services and Budgets,,http://council.vancouver.ca/previous_years/000615/csbmins.htm,20161102220111,https://web.archive.org/web/20161102220111id_/http://council.vancouver.ca/previous_years/000615/csbmins.htm,text/html,33757,ba9467e4170cb5aa48be89f940c2c56b70ce9484dae5007c50c9c95015debf4d
2000-06-15,pemins.htm,pe,Standing Committee on Planning and Environment,,http://council.vancouver.ca/previous_years/000615/pemins.htm,20161102220117,https://web.archive.org/web/20161102220117id_/http://council.vancouver.ca/previous_years/000615/pemins.htm,text/html,28430,61810d93feef20f96216179335ec56d906b1ef575a57857ac401237eb1079e05
2000-06-20,blmins.htm,bl,,,http://council.vancouver.ca/previous_years/000620/blmins.htm,20161102220059,https://web.archive.org/web/20161102220059id_/http://council.vancouver.ca/previous_years/000620/blmins.htm,text/html,15502,db4d46a0ae904c21a052d677fac249b30066f81ca717f1080129574c73391193
2000-06-20,crmin.htm,cr,Court of Revision,,http://council.vancouver.ca/previous_years/000620/crmin.htm,20161102220106,https://web.archive.org/web/20161102220106id_/http://council.vancouver.ca/previous_years/000620/crmin.htm,text/html,22919,611fd494b7958e2fdc74e95ed295159a061c3b7c7e0669ecbb8b7ba08a7bc8b8
2000-06-20,regmin.htm,reg,Regular Council,,http://council.vancouver.ca/previous_years/000620/regmin.htm,20161102220101,https://web.archive.org/web/20161102220101id_/http://council.vancouver.ca/previous_years/000620/regmin.htm,text/html,34811,01c7b15e9f1d7d1fd259ee6bdc8315ee20b350c815a444cc73806acb1988d4d9
2000-06-22,csbmins.htm,csb,Standing Committee on City Services and Budgets,,http://council.vancouver.ca/previous_years/000622/csbmins.htm,20161102220027,https://web.archive.org/web/20161102220027id_/http://council.vancouver.ca/previous_years/000622/csbmins.htm,text/html,24717,a861e1964bf276159b2af7f385f06df9e54299fda986f875c31059f618516f13
2000-06-22,pemins.htm,pe,Standing Committee on Planning and Environment,,http://council.vancouver.ca/previous_years/000622/pemins.htm,20161102220048,https://web.archive.org/web/20161102220048id_/http://council.vancouver.ca/previous_years/000622/pemins.htm,text/html,34291,3332ab07b5b24b7287e9ce3ae2bd23e18d2b1f2b90e83d7b1d06eed834e67ec0
2000-07-04,regmin.htm,reg,Regular Council,,http://council.vancouver.ca/previous_years/000704/regmin.htm,20161102220009,https://web.archive.org/web/20161102220009id_/http://council.vancouver.ca/previous_years/000704/regmin.htm,text/html,51295,44bdcdd1882e3b9157ebe9a156b45d0ae7be846975e2c59b39947c4532684326
2000-07-04,ttmins.htm,tt,Standing Committee on Transportation and Traffic,,http://council.vancouver.ca/previous_years/000704/ttmins.htm,20161102220001,https://web.archive.org/web/20161102220001id_/http://council.vancouver.ca/previous_years/000704/ttmins.htm,text/html,24390,2db3903e09077a720245b22038894f567cd825ca7db95694d96fdc5b16a88d8e
2000-07-06,pemins.htm,pe,Standing Committee on Planning and Environment,,http://council.vancouver.ca/previous_years/000706/pemins.htm,20161102215956,https://web.archive.org/web/20161102215956id_/http://council.vancouver.ca/previous_years/000706/pemins.htm,text/html,20570,7ac6d5dd6f53d5de25a02d0d68fd1e4e60fae8be17bb316d1bfc8d5ecb61ab34
2000-07-06,phmin.htm,ph,Public Hearing,,http://council.vancouver.ca/previous_years/000706/phmin.htm,20161102215806,https://web.archive.org/web/20161102215806id_/http://council.vancouver.ca/previous_years/000706/phmin.htm,text/html,48962,02c8b6684afcb5583c1b357aa4651a830a16548729d2c43b5bec664f93d736f5
2000-07-10,phmin.htm,ph,Public Hearing,,http://council.vancouver.ca/previous_years/000710/phmin.htm,20161102215914,https://web.archive.org/web/20161102215914id_/http://council.vancouver.ca/previous_years/000710/phmin.htm,text/html,25456,e01e721590fc598797a9d0f163666148f8501a1f527d23a288878f21816f47f5
2000-07-11,blmin.htm,bl,,,http://council.vancouver.ca/previous_years/000711/blmin.htm,20161102215954,https://web.archive.org/web/20161102215954id_/http://council.vancouver.ca/previous_years/000711/blmin.htm,text/html,21859,7e52b75f683880477eba4fee496803edfa816c9a17b9a1207528e14ff14ecdbc
2000-07-11,regmin.htm,reg,Regular Council,,http://council.vancouver.ca/previous_years/000711/regmin.htm,20161102215921,https://web.archive.org/web/20161102215921id_/http://council.vancouver.ca/previous_years/000711/regmin.htm,text/html,66095,ed32a4237b38b48a4623aa28c3c7561c4e7945ba2d82a210d2cf94bc6803a551
2000-07-13,csbmin.htm,csb,Standing Committee on City Services and Budgets,,http://council.vancouver.ca/previous_years/000713/csbmin.htm,20161102215942,https://web.archive.org/web/20161102215942id_/http://council.vancouver.ca/previous_years/000713/csbmin.htm,text/html,19553,14637d292d0b175907ef1f147bd74d7d503bfb5caefebdfd4d26efd1923cbdf4
2000-07-13,pemins.htm,pe,Standing Committee on Planning and Environment,,http://council.vancouver.ca/previous_years/000713/pemins.htm,20161102215948,https://web.archive.org/web/20161102215948id_/http://council.vancouver.ca/previous_years/000713/pemins.htm,text/html,21865,bb9d1e26e3fd25cfadd81c591d34a1aa9489ec3071f70cf3983c3caab7c82d0a
2000-07-18,blmins.htm,bl,,,http://council.vancouver.ca/previous_years/000718/blmins.htm,20161102215918,https://web.archive.org/web/20161102215918id_/http://council.vancouver.ca/previous_years/000718/blmins.htm,text/html,7877,f164c192fb942d303f2ff4a5bc3bd41361551623b9d32e1ee53da9bdbae03fc5
2000-07-25,phmin.htm,ph,Public Hearing,,http://council.vancouver.ca/previous_years/000725/phmin.htm,20161102215725,https://web.archive.org/web/20161102215725id_/http://council.vancouver.ca/previous_years/000725/phmin.htm,text/html,69706,60acc157740eef637079a33872a5e88067a06ca42ce8145cd25eb8c110d0c0ac
2000-07-25,regmin.htm,reg,Regular Council,,http://council.vancouver.ca/previous_years/000725/regmin.htm,20161102215833,https://web.archive.org/web/20161102215833id_/http://council.vancouver.ca/previous_years/000725/regmin.htm,text/html,125692,092b2baa55101347fa3089e46f59a6e7986e3ef82e34a956698813187240bb61
2000-07-25,ttmin.htm,tt,Standing Committee on Transportation and Traffic,,http://council.vancouver.ca/previous_years/000725/ttmin.htm,20161102215815,https://web.archive.org/web/20161102215815id_/http://council.vancouver.ca/previous_years/000725/ttmin.htm,text/html,28302,9e2b062467bebbebb4f95a2ebeaa7f2ebbefd9c1d2d9d92744cd7e58526148b3
2000-07-27,csbmin.htm,csb,Standing Committee on City Services and Budgets,,http://council.vancouver.ca/previous_years/000727/csbmin.htm,20161102215737,https://web.archive.org/web/20161102215737id_/http://council.vancouver.ca/previous_years/000727/csbmin.htm,text/html,37735,2ae381aa2f722b5e1b1b93399b61c34303629ba7f4cc603ef08b493a3a21d23c
2000-07-27,pemins.htm,pe,Standing Committee on Planning and Environment,,http://council.vancouver.ca/previous_years/000727/pemins.htm,20161102215751,https://web.archive.org/web/20161102215751id_/http://council.vancouver.ca/previous_years/000727/pemins.htm,text/html,50940,c1777d2c278960aa1e2d0cb809d9c29767d508a88dd6087937f36eb64b68fe8d
2000-09-12,blmins.htm,bl,,,http://council.vancouver.ca/previous_years/000912/blmins.htm,20161102215703,https://web.archive.org/web/20161102215703id_/http://council.vancouver.ca/previous_years/000912/blmins.htm,text/html,14986,3781782a2666761f8c0a7c2550239a3e63ece5caa6fb7b715342c6c570cfa30d
2000-09-12,phmin.htm,ph,Public Hearing,,http://council.vancouver.ca/previous_years/000912/phmin.htm,20161102215647,https://web.archive.org/web/20161102215647id_/http://council.vancouver.ca/previous_years/000912/phmin.htm,text/html,50470,7cee351aa6e8daabd438da7c9e16aa408ef3464395c74dea12f68c77d2ad21e4
2000-09-12,regmin.htm,reg,Regular Council,,http://council.vancouver.ca/previous_years/000912/regmin.htm,20161102215705,https://web.archive.org/web/20161102215705id_/http://council.vancouver.ca/previous_years/000912/regmin.htm,text/html,40188,bde310df876e1125f66dc5b05eb61c9b9470bde60fe050fd2bbd3841312c7f8a
2000-09-14,csbmin.htm,csb,Standing Committee on City Services and Budgets,,http://council.vancouver.ca/previous_years/000914/csbmin.htm,20161102215629,https://web.archive.org/web/20161102215629id_/http://council.vancouver.ca/previous_years/000914/csbmin.htm,text/html,22982,9c2a46fbc83f7efb8410ac6f57fbd441abdb67c53f32edd5271414501485804c
2000-09-14,pemins.htm,pe,Standing Committee on Planning and Environment,,http://council.vancouver.ca/previous_years/000914/pemins.htm,20161102215637,https://web.archive.org/web/20161102215637id_/http://council.vancouver.ca/previous_years/000914/pemins.htm,text/html,37717,56e6c962f4ce6e7b5e5a664f6db4270c7377fb1e744c53940f41d7da64194820
2000-09-26,crmin.htm,cr,Court of Revision,,http://council.vancouver.ca/previous_years/000926/crmin.htm,20161102215626,https://web.archive.org/web/20161102215626id_/http://council.vancouver.ca/previous_years/000926/crmin.htm,text/html,12609,2f61f58e443e0406b1d04bfd2c9d75f6bdbd72a955a69eff4627c5ba404616c9
2000-09-26,regmin.htm,reg,Regular Council,,http://council.vancouver.ca/previous_years/000926/regmin.htm,20161102215612,https://web.archive.org/web/20161102215612id_/http://council.vancouver.ca/previous_years/000926/regmin.htm,text/html,55278,876edaddcee84ccb87a6f24f728ec2003426f286194d5933988695447f635ced
2000-09-26,ttmins.htm,tt,Standing Committee on Transportation and Traffic,,http://council.vancouver.ca/previous_years/000926/ttmins.htm,20161102215605,https://web.archive.org/web/20161102215605id_/http://council.vancouver.ca/previous_years/000926/ttmins.htm,text/html,15964,23b048c8048dff3e35e3589385fd7872e35cc6422778007e28123105b0acabfb
2000-09-27,pemin.htm,pe,Standing Committee on Planning and Environment,,http://council.vancouver.ca/previous_years/000927/pemin.htm,20161102215542,https://web.archive.org/web/20161102215542id_/http://council.vancouver.ca/previous_years/000927/pemin.htm,text/html,14947,c5f90f49da5d1b20e32c6797c25756c73c195396f45823c1fa151e0422039478
2000-09-28,csbmin.htm,csb,Standing Committee on City Services and Budgets,,http://council.vancouver.ca/previous_years/000928/csbmin.htm,20161102215554,https://web.archive.org/web/20161102215554id_/http://council.vancouver.ca/previous_years/000928/csbmin.htm,text/html,19432,5a1679e5e19e93dffc6c0215ba5b4659a1ca4cd92d3bbd75585e0054a6185f69
2000-09-28,pemins.htm,pe,Standing Committee on Planning and Environment,,http://council.vancouver.ca/previous_years/000928/pemins.htm,20161102215559,https://web.archive.org/web/20161102215559id_/http://council.vancouver.ca/previous_years/000928/pemins.htm,text/html,20201,ff83b20bd210f90286cb1c5393986b91767f28a8dee18dff3d953f0f16497b27
2000-10-03,minutes.htm,,Council,,http://council.vancouver.ca/previous_years/001003/minutes.htm,20161102215547,https://web.archive.org/web/20161102215547id_/http://council.vancouver.ca/previous_years/001003/minutes.htm,text/html,28245,6730036de74ce8e8cdb2d07968e44917a43529c319d940f10917d8cee76a3f70
2000-10-17,minutes2.htm,,Council,2,http://council.vancouver.ca/previous_years/001017/minutes2.htm,20161102215531,https://web.archive.org/web/20161102215531id_/http://council.vancouver.ca/previous_years/001017/minutes2.htm,text/html,13630,a3e6272c3eae834ef9e9c9009d4f74b648280687f3c8a169c0b556f02491bbaa
2000-10-17,minutes3.htm,,Council,3,http://council.vancouver.ca/previous_years/001017/minutes3.htm,20161102215532,https://web.archive.org/web/20161102215532id_/http://council.vancouver.ca/previous_years/001017/minutes3.htm,text/html,11667,0297b89aedf5de0d98969c473ebe20d6cf116c476ba993b7a3d40e864f449823
2000-11-07,Minutes.htm,,Council,,http://council.vancouver.ca/previous_years/001107/Minutes.htm,20161102215510,https://web.archive.org/web/20161102215510id_/http://council.vancouver.ca/previous_years/001107/Minutes.htm,text/html,47322,e9734a2b4bb57e6a22819ca286a8eb201f0a07308d0593ac6bfd6fa2949412f3
2000-11-07,regmin.htm,reg,Regular Council,,http://council.vancouver.ca/previous_years/001107/regmin.htm,20161102215507,https://web.archive.org/web/20161102215507id_/http://council.vancouver.ca/previous_years/001107/regmin.htm,text/html,18626,190b5cab9e416aad0d7c34a8c57978cb1651350aabde5e5bfc4a7d9c5546d78c
2000-11-21,regmin.htm,reg,Regular Council,,http://council.vancouver.ca/previous_years/001121/regmin.htm,20161102215500,https://web.archive.org/web/20161102215500id_/http://council.vancouver.ca/previous_years/001121/regmin.htm,text/html,25761,ec91762ad9c2712833e657ead47fc489b55edd3d643c4e3f43328d4f6ad460fd
2000-11-30,spmin.htm,sp,Special Council,,http://council.vancouver.ca/previous_years/001130/spmin.htm,20161102215455,https://web.archive.org/web/20161102215455id_/http://council.vancouver.ca/previous_years/001130/spmin.htm,text/html,7984,61db27d9b433fb071a6a2c76a86c2283dc839e65a9c533dfb541b02749fcedba
2000-12-05,regmin.htm,reg,Regular Council,,http://council.vancouver.ca/previous_years/001205/regmin.htm,20161102215431,https://web.archive.org/web/20161102215431id_/http://council.vancouver.ca/previous_years/001205/regmin.htm,text/html,41670,04e045fefb6c48bedb457b37e2acb7e056240f63a35291b5f31601cd9929e26a
2000-12-07,csbmin.htm,csb,Standing Committee on City Services and Budgets,,http://council.vancouver.ca/previous_years/001207/csbmin.htm,20161102215445,https://web.archive.org/web/20161102215445id_/http://council.vancouver.ca/previous_years/001207/csbmin.htm,text/html,20450,3d29bb4d8d144a3163530db12159093dd17b65128a441e73e6ca1c12cfc56f8c
2000-12-07,pemins.htm,pe,Standing Committee on Planning and Environment,,http://council.vancouver.ca/previous_years/001207/pemins.htm,20161102215450,https://web.archive.org/web/20161102215450id_/http://council.vancouver.ca/previous_years/001207/pemins.htm,text/html,17810,634d007313c7f1d667838e137554bfc9a9ffed63300f003c7ba257de94685432
2000-12-12,phmin.htm,ph,Public Hearing,,http://council.vancouver.ca/previous_years/001212/phmin.htm,20161102215426,https://web.archive.org/web/20161102215426id_/http://council.vancouver.ca/previous_years/001212/phmin.htm,text/html,9410,7dd5c829b3ed6f9acedc49bf6296d19930cf4ba7c2823f66988a71790757dfeb
2000-12-12,regmin.htm,reg,Regular Council,,http://council.vancouver.ca/previous_years/001212/regmin.htm,20161102215409,https://web.archive.org/web/20161102215409id_/http://council.vancouver.ca/previous_years/001212/regmin.htm,text/html,35663,8be28736b1baeac5eabc6e33e36d62086875978aa14a658ebb25149fe445883f
2000-12-12,ttmins.htm,tt,Standing Committee on Transportation and Traffic,,http://council.vancouver.ca/previous_years/001212/ttmins.htm,20161102215403,https://web.archive.org/web/20161102215403id_/http://council.vancouver.ca/previous_years/001212/ttmins.htm,text/html,14048,a3587534e80ff4f12bb849ddc4c5b74577c41e77c466aec2eb1b7609cbcc7c84
2000-12-14,csbmin.htm,csb,Standing Committee on City Services and Budgets,,http://council.vancouver.ca/previous_years/001214/csbmin.htm,20161102215343,https://web.archive.org/web/20161102215343id_/http://council.vancouver.ca/previous_years/001214/csbmin.htm,text/html,32195,e050e495807b9dcec3ddfe7505db4286ba3b3abbd66820cef4245227bf898133
2000-12-14,pemins.htm,pe,Standing Committee on Planning and Environment,,http://council.vancouver.ca/previous_years/001214/pemins.htm,20161102215355,https://web.archive.org/web/20161102215355id_/http://council.vancouver.ca/previous_years/001214/pemins.htm,text/html,29479,f3a07368ed13de496b0ea6c0d39d1f7b3e3e48af55e2b945a84f140be358f684
2003-02-25,minutes.htm,,Council,,https://council.vancouver.ca/20030225/minutes.htm,20191105122314,https://web.archive.org/web/20191105122314id_/https://council.vancouver.ca/20030225/minutes.htm,text/html,35130,b015b06def317f2620950f17998c54fe57c90391f69eb5c59e4d36b37717616c
2003-04-22,regmin.htm,reg,Regular Council,,https://council.vancouver.ca/20030422/regmin.htm,20191105122313,https://web.archive.org/web/20191105122313id_/https://council.vancouver.ca/20030422/regmin.htm,text/html,38186,f0cef93aa8244d087a7eff29ecdaebb69431cf6b36f4b55f22be3f6ee7b4d7c2
2003-06-24,RegMins.htm,reg,Regular Council,,https://council.vancouver.ca/20030624/RegMins.htm,20191105155056,https://web.archive.org/web/20191105155056id_/https://council.vancouver.ca/20030624/RegMins.htm,text/html,54377,b31a2753163a641f34ef9e81df6bf95d32e54c2008a00e23dc76e7d9bd35e493
2003-07-08,regmins.htm,reg,Regular Council,,https://council.vancouver.ca/20030708/regmins.htm,20191105122311,https://web.archive.org/web/20191105122311id_/https://council.vancouver.ca/20030708/regmins.htm,text/html,28314,84136a659ad3867776830f9c065fa8ec336e0c34a4cbb5dbc116cf7252fb4f77
2003-07-24,phmin.htm,ph,Public Hearing,,https://council.vancouver.ca/20030724/phmin.htm,20240901061138,https://web.archive.org/web/20240901061138id_/https://council.vancouver.ca/20030724/phmin.htm,text/html,32835,3cbf66e2bf4b0eb562da4bc28f2e61557b822ef819d6422557eb3643ea814fd5
2003-11-04,regmin.htm,reg,Regular Council,,https://council.vancouver.ca/20031104/regmin.htm,20191105122309,https://web.archive.org/web/20191105122309id_/https://council.vancouver.ca/20031104/regmin.htm,text/html,52230,0f38c72a27beb9257cdf4dbd531200a9d35930f8dc59d35858b9ac8b63641192
2003-11-20,pemin.htm,pe,Standing Committee on Planning and Environment,,https://council.vancouver.ca/20031120/pemin.htm,20250811095451,https://web.archive.org/web/20250811095451id_/https://council.vancouver.ca/20031120/pemin.htm,text/html,26798,3a77f60363d1c2c87667741f8a5b7886d924d5f9ec53b27313c52a96a743df72
2003-12-02,regmins.htm,reg,Regular Council,,https://council.vancouver.ca/20031202/regmins.htm,20191105145441,https://web.archive.org/web/20191105145441id_/https://council.vancouver.ca/20031202/regmins.htm,text/html,59029,2b72b922789cd0fe49714d5dbc78e790803842a78d75697edc01560f3613503d
2004-01-20,phmins.htm,ph,Public Hearing,,https://council.vancouver.ca/20040120/phmins.htm,20191105145451,https://web.archive.org/web/20191105145451id_/https://council.vancouver.ca/20040120/phmins.htm,text/html,29462,19c43c63f6a5022166294643107c39e3d730f0b6de958b757e9b6e916a0898ae
2004-01-29,phmin.pdf,ph,Public Hearing,,https://council.vancouver.ca/20040129/phmin.pdf,20250806225044,https://web.archive.org/web/20250806225044id_/https://council.vancouver.ca/20040129/phmin.pdf,application/pdf,62584,7c0dd8ee9ff30c4fb90d9a445ad79edb56f2df8b08b3c2fbaadd761e38e4b398
2004-02-12,csmin.htm,cs,Standing Committee on City Services and Budgets,,https://council.vancouver.ca/20040212/csmin.htm,20191105125140,https://web.archive.org/web/20191105125140id_/https://council.vancouver.ca/20040212/csmin.htm,text/html,12373,f199798cc4ab8213542f4787b37ce221b75084172c3e49a26632332dc2d9ef8d
2004-02-12,pemins.htm,pe,Standing Committee on Planning and Environment,,https://council.vancouver.ca/20040212/pemins.htm,20191105155050,https://web.archive.org/web/20191105155050id_/https://council.vancouver.ca/20040212/pemins.htm,text/html,17440,c21e3939df549c05e32420d9551b1d254667a8a176f6e6d886396df8118bb1a3
2004-02-24,phmins.htm,ph,Public Hearing,,https://council.vancouver.ca/20040224/phmins.htm,20220523155642,https://web.archive.org/web/20220523155642id_/https://council.vancouver.ca/20040224/phmins.htm,text/html,25076,be0481ae40826a297c3d107b4b9d704652a34d617779b4c4f16e66c5d56048d7
2004-02-24,regmins.htm,reg,Regular Council,,https://council.vancouver.ca/20040224/regmins.htm,20191105122305,https://web.archive.org/web/20191105122305id_/https://council.vancouver.ca/20040224/regmins.htm,text/html,37625,c352bb4d1aed63e4521b878e32b1722802a08d4a2d1a43265f7660f537b1abab
2004-04-06,regmin.htm,reg,Regular Council,,https://council.vancouver.ca/20040406/regmin.htm,20191105122258,https://web.archive.org/web/20191105122258id_/https://council.vancouver.ca/20040406/regmin.htm,text/html,31298,76adf89f725e22d368b784b488574910013d99a54132e9dd3ea66c174cad64c1
2004-05-20,pemin.htm,pe,Standing Committee on Planning and Environment,,https://council.vancouver.ca/20040520/pemin.htm,20191105154944,https://web.archive.org/web/20191105154944id_/https://council.vancouver.ca/20040520/pemin.htm,text/html,24226,0db43b1c66c195d462bc95f14978f6a4d6061ce85a69980d3d46c3aa66f76a90
2004-06-08,regmin.htm,reg,Regular Council,,https://council.vancouver.ca/20040608/regmin.htm,20221006011052,https://web.archive.org/web/20221006011052id_/https://council.vancouver.ca/20040608/regmin.htm,text/html,48994,48c7a005da26884ad3fb72e6f3f233daf9f589dba0113402aad775f056ef136e
2004-07-06,regmin.htm,reg,Regular Council,,http://council.vancouver.ca/20040706/regmin.htm,20161103024520,https://web.archive.org/web/20161103024520id_/http://council.vancouver.ca/20040706/regmin.htm,text/html,29197,ae3b241bf66abb6a2a4a2b227d16bcd6d7084a0668e8aeb9bea21276ba170dc8
2004-07-20,regmin.htm,reg,Regular Council,,https://council.vancouver.ca/20040720/regmin.htm,20191105073729,https://web.archive.org/web/20191105073729id_/https://council.vancouver.ca/20040720/regmin.htm,text/html,62265,bb22dd9a122e7a22512ec32490954b2d7b42be43a91ef3ddfcdb5352169dbeec
2004-07-22,pemin.htm,pe,Standing Committee on Planning and Environment,,https://council.vancouver.ca/20040722/pemin.htm,20260505202621,https://web.archive.org/web/20260505202621id_/https://council.vancouver.ca/20040722/pemin.htm,text/html,31050,1755ce55ad25a78e99b1b05227a639028e2da0a1686f09d2873fa0ae004249b9
2004-09-29,scmin.htm,sc,,,https://council.vancouver.ca/20040929/scmin.htm,20191105122252,https://web.archive.org/web/20191105122252id_/https://council.vancouver.ca/20040929/scmin.htm,text/html,20161,18a791e1c017fe8f4e238cbc0e28fd838d565462ef670518bebd1c805cc5bd71
2004-11-16,regmin.htm,reg,Regular Council,,https://council.vancouver.ca/20041116/regmin.htm,20191105073725,https://web.archive.org/web/20191105073725id_/https://council.vancouver.ca/20041116/regmin.htm,text/html,26376,61541466c0ba5e22344577b94d76d88b6d4edc3d2fd692474c8883c4f8ebca0a
2004-11-30,ttmin.htm,tt,Standing Committee on Transportation and Traffic,,https://council.vancouver.ca/20041130/ttmin.htm,20191105163248,https://web.archive.org/web/20191105163248id_/https://council.vancouver.ca/20041130/ttmin.htm,text/html,22019,8d0cd4d136d2b8de0a7694ed9966352b5c2f2ec6bdf001263d87ba241efb10ef
2005-01-18,regmin.htm,reg,Regular Council,,https://council.vancouver.ca/20050118/regmin.htm,20191105122248,https://web.archive.org/web/20191105122248id_/https://council.vancouver.ca/20050118/regmin.htm,text/html,56969,70d277cbe5526160b612dfaec9a507cc9790b550e3d83d832e058048e6f55fe4
2005-02-17,pemin.htm,pe,Standing Committee on Planning and Environment,,https://council.vancouver.ca/20050217/pemin.htm,20251214201012,https://web.archive.org/web/20251214201012id_/https://council.vancouver.ca/20050217/pemin.htm,text/html,23426,ffdf48b54675e44ac97cc95baec8991c4ee517863c9bd76ef4ad7348c362b9da
2005-03-15,regmins.htm,reg,Regular Council,,https://council.vancouver.ca/20050315/regmins.htm,20250905062506,https://web.archive.org/web/20250905062506id_/https://council.vancouver.ca/20050315/regmins.htm,text/html,64729,7b71e62458cb1df37495b92a1aa6fbdd2a0fde5aae47a1194c37d6bc7505c924
2005-03-15,regmins.htm,reg,Regular Council,,https://council.vancouver.ca/20050315/regmins.htm?utm_source=chatgpt.com,20250801194519,https://web.archive.org/web/20250801194519id_/https://council.vancouver.ca/20050315/regmins.htm?utm_source=chatgpt.com,text/html,64729,7b71e62458cb1df37495b92a1aa6fbdd2a0fde5aae47a1194c37d6bc7505c924
2005-03-17,csmin.htm,cs,Standing Committee on City Services and Budgets,,https://council.vancouver.ca/20050317/csmin.htm,20240616125309,https://web.archive.org/web/20240616125309id_/https://council.vancouver.ca/20050317/csmin.htm,text/html,85827,604163c756908e0055ff03cced46114784468635e7ef0ee0d223a12c43a40cb9
2005-03-29,regularminutes.pdf,regular,Regular Council,,https://council.vancouver.ca/20050329/documents/regularminutes.pdf,20240714013340,https://web.archive.org/web/20240714013340id_/https://council.vancouver.ca/20050329/documents/regularminutes.pdf,application/pdf,84495,c45ceac64148cc078307dada589ce9aed426c6b4ac09a1c0dc422b0927900c22
2005-04-28,pemins.pdf,pe,Standing Committee on Planning and Environment,,https://council.vancouver.ca/20050428/documents/pemins.pdf,20191106022505,https://web.archive.org/web/20191106022505id_/https://council.vancouver.ca/20050428/documents/pemins.pdf,application/pdf,63249,89bf6cb1ed120f91950f5c8b7a88978ba7f7ae37d48bbf1e7a2d4900cb110b0c
2005-05-26,pemin.pdf,pe,Standing Committee on Planning and Environment,,https://council.vancouver.ca/20050526/documents/pemin.pdf,20220708134442,https://web.archive.org/web/20220708134442id_/https://council.vancouver.ca/20050526/documents/pemin.pdf,application/pdf,36255,ba69a2ffbf739f79d2cef152bbcec490f8aa8191bc9c14eea9048cf071c193ff
2005-06-14,regmin.pdf,reg,Regular Council,,https://council.vancouver.ca/20050614/documents/regmin.pdf,20191105173554,https://web.archive.org/web/20191105173554id_/https://council.vancouver.ca/20050614/documents/regmin.pdf,application/pdf,114593,64d30467b736ebb1929cf44dab114e57993093d71ce9aab0b329b67131cf04e6
2005-06-16,phmins.pdf,ph,Public Hearing,,https://council.vancouver.ca/20050616/documents/phmins.pdf,20220701173245,https://web.archive.org/web/20220701173245id_/https://council.vancouver.ca/20050616/documents/phmins.pdf,application/pdf,104815,cdc6c3333ec8f07067fcdaaf2a4476602850dc14952d06d59aae48a4e0920667
2005-07-12,regmin.pdf,reg,Regular Council,,https://council.vancouver.ca/20050712/documents/regmin.pdf,20250504081548,https://web.archive.org/web/20250504081548id_/https://council.vancouver.ca/20050712/documents/regmin.pdf,application/pdf,66653,03247c2320d30b213ad260aaa33b3b8aa6f3065a881040c5515f03bbadf322d9
2005-07-14,phmin.pdf,ph,Public Hearing,,https://council.vancouver.ca/20050714/documents/phmin.pdf,20220701173311,https://web.archive.org/web/20220701173311id_/https://council.vancouver.ca/20050714/documents/phmin.pdf,application/pdf,66085,121fee293d2dbe2918efe6e6530abf616450ee46283a65eb7a701b0064fb98e5
2005-07-21,csmin.pdf,cs,Standing Committee on City Services and Budgets,,https://council.vancouver.ca/20050721/documents/csmin.pdf,20240630012701,https://web.archive.org/web/20240630012701id_/https://council.vancouver.ca/20050721/documents/csmin.pdf,application/pdf,182379,b3cfde5e8ba5ae5c5bb61cd10a53d938da1ff9eb985c87c7f4c4404d9b0e1af8
2005-07-21,pemin.pdf,pe,Standing Committee on Planning and Environment,,http://council.vancouver.ca/20050721/documents/pemin.pdf,20170813043241,https://web.archive.org/web/20170813043241id_/http://council.vancouver.ca/20050721/documents/pemin.pdf,application/pdf,123740,7aeacfbb0dcc37ea02651af1b60881a647050b8b67d751cc095a96c0dc459458
2005-09-13,regmin.pdf,reg,Regular Council,,https://council.vancouver.ca/20050913/documents/regmin.pdf,20191105122243,https://web.archive.org/web/20191105122243id_/https://council.vancouver.ca/20050913/documents/regmin.pdf,application/pdf,95068,1721ebd605340855de72c4b03d68f90f7e9b3159a7bbcee3b1a9c89e925de6a2
2005-09-13,scmin.pdf,sc,,,https://council.vancouver.ca/20050913/documents/scmin.pdf,20191105173542,https://web.archive.org/web/20191105173542id_/https://council.vancouver.ca/20050913/documents/scmin.pdf,application/pdf,117792,26f8a1bc80e9e282ba9fb679016adff123bf755cf9e0130406356b92472b16ca
2005-09-15,csmin.pdf,cs,Standing Committee on City Services and Budgets,,https://council.vancouver.ca/20050915/documents/csmin.pdf,20240602202034,https://web.archive.org/web/20240602202034id_/https://council.vancouver.ca/20050915/documents/csmin.pdf,application/pdf,213162,b62cfa91e605a893da14afec0ea12b70ad1742c1c9edfb664fc7fb8ead89609b
2005-09-15,pemin.pdf,pe,Standing Committee on Planning and Environment,,https://council.vancouver.ca/20050915/documents/pemin.pdf,20191105092507,https://web.archive.org/web/20191105092507id_/https://council.vancouver.ca/20050915/documents/pemin.pdf,application/pdf,90628,f67d45f8e851ffb1d0c2d8cde2af0d7c62a155efaa6fbb1506eaf1e5f6f095e4
2005-09-15,phmin.pdf,ph,Public Hearing,,https://council.vancouver.ca/20050915/documents/phmin.pdf,20220701173108,https://web.archive.org/web/20220701173108id_/https://council.vancouver.ca/20050915/documents/phmin.pdf,application/pdf,107598,fac7d331e6a957fb7a61017d9d7ed986e5d8601ab3dde6307cb636109181857e
2005-09-20,regmin.pdf,reg,Regular Council,,https://council.vancouver.ca/20050920/documents/regmin.pdf,20191105173549,https://web.archive.org/web/20191105173549id_/https://council.vancouver.ca/20050920/documents/regmin.pdf,application/pdf,55985,7cc066566d3cd3c81b72363c5563fc0eb8201589cb540a26a62324481b85926c
2005-10-06,phmins.pdf,ph,Public Hearing,,https://council.vancouver.ca/20051006/documents/phmins.pdf,20220529142932,https://web.archive.org/web/20220529142932id_/https://council.vancouver.ca/20051006/documents/phmins.pdf,application/pdf,78011,036f649a2e48b2bbafff35a2904b84836a608f0dd4f18d22e418360a7a676ee2
2005-11-03,pemin.pdf,pe,Standing Committee on Planning and Environment,,https://council.vancouver.ca/20051103/documents/pemin.pdf,20240627095054,https://web.archive.org/web/20240627095054id_/https://council.vancouver.ca/20051103/documents/pemin.pdf,application/pdf,180574,e161d57f8779e475f9e91c04c58167a315931a2c491b8e07fe1e116fe5bf73ce
2005-12-05,InauguralMinutes.pdf,inaugural,Inaugural Council,,https://council.vancouver.ca/20051205/documents/InauguralMinutes.pdf,20240809162906,https://web.archive.org/web/20240809162906id_/https://council.vancouver.ca/20051205/documents/InauguralMinutes.pdf,application/pdf,34260,403d6353711fa6802bff659e41271f8df519776c7ddd9c8f1f42ad581efbfb9f
2005-12-20,scmins.pdf,sc,,,https://council.vancouver.ca/20051220/documents/scmins.pdf,20250507054048,https://web.archive.org/web/20250507054048id_/https://council.vancouver.ca/20051220/documents/scmins.pdf,application/pdf,51366,6cc65491084b55a2a98df32a46eab58d93264cd464d03261a2a03ecbdef1f63b
2006-01-24,phmin.pdf,ph,Public Hearing,,https://council.vancouver.ca/20060124/documents/phmin.pdf,20230403112324,https://web.archive.org/web/20230403112324id_/https://council.vancouver.ca/20060124/documents/phmin.pdf,application/pdf,127961,81378a7a9ec54493f6c7b57dca43b1458af677b3c2e359b2a19a73a18be81c8b
2006-01-31,phmins.pdf,ph,Public Hearing,,https://council.vancouver.ca/20060131/documents/phmins.pdf,20210330143226,https://web.archive.org/web/20210330143226id_/https://council.vancouver.ca/20060131/documents/phmins.pdf,application/pdf,45018,bef2f477acda23771459a29ffd94915b4ba6b1f6e623320a66ebea70db59a0b9
2006-02-16,csmin.pdf,cs,Standing Committee on City Services and Budgets,,http://council.vancouver.ca/20060216/documents/csmin.pdf,20170809205623,https://web.archive.org/web/20170809205623id_/http://council.vancouver.ca/20060216/documents/csmin.pdf,application/pdf,1458801,33265f052020711f1fbe278716f34e1b3000bc9fd71ab59b78ddcdd68bf1e0f5
2006-02-28,phmin.pdf,ph,Public Hearing,,https://council.vancouver.ca/20060228/documents/phmin.pdf,20220701173049,https://web.archive.org/web/20220701173049id_/https://council.vancouver.ca/20060228/documents/phmin.pdf,application/pdf,332859,234cd51fbb3b281de73d8683ec7b09e934d6f52fa10dc48b24a47fd47903edd1
2006-03-21,phmin.pdf,ph,Public Hearing,,https://council.vancouver.ca/20060321/documents/phmin.pdf,20220701173230,https://web.archive.org/web/20220701173230id_/https://council.vancouver.ca/20060321/documents/phmin.pdf,application/pdf,163284,0676c9677995c0984ccb3cc7e0bb6047aad01ec6effc2dde197e0d7e69d89061
2006-05-16,phmins.pdf,ph,Public Hearing,,https://council.vancouver.ca/20060516/documents/phmins.pdf,20220701173159,https://web.archive.org/web/20220701173159id_/https://council.vancouver.ca/20060516/documents/phmins.pdf,application/pdf,30919,294b20ed477275a4dbd143070588e1252d144a621fba805606b564c7c8770a14
2006-05-25,blmin.pdf,bl,,,https://council.vancouver.ca/20060525/documents/blmin.pdf,20250820043115,https://web.archive.org/web/20250820043115id_/https://council.vancouver.ca/20060525/documents/blmin.pdf,application/pdf,55910,c2727d817049df21d3a2b6235f0e1a0dee00c3899bdf601eed832d2cea026bea
2006-06-06,ttmin.pdf,tt,Standing Committee on Transportation and Traffic,,https://council.vancouver.ca/20060606/documents/ttmin.pdf,20250418213326,https://web.archive.org/web/20250418213326id_/https://council.vancouver.ca/20060606/documents/ttmin.pdf,application/pdf,49393,75ee76a264524788dfa04fa2bfdb51bf1edf16a7d04018adc7b0b1e3f602eda6
2006-06-27,scmin.pdf,sc,,,https://council.vancouver.ca/20060627/documents/scmin.pdf,20191105235057,https://web.archive.org/web/20191105235057id_/https://council.vancouver.ca/20060627/documents/scmin.pdf,application/pdf,143496,effe7dd538e9c9c71d36002b020e50ea94eede665457b3b508ad6c5fe98b5f7d
2006-07-11,regularminutes.pdf,regular,Regular Council,,https://council.vancouver.ca/20060711/documents/regularminutes.pdf,20191105235059,https://web.archive.org/web/20191105235059id_/https://council.vancouver.ca/20060711/documents/regularminutes.pdf,application/pdf,100315,012024601137295541f542edf43a8223900d5345cdae376a3aa3c8939e413367
2006-07-18,phmins.pdf,ph,Public Hearing,,https://council.vancouver.ca/20060718/documents/phmins.pdf,20220701173118,https://web.archive.org/web/20220701173118id_/https://council.vancouver.ca/20060718/documents/phmins.pdf,application/pdf,168552,9db367dde7ef4520015c19930bdb90620a13299b2220dcfad4ef66cca0f8cb59
2006-09-26,phmins.pdf,ph,Public Hearing,,https://council.vancouver.ca/20060926/documents/phmins.pdf,20191105144737,https://web.archive.org/web/20191105144737id_/https://council.vancouver.ca/20060926/documents/phmins.pdf,application/pdf,87371,d52c6df6c90e41d2efa29e833f855bfcaa4ddbbca6cd50d32cf7e5ba9645d53d
2006-10-17,phmin.pdf,ph,Public Hearing,,https://council.vancouver.ca/20061017/documents/phmin.pdf,20220701173034,https://web.archive.org/web/20220701173034id_/https://council.vancouver.ca/20061017/documents/phmin.pdf,application/pdf,990019,26b86468a3857c5b7c3acc8bad762c4f91b4b7f9e3410233e32e8a26d34aa740
2006-11-02,pemin.pdf,pe,Standing Committee on Planning and Environment,,https://council.vancouver.ca/20061102/documents/pemin.pdf,20230320104216,https://web.archive.org/web/20230320104216id_/https://council.vancouver.ca/20061102/documents/pemin.pdf,application/pdf,120586,bef36c21645727cae110a5a256de97a1d2f4f53d242dc0b7cf2db16a74b8dc78
2006-11-14,phmin.pdf,ph,Public Hearing,,https://council.vancouver.ca/20061114/documents/phmin.pdf,20220701173202,https://web.archive.org/web/20220701173202id_/https://council.vancouver.ca/20061114/documents/phmin.pdf,application/pdf,72160,54c71a129a9ab7adad6eea8703a0e0392c570f3808aae465971ab8dd31d7acb1
2006-11-30,pemin.pdf,pe,Standing Committee on Planning and Environment,,https://council.vancouver.ca/20061130/documents/pemin.pdf,20220628130321,https://web.archive.org/web/20220628130321id_/https://council.vancouver.ca/20061130/documents/pemin.pdf,application/pdf,77474,662b5bcb7169c64c1e5430834f2412c63c17033b13144fce61e28b5fe126b0cd
2006-12-12,PHmins.pdf,ph,Public Hearing,,https://council.vancouver.ca/20061212/documents/PHmins.pdf,20220701173104,https://web.archive.org/web/20220701173104id_/https://council.vancouver.ca/20061212/documents/PHmins.pdf,application/pdf,65800,e5e6e13398960dda19252f27ed106feb3aa90d532c5f31c356831c07bcf1ca64
2007-02-13,CRmins.pdf,cr,Court of Revision,,https://council.vancouver.ca/20070213/documents/CRmins.pdf,20260421170358,https://web.archive.org/web/20260421170358id_/https://council.vancouver.ca/20070213/documents/CRmins.pdf,application/pdf,33638,c1a897a6ba03b024fa8faf9d36c6884501c41e73a448f9929326a773d5c822f8
2007-02-27,PHmins.pdf,ph,Public Hearing,,https://council.vancouver.ca/20070227/documents/PHmins.pdf,20191105144712,https://web.archive.org/web/20191105144712id_/https://council.vancouver.ca/20070227/documents/PHmins.pdf,application/pdf,66161,1ed9d0dbcda828bfeea6e044ee871b8f3066e8c5aac8e87be9b42b171bb2ce39
2007-03-13,phmins.pdf,ph,Public Hearing,,https://council.vancouver.ca/20070313/documents/phmins.pdf,20240719195632,https://web.archive.org/web/20240719195632id_/https://council.vancouver.ca/20070313/documents/phmins.pdf,application/pdf,47551,a9340447746d89a6ab535b0353e05ffada03521dfae4a9cc3d66ece502619f0c
2007-03-15,csbmins.pdf,csb,Standing Committee on City Services and Budgets,,https://council.vancouver.ca/20070315/documents/csbmins.pdf,20191106022521,https://web.archive.org/web/20191106022521id_/https://council.vancouver.ca/20070315/documents/csbmins.pdf,application/pdf,40500,921997215bd67131f2f8f07e339a908d68380161b57d92162c04f4bd52fb1dc8
2007-04-03,regmins.pdf,reg,Regular Council,,https://council.vancouver.ca/20070403/documents/regmins.pdf,20191105090452,https://web.archive.org/web/20191105090452id_/https://council.vancouver.ca/20070403/documents/regmins.pdf,application/pdf,165868,287db570d13dd46f816a82c4631efb837754caea01b4bff7f5009937d59ba946
2007-04-17,phmins.pdf,ph,Public Hearing,,https://council.vancouver.ca/20070417/documents/phmins.pdf,20220701173247,https://web.archive.org/web/20220701173247id_/https://council.vancouver.ca/20070417/documents/phmins.pdf,application/pdf,69634,0c2ef556920eeedda4929118d61c63609605b7386f5dc742bf9f531b1a69e9f3
2007-05-03,csmin.pdf,cs,Standing Committee on City Services and Budgets,,https://council.vancouver.ca/20070503/documents/csmin.pdf,20240713230442,https://web.archive.org/web/20240713230442id_/https://council.vancouver.ca/20070503/documents/csmin.pdf,application/pdf,141997,88110c079d39f5a10bc6a06af32b5428fac6643625687196763a7b22943d05e6
2007-05-03,pemins.pdf,pe,Standing Committee on Planning and Environment,,https://council.vancouver.ca/20070503/documents/pemins.pdf,20240719022528,https://web.archive.org/web/20240719022528id_/https://council.vancouver.ca/20070503/documents/pemins.pdf,application/pdf,82523,d71e66d6bed75c1ce1c490770705460a4693c4d4654646a9e1c972221645659f
2007-07-12,pemin.pdf,pe,Standing Committee on Planning and Environment,,https://council.vancouver.ca/20070712/documents/pemin.pdf,20240510180003,https://web.archive.org/web/20240510180003id_/https://council.vancouver.ca/20070712/documents/pemin.pdf,application/pdf,150515,30c2a24ab9ff68508df14ab51d3cead25e376b4a384c99e4af657a8235143900
2007-07-24,regmins.pdf,reg,Regular Council,,https://council.vancouver.ca/20070724/documents/regmins.pdf,20251122023328,https://web.archive.org/web/20251122023328id_/https://council.vancouver.ca/20070724/documents/regmins.pdf,application/pdf,78340,fb7392beb9912e847a5f0a54b454cdff5d26aa0f7aec39416f19cf9f93156657
2007-07-26,csmins.pdf,cs,Standing Committee on City Services and Budgets,,https://council.vancouver.ca/20070726/documents/csmins.pdf,20191105153355,https://web.archive.org/web/20191105153355id_/https://council.vancouver.ca/20070726/documents/csmins.pdf,application/pdf,60166,3cd169da5f505dcb99f5e914e08dfec11644fc077269acf2f65c70db853432f0
2007-09-20,regmin.pdf,reg,Regular Council,,https://council.vancouver.ca/20070920/documents/regmin.pdf,20191106022530,https://web.archive.org/web/20191106022530id_/https://council.vancouver.ca/20070920/documents/regmin.pdf,application/pdf,55807,5becea05db55d37eb6c37f2b6f22cb1c7cb2817de5dfa1ea10b6b4f7b556a730
2007-11-27,regmins.pdf,reg,Regular Council,,https://council.vancouver.ca/20071127/documents/regmins.pdf,20240918211357,https://web.archive.org/web/20240918211357id_/https://council.vancouver.ca/20071127/documents/regmins.pdf,application/pdf,63211,e93abd22a85220b23bc161cd1e8ce458dcf869f33bad7e29d1767c52a6c0defe
2007-12-11,regmins2.pdf,reg,Regular Council,2,https://council.vancouver.ca/20071211/documents/regmins2.pdf,20191106022532,https://web.archive.org/web/20191106022532id_/https://council.vancouver.ca/20071211/documents/regmins2.pdf,application/pdf,84171,a29be7897264c11537dd9475cc8239f485d278de69f0e30f5c48b145f63d0c70
2008-01-15,phmin.pdf,ph,Public Hearing,,https://council.vancouver.ca/20080115/documents/phmin.pdf,20220701173054,https://web.archive.org/web/20220701173054id_/https://council.vancouver.ca/20080115/documents/phmin.pdf,application/pdf,51588,4f8f5a97a4a96784177143f1a16bde959f0235ed5ab10871dcd898fabcb570c5
2008-02-12,phmins.pdf,ph,Public Hearing,,https://council.vancouver.ca/20080212/documents/phmins.pdf,20191105144808,https://web.archive.org/web/20191105144808id_/https://council.vancouver.ca/20080212/documents/phmins.pdf,application/pdf,425968,9b3d655683b365b5400939b87aaa34de2b03cfdc5345a05612d501b37ecf2ec9
2008-03-11,phmins.pdf,ph,Public Hearing,,https://council.vancouver.ca/20080311/documents/phmins.pdf,20220701181820,https://web.archive.org/web/20220701181820id_/https://council.vancouver.ca/20080311/documents/phmins.pdf,application/pdf,109708,df02903deb2dd6bccc9302312b95cdfa8b4b92357292a1e99f3c6afcac3e6e3c
2008-03-13,csbmins.pdf,csb,Standing Committee on City Services and Budgets,,https://council.vancouver.ca/20080313/documents/csbmins.pdf,20241121133523,https://web.archive.org/web/20241121133523id_/https://council.vancouver.ca/20080313/documents/csbmins.pdf,application/pdf,58439,378ce46b7cf72027ca3918afdb3e20a7e1263bc6072650e5f58ed0bd61015c86
2008-04-29,regmins.pdf,reg,Regular Council,,https://council.vancouver.ca/20080429/documents/regmins.pdf,20191105173630,https://web.archive.org/web/20191105173630id_/https://council.vancouver.ca/20080429/documents/regmins.pdf,application/pdf,90149,dbb24de37871f21b346d995ea71dedb0a857f9705f2cf6d4cc0ca03d8f2ed244
2008-05-27,csbmins.pdf,csb,Standing Committee on City Services and Budgets,,https://council.vancouver.ca/20080527/documents/csbmins.pdf,20191105074039,https://web.archive.org/web/20191105074039id_/https://council.vancouver.ca/20080527/documents/csbmins.pdf,application/pdf,55013,390fcbc05e287b204229f49ca7ca4721eceee1d1ae50b3035138ba7b71eb833b
2008-05-27,regmins.pdf,reg,Regular Council,,https://council.vancouver.ca/20080527/documents/regmins.pdf,20191105173629,https://web.archive.org/web/20191105173629id_/https://council.vancouver.ca/20080527/documents/regmins.pdf,application/pdf,63199,a4dd6ad440d166a140e14a9595fc98a4ce149677285550bbdd026f4deace3c57
2008-06-10,phmin.pdf,ph,Public Hearing,,https://council.vancouver.ca/20080610/documents/phmin.pdf,20220701173102,https://web.archive.org/web/20220701173102id_/https://council.vancouver.ca/20080610/documents/phmin.pdf,application/pdf,334373,495c4a6b32ff5470fcb66301a4341b01bd8f6d5f7a0d36c5d5cb2d70315b85a1
2008-07-08,phmins20080708.pdf,ph,Public Hearing,20080708,https://council.vancouver.ca/20080708/documents/phmins20080708.pdf,20220701173203,https://web.archive.org/web/20220701173203id_/https://council.vancouver.ca/20080708/documents/phmins20080708.pdf,application/pdf,487706,94a42489b50c11efeb4ef19ad5117676eb207d685177be20c7d5fb2cdf69f6de
2008-07-10,pemin20080710.pdf,pe,Standing Committee on Planning and Environment,20080710,https://council.vancouver.ca/20080710/documents/pemin20080710.pdf,20191105155045,https://web.archive.org/web/20191105155045id_/https://council.vancouver.ca/20080710/documents/pemin20080710.pdf,application/pdf,61929,ec703bafb81c1e93917cb5836340a7a55344cc7ffcc403a8c2037ad9c7819bdc
2008-07-22,ttmins.pdf,tt,Standing Committee on Transportation and Traffic,,https://council.vancouver.ca/20080722/documents/ttmins.pdf,20240626090255,https://web.archive.org/web/20240626090255id_/https://council.vancouver.ca/20080722/documents/ttmins.pdf,application/pdf,53558,dea686a01690453bb3c85c900c874deca891b436046d328f43fe0e04c0df2773
2008-09-16,phmins20080916.pdf,ph,Public Hearing,20080916,https://council.vancouver.ca/20080916/documents/phmins20080916.pdf,20220701173027,https://web.archive.org/web/20220701173027id_/https://council.vancouver.ca/20080916/documents/phmins20080916.pdf,application/pdf,767173,6877f318f04868686ffca7442150eda5ad92c60a2177e9b1e16a82f1792ba763
2008-09-16,rcmins20080916.pdf,rc,Regular Council,20080916,https://council.vancouver.ca/20080916/documents/rcmins20080916.pdf,20240713032842,https://web.archive.org/web/20240713032842id_/https://council.vancouver.ca/20080916/documents/rcmins20080916.pdf,application/pdf,94971,45c037f82aa7b1a34cc672d30556dc1f628990a0a2fc24eb47621a781a581925
2008-09-18,csbmin.pdf,csb,Standing Committee on City Services and Budgets,,https://council.vancouver.ca/20080918/documents/csbmin.pdf,20240713211510,https://web.archive.org/web/20240713211510id_/https://council.vancouver.ca/20080918/documents/csbmin.pdf,application/pdf,60707,87ef8c4b43f148a60f50c397f02d52e12ec6a7cf232b4fc4bfa3722a960f3df3
2008-09-30,rcmins20080930.pdf,rc,Regular Council,20080930,https://council.vancouver.ca/20080930/documents/rcmins20080930.pdf,20231225180516,https://web.archive.org/web/20231225180516id_/https://council.vancouver.ca/20080930/documents/rcmins20080930.pdf,application/pdf,165714,3f639c92744d753db73705660b8f74e2869829166b060703ea6572ece85ca9e5
2008-10-14,rcmins20081014.pdf,rc,Regular Council,20081014,https://council.vancouver.ca/20081014/documents/rcmins20081014.pdf,20240630030313,https://web.archive.org/web/20240630030313id_/https://council.vancouver.ca/20081014/documents/rcmins20081014.pdf,application/pdf,218103,a4ff64f98409fbb672d26040de86726b20e0a8c6067c80700e6e73964348c723
2008-10-16,phmin20081016.pdf,ph,Public Hearing,20081016,https://council.vancouver.ca/20081016/documents/phmin20081016.pdf,20220701173249,https://web.archive.org/web/20220701173249id_/https://council.vancouver.ca/20081016/documents/phmin20081016.pdf,application/pdf,310605,eb6db6a718a1eeccf5acbafee48c94e4dce80a7d529bf48ab30bb7db239a59d0
2008-10-30,pemin20081030.pdf,pe,Standing Committee on Planning and Environment,20081030,https://council.vancouver.ca/20081030/documents/pemin20081030.pdf,20191105235358,https://web.archive.org/web/20191105235358id_/https://council.vancouver.ca/20081030/documents/pemin20081030.pdf,application/pdf,77368,30d3fbc30cdce602ee284ad144e3bfdad1891fd2c59fbc106ec5d56247209ca9
2008-12-08,rcmins20081208.pdf,rc,Regular Council,20081208,https://council.vancouver.ca/20081208/documents/rcmins20081208.pdf,20240809183647,https://web.archive.org/web/20240809183647id_/https://council.vancouver.ca/20081208/documents/rcmins20081208.pdf,application/pdf,54470,734b4ebe58523153f510dbdd57dd51bca6ca060904c6fde539af6f773c03b067
2008-12-16,rcmins20081125.pdf,rc,Regular Council,20081125,https://council.vancouver.ca/20081216/documents/rcmins20081125.pdf,20230406235138,https://web.archive.org/web/20230406235138id_/https://council.vancouver.ca/20081216/documents/rcmins20081125.pdf,application/pdf,89294,4b1a8b79e5dd75518d3546a094f1842009feeb08863945a2e9ce50de18e94bab
2008-12-16,rcmins20081208.pdf,rc,Regular Council,20081208,https://council.vancouver.ca/20081216/documents/rcmins20081208.pdf,20230406233904,https://web.archive.org/web/20230406233904id_/https://council.vancouver.ca/20081216/documents/rcmins20081208.pdf,application/pdf,54499,856bacafc7d553922b1936bb962aa598a1e8dbe09a404e0197dd6b12f3ace204
2008-12-16,rcmins20081212.pdf,rc,Regular Council,20081212,https://council.vancouver.ca/20081216/documents/rcmins20081212.pdf,20230407001113,https://web.archive.org/web/20230407001113id_/https://council.vancouver.ca/20081216/documents/rcmins20081212.pdf,application/pdf,19215,7680e710c72148a23d75c9aac148293385d951a213b210fbc8ae16665487bc8c
2008-12-16,rcmins20081216.pdf,rc,Regular Council,20081216,https://council.vancouver.ca/20081216/documents/rcmins20081216.pdf,20230406225902,https://web.archive.org/web/20230406225902id_/https://council.vancouver.ca/20081216/documents/rcmins20081216.pdf,application/pdf,68509,650116e349b9bb791dadbac129dd812d8adf642fc327d1713f308ede6129911f
2008-12-18,csbmins.pdf,csb,Standing Committee on City Services and Budgets,,https://council.vancouver.ca/20081218/documents/csbmins.pdf,20191105021707,https://web.archive.org/web/20191105021707id_/https://council.vancouver.ca/20081218/documents/csbmins.pdf,application/pdf,43901,9da332f1c579aa02da53a8d045e8acfa0074e19a205788518711dacf9ebebdc5
2008-12-18,pemins.pdf,pe,Standing Committee on Planning and Environment,,https://council.vancouver.ca/20081218/documents/pemins.pdf,20250116155740,https://web.archive.org/web/20250116155740id_/https://council.vancouver.ca/20081218/documents/pemins.pdf,application/pdf,65714,f56d20c45c202f060e46e20990abe6a4a002c4512fa13736da0a79851d030d93
2009-01-12,scmins20090112.pdf,sc,,20090112,https://council.vancouver.ca/20090112/documents/scmins20090112.pdf,20240630005534,https://web.archive.org/web/20240630005534id_/https://council.vancouver.ca/20090112/documents/scmins20090112.pdf,application/pdf,36598,1b87564380168ff182855af65732da8fad89eadb05e60f7fd109551c17c49392
2009-01-20,phmin20090120.pdf,ph,Public Hearing,20090120,https://council.vancouver.ca/20090120/documents/phmin20090120.pdf,20220701173116,https://web.archive.org/web/20220701173116id_/https://council.vancouver.ca/20090120/documents/phmin20090120.pdf,application/pdf,69802,0202a0556848ad6de2e6f114d0e428fd904682fe712d9c128a5182feb35cca3e
2009-01-20,rcmins20090120.pdf,rc,Regular Council,20090120,https://council.vancouver.ca/20090120/documents/rcmins20090120.pdf,20240713131446,https://web.archive.org/web/20240713131446id_/https://council.vancouver.ca/20090120/documents/rcmins20090120.pdf,application/pdf,80501,40758a10f21a807ac920bc85de7226e25aff2d5d43421e5eef78be12a20af6c9
2009-02-03,rcmins20090203.pdf,rc,Regular Council,20090203,https://council.vancouver.ca/20090203/documents/rcmins20090203.pdf,20240903214025,https://web.archive.org/web/20240903214025id_/https://council.vancouver.ca/20090203/documents/rcmins20090203.pdf,application/pdf,63432,cf80c646d305869329375d317be08f508a0f0836f1b049e30b8d2363bed92ec3
2009-02-19,pemin20090219.pdf,pe,Standing Committee on Planning and Environment,20090219,https://council.vancouver.ca/20090219/documents/pemin20090219.pdf,20240719180203,https://web.archive.org/web/20240719180203id_/https://council.vancouver.ca/20090219/documents/pemin20090219.pdf,application/pdf,64971,95e85dea2a31b60a0f3a24523ba0436e14ffc308df221f63f29f9ed7f25acfd1
2009-03-03,rcmins20090303.pdf,rc,Regular Council,20090303,https://council.vancouver.ca/20090303/documents/rcmins20090303.pdf,20240730180124,https://web.archive.org/web/20240730180124id_/https://council.vancouver.ca/20090303/documents/rcmins20090303.pdf,application/pdf,71537,f1ec3ce0d0be31963fc9091c44ed4c9418fa55b5f0267d02f9c1b4440bc0f90b
2009-03-24,reguminutes.pdf,regu,Regular Council,,https://council.vancouver.ca/20090324/documents/reguminutes.pdf,20191105021743,https://web.archive.org/web/20191105021743id_/https://council.vancouver.ca/20090324/documents/reguminutes.pdf,application/pdf,85673,02a200429d7fbffe5ef47e09583f4d185fe50de8a6523da3a4526fd594c8ba46
2009-03-31,scsbmins20090331.pdf,scsb,,20090331,https://council.vancouver.ca/20090331/documents/scsbmins20090331.pdf,20191105021744,https://web.archive.org/web/20191105021744id_/https://council.vancouver.ca/20090331/documents/scsbmins20090331.pdf,application/pdf,38692,e149ea82a5977dd0bd66a79d0d246f2832ea418b3194ab2ff44fccc6ec7837ce
2009-04-07,regu20090407min.pdf,regu,Regular Council,,https://council.vancouver.ca/20090407/documents/regu20090407min.pdf,20191105021752,https://web.archive.org/web/20191105021752id_/https://council.vancouver.ca/20090407/documents/regu20090407min.pdf,application/pdf,105511,d20f63a4c4da2112eac55c198ee652ab33f3ab7aea359f4d3f3e4b8fc171ee52
2009-04-21,20090421min.pdf,,Council,,https://council.vancouver.ca/20090421/documents/20090421min.pdf,20251012014527,https://web.archive.org/web/20251012014527id_/https://council.vancouver.ca/20090421/documents/20090421min.pdf,application/pdf,74327,3c57014453dde59d1ad00a064c4b7ab3892e8536f2db2c26c5964966ddcf0d69
2009-04-21,phea20090421min.pdf,phea,Public Hearing,,https://council.vancouver.ca/20090421/documents/phea20090421min.pdf,20191105154828,https://web.archive.org/web/20191105154828id_/https://council.vancouver.ca/20090421/documents/phea20090421min.pdf,application/pdf,36049,d5e785d33f62edad754ee944caa51b9a66b4b91d683b4ba9d2415a44bd784c30
2009-05-05,regu20090505min.pdf,regu,Regular Council,,https://council.vancouver.ca/20090505/documents/regu20090505min.pdf,20240705165439,https://web.archive.org/web/20240705165439id_/https://council.vancouver.ca/20090505/documents/regu20090505min.pdf,application/pdf,101444,b3641da80f0c921c3e3f443eed573dd3cf56abb59556227318d9e080c39c5628
2009-05-21,csbmins.pdf,csb,Standing Committee on City Services and Budgets,,https://council.vancouver.ca/20090521/documents/csbmins.pdf,20240627060327,https://web.archive.org/web/20240627060327id_/https://council.vancouver.ca/20090521/documents/csbmins.pdf,application/pdf,43211,95737c5576b45e6168329e8465e64dee098858bfcd0c7678fa860fd1ea215dbd
2009-05-21,penv20090521min.pdf,penv,Standing Committee on Planning and Environment,,https://council.vancouver.ca/20090521/documents/penv20090521min.pdf,20251015145648,https://web.archive.org/web/20251015145648id_/https://council.vancouver.ca/20090521/documents/penv20090521min.pdf,application/pdf,75420,db672575d1862570eb81d2563fc094f72033ac4f5235fd61e6a285638257f310
2009-06-02,regu20090519min.pdf,regu,Regular Council,,http://council.vancouver.ca/20090602/documents/regu20090519min.pdf,20170706090643,https://web.archive.org/web/20170706090643id_/http://council.vancouver.ca/20090602/documents/regu20090519min.pdf,application/pdf,64952,3947fb68a359f07f97a973a2bc2048a8096c53822a34f2d5deb004c45fd22585
2009-06-02,regu20090602min.pdf,regu,Regular Council,,https://council.vancouver.ca/20090602/documents/regu20090602min.pdf,20240727063913,https://web.archive.org/web/20240727063913id_/https://council.vancouver.ca/20090602/documents/regu20090602min.pdf,application/pdf,78646,03c782dca71e70644c20f2ccd94e4ac922801fee20130cf7d64d474213b9bb54
2009-06-02,ttra20090602min.pdf,ttra,Standing Committee on Transportation and Traffic,,https://council.vancouver.ca/20090602/documents/ttra20090602min.pdf,20211026204725,https://web.archive.org/web/20211026204725id_/https://council.vancouver.ca/20090602/documents/ttra20090602min.pdf,application/pdf,74690,2e95dadc9b51086844f6996383535f827c77e21daa6f463efb663e2915164c7d
2009-06-11,csbmins.pdf,csb,Standing Committee on City Services and Budgets,,https://council.vancouver.ca/20090611/documents/csbmins.pdf,20191105122222,https://web.archive.org/web/20191105122222id_/https://council.vancouver.ca/20090611/documents/csbmins.pdf,application/pdf,39292,1c2d1515500c5d251567892fe419217c695b164738d9058ca8e80d96ee870756
2009-06-11,penv20090611min.pdf,penv,Standing Committee on Planning and Environment,,https://council.vancouver.ca/20090611/documents/penv20090611min.pdf,20250814140657,https://web.archive.org/web/20250814140657id_/https://council.vancouver.ca/20090611/documents/penv20090611min.pdf,application/pdf,42565,9422e50c1b549206f170b13c4d86061635c474a2c4ba6bcb34a37514e5c60afa
2009-06-16,phea20090616min.pdf,phea,Public Hearing,,https://council.vancouver.ca/20090616/documents/phea20090616min.pdf,20240706164031,https://web.archive.org/web/20240706164031id_/https://council.vancouver.ca/20090616/documents/phea20090616min.pdf,application/pdf,41743,86b9fec8c1a3bfab9a3bcdcfe4669ac88985f06c1b89cc7a213ef57b9e1bd543
2009-06-16,regu20090616min.pdf,regu,Regular Council,,https://council.vancouver.ca/20090616/documents/regu20090616min.pdf,20191105235346,https://web.archive.org/web/20191105235346id_/https://council.vancouver.ca/20090616/documents/regu20090616min.pdf,application/pdf,75223,38f29b28d62d43cbb804422759a59bd5b6da82c7173b3f3dd8532a94992dd7ca
2009-06-18,penv20090618min.pdf,penv,Standing Committee on Planning and Environment,,https://council.vancouver.ca/20090618/documents/penv20090618min.pdf,20191105031219,https://web.archive.org/web/20191105031219id_/https://council.vancouver.ca/20090618/documents/penv20090618min.pdf,application/pdf,79370,7cf1f7bc0e3189c0a5bb0854b4b828ee85537e9dd2530e97cd56dba89676f704
2009-07-09,csbuminutes.pdf,csbu,Standing Committee on City Services and Budgets,,https://council.vancouver.ca/20090709/documents/csbuminutes.pdf,20240510143108,https://web.archive.org/web/20240510143108id_/https://council.vancouver.ca/20090709/documents/csbuminutes.pdf,application/pdf,47294,edaf506498138ea65457123dc4d3ecfa1ca9ea42487ad618c085d83bfa96f6dd
2009-07-21,phea20090721min.pdf,phea,Public Hearing,,https://council.vancouver.ca/20090721/documents/phea20090721min.pdf,20240423173557,https://web.archive.org/web/20240423173557id_/https://council.vancouver.ca/20090721/documents/phea20090721min.pdf,application/pdf,61140,d98f8ffe9d4e3af3884f17be2877328eb121afb1c028d0714ed792d1338f39a8
2009-07-28,csbu20090728min.pdf,csbu,Standing Committee on City Services and Budgets,,https://council.vancouver.ca/20090728/documents/csbu20090728min.pdf,20240620080342,https://web.archive.org/web/20240620080342id_/https://council.vancouver.ca/20090728/documents/csbu20090728min.pdf,application/pdf,59914,7398c1899af15d9c45241d096f253db206076fb80e5e72d15ace5f7203865d36
2009-07-28,regu20090728min.pdf,regu,Regular Council,,https://council.vancouver.ca/20090728/documents/regu20090728min.pdf,20191105234123,https://web.archive.org/web/20191105234123id_/https://council.vancouver.ca/20090728/documents/regu20090728min.pdf,application/pdf,50026,f343a100b659e9a5ade1758290da975de446abcaab779726f01e4a3b074146c7
2009-09-08,phea20090908min.pdf,phea,Public Hearing,,https://council.vancouver.ca/20090908/documents/phea20090908min.pdf,20191105154825,https://web.archive.org/web/20191105154825id_/https://council.vancouver.ca/20090908/documents/phea20090908min.pdf,application/pdf,35428,3699b7195c8bd53900bfa4b21a321e55e4b5df7bc3c79444ceeb706a4ad7d6be
2009-09-08,regu20090908min.pdf,regu,Regular Council,,https://council.vancouver.ca/20090908/documents/regu20090908min.pdf,20220701173047,https://web.archive.org/web/20220701173047id_/https://council.vancouver.ca/20090908/documents/regu20090908min.pdf,application/pdf,63657,187433737516b8c6030bf657352f41793837e08bb39046ad2d5632489d530b2b
2009-10-06,phea20091006min.pdf,phea,Public Hearing,,https://council.vancouver.ca/20091006/documents/phea20091006min.pdf,20220701173101,https://web.archive.org/web/20220701173101id_/https://council.vancouver.ca/20091006/documents/phea20091006min.pdf,application/pdf,78690,147e3f32bb8cdb6e9c87561b0aae3a20e2b0c7da9df8c66ce671b9b03b6cd438
2009-10-08,penv20091008minutes.pdf,penv,Standing Committee on Planning and Environment,,https://council.vancouver.ca/20091008/documents/penv20091008minutes.pdf,20250904023812,https://web.archive.org/web/20250904023812id_/https://council.vancouver.ca/20091008/documents/penv20091008minutes.pdf,application/pdf,37410,e69dcb5829973c50cc5bf5ac7f4a7fe2178e2ef6d1cf6a9640b9193e5e09e1f3
2009-10-20,penv20091008minutes.pdf,penv,Standing Committee on Planning and Environment,,https://council.vancouver.ca/20091020/documents/penv20091008minutes.pdf,20240719193433,https://web.archive.org/web/20240719193433id_/https://council.vancouver.ca/20091020/documents/penv20091008minutes.pdf,application/pdf,37410,840754419aefcc4d2f685ae0d0514a6c3af82bd8a184ad79066bf94e27b7bab8
2009-10-20,regu20091020min.pdf,regu,Regular Council,,https://council.vancouver.ca/20091020/documents/regu20091020min.pdf,20191105021650,https://web.archive.org/web/20191105021650id_/https://council.vancouver.ca/20091020/documents/regu20091020min.pdf,application/pdf,67215,992a1248092d0a14aba81b269c3415d0e3c1411e5fad84d86820c264c6aff64d
2009-10-20,ttra20091006min.pdf,ttra,Standing Committee on Transportation and Traffic,,https://council.vancouver.ca/20091020/documents/ttra20091006min.pdf,20240721124015,https://web.archive.org/web/20240721124015id_/https://council.vancouver.ca/20091020/documents/ttra20091006min.pdf,application/pdf,52886,8b9a369e0979f6938cb8b63a331214452d51a3cc74603ab52d12bc6aa90ff4ae
2009-10-22,crev20091022min.pdf,crev,Court of Revision,,https://council.vancouver.ca/20091022/documents/crev20091022min.pdf,20240730113657,https://web.archive.org/web/20240730113657id_/https://council.vancouver.ca/20091022/documents/crev20091022min.pdf,application/pdf,38487,334c2cabd028ce0a01ac304be4f1329f4b4b6357cde1929117a97789d2456141
2009-10-22,csbu20091022min.pdf,csbu,Standing Committee on City Services and Budgets,,https://council.vancouver.ca/20091022/documents/csbu20091022min.pdf,20191105155038,https://web.archive.org/web/20191105155038id_/https://council.vancouver.ca/20091022/documents/csbu20091022min.pdf,application/pdf,64617,b2f4a3072f58473f0624e1dc159cc31385c98e89fcea97657bacce6bb17d6d9b
2009-10-22,penv20091022min.pdf,penv,Standing Committee on Planning and Environment,,https://council.vancouver.ca/20091022/documents/penv20091022min.pdf,20191105154817,https://web.archive.org/web/20191105154817id_/https://council.vancouver.ca/20091022/documents/penv20091022min.pdf,application/pdf,41629,72450ec65791e94539e928446ffc3db7704657d04137be2cdf40c6832e374e37
2009-11-03,phea20091103min.pdf,phea,Public Hearing,,https://council.vancouver.ca/20091103/documents/phea20091103min.pdf,20220701173050,https://web.archive.org/web/20220701173050id_/https://council.vancouver.ca/20091103/documents/phea20091103min.pdf,application/pdf,74524,2358235ca01e6564a8c38b14b11affbce19033c0b9cdb7d49e901ff41cb5eb98
2009-11-03,ttra20091103min.pdf,ttra,Standing Committee on Transportation and Traffic,,https://council.vancouver.ca/20091103/documents/ttra20091103min.pdf,20191105022108,https://web.archive.org/web/20191105022108id_/https://council.vancouver.ca/20091103/documents/ttra20091103min.pdf,application/pdf,69151,c6fa1132ea32f59839890900f259d9e69cfcabce64e32de1556b57a2c99d1b21
2009-11-17,regu20091117min.pdf,regu,Regular Council,,https://council.vancouver.ca/20091117/documents/regu20091117min.pdf,20220701173121,https://web.archive.org/web/20220701173121id_/https://council.vancouver.ca/20091117/documents/regu20091117min.pdf,application/pdf,71543,2e0de851fd97f575e2c2959d5ede056be19bcf42fc7e24a5ccdf5592d866d86f
2009-11-19,csbu20091119min.pdf,csbu,Standing Committee on City Services and Budgets,,https://council.vancouver.ca/20091119/documents/csbu20091119min.pdf,20220701173122,https://web.archive.org/web/20220701173122id_/https://council.vancouver.ca/20091119/documents/csbu20091119min.pdf,application/pdf,95622,9d5cb9b191b5898b269e9862d4193e63c0ba220b99556629ea8d78ee33be52be
2009-11-19,penv20091119min.pdf,penv,Standing Committee on Planning and Environment,,https://council.vancouver.ca/20091119/documents/penv20091119min.pdf,20220701173203,https://web.archive.org/web/20220701173203id_/https://council.vancouver.ca/20091119/documents/penv20091119min.pdf,application/pdf,52456,c9c0e7b466dfe4acf5e0ec46b65fb2d51c4e57968ced8af5c7593933759378a8
2009-12-01,regu20091201min.pdf,regu,Regular Council,,https://council.vancouver.ca/20091201/documents/regu20091201min.pdf,20220701173057,https://web.archive.org/web/20220701173057id_/https://council.vancouver.ca/20091201/documents/regu20091201min.pdf,application/pdf,106141,e7e6d2ce47973e34616b98533294c32614a4c8c9cff3785796e56d077dac73a0
2009-12-03,spec20091203min.pdf,spec,Special Council,,https://council.vancouver.ca/20091203/documents/spec20091203min.pdf,20191105021657,https://web.archive.org/web/20191105021657id_/https://council.vancouver.ca/20091203/documents/spec20091203min.pdf,application/pdf,28561,35e414638cf6f6862ab7367c976fd88ef15380c33edf61673a78c023affd0f1d
2009-12-15,phea20091103min.pdf,phea,Public Hearing,,https://council.vancouver.ca/20091215/documents/phea20091103min.pdf,20240721234237,https://web.archive.org/web/20240721234237id_/https://council.vancouver.ca/20091215/documents/phea20091103min.pdf,application/pdf,74526,245fb40d89564096b93233662b8e9d4ce47d798e2a3385868becfb55234902ee
2009-12-15,regu20091215min.pdf,regu,Regular Council,,https://council.vancouver.ca/20091215/documents/regu20091215min.pdf,20240421041402,https://web.archive.org/web/20240421041402id_/https://council.vancouver.ca/20091215/documents/regu20091215min.pdf,application/pdf,122675,976a3a9ea9f3017950fb4e15a548e5abb2469332c6f4403e65048fc6e3a7a62a
2009-12-15,spec20091215min.pdf,spec,Special Council,,https://council.vancouver.ca/20091215/documents/spec20091215min.pdf,20240728045117,https://web.archive.org/web/20240728045117id_/https://council.vancouver.ca/20091215/documents/spec20091215min.pdf,application/pdf,25589,1f460bcf46c6f023e65d5e4e83a3a0e55c562befffacfc2dd9721b072d621139
2009-12-18,spec20091218min.pdf,spec,Special Council,,https://council.vancouver.ca/20091218/documents/spec20091218min.pdf,20191105021702,https://web.archive.org/web/20191105021702id_/https://council.vancouver.ca/20091218/documents/spec20091218min.pdf,application/pdf,34535,abde84c84ae0fa683c22b0b6d4c7dadf2f88792ca4406e729b227b8894bb028f
2010-01-19,phea20100119min.pdf,phea,Public Hearing,,https://council.vancouver.ca/20100119/documents/phea20100119min.pdf,20220701173029,https://web.archive.org/web/20220701173029id_/https://council.vancouver.ca/20100119/documents/phea20100119min.pdf,application/pdf,73699,c7bb66b626374f7a64ddf8cd537a3de8341eb95bcfbd07c989ce0be1d0f97ca7
2010-01-19,ttramin.pdf,ttra,Standing Committee on Transportation and Traffic,,https://council.vancouver.ca/20100119/documents/ttramin.pdf,20191105234822,https://web.archive.org/web/20191105234822id_/https://council.vancouver.ca/20100119/documents/ttramin.pdf,application/pdf,41321,fda9d18cfaa00497fd7d7617101be2e801fbabcfc32048b9336726ee53fe127b
2010-01-19,ttraminutes.pdf,ttra,Standing Committee on Transportation and Traffic,,https://council.vancouver.ca/20100119/documents/ttraminutes.pdf,20230523155856,https://web.archive.org/web/20230523155856id_/https://council.vancouver.ca/20100119/documents/ttraminutes.pdf,application/pdf,41237,0da506c4171b00489f1efbba730590238b6b38d4cf4f6062d64cfb594e1a57a2
2010-01-21,penv20100110min.pdf,penv,Standing Committee on Planning and Environment,,https://council.vancouver.ca/20100121/documents/penv20100110min.pdf,20220701173132,https://web.archive.org/web/20220701173132id_/https://council.vancouver.ca/20100121/documents/penv20100110min.pdf,application/pdf,360031,f38422fda85d30c79eca1384e2cb25dae51d0e5ccaad796fe06f8eb9557e21e6
2010-01-22,penv20100122min.pdf,penv,Standing Committee on Planning and Environment,,https://council.vancouver.ca/20100122/documents/penv20100122min.pdf,20191105234823,https://web.archive.org/web/20191105234823id_/https://council.vancouver.ca/20100122/documents/penv20100122min.pdf,application/pdf,73322,46254fc878a57c68c8ef8a582ba46e8757ebcfa524919208fc5df9ec0a8d732a
2010-01-22,penvminutes.pdf,penv,Standing Committee on Planning and Environment,,https://council.vancouver.ca/20100122/documents/penvminutes.pdf,20240918225119,https://web.archive.org/web/20240918225119id_/https://council.vancouver.ca/20100122/documents/penvminutes.pdf,application/pdf,73542,da4641c98360c01623cc1682429db31714aef093f94c018ef270b571a5431b31
2010-01-26,spec20100126min.pdf,spec,Special Council,,https://council.vancouver.ca/20100126/documents/spec20100126min.pdf,20240919013554,https://web.archive.org/web/20240919013554id_/https://council.vancouver.ca/20100126/documents/spec20100126min.pdf,application/pdf,84802,dd8b62b515c137608a02d0ee15d6584d399231d1466fa3d21e8814ce16e8b7bd
2010-02-04,csbu20100204min.pdf,csbu,Standing Committee on City Services and Budgets,,https://council.vancouver.ca/20100204/documents/csbu20100204min.pdf,20240714014337,https://web.archive.org/web/20240714014337id_/https://council.vancouver.ca/20100204/documents/csbu20100204min.pdf,application/pdf,68944,a39c3959a88315b03fa0ba779a329465ba5b9bbd415c9be5ef1eb3de362c4ee4
2010-02-04,penv20100204min.pdf,penv,Standing Committee on Planning and Environment,,https://council.vancouver.ca/20100204/documents/penv20100204min.pdf,20240730112031,https://web.archive.org/web/20240730112031id_/https://council.vancouver.ca/20100204/documents/penv20100204min.pdf,application/pdf,56997,aa688fbd59e98505568dbd54e7e953ec1e1e5c48070a26c12bf105ef560e02d3
2010-03-02,regu20100302min.pdf,regu,Regular Council,,https://council.vancouver.ca/20100302/documents/regu20100302min.pdf,20240716132618,https://web.archive.org/web/20240716132618id_/https://council.vancouver.ca/20100302/documents/regu20100302min.pdf,application/pdf,59025,6e2351a07a8af56462647f02311e2f614f40f3f21664c85469d002591b208606
2010-03-04,cphe20100304min.pdf,cphe,,,https://council.vancouver.ca/20100304/documents/cphe20100304min.pdf,20240715002909,https://web.archive.org/web/20240715002909id_/https://council.vancouver.ca/20100304/documents/cphe20100304min.pdf,application/pdf,39801,8c644ee39ed2f2ce96bce6ee7d9c2f6d0edc0077671ccb11ac9038c01a701dca
2010-03-04,csbu20100304min.pdf,csbu,Standing Committee on City Services and Budgets,,https://council.vancouver.ca/20100304/documents/csbu20100304min.pdf,20240715034655,https://web.archive.org/web/20240715034655id_/https://council.vancouver.ca/20100304/documents/csbu20100304min.pdf,application/pdf,53566,90c1d3d5ee092c46fc77eb17fefa1265b0ecb109001bc8da1891bc8f11648237
2010-03-23,phea20100323min.pdf,phea,Public Hearing,,https://council.vancouver.ca/20100323/documents/phea20100323min.pdf,20220701173303,https://web.archive.org/web/20220701173303id_/https://council.vancouver.ca/20100323/documents/phea20100323min.pdf,application/pdf,48668,38fec8d433049d1a7f76de3a6da305d17bd6818317e5833ae4ffb8e0e78d9735
2010-03-23,regu20100323min.pdf,regu,Regular Council,,https://council.vancouver.ca/20100323/documents/regu20100323min.pdf,20240301042149,https://web.archive.org/web/20240301042149id_/https://council.vancouver.ca/20100323/documents/regu20100323min.pdf,application/pdf,66938,88d9af867c303aab1f9e0e329a552d46bad8460e62f08e66af59aef3cd73b913
2010-03-25,penv20100325min.pdf,penv,Standing Committee on Planning and Environment,,https://council.vancouver.ca/20100325/documents/penv20100325min.pdf,20221209105610,https://web.archive.org/web/20221209105610id_/https://council.vancouver.ca/20100325/documents/penv20100325min.pdf,application/pdf,60488,cd9f76dc634885a6c2fc323e25ed6753e7846cfa2ce5046b1016ee492a8170f6
2010-05-18,pheaminutes.pdf,phea,Public Hearing,,https://council.vancouver.ca/20100518/documents/pheaminutes.pdf,20240513040220,https://web.archive.org/web/20240513040220id_/https://council.vancouver.ca/20100518/documents/pheaminutes.pdf,application/pdf,111522,5b37e8bcc808b75eab9cfac09b0147996b98d68f5e8e76bb069e4ab43354e418
2010-06-22,phea20100622min.pdf,phea,Public Hearing,,https://council.vancouver.ca/20100622/documents/phea20100622min.pdf,20220701173131,https://web.archive.org/web/20220701173131id_/https://council.vancouver.ca/20100622/documents/phea20100622min.pdf,application/pdf,110843,fa36c222962c412bfaaa1655a7737d4727d35265b5a730e1a455740e3662d9ad
2010-07-05,spec20100705min.pdf,spec,Special Council,,https://council.vancouver.ca/20100705/documents/spec20100705min.pdf,20250912075047,https://web.archive.org/web/20250912075047id_/https://council.vancouver.ca/20100705/documents/spec20100705min.pdf,application/pdf,37478,f65cb2d7ae143dc2410e6f70b0e59a8786a4fdaa02fa535b195b71e6bcd52644
2010-07-06,minutes2.pdf,,Council,2,https://council.vancouver.ca/20100706/documents/minutes2.pdf,20210505123612,https://web.archive.org/web/20210505123612id_/https://council.vancouver.ca/20100706/documents/minutes2.pdf,application/pdf,69454,5c1ea601a54af79836df2f49a6abdf298fc0d2484613a92775911009677964f1
2010-07-06,regu20100706min.pdf,regu,Regular Council,,https://council.vancouver.ca/20100706/documents/regu20100706min.pdf,20250422065050,https://web.archive.org/web/20250422065050id_/https://council.vancouver.ca/20100706/documents/regu20100706min.pdf,application/pdf,54223,cb3c2a0dd866aafd60460aaef2f9115be0855be8fb75b75c3cb0c95f41d0e2ae
2010-07-08,penv20100708min.pdf,penv,Standing Committee on Planning and Environment,,https://council.vancouver.ca/20100708/documents/penv20100708min.pdf,20240627202549,https://web.archive.org/web/20240627202549id_/https://council.vancouver.ca/20100708/documents/penv20100708min.pdf,application/pdf,58491,6c815ee31bed3478f375b2b4aefa25bc71b89a0085828b08ef3adc0f57be8bec
2010-07-20,minutes1.pdf,,Council,1,https://council.vancouver.ca/20100720/documents/minutes1.pdf,20220325123604,https://web.archive.org/web/20220325123604id_/https://council.vancouver.ca/20100720/documents/minutes1.pdf,application/pdf,99415,a4896f828d8f6d1bfd98422b0ccbda4b73b38f743f9faf74db1a901e5ca32d54
2010-07-20,minutes2.pdf,,Council,2,https://council.vancouver.ca/20100720/documents/minutes2.pdf,20220325123554,https://web.archive.org/web/20220325123554id_/https://council.vancouver.ca/20100720/documents/minutes2.pdf,application/pdf,36486,0f90952f4b5a36fe91eae65fd9b3eff5bd9852b4820159d2ab57cae72c186e60
2010-07-20,minutes3.pdf,,Council,3,https://council.vancouver.ca/20100720/documents/minutes3.pdf,20220325123651,https://web.archive.org/web/20220325123651id_/https://council.vancouver.ca/20100720/documents/minutes3.pdf,application/pdf,54227,6d1636191d9937ee8c24e2df002dfeb9b63b0207c275a889f53eba5d6e1bdc08
2010-07-20,minutes4.pdf,,Council,4,https://council.vancouver.ca/20100720/documents/minutes4.pdf,20220325123702,https://web.archive.org/web/20220325123702id_/https://council.vancouver.ca/20100720/documents/minutes4.pdf,application/pdf,55528,5d7dd98c5347a6d6bd66df35b25268a79d9f1a62f72a9be1af4e476b80c0e1bf
2010-07-20,pheaminutes.pdf,phea,Public Hearing,,https://council.vancouver.ca/20100720/documents/pheaminutes.pdf,20220701173101,https://web.archive.org/web/20220701173101id_/https://council.vancouver.ca/20100720/documents/pheaminutes.pdf,application/pdf,129183,3d383680d178a49719733ff4a8cda7815e12f577598b60feb09f768f7aedbbd9
2010-07-20,regu20100720min.pdf,regu,Regular Council,,https://council.vancouver.ca/20100720/documents/regu20100720min.pdf,20220325123525,https://web.archive.org/web/20220325123525id_/https://council.vancouver.ca/20100720/documents/regu20100720min.pdf,application/pdf,133818,aa93b70cafe3cb7642586c57d7816b5427b7c7ea2d5d2c18decfdad8d78cb0d7
2010-09-21,reguminutes.pdf,regu,Regular Council,,https://council.vancouver.ca/20100921/documents/reguminutes.pdf,20240518111228,https://web.archive.org/web/20240518111228id_/https://council.vancouver.ca/20100921/documents/reguminutes.pdf,application/pdf,92680,955208fcdd919c9b46064a013e35ea67d0f30371d9f3af06c5c04bc10871d740
2010-09-23,csbu20100923min.pdf,csbu,Standing Committee on City Services and Budgets,,https://council.vancouver.ca/20100923/documents/csbu20100923min.pdf,20240517184910,https://web.archive.org/web/20240517184910id_/https://council.vancouver.ca/20100923/documents/csbu20100923min.pdf,application/pdf,65363,d942ace9c223a7e90980c06ff123f153a77b6da7dc829e9db1bef27f58c6794a
2010-09-23,penvminutes.pdf,penv,Standing Committee on Planning and Environment,,https://council.vancouver.ca/20100923/documents/penvminutes.pdf,20240518143855,https://web.archive.org/web/20240518143855id_/https://council.vancouver.ca/20100923/documents/penvminutes.pdf,application/pdf,49102,90130fa55c26f78d743c96ca0750fdfb744fdd3ceb1e68d084724fe4d64d26ae
2010-10-05,regu20101005min.pdf,regu,Regular Council,,https://council.vancouver.ca/20101005/documents/regu20101005min.pdf,20240518012040,https://web.archive.org/web/20240518012040id_/https://council.vancouver.ca/20101005/documents/regu20101005min.pdf,application/pdf,51245,831f6df0662a5f97e63e3936784898f680f245921fc7b165cd979e038810f78b
2010-10-19,pheaminutes.pdf,phea,Public Hearing,,https://council.vancouver.ca/20101019/documents/pheaminutes.pdf,20220701173135,https://web.archive.org/web/20220701173135id_/https://council.vancouver.ca/20101019/documents/pheaminutes.pdf,application/pdf,100244,ad222a009b017c4e26c1d7661dabb4a13952122f98b63b0b0537e47a2c48f54f
2010-10-19,regu20101019min.pdf,regu,Regular Council,,https://council.vancouver.ca/20101019/documents/regu20101019min.pdf,20191105021619,https://web.archive.org/web/20191105021619id_/https://council.vancouver.ca/20101019/documents/regu20101019min.pdf,application/pdf,86304,48e6cfd733ad6b9efbfa37e2ea961697c15df992ec7afe7f84575cc2b65bfe85
2010-11-02,regu20101102minutes.pdf,regu,Regular Council,,https://council.vancouver.ca/20101102/documents/regu20101102minutes.pdf,20191105235334,https://web.archive.org/web/20191105235334id_/https://council.vancouver.ca/20101102/documents/regu20101102minutes.pdf,application/pdf,48830,5f454dc8f1a31691188d88f41c5318795e53fa929570dc343987a1e4abaf1f8e
2010-11-04,csbu20101104min.pdf,csbu,Standing Committee on City Services and Budgets,,https://council.vancouver.ca/20101104/documents/csbu20101104min.pdf,20191016101655,https://web.archive.org/web/20191016101655id_/https://council.vancouver.ca/20101104/documents/csbu20101104min.pdf,application/pdf,41520,2d7a7fdfab104b62807f9d7d5979eefa196c1eb48edf71948e28345302b19089
2010-11-04,penv20101104min.pdf,penv,Standing Committee on Planning and Environment,,https://council.vancouver.ca/20101104/documents/penv20101104min.pdf,20191016103041,https://web.archive.org/web/20191016103041id_/https://council.vancouver.ca/20101104/documents/penv20101104min.pdf,application/pdf,77044,04b0d59cecf15d73efebc8b1d2b0975b6d65ffecd557ee8f543a49bd4ad1e020
2010-11-16,phea20101116min.pdf,phea,Public Hearing,,https://council.vancouver.ca/20101116/documents/phea20101116min.pdf,20250516012013,https://web.archive.org/web/20250516012013id_/https://council.vancouver.ca/20101116/documents/phea20101116min.pdf,application/pdf,258315,3d3ba67497dc26f1717c9bfc80340fa70fbced988dd05a5c48acc8284a2abde0
2010-11-16,regu20101116min.pdf,regu,Regular Council,,https://council.vancouver.ca/20101116/documents/regu20101116min.pdf,20250515032746,https://web.archive.org/web/20250515032746id_/https://council.vancouver.ca/20101116/documents/regu20101116min.pdf,application/pdf,56346,e51b384379fc93f13b95e58ae0c1321f78b53dd1cf8882fb9f7f44c74dcdd555
2010-11-18,csbuminutes.pdf,csbu,Standing Committee on City Services and Budgets,,https://council.vancouver.ca/20101118/documents/csbuminutes.pdf,20250515032634,https://web.archive.org/web/20250515032634id_/https://council.vancouver.ca/20101118/documents/csbuminutes.pdf,application/pdf,81002,534aff38c61c8965fb2df124cbd6ca3539d8484f4ff668c06982462dbcf95df8
2010-11-18,penv20101118min.pdf,penv,Standing Committee on Planning and Environment,,https://council.vancouver.ca/20101118/documents/penv20101118min.pdf,20250515035226,https://web.archive.org/web/20250515035226id_/https://council.vancouver.ca/20101118/documents/penv20101118min.pdf,application/pdf,37191,d1a7f0573b868b311fa9029bc6fdbfd1bea280b69af1f02227867de52aa6a43b
2010-11-30,regu20101130min.pdf,regu,Regular Council,,https://council.vancouver.ca/20101130/documents/regu20101130min.pdf,20250515041244,https://web.archive.org/web/20250515041244id_/https://council.vancouver.ca/20101130/documents/regu20101130min.pdf,application/pdf,64866,b52d1fbe5ceb4f3714a27e4c2a195e269d9dd4b827b3084f2abe7973bf84330b
2010-12-02,csbu20101202min.pdf,csbu,Standing Committee on City Services and Budgets,,https://council.vancouver.ca/20101202/documents/csbu20101202min.pdf,20251110012211,https://web.archive.org/web/20251110012211id_/https://council.vancouver.ca/20101202/documents/csbu20101202min.pdf,application/pdf,73662,24caa8cbb86d51ec8f1886670d9b72d61d33094096ddd5de51c1f542209b15cb
2010-12-02,penv20101202min.pdf,penv,Standing Committee on Planning and Environment,,https://council.vancouver.ca/20101202/documents/penv20101202min.pdf,20230712235204,https://web.archive.org/web/20230712235204id_/https://council.vancouver.ca/20101202/documents/penv20101202min.pdf,application/pdf,61049,44d21844e02e027bd92a8557e976a95ef574fe47feb5459e20949d8d51cac6c9
2010-12-02,specminutes.pdf,spec,Special Council,,https://council.vancouver.ca/20101202/documents/specminutes.pdf,20250613130142,https://web.archive.org/web/20250613130142id_/https://council.vancouver.ca/20101202/documents/specminutes.pdf,application/pdf,46773,858d42ec050f1ed82629c853cbc224afaf1144a03cc8f7a49a4c7a32629061e8
2010-12-14,phea20101214min.pdf,phea,Public Hearing,,https://council.vancouver.ca/20101214/documents/phea20101214min.pdf,20220701173057,https://web.archive.org/web/20220701173057id_/https://council.vancouver.ca/20101214/documents/phea20101214min.pdf,application/pdf,63162,6526f6fa9a431d14305ea8b906ee826ed28be5557ff7d5be7e6a4d84d76efd5a
2010-12-14,regu20101214min.pdf,regu,Regular Council,,https://council.vancouver.ca/20101214/documents/regu20101214min.pdf,20230712235041,https://web.archive.org/web/20230712235041id_/https://council.vancouver.ca/20101214/documents/regu20101214min.pdf,application/pdf,102930,64029dd1a19f8fd886d15be8cf7f7cdf5a4f91707907b61b91dad6d0dc0a8526
2011-01-18,phea20110118min.pdf,phea,Public Hearing,,https://council.vancouver.ca/20110118/documents/phea20110118min.pdf,20220701173128,https://web.archive.org/web/20220701173128id_/https://council.vancouver.ca/20110118/documents/phea20110118min.pdf,application/pdf,81770,11a53369a30236abe6ec30449f7a1db826e818c382804e64486965418653da1f
2011-01-18,regu20110118min.pdf,regu,Regular Council,,https://council.vancouver.ca/20110118/documents/regu20110118min.pdf,20251231203654,https://web.archive.org/web/20251231203654id_/https://council.vancouver.ca/20110118/documents/regu20110118min.pdf,application/pdf,72918,146f37fe269cc506f27f3b9a7be77d0e802e5ca921048f0de4a0321d94d6702a
2011-01-20,csbu20110120min.pdf,csbu,Standing Committee on City Services and Budgets,,https://council.vancouver.ca/20110120/documents/csbu20110120min.pdf,20250516014439,https://web.archive.org/web/20250516014439id_/https://council.vancouver.ca/20110120/documents/csbu20110120min.pdf,application/pdf,78831,9f176def0ef96dd798ae914143015bcb6a38768a63ed2c1b57c10675b589ee4c
2011-02-01,regu20110201min.pdf,regu,Regular Council,,https://council.vancouver.ca/20110201/documents/regu20110201min.pdf,20240305153550,https://web.archive.org/web/20240305153550id_/https://council.vancouver.ca/20110201/documents/regu20110201min.pdf,application/pdf,47520,633dcdcf9912b97783682218486fa42424ca48c53804f3742324d4547fc8a781
2011-02-03,csbuminutes.pdf,csbu,Standing Committee on City Services and Budgets,,https://council.vancouver.ca/20110203/documents/csbuminutes.pdf,20250502042826,https://web.archive.org/web/20250502042826id_/https://council.vancouver.ca/20110203/documents/csbuminutes.pdf,application/pdf,44100,4b1494d803abe4b4a4322774dc4087034cbb90a709811ba5bac5a51101b68ac2
2011-02-17,phea20110217min.pdf,phea,Public Hearing,,https://council.vancouver.ca/20110217/documents/phea20110217min.pdf,20220130053457,https://web.archive.org/web/20220130053457id_/https://council.vancouver.ca/20110217/documents/phea20110217min.pdf,application/pdf,127137,90dd50cc867972eaddbfd6d8994e0eb3ed8c6f6067d952081f93f98713a63b51
2011-03-03,penv20110303min.pdf,penv,Standing Committee on Planning and Environment,,https://council.vancouver.ca/20110303/documents/penv20110303min.pdf,20241209111643,https://web.archive.org/web/20241209111643id_/https://council.vancouver.ca/20110303/documents/penv20110303min.pdf,application/pdf,42514,aad0dfd647f47711e89e1c09e7882110ad8df8d8ce11b8e38a404c2c3f0f610a
2011-03-15,phea20110315min.pdf,phea,Public Hearing,,https://council.vancouver.ca/20110315/documents/phea20110315min.pdf,20220701173047,https://web.archive.org/web/20220701173047id_/https://council.vancouver.ca/20110315/documents/phea20110315min.pdf,application/pdf,91293,8efe9aa7438b4ccd3b764ddd05f8149d3b75ea482ef2b47d90ba94a1806c0edb
2011-03-17,phea20110317min.pdf,phea,Public Hearing,,https://council.vancouver.ca/20110317/documents/phea20110317min.pdf,20240918212144,https://web.archive.org/web/20240918212144id_/https://council.vancouver.ca/20110317/documents/phea20110317min.pdf,application/pdf,43167,02d242fab39def5b10261af2eb5837e3c184b106f41d61273ab16640ee701ff1
2011-04-05,regu20110405min.pdf,regu,Regular Council,,https://council.vancouver.ca/20110405/documents/regu20110405min.pdf,20220701173144,https://web.archive.org/web/20220701173144id_/https://council.vancouver.ca/20110405/documents/regu20110405min.pdf,application/pdf,47686,977b71e2510ba51c8ede8e632c1002818c6ac63971e3f71d40f8b679da30dd6c
2011-04-07,penvminutes.pdf,penv,Standing Committee on Planning and Environment,,https://council.vancouver.ca/20110407/documents/penvminutes.pdf,20241112152430,https://web.archive.org/web/20241112152430id_/https://council.vancouver.ca/20110407/documents/penvminutes.pdf,application/pdf,61813,b7a0ab9bc1c471496f64b03fa64c5f3d87a4d52597b22c643824c56636959413
2011-04-19,regu20110419min.pdf,regu,Regular Council,,https://council.vancouver.ca/20110419/documents/regu20110419min.pdf,20220701173132,https://web.archive.org/web/20220701173132id_/https://council.vancouver.ca/20110419/documents/regu20110419min.pdf,application/pdf,147235,9e0825d8cf388bbae78a6184682ae4c309279ade67815f065a29c1821c14c0bd
2011-04-19,spec20110412min.pdf,spec,Special Council,,https://council.vancouver.ca/20110419/documents/spec20110412min.pdf,20220701173253,https://web.archive.org/web/20220701173253id_/https://council.vancouver.ca/20110419/documents/spec20110412min.pdf,application/pdf,51992,3527bcd1e784a0542367a682929242f27aa847b504d87d310bf4f9657cd65b57
2011-04-21,phea20110421min.pdf,phea,Public Hearing,,https://council.vancouver.ca/20110421/documents/phea20110421min.pdf,20220701173147,https://web.archive.org/web/20220701173147id_/https://council.vancouver.ca/20110421/documents/phea20110421min.pdf,application/pdf,76836,769ce4bd4009aef72d7e737ac8c74464f6a784f0cc61923f2d6f584b94621b2d
2011-05-05,csbu20110505min.pdf,csbu,Standing Committee on City Services and Budgets,,https://council.vancouver.ca/20110505/documents/csbu20110505min.pdf,20191105234815,https://web.archive.org/web/20191105234815id_/https://council.vancouver.ca/20110505/documents/csbu20110505min.pdf,application/pdf,78970,0a3be9b419b18f8c7156bb127cecc0c0937652be5972b0851df0d065afc76ed1
2011-05-17,phea20110517min.pdf,phea,Public Hearing,,https://council.vancouver.ca/20110517/documents/phea20110517min.pdf,20220701173206,https://web.archive.org/web/20220701173206id_/https://council.vancouver.ca/20110517/documents/phea20110517min.pdf,application/pdf,99256,aa907664a4e24e9349dde3755cdaa3181397dc235d43925a6833fbe531e78b9e
2011-05-17,regu20110517min.pdf,regu,Regular Council,,https://council.vancouver.ca/20110517/documents/regu20110517min.pdf,20240722145103,https://web.archive.org/web/20240722145103id_/https://council.vancouver.ca/20110517/documents/regu20110517min.pdf,application/pdf,75678,688f3fd5726c035936e26c51273593d980542c271a064e68f42058b660b06a30
2011-05-31,regu20110531min.pdf,regu,Regular Council,,https://council.vancouver.ca/20110531/documents/regu20110531min.pdf,20251123011938,https://web.archive.org/web/20251123011938id_/https://council.vancouver.ca/20110531/documents/regu20110531min.pdf,application/pdf,50775,5d7c6f73817639ee18fc05d30ee61579a57877d77d8fdd23167245090dd6472b
2011-06-14,regu20110614min.pdf,regu,Regular Council,,https://council.vancouver.ca/20110614/documents/regu20110614min.pdf,20251121031417,https://web.archive.org/web/20251121031417id_/https://council.vancouver.ca/20110614/documents/regu20110614min.pdf,application/pdf,64856,e3fcddd899ad85da072c85c6c1cb6c87065273b07ab899dbd3f34b0859114a60
2011-06-16,phea20110616min.pdf,phea,Public Hearing,,https://council.vancouver.ca/20110616/documents/phea20110616min.pdf,20220701173106,https://web.archive.org/web/20220701173106id_/https://council.vancouver.ca/20110616/documents/phea20110616min.pdf,application/pdf,167128,074eefb6aff6447d0b1c16a765a34510a4c60ea3a1eb3c37f3dc31481279e7d6
2011-06-28,regu20110628min.pdf,regu,Regular Council,,https://council.vancouver.ca/20110628/documents/regu20110628min.pdf,20191105022235,https://web.archive.org/web/20191105022235id_/https://council.vancouver.ca/20110628/documents/regu20110628min.pdf,application/pdf,66045,b829c4e3828f8d6cfb195eef85ed5fe1364919f229a2a6b0c391249ef6a4ebfe
2011-07-12,phea20110712min.pdf,phea,Public Hearing,,https://council.vancouver.ca/20110712/documents/phea20110712min.pdf,20250903032712,https://web.archive.org/web/20250903032712id_/https://council.vancouver.ca/20110712/documents/phea20110712min.pdf,application/pdf,134098,bfa87058a78b9110bd6234d15d1536fc8da48001f543ef6e0eaa433adecda167
2011-07-12,regu20110712min.pdf,regu,Regular Council,,https://council.vancouver.ca/20110712/documents/regu20110712min.pdf,20250903032710,https://web.archive.org/web/20250903032710id_/https://council.vancouver.ca/20110712/documents/regu20110712min.pdf,application/pdf,58415,8c10f7964ab24f515b338fc6e52a3fee74cad58cf6d53cafe0cdc146d37b31f1
2011-07-14,csbu20110714min.pdf,csbu,Standing Committee on City Services and Budgets,,https://council.vancouver.ca/20110714/documents/csbu20110714min.pdf,20250903032714,https://web.archive.org/web/20250903032714id_/https://council.vancouver.ca/20110714/documents/csbu20110714min.pdf,application/pdf,100757,8f2266ed8b3da162fb439c942d28aa578390468e5d27b2e5ff6a46d40df6a216
2011-07-14,penvminutes.pdf,penv,Standing Committee on Planning and Environment,,https://council.vancouver.ca/20110714/documents/penvminutes.pdf,20250903032716,https://web.archive.org/web/20250903032716id_/https://council.vancouver.ca/20110714/documents/penvminutes.pdf,application/pdf,44069,dc9d32e8543ffa5f60ee3cfdf2e0d81c696429064bbd5691b047f8e7d97d4c50
2011-07-19,phea20110719min.pdf,phea,Public Hearing,,https://council.vancouver.ca/20110719/documents/phea20110719min.pdf,20250903032718,https://web.archive.org/web/20250903032718id_/https://council.vancouver.ca/20110719/documents/phea20110719min.pdf,application/pdf,176155,ebfad0602f624d43bdbf87bd0ca6565d88b5648aaa0fe9b08991560102fc7662
2011-07-26,pheaminutes.pdf,phea,Public Hearing,,https://council.vancouver.ca/20110726/documents/pheaminutes.pdf,20220701173030,https://web.archive.org/web/20220701173030id_/https://council.vancouver.ca/20110726/documents/pheaminutes.pdf,application/pdf,292203,4d1f40ec08f42bfc4d75393d7b950ef2494bda58caf4360f9ffd135f5c0db47e
2011-07-26,regu20110726min.pdf,regu,Regular Council,,https://council.vancouver.ca/20110726/documents/regu20110726min.pdf,20250903032707,https://web.archive.org/web/20250903032707id_/https://council.vancouver.ca/20110726/documents/regu20110726min.pdf,application/pdf,61098,f47041cb4bab9f888736ce08dbbcde0639259155a306249fddec122879052122
2011-07-28,csbuminutes.pdf,csbu,Standing Committee on City Services and Budgets,,https://council.vancouver.ca/20110728/documents/csbuminutes.pdf,20250903032802,https://web.archive.org/web/20250903032802id_/https://council.vancouver.ca/20110728/documents/csbuminutes.pdf,application/pdf,47570,bb5d2fb944075ac4127f367fe2e0f84cc235f92257146acb27fec2553f5ca56d
2011-07-28,penv20110728min.pdf,penv,Standing Committee on Planning and Environment,,https://council.vancouver.ca/20110728/documents/penv20110728min.pdf,20250903032622,https://web.archive.org/web/20250903032622id_/https://council.vancouver.ca/20110728/documents/penv20110728min.pdf,application/pdf,49775,086059e77508c6256c819d244f4e399009e3861e9098b8d8cfeaadb3899b5636
2011-09-06,spec20110906min.pdf,spec,Special Council,,https://council.vancouver.ca/20110906/documents/spec20110906min.pdf,20240714021757,https://web.archive.org/web/20240714021757id_/https://council.vancouver.ca/20110906/documents/spec20110906min.pdf,application/pdf,32746,012de7a64ffb1edca5b0e2cfaf01efe31ea271f7fba487714fb08f2e8409653b
2011-09-19,pheaminutes.pdf,phea,Public Hearing,,https://council.vancouver.ca/20110919/documents/pheaminutes.pdf,20220701173146,https://web.archive.org/web/20220701173146id_/https://council.vancouver.ca/20110919/documents/pheaminutes.pdf,application/pdf,138396,6c0ec5c20f03044c589b5dafce34a2039a4b29ded40bca92d1a8fafe2ef3d50b
2011-09-20,ttra20110920min.pdf,ttra,Standing Committee on Transportation and Traffic,,https://council.vancouver.ca/20110920/documents/ttra20110920min.pdf,20250214153431,https://web.archive.org/web/20250214153431id_/https://council.vancouver.ca/20110920/documents/ttra20110920min.pdf,application/pdf,36632,505d11fa5a7658688d6fa6eb88bc8e01b1eb42b30254f2444c290cb94df53d3c
2011-09-22,csbu20110922min.pdf,csbu,Standing Committee on City Services and Budgets,,https://council.vancouver.ca/20110922/documents/csbu20110922min.pdf,20260409110756,https://web.archive.org/web/20260409110756id_/https://council.vancouver.ca/20110922/documents/csbu20110922min.pdf,application/pdf,60536,371b88f762521955f8b302712658062c60643a47d7353fcc7edb0656cd5be8cc
2011-10-04,regu20111004min.pdf,regu,Regular Council,,https://council.vancouver.ca/20111004/documents/regu20111004min.pdf,20191105022222,https://web.archive.org/web/20191105022222id_/https://council.vancouver.ca/20111004/documents/regu20111004min.pdf,application/pdf,54696,60dcc0c7e501b6969d5a2e3a668cbb414fe66c28d2628c6cfcf5cf95e96f42c4
2011-10-18,phea20111018min.pdf,phea,Public Hearing,,https://council.vancouver.ca/20111018/documents/phea20111018min.pdf,20220701173207,https://web.archive.org/web/20220701173207id_/https://council.vancouver.ca/20111018/documents/phea20111018min.pdf,application/pdf,117401,591a9d052f095b73f20a444b626b0e0245357bdb2a7d29a1e2558a6ae88d3ab7
2011-11-01,phea20111101min.pdf,phea,Public Hearing,,https://council.vancouver.ca/20111101/documents/phea20111101min.pdf,20220701173119,https://web.archive.org/web/20220701173119id_/https://council.vancouver.ca/20111101/documents/phea20111101min.pdf,application/pdf,84402,c78871a57cfb86b50351f06f536cdeb8d21b46bc382d03af22c74bf089a0f572
2011-12-05,inau20111205min.pdf,inau,Inaugural Council,,https://council.vancouver.ca/20111205/documents/inau20111205min.pdf,20240809183935,https://web.archive.org/web/20240809183935id_/https://council.vancouver.ca/20111205/documents/inau20111205min.pdf,application/pdf,28623,e2dc2a46200a46165c1b6d40aa0509f780cbb6ac273811ab809431458576d4b9
2012-01-17,cfsc20120117min.pdf,cfsc,Standing Committee on City Finance and Services,,https://council.vancouver.ca/20120117/documents/cfsc20120117min.pdf,20240616165829,https://web.archive.org/web/20240616165829id_/https://council.vancouver.ca/20120117/documents/cfsc20120117min.pdf,application/pdf,66811,b93d168c63f2224f756952957c8c488f4cc4509091ced44e52e38091d447f9ae
2012-01-17,regu20120117min.pdf,regu,Regular Council,,https://council.vancouver.ca/20120117/documents/regu20120117min.pdf,20240616184819,https://web.archive.org/web/20240616184819id_/https://council.vancouver.ca/20120117/documents/regu20120117min.pdf,application/pdf,54447,59796950442e5db9d8dc3ec82b5e60ef375c546fe05f1d49561337163a037001
2012-01-18,cpah20120118min.pdf,cpah,,,https://council.vancouver.ca/20120118/documents/cpah20120118min.pdf,20240616090307,https://web.archive.org/web/20240616090307id_/https://council.vancouver.ca/20120118/documents/cpah20120118min.pdf,application/pdf,48396,67f229248901865d2965485bdb73285498256948fba7297859d688bce0fc89be
2012-01-30,phea20120130min.pdf,phea,Public Hearing,,https://council.vancouver.ca/20120130/documents/phea20120130min.pdf,20220701181856,https://web.archive.org/web/20220701181856id_/https://council.vancouver.ca/20120130/documents/phea20120130min.pdf,application/pdf,74880,52196a30495a880afc90e16705db23b2b1886ca18d0437ce36800a0aeccb5c21
2012-01-31,cfsc20120131min.pdf,cfsc,Standing Committee on City Finance and Services,,https://council.vancouver.ca/20120131/documents/cfsc20120131min.pdf,20240609094549,https://web.archive.org/web/20240609094549id_/https://council.vancouver.ca/20120131/documents/cfsc20120131min.pdf,application/pdf,73222,78be333836337d5bf9e382fa59a378b2cdbf9f7f883d2ed415c4ebf8739dce74
2012-01-31,regu20120131min.pdf,regu,Regular Council,,https://council.vancouver.ca/20120131/documents/regu20120131min.pdf,20240616092928,https://web.archive.org/web/20240616092928id_/https://council.vancouver.ca/20120131/documents/regu20120131min.pdf,application/pdf,62630,472794184ef1a55b9960400dc0ba6f19c077130b1185100560fa737955dad34b
2012-02-14,cfsc20120214min.pdf,cfsc,Standing Committee on City Finance and Services,,https://council.vancouver.ca/20120214/documents/cfsc20120214min.pdf,20240623005808,https://web.archive.org/web/20240623005808id_/https://council.vancouver.ca/20120214/documents/cfsc20120214min.pdf,application/pdf,50251,8709fbf736c88e827bc0a013d0f972001c2ac85e8f2289fefafcfba68e762ad5
2012-02-14,regu20120214min.pdf,regu,Regular Council,,https://council.vancouver.ca/20120214/documents/regu20120214min.pdf,20240622145554,https://web.archive.org/web/20240622145554id_/https://council.vancouver.ca/20120214/documents/regu20120214min.pdf,application/pdf,57798,2bc65df27f0857a0ed1cb4dd9a5575daa2d11b4a493ee8d9e44eab25dba9e54f
2012-03-05,spec20120305min.pdf,spec,Special Council,,https://council.vancouver.ca/20120305/documents/spec20120305min.pdf,20250831213430,https://web.archive.org/web/20250831213430id_/https://council.vancouver.ca/20120305/documents/spec20120305min.pdf,application/pdf,37239,e8d72bdaec90b949dc7c1bdd4bac46a267c2b51d7cebe3213ce87a30be7807ed
2012-03-26,phea20120326min.pdf,phea,Public Hearing,,https://council.vancouver.ca/20120326/documents/phea20120326min.pdf,20220701173139,https://web.archive.org/web/20220701173139id_/https://council.vancouver.ca/20120326/documents/phea20120326min.pdf,application/pdf,65231,ace98164308361cd5927625a7dd6f0d52263ba4b8ecc9c256eea2ac68330a48e
2012-03-27,cfscminutes.pdf,cfsc,Standing Committee on City Finance and Services,,https://council.vancouver.ca/20120327/documents/cfscminutes.pdf,20251012035839,https://web.archive.org/web/20251012035839id_/https://council.vancouver.ca/20120327/documents/cfscminutes.pdf,application/pdf,51937,3ce1b8597608f5e7df744f29685ee8699a1f53a6d6fce9da2a17784091081848
2012-03-27,regu20120327min.pdf,regu,Regular Council,,http://council.vancouver.ca/20120327/documents/regu20120327min.pdf,20161103005334,https://web.archive.org/web/20161103005334id_/http://council.vancouver.ca/20120327/documents/regu20120327min.pdf,application/pdf,70412,9f8e9ee492421b0c1a4d858fff70b823b568b320938903a351ed23c3628b472c
2012-03-28,ptec20120328min.pdf,ptec,"Standing Committee on Planning, Transportation and Environment",,https://council.vancouver.ca/20120328/documents/ptec20120328min.pdf,20220701173531,https://web.archive.org/web/20220701173531id_/https://council.vancouver.ca/20120328/documents/ptec20120328min.pdf,application/pdf,91641,413eeaed320232176d36280fcbd1b7acc03f959c754992d262f4b126a218376f
2012-04-04,blhe20120404min.pdf,blhe,,,http://council.vancouver.ca/20120404/documents/blhe20120404min.pdf,20161103005336,https://web.archive.org/web/20161103005336id_/http://council.vancouver.ca/20120404/documents/blhe20120404min.pdf,application/pdf,58296,b3561d164e2ab0cc058c13ad888852842cce54456e58f3e913954e41385c4a31
2012-04-16,phea20120416min.pdf,phea,Public Hearing,,https://council.vancouver.ca/20120416/documents/phea20120416min.pdf,20220701173052,https://web.archive.org/web/20220701173052id_/https://council.vancouver.ca/20120416/documents/phea20120416min.pdf,application/pdf,110045,5099ef8eaf19c49a137d9853cb2dc49bf2879f50fd1529c4a1b57ff43f4e073c
2012-04-17,regu20120417min.pdf,regu,Regular Council,,https://council.vancouver.ca/20120417/documents/regu20120417min.pdf,20250819225900,https://web.archive.org/web/20250819225900id_/https://council.vancouver.ca/20120417/documents/regu20120417min.pdf,application/pdf,92918,cdc1ae36cf43a7bb9615db2abbeff447d67c0aae971158afc61ee6d6bab8e528
2012-04-18,ptec20120418min.pdf,ptec,"Standing Committee on Planning, Transportation and Environment",,https://council.vancouver.ca/20120418/documents/ptec20120418min.pdf,20240606103036,https://web.archive.org/web/20240606103036id_/https://council.vancouver.ca/20120418/documents/ptec20120418min.pdf,application/pdf,65119,9ce4c0f0762ec8b7f6fc2e3ea4ad7f55559c5221ed9ddab31187f8799133463a
2012-05-02,ptec20120502min.pdf,ptec,"Standing Committee on Planning, Transportation and Environment",,https://council.vancouver.ca/20120502/documents/ptec20120502min.pdf,20250903031836,https://web.archive.org/web/20250903031836id_/https://council.vancouver.ca/20120502/documents/ptec20120502min.pdf,application/pdf,99046,f71e8edd6359e1dcc8223bb1960bdceea1ff138f314936c6e8b72ede420ed635
2012-05-14,phea20120514min.pdf,phea,Public Hearing,,https://council.vancouver.ca/20120514/documents/phea20120514min.pdf,20220701173202,https://web.archive.org/web/20220701173202id_/https://council.vancouver.ca/20120514/documents/phea20120514min.pdf,application/pdf,103752,e56939173319e0e98205e0a96e505fff7bbd38eb6c6edcfd8b69fd5377295f0f
2012-05-15,cfsc20120515min.pdf,cfsc,Standing Committee on City Finance and Services,,https://council.vancouver.ca/20120515/documents/cfsc20120515min.pdf,20251012085631,https://web.archive.org/web/20251012085631id_/https://council.vancouver.ca/20120515/documents/cfsc20120515min.pdf,application/pdf,46397,dc7d409978a94e4a367bd217027def5649a6bc8199355ea6ef7910f2218b8f08
2012-05-15,regu20120515min.pdf,regu,Regular Council,,https://council.vancouver.ca/20120515/documents/regu20120515min.pdf,20240613223120,https://web.archive.org/web/20240613223120id_/https://council.vancouver.ca/20120515/documents/regu20120515min.pdf,application/pdf,57126,9c020d611d7ea42d9d3f367ceb38de7685f1f84e340cb9abc12cf86af5bb851f
2012-05-16,ptec20120516min.pdf,ptec,"Standing Committee on Planning, Transportation and Environment",,https://council.vancouver.ca/20120516/documents/ptec20120516min.pdf,20240613233302,https://web.archive.org/web/20240613233302id_/https://council.vancouver.ca/20120516/documents/ptec20120516min.pdf,application/pdf,46808,c7f31e90dc77bc0a2358822f8362b2ca129744d4e73decd47e6bc6130cb4de60
2012-05-29,regu20120529min.pdf,regu,Regular Council,,https://council.vancouver.ca/20120529/documents/regu20120529min.pdf,20220701173251,https://web.archive.org/web/20220701173251id_/https://council.vancouver.ca/20120529/documents/regu20120529min.pdf,application/pdf,62874,7e0a4eca15abee9a5c0d7ab941ef88af46214a087cbe95863ac8e3b339ab5962
2012-06-12,regu20120612min.pdf,regu,Regular Council,,https://council.vancouver.ca/20120612/documents/regu20120612min.pdf,20220701173248,https://web.archive.org/web/20220701173248id_/https://council.vancouver.ca/20120612/documents/regu20120612min.pdf,application/pdf,113736,7500d5e84daffbfe7a278bf759bd4f6ac66550254422027573c83ace5d8b789d
2012-06-27,ptec20120627min.pdf,ptec,"Standing Committee on Planning, Transportation and Environment",,https://council.vancouver.ca/20120627/documents/ptec20120627min.pdf,20191105154457,https://web.archive.org/web/20191105154457id_/https://council.vancouver.ca/20120627/documents/ptec20120627min.pdf,application/pdf,62893,c3d99275b1cf0a2f5bcb2d3fd93bb613fd3d24f1422c895fa835a1e73347a5f4
2012-07-10,cfsc20120710min.pdf,cfsc,Standing Committee on City Finance and Services,,https://council.vancouver.ca/20120710/documents/cfsc20120710min.pdf,20240513055645,https://web.archive.org/web/20240513055645id_/https://council.vancouver.ca/20120710/documents/cfsc20120710min.pdf,application/pdf,60507,76c022fc9644f08306281a1e8e1f59aafcfa802a90828daa42baae24ac749c82
2012-07-10,phea20120710min.pdf,phea,Public Hearing,,https://council.vancouver.ca/20120710/documents/phea20120710min.pdf,20220701173154,https://web.archive.org/web/20220701173154id_/https://council.vancouver.ca/20120710/documents/phea20120710min.pdf,application/pdf,295578,983d8e5838de22fbbe9809ae12aae82f6b35ed94b31d8da9f7f5dc8d2912799f
2012-07-10,regu20120710min.pdf,regu,Regular Council,,https://council.vancouver.ca/20120710/documents/regu20120710min.pdf,20240513062332,https://web.archive.org/web/20240513062332id_/https://council.vancouver.ca/20120710/documents/regu20120710min.pdf,application/pdf,175707,c5f06b00cee9b0b5453e6b56bdb644297bef5ca1de0241a6ec37b4dff97d231f
2012-07-24,regu20120724min.pdf,regu,Regular Council,,https://council.vancouver.ca/20120724/documents/regu20120724min.pdf,20240513055154,https://web.archive.org/web/20240513055154id_/https://council.vancouver.ca/20120724/documents/regu20120724min.pdf,application/pdf,82067,45b8f5872b5ce1e7c17331bfb3e87c10be3e91df5adb43704c3c51b2bb290a94
2012-07-25,ptec20120725min.pdf,ptec,"Standing Committee on Planning, Transportation and Environment",,https://council.vancouver.ca/20120725/documents/ptec20120725min.pdf,20191106022644,https://web.archive.org/web/20191106022644id_/https://council.vancouver.ca/20120725/documents/ptec20120725min.pdf,application/pdf,102858,db906e0068e7b875a5cdc9dc9ad287acaf645451673086d250f53303757cade6
2012-09-18,regu20120918min.pdf,regu,Regular Council,,https://council.vancouver.ca/20120918/documents/regu20120918min.pdf,20240615185803,https://web.archive.org/web/20240615185803id_/https://council.vancouver.ca/20120918/documents/regu20120918min.pdf,application/pdf,87311,d8c0b9181e5f55c3d0937572b9e0b2a7554da53caaeb76205c536cfa87df6a7c
2012-09-19,ptec20120919min.pdf,ptec,"Standing Committee on Planning, Transportation and Environment",,https://council.vancouver.ca/20120919/documents/ptec20120919min.pdf,20240616025841,https://web.archive.org/web/20240616025841id_/https://council.vancouver.ca/20120919/documents/ptec20120919min.pdf,application/pdf,49982,ec56ae91d66c5c4a2458857c282ebc9ec2f086ee9b9558b19eb58b32c3d0ab35
2012-10-02,regu20121002min.pdf,regu,Regular Council,,https://council.vancouver.ca/20121002/documents/regu20121002min.pdf,20240812103006,https://web.archive.org/web/20240812103006id_/https://council.vancouver.ca/20121002/documents/regu20121002min.pdf,application/pdf,41458,3af95696f1f180531bf8897734c5e1bb6d31471b64c05d38e0df7c95ac38e074
2012-10-03,ptec20121003min.pdf,ptec,"Standing Committee on Planning, Transportation and Environment",,https://council.vancouver.ca/20121003/documents/ptec20121003min.pdf,20250822172114,https://web.archive.org/web/20250822172114id_/https://council.vancouver.ca/20121003/documents/ptec20121003min.pdf,application/pdf,151502,81b2ac5d0da0cdc93c660349332b0f7f2a97944996d422013aa760db6bf1e922
2012-10-16,phea20121016min.pdf,phea,Public Hearing,,https://council.vancouver.ca/20121016/documents/phea20121016min.pdf,20220120165305,https://web.archive.org/web/20220120165305id_/https://council.vancouver.ca/20121016/documents/phea20121016min.pdf,application/pdf,91741,05131724c3f00fac47c1a855e0366c8c2dfb30e635b1cf313c3cb79174d5bf61
2012-10-16,regu20121016min.pdf,regu,Regular Council,,https://council.vancouver.ca/20121016/documents/regu20121016min.pdf,20191106022908,https://web.archive.org/web/20191106022908id_/https://council.vancouver.ca/20121016/documents/regu20121016min.pdf,application/pdf,90934,d5a01188a370c05dd9e57aa39db2d9e748ff06f2c59267986404da31ca18528f
2012-10-17,ptec20121017min.pdf,ptec,"Standing Committee on Planning, Transportation and Environment",,https://council.vancouver.ca/20121017/documents/ptec20121017min.pdf,20230519144738,https://web.archive.org/web/20230519144738id_/https://council.vancouver.ca/20121017/documents/ptec20121017min.pdf,application/pdf,71933,ac9bcdd2be3196bdeec467488869b3d3c8671e0cf023a5fbcfcd8e432a2912f1
2012-10-18,crev20121018min.pdf,crev,Court of Revision,,https://council.vancouver.ca/20121018/documents/crev20121018min.pdf,20191106022912,https://web.archive.org/web/20191106022912id_/https://council.vancouver.ca/20121018/documents/crev20121018min.pdf,application/pdf,117146,3c856e6298916419ee868c6f93dd1325ae66efe6d41d80cb6d4f284b44cddfe7
2012-10-30,phea20121030min.pdf,phea,Public Hearing,,https://council.vancouver.ca/20121030/documents/phea20121030min.pdf,20220701173048,https://web.archive.org/web/20220701173048id_/https://council.vancouver.ca/20121030/documents/phea20121030min.pdf,application/pdf,207431,cebfc6385500e33ed7738e2a179b706560e8987e833738977321459e1f840ef8
2012-10-30,regu20121030min.pdf,regu,Regular Council,,https://council.vancouver.ca/20121030/documents/regu20121030min.pdf,20191106022606,https://web.archive.org/web/20191106022606id_/https://council.vancouver.ca/20121030/documents/regu20121030min.pdf,application/pdf,67190,27b04747c645a47775d592fe37efa7d5afef0362461400efe9cd3aa4a51bb32a
2012-10-31,ptec20121031min.pdf,ptec,"Standing Committee on Planning, Transportation and Environment",,https://council.vancouver.ca/20121031/documents/ptec20121031min.pdf,20240705183250,https://web.archive.org/web/20240705183250id_/https://council.vancouver.ca/20121031/documents/ptec20121031min.pdf,application/pdf,86124,4e0982672f1d03463c47336d7475ace451ed4b6834312cea8e8e76f6821abfa5
2012-11-13,phea20121113min.pdf,phea,Public Hearing,,https://council.vancouver.ca/20121113/documents/phea20121113min.pdf,20220701173048,https://web.archive.org/web/20220701173048id_/https://council.vancouver.ca/20121113/documents/phea20121113min.pdf,application/pdf,127329,bce9c173e479cce2020dd8381d5ec8538d4910d1f99e7d2b057f75ffa9ee6331
2012-11-28,ptec20121128min.pdf,ptec,"Standing Committee on Planning, Transportation and Environment",,https://council.vancouver.ca/20121128/documents/ptec20121128min.pdf,20251012102114,https://web.archive.org/web/20251012102114id_/https://council.vancouver.ca/20121128/documents/ptec20121128min.pdf,application/pdf,83978,d353e84466b97e45903e76e9fb2e1972757b2c55e042d09d5f380d7bbb4cc49f
2012-12-11,phea20121211min.pdf,phea,Public Hearing,,https://council.vancouver.ca/20121211/documents/phea20121211min.pdf,20220701173122,https://web.archive.org/web/20220701173122id_/https://council.vancouver.ca/20121211/documents/phea20121211min.pdf,application/pdf,247339,2c798ff15d2c85cccba96409052bb28d165ec3222ea404c4ba1677a2834ab3c2
2012-12-11,regu20121211min.pdf,regu,Regular Council,,https://council.vancouver.ca/20121211/documents/regu20121211min.pdf,20191106022646,https://web.archive.org/web/20191106022646id_/https://council.vancouver.ca/20121211/documents/regu20121211min.pdf,application/pdf,97448,82f1a1f765237dc5240c0ba4153141948a341902cfd313f9926fde3c6e66326f
2012-12-12,ptec20121212min.pdf,ptec,"Standing Committee on Planning, Transportation and Environment",,https://council.vancouver.ca/20121212/documents/ptec20121212min.pdf,20191106022653,https://web.archive.org/web/20191106022653id_/https://council.vancouver.ca/20121212/documents/ptec20121212min.pdf,application/pdf,152735,d02c48b0f33879f6b711e733c72d64803d2991b2171fc22bb622daaa75de8cbb
2012-12-21,spec20121221min.pdf,spec,Special Council,,https://council.vancouver.ca/20121221/documents/spec20121221min.pdf,20191106022655,https://web.archive.org/web/20191106022655id_/https://council.vancouver.ca/20121221/documents/spec20121221min.pdf,application/pdf,39080,124a90ca87d76a9ff4a92fc2f772b0e6b20e191cd8c95b8bf7bb1e6f9c773194
2013-01-15,phea20130115min.pdf,phea,Public Hearing,,https://council.vancouver.ca/20130115/documents/phea20130115min.pdf,20250827142815,https://web.archive.org/web/20250827142815id_/https://council.vancouver.ca/20130115/documents/phea20130115min.pdf,application/pdf,111159,2dcc864164d4c0ce49dc84e2dfe669798deace0e798b3325a83861f699637787
2013-01-15,regu20130115min.pdf,regu,Regular Council,,https://council.vancouver.ca/20130115/documents/regu20130115min.pdf,20250827142914,https://web.archive.org/web/20250827142914id_/https://council.vancouver.ca/20130115/documents/regu20130115min.pdf,application/pdf,150968,2eee7c32b1c7ba36e67ff5d8e39e96c096403ea5cf60527cdca0a29a1711105c
2013-01-16,ptec20130116min.pdf,ptec,"Standing Committee on Planning, Transportation and Environment",,https://council.vancouver.ca/20130116/documents/ptec20130116min.pdf,20250827142915,https://web.archive.org/web/20250827142915id_/https://council.vancouver.ca/20130116/documents/ptec20130116min.pdf,application/pdf,81498,30f74b573de4922969d7ac6cf21b2806ff08a13f90a12bb6a504b8f6cb274148
2013-01-29,regu20130129min.pdf,regu,Regular Council,,https://council.vancouver.ca/20130129/documents/regu20130129min.pdf,20250827142911,https://web.archive.org/web/20250827142911id_/https://council.vancouver.ca/20130129/documents/regu20130129min.pdf,application/pdf,48946,7591c32ddb7c6933ff4f505083dd26caaa0eae17ad78b390b2861272ebe3b4b8
2013-01-30,cfsc20130130min.pdf,cfsc,Standing Committee on City Finance and Services,,https://council.vancouver.ca/20130130/documents/cfsc20130130min.pdf,20221030165440,https://web.archive.org/web/20221030165440id_/https://council.vancouver.ca/20130130/documents/cfsc20130130min.pdf,application/pdf,169633,311d18f1441f3cab5d8d5ffe4b404d7a2ff76f6ed90aae4715cfc2bb311e417c
2013-02-05,phea20130205min.pdf,phea,Public Hearing,,https://council.vancouver.ca/20130205/documents/phea20130205min.pdf,20191106022732,https://web.archive.org/web/20191106022732id_/https://council.vancouver.ca/20130205/documents/phea20130205min.pdf,application/pdf,145238,fcc9d7ef9f2bd095509fc75a6b126e55905f62e6fd5b767bc145291a3e95882e
2013-02-12,regu20130212min.pdf,regu,Regular Council,,https://council.vancouver.ca/20130212/documents/regu20130212min.pdf,20191106022724,https://web.archive.org/web/20191106022724id_/https://council.vancouver.ca/20130212/documents/regu20130212min.pdf,application/pdf,92075,8eeb95eddd9c5a7cf5fff6a3730cf0a592a700c4d6ac85eaf19883111dbc5523
2013-02-13,ptec20130213min.pdf,ptec,"Standing Committee on Planning, Transportation and Environment",,https://council.vancouver.ca/20130213/documents/ptec20130213min.pdf,20191106022727,https://web.archive.org/web/20191106022727id_/https://council.vancouver.ca/20130213/documents/ptec20130213min.pdf,application/pdf,64833,2f881d780dc701cb16023eac639fc15f6b14fe9215220881fde4cce1db4b9eb3
2013-02-20,crev20130220min.pdf,crev,Court of Revision,,https://council.vancouver.ca/20130220/documents/crev20130220min.pdf,20191106022730,https://web.archive.org/web/20191106022730id_/https://council.vancouver.ca/20130220/documents/crev20130220min.pdf,application/pdf,27610,71466dc70218aced29dbf4fa45a93a3d20ea78efcaa70c128cca01eaa961d5c3
2013-02-21,phea20130221min.pdf,phea,Public Hearing,,https://council.vancouver.ca/20130221/documents/phea20130221min.pdf,20250827142505,https://web.archive.org/web/20250827142505id_/https://council.vancouver.ca/20130221/documents/phea20130221min.pdf,application/pdf,118175,afe1f98ab065fa2688196c5c40094d9531a1193ae20f05011f2a1fb5b2a8978a
2013-02-26,regu20130226min.pdf,regu,Regular Council,,https://council.vancouver.ca/20130226/documents/regu20130226min.pdf,20250827142506,https://web.archive.org/web/20250827142506id_/https://council.vancouver.ca/20130226/documents/regu20130226min.pdf,application/pdf,88493,0b28acc310ae591a384ffe7b8521604fe1c2a8f1b54af1e0c776996614d3b81c
2013-02-27,cfsc20130227min.pdf,cfsc,Standing Committee on City Finance and Services,,https://council.vancouver.ca/20130227/documents/cfsc20130227min.pdf,20250827142508,https://web.archive.org/web/20250827142508id_/https://council.vancouver.ca/20130227/documents/cfsc20130227min.pdf,application/pdf,127891,d3f24a2749e9f3da50742bd630ae036a7b138bb960d57fe18dc570b2f9cdffb6
2013-02-27,phea20130227min.pdf,phea,Public Hearing,,https://council.vancouver.ca/20130227/documents/phea20130227min.pdf,20250827142510,https://web.archive.org/web/20250827142510id_/https://council.vancouver.ca/20130227/documents/phea20130227min.pdf,application/pdf,80644,bde228d20bdf82c19288c1c5762bf3070c9b2441eaffa68105b8b4ea58fc333d
2013-03-12,phea20130312min.pdf,phea,Public Hearing,,https://council.vancouver.ca/20130312/documents/phea20130312min.pdf,20251012101947,https://web.archive.org/web/20251012101947id_/https://council.vancouver.ca/20130312/documents/phea20130312min.pdf,application/pdf,82132,8e8d9d4068af26959ac9eaf114284aeee80e8753cd2e22877e06a175884d1e64
2013-03-12,regu20120312min.pdf,regu,Regular Council,,https://council.vancouver.ca/20130312/documents/regu20120312min.pdf,20250827142458,https://web.archive.org/web/20250827142458id_/https://council.vancouver.ca/20130312/documents/regu20120312min.pdf,application/pdf,152734,70be728837c14d3fd9d52e63b11b3db18dbdf6cededd5eacb26143457b067b70
2013-03-13,ptec20130313min.pdf,ptec,"Standing Committee on Planning, Transportation and Environment",,https://council.vancouver.ca/20130313/documents/ptec20130313min.pdf,20240807152455,https://web.archive.org/web/20240807152455id_/https://council.vancouver.ca/20130313/documents/ptec20130313min.pdf,application/pdf,104071,6beef7276cc135a111dcac53085153f62ec14aac4f472efafa391bd95fb86297
2013-03-14,phea20130314min.pdf,phea,Public Hearing,,https://council.vancouver.ca/20130314/documents/phea20130314min.pdf,20220701173141,https://web.archive.org/web/20220701173141id_/https://council.vancouver.ca/20130314/documents/phea20130314min.pdf,application/pdf,130860,cada7bd3cb0f4f27376e4128df35ee6d4c7e3a4f6435dbfc740b60070b0cbd1c
2013-04-09,phea20130409min.pdf,phea,Public Hearing,,https://council.vancouver.ca/20130409/documents/phea20130409min.pdf,20250827142649,https://web.archive.org/web/20250827142649id_/https://council.vancouver.ca/20130409/documents/phea20130409min.pdf,application/pdf,152345,12358fecbf0a771d603217cd78d53ce27ba5fe12ad150af55c0fd7ef2e74b151
2013-04-09,regu20130409min.pdf,regu,Regular Council,,https://council.vancouver.ca/20130409/documents/regu20130409min.pdf,20250315134817,https://web.archive.org/web/20250315134817id_/https://council.vancouver.ca/20130409/documents/regu20130409min.pdf,application/pdf,39643,13522d180b73ccb8025de1bf0cf15372b56a0e8a8168e9eec8ddcc749e1d41e1
2013-04-10,cfsc20130410min.pdf,cfsc,Standing Committee on City Finance and Services,,https://council.vancouver.ca/20130410/documents/cfsc20130410min.pdf,20250315144754,https://web.archive.org/web/20250315144754id_/https://council.vancouver.ca/20130410/documents/cfsc20130410min.pdf,application/pdf,267098,69d6356e437ce65bf47a0db6894110e953879faa0f6a4c28743afe2a10be476a
2013-04-23,regu20130423min.pdf,regu,Regular Council,,https://council.vancouver.ca/20130423/documents/regu20130423min.pdf,20250315143551,https://web.archive.org/web/20250315143551id_/https://council.vancouver.ca/20130423/documents/regu20130423min.pdf,application/pdf,92833,758f15fd4e043d764e472865641c9efc1839517cd546a9bdd1a814f53b52e238
2013-04-24,ptec20130424min.pdf,ptec,"Standing Committee on Planning, Transportation and Environment",,https://council.vancouver.ca/20130424/documents/ptec20130424min.pdf,20191106014452,https://web.archive.org/web/20191106014452id_/https://council.vancouver.ca/20130424/documents/ptec20130424min.pdf,application/pdf,164629,4257a6444fec3e2f4f93586fdcf279805a6e975b05503e6b8cefefbadca2f1e4
2013-05-15,phea20130515min.pdf,phea,Public Hearing,,https://council.vancouver.ca/20130515/documents/phea20130515min.pdf,20220701173136,https://web.archive.org/web/20220701173136id_/https://council.vancouver.ca/20130515/documents/phea20130515min.pdf,application/pdf,565158,87da667bc6e9a6e598f9e9db95cdb0d881490948a0d4c364dc5a45a7a1a6cc43
2013-05-16,cfsc20130516min.pdf,cfsc,Standing Committee on City Finance and Services,,http://council.vancouver.ca/20130516/documents/cfsc20130516min.pdf,20161103023723,https://web.archive.org/web/20161103023723id_/http://council.vancouver.ca/20130516/documents/cfsc20130516min.pdf,application/pdf,125860,5b8e9de63fb5185ee304aeec4ea06b2ffa94947322b5228a1228561800d3ca37
2013-05-21,cpah20130521min.pdf,cpah,,,https://council.vancouver.ca/20130521/documents/cpah20130521min.pdf,20240620171835,https://web.archive.org/web/20240620171835id_/https://council.vancouver.ca/20130521/documents/cpah20130521min.pdf,application/pdf,69805,c70db3ae5492b4bfe1cb024013b6f151131d4fe8cbd7c54c40f6ddbfa1ec1640
2013-05-28,regu20130528min.pdf,regu,Regular Council,,https://council.vancouver.ca/20130528/documents/regu20130528min.pdf,20240620163520,https://web.archive.org/web/20240620163520id_/https://council.vancouver.ca/20130528/documents/regu20130528min.pdf,application/pdf,50230,7ba204cfa32d42ad1abc6f58f1b295e93ffcd1eb779d03799bd41a015a8f4f89
2013-05-29,ptec20130529min.pdf,ptec,"Standing Committee on Planning, Transportation and Environment",,https://council.vancouver.ca/20130529/documents/ptec20130529min.pdf,20191106014430,https://web.archive.org/web/20191106014430id_/https://council.vancouver.ca/20130529/documents/ptec20130529min.pdf,application/pdf,124966,cf4d4a3eeace4074f83e73913acfdf8020409f973be67c1549e1b283f0f1518f
2013-06-11,phea20130611min.pdf,phea,Public Hearing,,https://council.vancouver.ca/20130611/documents/phea20130611min.pdf,20250814140728,https://web.archive.org/web/20250814140728id_/https://council.vancouver.ca/20130611/documents/phea20130611min.pdf,application/pdf,123235,0a9e063709913433aff3342e266fc987b676d267dc252e6b5cd862e3cc9cd488
2013-06-12,cfsc20130512min.pdf,cfsc,Standing Committee on City Finance and Services,,https://council.vancouver.ca/20130612/documents/cfsc20130512min.pdf,20220413173537,https://web.archive.org/web/20220413173537id_/https://council.vancouver.ca/20130612/documents/cfsc20130512min.pdf,application/pdf,124139,12b126046af0f67276649c3a7abe77261fc1cebcb463ff1293a297282b26b0ce
2013-06-18,phea20130618min.pdf,phea,Public Hearing,,https://council.vancouver.ca/20130618/documents/phea20130618min.pdf,20220701173159,https://web.archive.org/web/20220701173159id_/https://council.vancouver.ca/20130618/documents/phea20130618min.pdf,application/pdf,405287,a7d868e5c79108a8f2df4d9131b06497820dd8eeb1d80bf912938baed301424a
2013-06-25,regu20130625min.pdf,regu,Regular Council,,https://council.vancouver.ca/20130625/documents/regu20130625min.pdf,20240923031215,https://web.archive.org/web/20240923031215id_/https://council.vancouver.ca/20130625/documents/regu20130625min.pdf,application/pdf,148573,4c01adf73d360cf20d9483e8287212127bee149af8dfeb99ab54c1aacd3c76f7
2013-06-26,ptec20130626min.pdf,ptec,"Standing Committee on Planning, Transportation and Environment",,https://council.vancouver.ca/20130626/documents/ptec20130626min.pdf,20251013121329,https://web.archive.org/web/20251013121329id_/https://council.vancouver.ca/20130626/documents/ptec20130626min.pdf,application/pdf,65790,54bc7de7bb25aa9261cb97e107d23736d76008e1c5da40fd6c71dbe597ea356a
2013-07-09,phea20130709min.pdf,phea,Public Hearing,,https://council.vancouver.ca/20130709/documents/phea20130709min.pdf,20250903031919,https://web.archive.org/web/20250903031919id_/https://council.vancouver.ca/20130709/documents/phea20130709min.pdf,application/pdf,300534,0bbc40f50637ac27a62519c5cf6a74cedbca970f19893235c811c8b835c2134b
2013-07-09,regu20130709min.pdf,regu,Regular Council,,https://council.vancouver.ca/20130709/documents/regu20130709min.pdf,20220817134051,https://web.archive.org/web/20220817134051id_/https://council.vancouver.ca/20130709/documents/regu20130709min.pdf,application/pdf,88833,dff022a764a4fb856080378ad823bfced9e0bae47e78f3576830379ece05e31d
2013-07-10,cfsc20130710min.pdf,cfsc,Standing Committee on City Finance and Services,,https://council.vancouver.ca/20130710/documents/cfsc20130710min.pdf,20220701173201,https://web.archive.org/web/20220701173201id_/https://council.vancouver.ca/20130710/documents/cfsc20130710min.pdf,application/pdf,53744,8458a75a1ddece83c59c6528bd0773b4a70fbe907e54cab080004f480c49f0fb
2013-07-16,phea20130716min.pdf,phea,Public Hearing,,https://council.vancouver.ca/20130716/documents/phea20130716min.pdf,20220701181316,https://web.archive.org/web/20220701181316id_/https://council.vancouver.ca/20130716/documents/phea20130716min.pdf,application/pdf,50248,cfa1e8f2f5fe2b46dd0ce2dff91f02ecae586c115acc63f15012eea160d0819a
2013-07-23,cfsc20130723min.pdf,cfsc,Standing Committee on City Finance and Services,,https://council.vancouver.ca/20130723/documents/cfsc20130723min.pdf,20251013121330,https://web.archive.org/web/20251013121330id_/https://council.vancouver.ca/20130723/documents/cfsc20130723min.pdf,application/pdf,305405,41f24c8826bbf8d33aac8086e9f2436494d969ec0d88ce9d2a0eaa437d38e5e5
2013-07-23,regu20130723min.pdf,regu,Regular Council,,https://council.vancouver.ca/20130723/documents/regu20130723min.pdf,20251012040310,https://web.archive.org/web/20251012040310id_/https://council.vancouver.ca/20130723/documents/regu20130723min.pdf,application/pdf,119543,35f277b046c760aff713dd772d0396bc1457588e562036e3490c57a5a4ac650c
2013-07-24,ptec20130724min.pdf,ptec,"Standing Committee on Planning, Transportation and Environment",,https://council.vancouver.ca/20130724/documents/ptec20130724min.pdf,20220129063814,https://web.archive.org/web/20220129063814id_/https://council.vancouver.ca/20130724/documents/ptec20130724min.pdf,application/pdf,53461,7d4ea63339723b27f4d980ba194eeb094da7eae1ef2e3f41071a8effa919a9a8
2013-08-01,spec20130801min.pdf,spec,Special Council,,https://council.vancouver.ca/20130801/documents/spec20130801min.pdf,20251011153403,https://web.archive.org/web/20251011153403id_/https://council.vancouver.ca/20130801/documents/spec20130801min.pdf,application/pdf,46305,e6ad6bc12f7626c0c9843cc719c54ff160a826ad70f8cbc0a14691eecb04272a
2013-09-12,spec20130912min.pdf,spec,Special Council,,https://council.vancouver.ca/20130912/documents/spec20130912min.pdf,20240721043848,https://web.archive.org/web/20240721043848id_/https://council.vancouver.ca/20130912/documents/spec20130912min.pdf,application/pdf,20742,db33b510ad13e946648b15df96bb93dbe4cd4732eb88c39a920f5ca75d670ed2
2013-09-24,phea20130924min.pdf,phea,Public Hearing,,https://council.vancouver.ca/20130924/documents/phea20130924min.pdf,20250827143752,https://web.archive.org/web/20250827143752id_/https://council.vancouver.ca/20130924/documents/phea20130924min.pdf,application/pdf,192768,8cd51dc6cab5553e927ddebd32702cc8ab7a13ff0b5adf86fbb69decdc85138f
2013-09-24,regu20130924min.pdf,regu,Regular Council,,https://council.vancouver.ca/20130924/documents/regu20130924min.pdf,20250827143750,https://web.archive.org/web/20250827143750id_/https://council.vancouver.ca/20130924/documents/regu20130924min.pdf,application/pdf,104849,573758fbf2f81915bc5c4be3374b1f7c5ffe66515f6061ed7d467d62c156dacb
2013-09-25,cfsc20130925min.pdf,cfsc,Standing Committee on City Finance and Services,,https://council.vancouver.ca/20130925/documents/cfsc20130925min.pdf,20251012035833,https://web.archive.org/web/20251012035833id_/https://council.vancouver.ca/20130925/documents/cfsc20130925min.pdf,application/pdf,186023,f53daa7e7dc12a115317b8272cdcf7ed6f7997e2cf57ca945b05a1697fef2208
2013-10-08,regu20131008min.pdf,regu,Regular Council,,https://council.vancouver.ca/20131008/documents/regu20131008min.pdf,20250827143747,https://web.archive.org/web/20250827143747id_/https://council.vancouver.ca/20131008/documents/regu20131008min.pdf,application/pdf,40292,544e01ec58151f54d7e507747e7fdc91f135f870890ed742c19beb8aaf4e1cbf
2013-10-09,ptec20131009min.pdf,ptec,"Standing Committee on Planning, Transportation and Environment",,https://council.vancouver.ca/20131009/documents/ptec20131009min.pdf,20250827141730,https://web.archive.org/web/20250827141730id_/https://council.vancouver.ca/20131009/documents/ptec20131009min.pdf,application/pdf,70005,de53f6c6e079c621d38795b3c898b240ab3c6b9ac075e3b89dcfbca8314ab8d5
2013-10-22,phea20131022min.pdf,phea,Public Hearing,,https://council.vancouver.ca/20131022/documents/phea20131022min.pdf,20220701173046,https://web.archive.org/web/20220701173046id_/https://council.vancouver.ca/20131022/documents/phea20131022min.pdf,application/pdf,93991,be305b2454e2eae33ee53f33d73732e9ce393a9f0f4ed03f2838dfe8644087de
2013-10-23,cfsc20131023min.pdf,cfsc,Standing Committee on City Finance and Services,,https://council.vancouver.ca/20131023/documents/cfsc20131023min.pdf,20251012053504,https://web.archive.org/web/20251012053504id_/https://council.vancouver.ca/20131023/documents/cfsc20131023min.pdf,application/pdf,70028,14ad2c129d13b9af0d8052f3e1b16b3ef51c85fbf6bf6de1f67ba9c83d996b7c
2013-10-24,phea20131024min.pdf,phea,Public Hearing,,https://council.vancouver.ca/20131024/documents/phea20131024min.pdf,20220701173103,https://web.archive.org/web/20220701173103id_/https://council.vancouver.ca/20131024/documents/phea20131024min.pdf,application/pdf,211485,97ebcdec08b2573b6ca63f301fa0c9faed28088cbb0f37df49f8c5479d1536a8
2013-11-05,regu20131105min.pdf,regu,Regular Council,,https://council.vancouver.ca/20131105/documents/regu20131105min.pdf,20191106022632,https://web.archive.org/web/20191106022632id_/https://council.vancouver.ca/20131105/documents/regu20131105min.pdf,application/pdf,101011,8bc8b90efcb005b585e3e25e0a73d9cfcd9ce58bcb40653c0d70512dafb3652e
2013-11-06,ptec20131106min.pdf,ptec,"Standing Committee on Planning, Transportation and Environment",,https://council.vancouver.ca/20131106/documents/ptec20131106min.pdf,20231215091247,https://web.archive.org/web/20231215091247id_/https://council.vancouver.ca/20131106/documents/ptec20131106min.pdf,application/pdf,103827,64ac60755b9b6c01d176ac29201af2c869bb7499e7ccf152ec059c68339a638c
2013-11-12,cpah20131112min.pdf,cpah,,,https://council.vancouver.ca/20131112/documents/cpah20131112min.pdf,20191106022636,https://web.archive.org/web/20191106022636id_/https://council.vancouver.ca/20131112/documents/cpah20131112min.pdf,application/pdf,34738,cf3e83402f8e7e11e6e486ef301aaefe4a1923d10becc7c55992b44419dcc836
2013-11-19,phea20131119min.pdf,phea,Public Hearing,,https://council.vancouver.ca/20131119/documents/phea20131119min.pdf,20220701173151,https://web.archive.org/web/20220701173151id_/https://council.vancouver.ca/20131119/documents/phea20131119min.pdf,application/pdf,35721,eda73f92abd4c2faed7a5237656647b7da919e017ae852d157cc1f83509034e1
2013-11-20,cfsc20131120min.pdf,cfsc,Standing Committee on City Finance and Services,,https://council.vancouver.ca/20131120/documents/cfsc20131120min.pdf,20250903032136,https://web.archive.org/web/20250903032136id_/https://council.vancouver.ca/20131120/documents/cfsc20131120min.pdf,application/pdf,172455,ebb2071958326145c148b0189c59a2ad7a7cd6156017d1b5c79f4f7d87a1a416
2013-12-03,regu20131203min.pdf,regu,Regular Council,,https://council.vancouver.ca/20131203/documents/regu20131203min.pdf,20240609053005,https://web.archive.org/web/20240609053005id_/https://council.vancouver.ca/20131203/documents/regu20131203min.pdf,application/pdf,50410,273c46cc9b047432492a3d5b757bcc799e8d89647daab05d954be6ce15ff08ab
2013-12-04,ptec20131204min.pdf,ptec,"Standing Committee on Planning, Transportation and Environment",,https://council.vancouver.ca/20131204/documents/ptec20131204min.pdf,20240712062002,https://web.archive.org/web/20240712062002id_/https://council.vancouver.ca/20131204/documents/ptec20131204min.pdf,application/pdf,101605,702bd9d01c8743d3be25e69744939877926c4ce8f04418ea267d3acf28c15e48
2013-12-10,cfsc20131210min.pdf,cfsc,Standing Committee on City Finance and Services,,https://council.vancouver.ca/20131210/documents/cfsc20131210min.pdf,20251120234902,https://web.archive.org/web/20251120234902id_/https://council.vancouver.ca/20131210/documents/cfsc20131210min.pdf,application/pdf,78058,d479ae4cfc8484ae7849360d929228f3a96805d3e3b7e59c1691f37f66f57aa8
2013-12-17,phea20131217min.pdf,phea,Public Hearing,,https://council.vancouver.ca/20131217/documents/phea20131217min.pdf,20250829163443,https://web.archive.org/web/20250829163443id_/https://council.vancouver.ca/20131217/documents/phea20131217min.pdf,application/pdf,302848,162cdca9b82542d41a25de6be35c8538e6b5bc4f092008586443887b5a5ec0f2
2013-12-17,regu20131217min.pdf,regu,Regular Council,,https://council.vancouver.ca/20131217/documents/regu20131217min.pdf,20251121002739,https://web.archive.org/web/20251121002739id_/https://council.vancouver.ca/20131217/documents/regu20131217min.pdf,application/pdf,219189,4874b25e8335792cba1147a5f8f78f62d90c659e4f104c743897150db4a90384
2013-12-18,cfsc20131218min.pdf,cfsc,Standing Committee on City Finance and Services,,https://council.vancouver.ca/20131218/documents/cfsc20131218min.pdf,20191106022543,https://web.archive.org/web/20191106022543id_/https://council.vancouver.ca/20131218/documents/cfsc20131218min.pdf,application/pdf,330393,3bea8d57623889051b3f4cc4d8fdc3b4994f6e22fa0719c6d0264ec6317ff903
2014-01-21,phea20140121min.pdf,phea,Public Hearing,,https://council.vancouver.ca/20140121/documents/phea20140121min.pdf,20220701173104,https://web.archive.org/web/20220701173104id_/https://council.vancouver.ca/20140121/documents/phea20140121min.pdf,application/pdf,110992,dbb82e7783c307a036043b729a48fffa1dddea50698e118d86148d83944ecd91
2014-01-21,regu20140121min.pdf,regu,Regular Council,,http://council.vancouver.ca/20140121/documents/regu20140121min.pdf,20161103005449,https://web.archive.org/web/20161103005449id_/http://council.vancouver.ca/20140121/documents/regu20140121min.pdf,application/pdf,112863,ff7afb5a713f3ddf298a8f5cf0be1799ab34843bf8e65883b87e2b18b231c9a1
2014-01-22,ptec20140122min.pdf,ptec,"Standing Committee on Planning, Transportation and Environment",,http://council.vancouver.ca/20140122/documents/ptec20140122min.pdf,20161103001626,https://web.archive.org/web/20161103001626id_/http://council.vancouver.ca/20140122/documents/ptec20140122min.pdf,application/pdf,50133,6352ba990fe482c067ebc568ee5aeabc3490f56aa75ce7dc070572a29877d004
2014-01-23,phea20140123min.pdf,phea,Public Hearing,,https://council.vancouver.ca/20140123/documents/phea20140123min.pdf,20250827141533,https://web.archive.org/web/20250827141533id_/https://council.vancouver.ca/20140123/documents/phea20140123min.pdf,application/pdf,54158,6ac873bd9bbd1263e622d6cf90be9d8ad7df2c677f823283c675bb2332d73c99
2014-02-04,blhe20140204min.pdf,blhe,,,https://council.vancouver.ca/20140204/documents/blhe20140204min.pdf,20191106014342,https://web.archive.org/web/20191106014342id_/https://council.vancouver.ca/20140204/documents/blhe20140204min.pdf,application/pdf,119397,50cbf346f5863eab379513f6b9463fcd995ca720993cad5e3ab9d0498fcb9e40
2014-02-04,regu20140204min.pdf,regu,Regular Council,,https://council.vancouver.ca/20140204/documents/regu20140204min.pdf,20251012073706,https://web.archive.org/web/20251012073706id_/https://council.vancouver.ca/20140204/documents/regu20140204min.pdf,application/pdf,94098,4c0f341db83c9b93c97f5f37170809c34c711e90e5a9bea16a75814bf35b875b
2014-02-05,cfsc20140205min.pdf,cfsc,Standing Committee on City Finance and Services,,https://council.vancouver.ca/20140205/documents/cfsc20140205min.pdf,20191106014340,https://web.archive.org/web/20191106014340id_/https://council.vancouver.ca/20140205/documents/cfsc20140205min.pdf,application/pdf,110104,e9f616adf8cc1a23f774b90dd9ab727788b63e079de5e28d505e30bb69b2815d
2014-02-18,phea20140218min.pdf,phea,Public Hearing,,https://council.vancouver.ca/20140218/documents/phea20140218min.pdf,20250822174548,https://web.archive.org/web/20250822174548id_/https://council.vancouver.ca/20140218/documents/phea20140218min.pdf,application/pdf,384593,5c5a5312f6c30dafba23b65e3b5a4fa0eb4c36e1124569dc55206b932d9f569b
2014-02-18,regu20140218min.pdf,regu,Regular Council,,https://council.vancouver.ca/20140218/documents/regu20140218min.pdf,20250822174545,https://web.archive.org/web/20250822174545id_/https://council.vancouver.ca/20140218/documents/regu20140218min.pdf,application/pdf,99737,442546bf11a45eecee37f5a043fa7230bb0b9301292c1b271015cc4ac107839f
2014-02-19,crev20140219min.pdf,crev,Court of Revision,,https://council.vancouver.ca/20140219/documents/crev20140219min.pdf,20250822174558,https://web.archive.org/web/20250822174558id_/https://council.vancouver.ca/20140219/documents/crev20140219min.pdf,application/pdf,31181,c76d3c834f63d058f21bda25f3d24c18aa0fdcd7d2132fe474a6a4e0f206f3fd
2014-02-19,ptec20140219min.pdf,ptec,"Standing Committee on Planning, Transportation and Environment",,https://council.vancouver.ca/20140219/documents/ptec20140219min.pdf,20250822174552,https://web.archive.org/web/20250822174552id_/https://council.vancouver.ca/20140219/documents/ptec20140219min.pdf,application/pdf,104281,43838bfc1d723f67bb86089f15ebeab8621353ed7f094f193bbb8a15bc805dfc
2014-03-10,phea20140310min.pdf,phea,Public Hearing,,https://council.vancouver.ca/20140310/documents/phea20140310min.pdf,20251013114052,https://web.archive.org/web/20251013114052id_/https://council.vancouver.ca/20140310/documents/phea20140310min.pdf,application/pdf,508752,cdd5097c7a8c6653bf65019791d33d224a05dead62487aa58cce3a19ebf6902d
2014-03-11,regu20140311min.pdf,regu,Regular Council,,https://council.vancouver.ca/20140311/documents/regu20140311min.pdf,20250822174540,https://web.archive.org/web/20250822174540id_/https://council.vancouver.ca/20140311/documents/regu20140311min.pdf,application/pdf,90469,174f695c4cac31f5ba9d867bbe3bb0de64f0fb161ff1372eca15eeac8bb71f1a
2014-03-12,cfsc20140312min.pdf,cfsc,Standing Committee on City Finance and Services,,https://council.vancouver.ca/20140312/documents/cfsc20140312min.pdf,20250827142304,https://web.archive.org/web/20250827142304id_/https://council.vancouver.ca/20140312/documents/cfsc20140312min.pdf,application/pdf,102870,26c98f0d2e693815742bf888a6db863183f3f53a90c08de9c4feb3dafca86c28
2014-03-13,phea20140313min.pdf,phea,Public Hearing,,https://council.vancouver.ca/20140313/documents/phea20140313min.pdf,20220701173213,https://web.archive.org/web/20220701173213id_/https://council.vancouver.ca/20140313/documents/phea20140313min.pdf,application/pdf,118760,46c6675f88ea4da266a833af5c7695e49e55c84440e0aa662665be6b787767cf
2014-04-01,phea20140401min.pdf,phea,Public Hearing,,https://council.vancouver.ca/20140401/documents/phea20140401min.pdf,20251207222728,https://web.archive.org/web/20251207222728id_/https://council.vancouver.ca/20140401/documents/phea20140401min.pdf,application/pdf,35205,053fee02d609ff375d0812c9ca415ad8d789617c1955e0823e6b10cc370a0e7a
2014-04-01,regu20140401min.pdf,regu,Regular Council,,https://council.vancouver.ca/20140401/documents/regu20140401min.pdf,20251121001009,https://web.archive.org/web/20251121001009id_/https://council.vancouver.ca/20140401/documents/regu20140401min.pdf,application/pdf,53759,3a357a09ae75e820eb5433f9325572d7cf910e2ba3040f219ba94afa1d6de3f0
2014-04-02,ptec20140402min.pdf,ptec,"Standing Committee on Planning, Transportation and Environment",,https://council.vancouver.ca/20140402/documents/ptec20140402min.pdf,20250811103627,https://web.archive.org/web/20250811103627id_/https://council.vancouver.ca/20140402/documents/ptec20140402min.pdf,application/pdf,55526,9fbda115949466ea616458c81b4beae7803732a07999842d4ad94d79fb941cc4
2014-04-15,phea20140415min.pdf,phea,Public Hearing,,https://council.vancouver.ca/20140415/documents/phea20140415min.pdf,20220701173103,https://web.archive.org/web/20220701173103id_/https://council.vancouver.ca/20140415/documents/phea20140415min.pdf,application/pdf,238678,10d1ab52aec5f92c9f0af3201d8326e2b6fcefd5cf0f668ed11b039524ad590b
2014-04-15,regu20140415min.pdf,regu,Regular Council,,https://council.vancouver.ca/20140415/documents/regu20140415min.pdf,20251121135508,https://web.archive.org/web/20251121135508id_/https://council.vancouver.ca/20140415/documents/regu20140415min.pdf,application/pdf,124902,69545aca5ee4c0e0ee7d08c10f716f4d7f3c6d2cb78d0fc33900c16eae524db3
2014-04-16,cfscminutes.pdf,cfsc,Standing Committee on City Finance and Services,,https://council.vancouver.ca/20140416/documents/cfscminutes.pdf,20191106022924,https://web.archive.org/web/20191106022924id_/https://council.vancouver.ca/20140416/documents/cfscminutes.pdf,application/pdf,106505,41cf60b01cbf9e0b6209276d3390314aa73fd13930d4754e8ce6b362d767cb3b
2014-04-29,blhe20140429min.pdf,blhe,,,https://council.vancouver.ca/20140429/documents/blhe20140429min.pdf,20191106022843,https://web.archive.org/web/20191106022843id_/https://council.vancouver.ca/20140429/documents/blhe20140429min.pdf,application/pdf,35724,30ea1eaad18eea647906c18af6c10cfa8e483cca1e1d0514b098640eb2774761
2014-04-29,regu20140429min.pdf,regu,Regular Council,,https://council.vancouver.ca/20140429/documents/regu20140429min.pdf,20191106022842,https://web.archive.org/web/20191106022842id_/https://council.vancouver.ca/20140429/documents/regu20140429min.pdf,application/pdf,134661,2da9491eac90fad10135972a7e4df048267942b23503218c6de873d854068d37
2014-04-30,ptec20140430min.pdf,ptec,"Standing Committee on Planning, Transportation and Environment",,https://council.vancouver.ca/20140430/documents/ptec20140430min.pdf,20251218133743,https://web.archive.org/web/20251218133743id_/https://council.vancouver.ca/20140430/documents/ptec20140430min.pdf,application/pdf,97336,83bb1aab961fe43d1c07e101c6927722f7dc92f2b451afff8d24812d8e7bb789
2014-05-13,phea20140513min.pdf,phea,Public Hearing,,https://council.vancouver.ca/20140513/documents/phea20140513min.pdf,20220520005254,https://web.archive.org/web/20220520005254id_/https://council.vancouver.ca/20140513/documents/phea20140513min.pdf,application/pdf,80372,92541f7df5e8b0173ab67ece715fdbc8cf832acb9e29a782ae9d6f3c0e22749b
2014-05-13,regu20140513min.pdf,regu,Regular Council,,https://council.vancouver.ca/20140513/documents/regu20140513min.pdf,20240812082547,https://web.archive.org/web/20240812082547id_/https://council.vancouver.ca/20140513/documents/regu20140513min.pdf,application/pdf,98258,776385d0c89122b27420c435379835e9c76712a39620c19b2918254a732c67e0
2014-05-14,cfsc20140514min.pdf,cfsc,Standing Committee on City Finance and Services,,https://council.vancouver.ca/20140514/documents/cfsc20140514min.pdf,20240812220753,https://web.archive.org/web/20240812220753id_/https://council.vancouver.ca/20140514/documents/cfsc20140514min.pdf,application/pdf,92449,e8cc8bfe2c48c0366f023fd43af848f631551fe65c31fee9fa0b16eb002aa0bf
2014-05-20,phea20140520min.pdf,phea,Public Hearing,,https://council.vancouver.ca/20140520/documents/phea20140520min.pdf,20240226110729,https://web.archive.org/web/20240226110729id_/https://council.vancouver.ca/20140520/documents/phea20140520min.pdf,application/pdf,125402,c2a98d0567645ee5a5e211ee19296905c152d25091efd8dafb9cedeb36d54d7c
2014-05-27,ptec20140527min.pdf,ptec,"Standing Committee on Planning, Transportation and Environment",,https://council.vancouver.ca/20140527/documents/ptec20140527min.pdf,20250811103340,https://web.archive.org/web/20250811103340id_/https://council.vancouver.ca/20140527/documents/ptec20140527min.pdf,application/pdf,36873,7c428c427325a7330cc5a6a5d9a6f99043afe67760a447f59f64fddd2b2d7151
2014-05-27,regu20140527min.pdf,regu,Regular Council,,https://council.vancouver.ca/20140527/documents/regu20140527min.pdf,20250811103338,https://web.archive.org/web/20250811103338id_/https://council.vancouver.ca/20140527/documents/regu20140527min.pdf,application/pdf,165050,e18ba52d6aa38468c41e10066612b5cdb8fcddfacaa17428036b8b3898a0f05d
2014-06-03,phea20140603min.pdf,phea,Public Hearing,,https://council.vancouver.ca/20140603/documents/phea20140603min.pdf,20250811103342,https://web.archive.org/web/20250811103342id_/https://council.vancouver.ca/20140603/documents/phea20140603min.pdf,application/pdf,217509,c344eb7b175ab6cfb3b9f1640101f7ab7e1bb5adf0415c19e208297068774ff7
2014-06-10,phea20140610min.pdf,phea,Public Hearing,,https://council.vancouver.ca/20140610/documents/phea20140610min.pdf,20220701173230,https://web.archive.org/web/20220701173230id_/https://council.vancouver.ca/20140610/documents/phea20140610min.pdf,application/pdf,88103,c9dfd5d3c44e499ae6c38f58194dd54508e754c82f20299e5ede14fdb49977ce
2014-06-10,regu20140610min.pdf,regu,Regular Council,,https://council.vancouver.ca/20140610/documents/regu20140610min.pdf,20250811103332,https://web.archive.org/web/20250811103332id_/https://council.vancouver.ca/20140610/documents/regu20140610min.pdf,application/pdf,161960,a285bad4e9bbd20936c5ca495a9099996442bc108558c2db4d626b10c8b27cf0
2014-06-25,ptec20140625min.pdf,ptec,"Standing Committee on Planning, Transportation and Environment",,https://council.vancouver.ca/20140625/documents/ptec20140625min.pdf,20251207223345,https://web.archive.org/web/20251207223345id_/https://council.vancouver.ca/20140625/documents/ptec20140625min.pdf,application/pdf,53753,5c9d06eac1407a01ff7ae4794043aa05f5b7042c01882c27eeebaf46cd3daf4d
2014-07-08,phea20140708min.pdf,phea,Public Hearing,,https://council.vancouver.ca/20140708/documents/phea20140708min.pdf,20220701173055,https://web.archive.org/web/20220701173055id_/https://council.vancouver.ca/20140708/documents/phea20140708min.pdf,application/pdf,152590,0e4295e22bc5e104e9c03e692943b7e7a4fa316e91d5be51db54d62322d821b3
2014-07-08,regu20140708min.pdf,regu,Regular Council,,https://council.vancouver.ca/20140708/documents/regu20140708min.pdf,20191106014406,https://web.archive.org/web/20191106014406id_/https://council.vancouver.ca/20140708/documents/regu20140708min.pdf,application/pdf,184825,9f8d86878175b823f83256766085f3c231af957fbf3f46f3d6d6c1a10abe18d7
2014-07-09,cfsc20140709min.pdf,cfsc,Standing Committee on City Finance and Services,,https://council.vancouver.ca/20140709/documents/cfsc20140709min.pdf,20251012040201,https://web.archive.org/web/20251012040201id_/https://council.vancouver.ca/20140709/documents/cfsc20140709min.pdf,application/pdf,154368,599ae5c31104641ecb41989bd7b16d536bf6afb59f46bceeab58c11cf3e4d2f2
2014-07-15,cpah20140715min.pdf,cpah,,,https://council.vancouver.ca/20140715/documents/cpah20140715min.pdf,20191106014416,https://web.archive.org/web/20191106014416id_/https://council.vancouver.ca/20140715/documents/cpah20140715min.pdf,application/pdf,34688,8673794b72cb039bbc82a2908ddb9b8ac42fd93e0db80104eaf10bb3281c4ce7
2014-07-15,phea20140715min.pdf,phea,Public Hearing,,https://council.vancouver.ca/20140715/documents/phea20140715min.pdf,20250903032217,https://web.archive.org/web/20250903032217id_/https://council.vancouver.ca/20140715/documents/phea20140715min.pdf,application/pdf,147477,6fb58da251ea16e5ba9f6672377ff7a8a4d6a24c9d5b1ceebf8020b7df86dbd4
2014-07-22,regu20140722min.pdf,regu,Regular Council,,https://council.vancouver.ca/20140722/documents/regu20140722min.pdf,20240629220618,https://web.archive.org/web/20240629220618id_/https://council.vancouver.ca/20140722/documents/regu20140722min.pdf,application/pdf,95849,de076a002d5f92e9880b31c09c1930c88e411c991bae2f8f2292197e2dcb4b96
2014-09-16,phea20140916min.pdf,phea,Public Hearing,,https://council.vancouver.ca/20140916/documents/phea20140916min.pdf,20240416234017,https://web.archive.org/web/20240416234017id_/https://council.vancouver.ca/20140916/documents/phea20140916min.pdf,application/pdf,308112,2f2f3eaa985ba8e49e83394e4d30e39870d39f599745433d7a50c66824e20b24
2014-09-16,regu20140916min.pdf,regu,Regular Council,,https://council.vancouver.ca/20140916/documents/regu20140916min.pdf,20240519003604,https://web.archive.org/web/20240519003604id_/https://council.vancouver.ca/20140916/documents/regu20140916min.pdf,application/pdf,83326,b6c0fef8c0d78cab12887ef708946645577189e3a7cf941c2d58636691dc98e1
2014-09-17,cfsc20140917min.pdf,cfsc,Standing Committee on City Finance and Services,,https://council.vancouver.ca/20140917/documents/cfsc20140917min.pdf,20240531093509,https://web.archive.org/web/20240531093509id_/https://council.vancouver.ca/20140917/documents/cfsc20140917min.pdf,application/pdf,72551,d99c3ad7de8cc719aa77f0756f49aca1815ec42583403aa5ccee8abf2c24a7f0
2014-09-30,regu20140930min.pdf,regu,Regular Council,,https://council.vancouver.ca/20140930/documents/regu20140930min.pdf,20240531170350,https://web.archive.org/web/20240531170350id_/https://council.vancouver.ca/20140930/documents/regu20140930min.pdf,application/pdf,88894,d7112cdd6a2f5fcfd82c8f9787eba659b0ebfcf873544582449fa64f07bdce89
2014-10-01,ptec20141001min.pdf,ptec,"Standing Committee on Planning, Transportation and Environment",,https://council.vancouver.ca/20141001/documents/ptec20141001min.pdf,20220609204513,https://web.archive.org/web/20220609204513id_/https://council.vancouver.ca/20141001/documents/ptec20141001min.pdf,application/pdf,122812,a2ebb2c034299c59aef7fa74f271914e7008bc8e8f876ed44aca5d1555dfc01e
2014-10-14,phea20141014min.pdf,phea,Public Hearing,,https://council.vancouver.ca/20141014/documents/phea20141014min.pdf,20221206160508,https://web.archive.org/web/20221206160508id_/https://council.vancouver.ca/20141014/documents/phea20141014min.pdf,application/pdf,51715,367e548295a4487b87289a0c9d7a2699f7a19554af6aa173695868c6560da7fb
2014-10-14,regu20141014min.pdf,regu,Regular Council,,https://council.vancouver.ca/20141014/documents/regu20141014min.pdf,20221206174504,https://web.archive.org/web/20221206174504id_/https://council.vancouver.ca/20141014/documents/regu20141014min.pdf,application/pdf,71168,0dd745deaad0af404c668c60bc5b817a093eb4aa81e5c4d76499f75eff8a6900
2014-10-15,cfsc20141015min.pdf,cfsc,Standing Committee on City Finance and Services,,https://council.vancouver.ca/20141015/documents/cfsc20141015min.pdf,20221206203312,https://web.archive.org/web/20221206203312id_/https://council.vancouver.ca/20141015/documents/cfsc20141015min.pdf,application/pdf,55112,a8fa49f6bc158d8daed948ee349f769c3367981485208a3daa335c5d628bde14
2014-10-21,cpah20141021min.pdf,cpah,,,https://council.vancouver.ca/20141021/documents/cpah20141021min.pdf,20221206134708,https://web.archive.org/web/20221206134708id_/https://council.vancouver.ca/20141021/documents/cpah20141021min.pdf,application/pdf,52913,6419d6d667ba5a821fd3f63802d64c3efb7861748a3968f8c505bcc7e2809d1c
2014-10-28,regu20141028min.pdf,regu,Regular Council,,https://council.vancouver.ca/20141028/documents/regu20141028min.pdf,20241026150735,https://web.archive.org/web/20241026150735id_/https://council.vancouver.ca/20141028/documents/regu20141028min.pdf,application/pdf,80382,422f5c8731ec4d492d6549770509638468c643d2e7d21695e13c44586ac21aee
2014-10-29,ptec20141029min.pdf,ptec,"Standing Committee on Planning, Transportation and Environment",,https://council.vancouver.ca/20141029/documents/ptec20141029min.pdf,20221206220611,https://web.archive.org/web/20221206220611id_/https://council.vancouver.ca/20141029/documents/ptec20141029min.pdf,application/pdf,86940,518c5897f2fe85b8c396d2b60464b715d7201d1fa25d7698c6c8c8dbde3394bf
2014-11-25,regu20141125min.pdf,regu,Regular Council,,https://council.vancouver.ca/20141125/documents/regu20141125min.pdf,20221129215841,https://web.archive.org/web/20221129215841id_/https://council.vancouver.ca/20141125/documents/regu20141125min.pdf,application/pdf,62257,35c02a0eb35d545350420c986bb38cc8e547807599f3e2666ea606a82cd9b540
2014-12-08,inau20141208min.pdf,inau,Inaugural Council,,https://council.vancouver.ca/20141208/documents/inau20141208min.pdf,20221129220126,https://web.archive.org/web/20221129220126id_/https://council.vancouver.ca/20141208/documents/inau20141208min.pdf,application/pdf,81956,5654d2e215547faf3da353b649e65e2e1dc5f398897cfba44f410050e3112b67
2014-12-16,regu20141216min.pdf,regu,Regular Council,,https://council.vancouver.ca/20141216/documents/regu20141216min.pdf,20221129215553,https://web.archive.org/web/20221129215553id_/https://council.vancouver.ca/20141216/documents/regu20141216min.pdf,application/pdf,153545,e66ba8443ab8126bac39cf28d91f4abe53959f6531855ee9cfc528acf3c8b426
2014-12-17,cfsc20141217min.pdf,cfsc,Standing Committee on City Finance and Services,,https://council.vancouver.ca/20141217/documents/cfsc20141217min.pdf,20251012040309,https://web.archive.org/web/20251012040309id_/https://council.vancouver.ca/20141217/documents/cfsc20141217min.pdf,application/pdf,182415,22ad34c8e59b0f6a1246c60cfe53685807c8caf01c2995cee69aa9499f1a65fa
2015-01-20,regu20150120min.pdf,regu,Regular Council,,https://council.vancouver.ca/20150120/documents/regu20150120min.pdf,20221206131859,https://web.archive.org/web/20221206131859id_/https://council.vancouver.ca/20150120/documents/regu20150120min.pdf,application/pdf,122185,55d0f71542e711b1846164ef92bfb9426676316fb6ce6a05c0656ccdf95abe3c
2015-01-21,ptec20150121min.pdf,ptec,"Standing Committee on Planning, Transportation and Environment",,https://council.vancouver.ca/20150121/documents/ptec20150121min.pdf,20251012082411,https://web.archive.org/web/20251012082411id_/https://council.vancouver.ca/20150121/documents/ptec20150121min.pdf,application/pdf,177781,c83eb12f32c4e269b978db5d8b805bdb2b3e592c08508cb9bbb3c34682dc3943
2015-01-27,cpah20150127min.pdf,cpah,,,https://council.vancouver.ca/20150127/documents/cpah20150127min.pdf,20221207141820,https://web.archive.org/web/20221207141820id_/https://council.vancouver.ca/20150127/documents/cpah20150127min.pdf,application/pdf,58910,ec9256ac1e2238528e9b489dd071e0ce68e3e319575781ee2d866fcd7508669d
2015-02-03,regu20150203min.pdf,regu,Regular Council,,https://council.vancouver.ca/20150203/documents/regu20150203min.pdf,20251012053805,https://web.archive.org/web/20251012053805id_/https://council.vancouver.ca/20150203/documents/regu20150203min.pdf,application/pdf,116367,1baf060f529a4739cb082186073aafd8f8c1bc7c434c90edf35a4d66c9e2dc50
2015-02-04,cfsc20150204min.pdf,cfsc,Standing Committee on City Finance and Services,,https://council.vancouver.ca/20150204/documents/cfsc20150204min.pdf,20250812221020,https://web.archive.org/web/20250812221020id_/https://council.vancouver.ca/20150204/documents/cfsc20150204min.pdf,application/pdf,88546,27e0dbfb59985a3592f0dbace9651ff2c571fbb4aaa36e309fa8e8e09d011904
2015-02-04,crev20150204min.pdf,crev,Court of Revision,,https://council.vancouver.ca/20150204/documents/crev20150204min.pdf,20221127062023,https://web.archive.org/web/20221127062023id_/https://council.vancouver.ca/20150204/documents/crev20150204min.pdf,application/pdf,27444,23cbe27e27635f71c1ddc739ea974f2913089f0c771afdd09ec3d0fecf426f3c
2015-02-17,phea20150217min.pdf,phea,Public Hearing,,https://council.vancouver.ca/20150217/documents/phea20150217min.pdf,20220701173116,https://web.archive.org/web/20220701173116id_/https://council.vancouver.ca/20150217/documents/phea20150217min.pdf,application/pdf,180404,3a1b512ef7334f9c8913b136ae75f93e5727413f163a1a652be307fa8f6629f3
2015-02-17,regu20150217min.pdf,regu,Regular Council,,https://council.vancouver.ca/20150217/documents/regu20150217min.pdf,20221127062035,https://web.archive.org/web/20221127062035id_/https://council.vancouver.ca/20150217/documents/regu20150217min.pdf,application/pdf,70209,49ecef04e49bd844e372587c884cf08bc0d7e7b9169c65e293688bb427e015f0
2015-02-18,ptec20150218min.pdf,ptec,"Standing Committee on Planning, Transportation and Environment",,https://council.vancouver.ca/20150218/documents/ptec20150218min.pdf,20221206141546,https://web.archive.org/web/20221206141546id_/https://council.vancouver.ca/20150218/documents/ptec20150218min.pdf,application/pdf,78880,ff8019a624129409a663e193d04a01b1fda74baeedf10c3d38584feb4ef9ebb0
2015-02-24,SPEC20150224min.pdf,spec,Special Council,,https://council.vancouver.ca/20150224/documents/SPEC20150224min.pdf,20250825143216,https://web.archive.org/web/20250825143216id_/https://council.vancouver.ca/20150224/documents/SPEC20150224min.pdf,application/pdf,43104,0ebae41383f6a17f50411ab3fb789c5a3d2c0b3fed4364e78b9f135e646e713e
2015-02-24,phea20150224min.pdf,phea,Public Hearing,,https://council.vancouver.ca/20150224/documents/phea20150224min.pdf,20250811100255,https://web.archive.org/web/20250811100255id_/https://council.vancouver.ca/20150224/documents/phea20150224min.pdf,application/pdf,371790,8c6228427a511fa2988bf7227a0e70c419c735a2c39cdab02d19dfb55dade76a
2015-03-03,regu20150303min.pdf,regu,Regular Council,,https://council.vancouver.ca/20150303/documents/regu20150303min.pdf,20221206032311,https://web.archive.org/web/20221206032311id_/https://council.vancouver.ca/20150303/documents/regu20150303min.pdf,application/pdf,194606,115b455e009861c627cd4600a246ebc3cf26ca352a4f24ee279afb3b11ba1a39
2015-03-04,cfsc20150304min.pdf,cfsc,Standing Committee on City Finance and Services,,https://council.vancouver.ca/20150304/documents/cfsc20150304min.pdf,20221205160749,https://web.archive.org/web/20221205160749id_/https://council.vancouver.ca/20150304/documents/cfsc20150304min.pdf,application/pdf,82101,401a5f956021a5c07ad2faeb2f6bbef0395b6d84880b0525f0c525b398d64ad6
2015-03-04,cpah20150304min.pdf,cpah,,,https://council.vancouver.ca/20150304/documents/cpah20150304min.pdf,20221206024453,https://web.archive.org/web/20221206024453id_/https://council.vancouver.ca/20150304/documents/cpah20150304min.pdf,application/pdf,21587,550ba93704bbb0f48f594b8f1c5fdf1be613f84e269a0cf83a180f36b5b5cf29
2015-03-24,phea20150324min.pdf,phea,Public Hearing,,https://council.vancouver.ca/20150324/documents/phea20150324min.pdf,20220701173125,https://web.archive.org/web/20220701173125id_/https://council.vancouver.ca/20150324/documents/phea20150324min.pdf,application/pdf,186103,cc4f7612abae36af9ee9c3e9959a02a5062cd3fa4a77a3220a76d78e737d17a9
2015-03-24,regu20150324min.pdf,regu,Regular Council,,https://council.vancouver.ca/20150324/documents/regu20150324min.pdf,20221206035240,https://web.archive.org/web/20221206035240id_/https://council.vancouver.ca/20150324/documents/regu20150324min.pdf,application/pdf,110634,b270ae21168a3bc5e0d81183708e9ba07bd256d1d372a1370b20726dcc1ccc49
2015-03-25,ptec20150325min.pdf,ptec,"Standing Committee on Planning, Transportation and Environment",,https://council.vancouver.ca/20150325/documents/ptec20150325min.pdf,20221206123205,https://web.archive.org/web/20221206123205id_/https://council.vancouver.ca/20150325/documents/ptec20150325min.pdf,application/pdf,152464,8370f562404f68bcc858043e34dc3ef5ab64fdc877dd4bba197ddc0e79f659ed
2015-03-31,cpah20150331min.pdf,cpah,,,https://council.vancouver.ca/20150331/documents/cpah20150331min.pdf,20221208170316,https://web.archive.org/web/20221208170316id_/https://council.vancouver.ca/20150331/documents/cpah20150331min.pdf,application/pdf,49850,9f19e23b5598b160465412604d349de47039b3eccf16c178d29147a4eb47f1cd
2015-04-14,phea20150414min.pdf,phea,Public Hearing,,https://council.vancouver.ca/20150414/documents/phea20150414min.pdf,20220701173051,https://web.archive.org/web/20220701173051id_/https://council.vancouver.ca/20150414/documents/phea20150414min.pdf,application/pdf,50796,e45fabf3520ef6ff7339fb3fe6e18b5dec3759c00927d4773f8050535e5eae8a
2015-04-14,regu20150414min.pdf,regu,Regular Council,,https://council.vancouver.ca/20150414/documents/regu20150414min.pdf,20221206001325,https://web.archive.org/web/20221206001325id_/https://council.vancouver.ca/20150414/documents/regu20150414min.pdf,application/pdf,68441,e9f613a30f7b897e601aca349c982d8f278e32d862092ca4b093ee0c357157fb
2015-04-15,cfsc20150415min.pdf,cfsc,Standing Committee on City Finance and Services,,https://council.vancouver.ca/20150415/documents/cfsc20150415min.pdf,20220701173139,https://web.archive.org/web/20220701173139id_/https://council.vancouver.ca/20150415/documents/cfsc20150415min.pdf,application/pdf,138994,93e0717a1bd05be1b04ea53b9abd7b8490fd011814b9cda2ab55aa01848cac12
2015-04-16,spec20150416min.pdf,spec,Special Council,,https://council.vancouver.ca/20150416/documents/spec20150416min.pdf,20221205214922,https://web.archive.org/web/20221205214922id_/https://council.vancouver.ca/20150416/documents/spec20150416min.pdf,application/pdf,28058,4515eb2ae9ceda8fa28a2901eaa299ddc76e952397162a2df4dba7539fad167f
2015-04-28,phea20150428min.pdf,phea,Public Hearing,,https://council.vancouver.ca/20150428/documents/phea20150428min.pdf,20220701173222,https://web.archive.org/web/20220701173222id_/https://council.vancouver.ca/20150428/documents/phea20150428min.pdf,application/pdf,64001,43f23b5898040d94320b83146d458aebadaf89aba0a4f771697effaa45b38b25
2015-04-28,regu20150428min.pdf,regu,Regular Council,,https://council.vancouver.ca/20150428/documents/regu20150428min.pdf,20221206013456,https://web.archive.org/web/20221206013456id_/https://council.vancouver.ca/20150428/documents/regu20150428min.pdf,application/pdf,105432,5e3e9ce871b45f2689b197ad38bc7c8a05fcc7bf1294cdc2bd95b40d991123b5
2015-04-29,ptec20150429min.pdf,ptec,"Standing Committee on Planning, Transportation and Environment",,https://council.vancouver.ca/20150429/documents/ptec20150429min.pdf,20221207100551,https://web.archive.org/web/20221207100551id_/https://council.vancouver.ca/20150429/documents/ptec20150429min.pdf,application/pdf,62461,ed72e5b18cc3b39123c520580fc755317bbd8969c3afb3b2703efe25e550ad16
2015-05-12,cpah20150512min.pdf,cpah,,,https://council.vancouver.ca/20150512/documents/cpah20150512min.pdf,20221205162630,https://web.archive.org/web/20221205162630id_/https://council.vancouver.ca/20150512/documents/cpah20150512min.pdf,application/pdf,32197,db5ed4c94dd739a4f28d6d31611af2ef71ff70bd283fe889fcb8f6efda05bcf7
2015-05-12,regu20150512min.pdf,regu,Regular Council,,https://council.vancouver.ca/20150512/documents/regu20150512min.pdf,20221205163040,https://web.archive.org/web/20221205163040id_/https://council.vancouver.ca/20150512/documents/regu20150512min.pdf,application/pdf,93130,9596fa9ba5cc8557e232e076def15d83a0fc4a3da2ed00e6eb0a816251fd8674
2015-05-13,cfsc20150513min.pdf,cfsc,Standing Committee on City Finance and Services,,https://council.vancouver.ca/20150513/documents/cfsc20150513min.pdf,20221205142052,https://web.archive.org/web/20221205142052id_/https://council.vancouver.ca/20150513/documents/cfsc20150513min.pdf,application/pdf,75299,6a16c2b984f71866a5a4e577a25f2bc38b34d8edda589e05c148c7383a95dde8
2015-05-19,cpah20150519min.pdf,cpah,,,https://council.vancouver.ca/20150519/documents/cpah20150519min.pdf,20221205162804,https://web.archive.org/web/20221205162804id_/https://council.vancouver.ca/20150519/documents/cpah20150519min.pdf,application/pdf,37554,81937f7560b9900ae08369b36baf9ab904a25c99d8f4fbefe3850de2e13d9a14
2015-05-26,phea20150526min.pdf,phea,Public Hearing,,https://council.vancouver.ca/20150526/documents/phea20150526min.pdf,20240417000256,https://web.archive.org/web/20240417000256id_/https://council.vancouver.ca/20150526/documents/phea20150526min.pdf,application/pdf,210274,24718216a3c3abd1a434174e4a329b63ba63fc9f95f5c12134fb92bf99c4deae
2015-05-26,regu20150526min.pdf,regu,Regular Council,,https://council.vancouver.ca/20150526/documents/regu20150526min.pdf,20240417101523,https://web.archive.org/web/20240417101523id_/https://council.vancouver.ca/20150526/documents/regu20150526min.pdf,application/pdf,84642,fd26b4e3b90e456213edff3d90088269bbfc9ff1e67e10e60245502eab01ab61
2015-05-27,ptec20150527min.pdf,ptec,"Standing Committee on Planning, Transportation and Environment",,https://council.vancouver.ca/20150527/documents/ptec20150527min.pdf,20240416233904,https://web.archive.org/web/20240416233904id_/https://council.vancouver.ca/20150527/documents/ptec20150527min.pdf,application/pdf,91013,19f8033a3706b948425d04aa429560af7d9fa55d99adb39025192d01ccc08528
2015-06-02,crev20150602min.pdf,crev,Court of Revision,,https://council.vancouver.ca/20150602/documents/crev20150602min.pdf,20240416233124,https://web.archive.org/web/20240416233124id_/https://council.vancouver.ca/20150602/documents/crev20150602min.pdf,application/pdf,136195,be2a32806b66c1a794b0b278f7f056cf020c581d23ee324ea32f493a5c36527a
2015-06-09,regu20150609min.pdf,regu,Regular Council,,https://council.vancouver.ca/20150609/documents/regu20150609min.pdf,20240416225307,https://web.archive.org/web/20240416225307id_/https://council.vancouver.ca/20150609/documents/regu20150609min.pdf,application/pdf,87749,e9b8385f1f088ba49b12367c6a404ca99d2c537f45378b7e6cff13768d9f01b3
2015-06-10,cfsc20150610min.pdf,cfsc,Standing Committee on City Finance and Services,,https://council.vancouver.ca/20150610/documents/cfsc20150610min.pdf,20221208022603,https://web.archive.org/web/20221208022603id_/https://council.vancouver.ca/20150610/documents/cfsc20150610min.pdf,application/pdf,80819,78817627ae0ed1eee48b05b9cb9859fb63bcdee8c4a2d3eacf5241fb4246df09
2015-06-10,phea20150610min.pdf,phea,Public Hearing,,https://council.vancouver.ca/20150610/documents/phea20150610min.pdf,20221126213445,https://web.archive.org/web/20221126213445id_/https://council.vancouver.ca/20150610/documents/phea20150610min.pdf,application/pdf,55362,3975dd8cd81409f0ade41db47f1cb8d8b47fc9bef212a9882bf21fac8e956ad6
2015-06-23,regu20150623min.pdf,regu,Regular Council,,https://council.vancouver.ca/20150623/documents/regu20150623min.pdf,20221126213427,https://web.archive.org/web/20221126213427id_/https://council.vancouver.ca/20150623/documents/regu20150623min.pdf,application/pdf,184538,551c496f8b48782922986409ff63a43399df5924457eebc5073c28c4855db38d
2015-06-24,ptec20150624min.pdf,ptec,"Standing Committee on Planning, Transportation and Environment",,https://council.vancouver.ca/20150624/documents/ptec20150624min.pdf,20221126213447,https://web.archive.org/web/20221126213447id_/https://council.vancouver.ca/20150624/documents/ptec20150624min.pdf,application/pdf,209693,6aed375233249505d683baae053e05f859dfb4163a805c30e279a2eeb817efce
2015-06-25,phea20150625min.pdf,phea,Public Hearing,,https://council.vancouver.ca/20150625/documents/phea20150625min.pdf,20220701173105,https://web.archive.org/web/20220701173105id_/https://council.vancouver.ca/20150625/documents/phea20150625min.pdf,application/pdf,117415,d91471b42c0d3e2ca29373924f10000d31ab47d507ac89210de0a7f059e8a32e
2015-07-07,regu20150707min.pdf,regu,Regular Council,,https://council.vancouver.ca/20150707/documents/regu20150707min.pdf,20221126213455,https://web.archive.org/web/20221126213455id_/https://council.vancouver.ca/20150707/documents/regu20150707min.pdf,application/pdf,92277,78bc748ecd9806d8544326df2849382c75fe7428657fb6860bc2ca5ec2b31785
2015-07-08,20150708min.pdf,,Council,,https://council.vancouver.ca/20150708/documents/20150708min.pdf,20251121032734,https://web.archive.org/web/20251121032734id_/https://council.vancouver.ca/20150708/documents/20150708min.pdf,application/pdf,115461,7e313e345aa129b1a5a510bc0533449fbf00c33b93fd10d4580caebb65c3eda9
2015-07-08,cfsc20150708min.pdf,cfsc,Standing Committee on City Finance and Services,,https://council.vancouver.ca/20150708/documents/cfsc20150708min.pdf,20251012035856,https://web.archive.org/web/20251012035856id_/https://council.vancouver.ca/20150708/documents/cfsc20150708min.pdf,application/pdf,115461,7e313e345aa129b1a5a510bc0533449fbf00c33b93fd10d4580caebb65c3eda9
2015-07-13,phea20150713min.pdf,phea,Public Hearing,,https://council.vancouver.ca/20150713/documents/phea20150713min.pdf,20220701173049,https://web.archive.org/web/20220701173049id_/https://council.vancouver.ca/20150713/documents/phea20150713min.pdf,application/pdf,156972,72dd221b43b2f49d83d1ba4923a49a9787f1a3e4561e67445b97a510594a5a34
2015-07-21,phea20150721min.pdf,phea,Public Hearing,,https://council.vancouver.ca/20150721/documents/phea20150721min.pdf,20250806224242,https://web.archive.org/web/20250806224242id_/https://council.vancouver.ca/20150721/documents/phea20150721min.pdf,application/pdf,73690,b3fab78cccc380328cfc76403303a58ac941cffb44130d5647b459bf9570f326
2015-07-21,regu20150721min.pdf,regu,Regular Council,,https://council.vancouver.ca/20150721/documents/regu20150721min.pdf,20221206215226,https://web.archive.org/web/20221206215226id_/https://council.vancouver.ca/20150721/documents/regu20150721min.pdf,application/pdf,123358,267ff06a1467f691e78b47c3bbb523dde9b297b4d8a2c257051da61cb6515c28
2015-07-22,ptec20150722min.pdf,ptec,"Standing Committee on Planning, Transportation and Environment",,https://council.vancouver.ca/20150722/documents/ptec20150722min.pdf,20221207005709,https://web.archive.org/web/20221207005709id_/https://council.vancouver.ca/20150722/documents/ptec20150722min.pdf,application/pdf,116766,75628ad824baba2514a53172cdab7bbc5688ff3ffcf5c8529d0c3fd3741f0d10
2015-09-15,regu20150915min.pdf,regu,Regular Council,,https://council.vancouver.ca/20150915/documents/regu20150915min.pdf,20250814140756,https://web.archive.org/web/20250814140756id_/https://council.vancouver.ca/20150915/documents/regu20150915min.pdf,application/pdf,117737,b3c7f2938dd6a074d8a8f630a04c04952733f21cb1c46fe46d5221fe8536beb8
2015-09-16,cfsc20150916min.pdf,cfsc,Standing Committee on City Finance and Services,,https://council.vancouver.ca/20150916/documents/cfsc20150916min.pdf,20250814140800,https://web.archive.org/web/20250814140800id_/https://council.vancouver.ca/20150916/documents/cfsc20150916min.pdf,application/pdf,71601,24d1491c0bc97e984ca88c0214316ea0439a523cab497812e89e6f9fd7d54fa1
2015-09-17,phea20150917min.pdf,phea,Public Hearing,,https://council.vancouver.ca/20150917/documents/phea20150917min.pdf,20250814140804,https://web.archive.org/web/20250814140804id_/https://council.vancouver.ca/20150917/documents/phea20150917min.pdf,application/pdf,146955,95e1267d4259580e0f26f8d4d6ac5417e915af5e027982ba2e40b84dbf1af9c6
2015-09-29,regu20150929min.pdf,regu,Regular Council,,https://council.vancouver.ca/20150929/documents/regu20150929min.pdf,20250814140752,https://web.archive.org/web/20250814140752id_/https://council.vancouver.ca/20150929/documents/regu20150929min.pdf,application/pdf,141807,f3acdf2a852b7bd30ff557ba6ea639a7b1b87e1ca9497909e85b302dbb0f48cf
2015-09-30,ptec20150930min.pdf,ptec,"Standing Committee on Planning, Transportation and Environment",,https://council.vancouver.ca/20150930/documents/ptec20150930min.pdf,20221206000943,https://web.archive.org/web/20221206000943id_/https://council.vancouver.ca/20150930/documents/ptec20150930min.pdf,application/pdf,103117,82200132726c1aed17cc7542c855a1badee6b082d2d7ae73f45739ac44018c7d
2015-10-20,phea20151020min.pdf,phea,Public Hearing,,https://council.vancouver.ca/20151020/documents/phea20151020min.pdf,20251012101927,https://web.archive.org/web/20251012101927id_/https://council.vancouver.ca/20151020/documents/phea20151020min.pdf,application/pdf,275818,b61619473e61a8d41d699c0b871b0b750da60b9d90a4ff6d28ea0b02f0b9245a
2015-10-20,regu20151020min.pdf,regu,Regular Council,,https://council.vancouver.ca/20151020/documents/regu20151020min.pdf,20221205133414,https://web.archive.org/web/20221205133414id_/https://council.vancouver.ca/20151020/documents/regu20151020min.pdf,application/pdf,149250,2e7fc8624b217eb52b4f55902da8bf4b598c07325155bc6da08497bcb9567ffb
2015-10-21,cfsc20151021min.pdf,cfsc,Standing Committee on City Finance and Services,,https://council.vancouver.ca/20151021/documents/cfsc20151021min.pdf,20251109224211,https://web.archive.org/web/20251109224211id_/https://council.vancouver.ca/20151021/documents/cfsc20151021min.pdf,application/pdf,151781,5ee712fc06fa7a57a097e08d90ee788d33942ad5b735c882f0eddf06f36d172c
2015-11-03,regu20151103min.pdf,regu,Regular Council,,https://council.vancouver.ca/20151103/documents/regu20151103min.pdf,20221207185625,https://web.archive.org/web/20221207185625id_/https://council.vancouver.ca/20151103/documents/regu20151103min.pdf,application/pdf,86573,cb0895836827b339a78e52cfdf5356261ca41aaf705b7a86207117fd5ed9a8f0
2015-11-04,ptec20151104min.pdf,ptec,"Standing Committee on Planning, Transportation and Environment",,https://council.vancouver.ca/20151104/documents/ptec20151104min.pdf,20221206143844,https://web.archive.org/web/20221206143844id_/https://council.vancouver.ca/20151104/documents/ptec20151104min.pdf,application/pdf,121159,3cf9417baefb72ca756c7c68991c9c7b571f16346e850923ef2b028dae3ec74d
2015-11-17,cfsc20151117min.pdf,cfsc,Standing Committee on City Finance and Services,,https://council.vancouver.ca/20151117/documents/cfsc20151117min.pdf,20221206183445,https://web.archive.org/web/20221206183445id_/https://council.vancouver.ca/20151117/documents/cfsc20151117min.pdf,application/pdf,64022,a17ab8784f8739a1141e9386f14cb0152fb0787f10a0e623c7ffdf3a5f7bbcbb
2015-11-17,regu20151117min.pdf,regu,Regular Council,,https://council.vancouver.ca/20151117/documents/regu20151117min.pdf,20221206233217,https://web.archive.org/web/20221206233217id_/https://council.vancouver.ca/20151117/documents/regu20151117min.pdf,application/pdf,108809,4937b3a3454af26d3e9a5d927c6958a48cfcc0cb0f1c6d75a1d1ad41883a2a5b
2015-11-24,phea20151124min.pdf,phea,Public Hearing,,https://council.vancouver.ca/20151124/documents/phea20151124min.pdf,20250903032109,https://web.archive.org/web/20250903032109id_/https://council.vancouver.ca/20151124/documents/phea20151124min.pdf,application/pdf,211744,09ce085beb76b3e8e79ce6dc74118d62abc86953e5c5e24698b97adb300ee843
2015-12-01,ptec20151201min.pdf,ptec,"Standing Committee on Planning, Transportation and Environment",,https://council.vancouver.ca/20151201/documents/ptec20151201min.pdf,20250903032114,https://web.archive.org/web/20250903032114id_/https://council.vancouver.ca/20151201/documents/ptec20151201min.pdf,application/pdf,86297,0b1ffadeaae758f7d2ad6c92fce3990995e19b58dd93bdc774b9a02c6d40dd88
2015-12-01,regu20151201min.pdf,regu,Regular Council,,https://council.vancouver.ca/20151201/documents/regu20151201min.pdf,20250903032113,https://web.archive.org/web/20250903032113id_/https://council.vancouver.ca/20151201/documents/regu20151201min.pdf,application/pdf,71598,d377490a3c5b0929d435dbc4ae9e41f397bd5107a180245cdccfdc9cf365974c
2015-12-09,regu20151209min.pdf,regu,Regular Council,,https://council.vancouver.ca/20151209/documents/regu20151209min.pdf,20250903032101,https://web.archive.org/web/20250903032101id_/https://council.vancouver.ca/20151209/documents/regu20151209min.pdf,application/pdf,52383,da00d4dd3374205846584a5f2c7a7bf8b84b63dbf81fe1fb95dd060e19d90506
2015-12-09,spec20151209min.pdf,spec,Special Council,,https://council.vancouver.ca/20151209/documents/spec20151209min.pdf,20191106014301,https://web.archive.org/web/20191106014301id_/https://council.vancouver.ca/20151209/documents/spec20151209min.pdf,application/pdf,42747,9a07d2039aa2c61a6b8d0648c84963d1ad8faa6636190fc0ce28d40259a7a02a
2015-12-10,ptec20151210min.pdf,ptec,"Standing Committee on Planning, Transportation and Environment",,https://council.vancouver.ca/20151210/documents/ptec20151210min.pdf,20251012035835,https://web.archive.org/web/20251012035835id_/https://council.vancouver.ca/20151210/documents/ptec20151210min.pdf,application/pdf,159669,586438c89b9bdf4f615b09c252730f69ebd1851cc930a09490f654316d893824
2015-12-15,phea20151215min.pdf,phea,Public Hearing,,https://council.vancouver.ca/20151215/documents/phea20151215min.pdf,20240519051405,https://web.archive.org/web/20240519051405id_/https://council.vancouver.ca/20151215/documents/phea20151215min.pdf,application/pdf,284692,7ed50db898dc7af6ac473c5eea6118aacef8e717c7ecf576394f2a56b52f5724
2015-12-15,regu20151215min.pdf,regu,Regular Council,,https://council.vancouver.ca/20151215/documents/regu20151215min.pdf,20240519054455,https://web.archive.org/web/20240519054455id_/https://council.vancouver.ca/20151215/documents/regu20151215min.pdf,application/pdf,249711,36e1a8468e5d588fa152829d49e872d2566e2de8394be6970fd3a43259ef16d8
2015-12-16,cfsc20151216min.pdf,cfsc,Standing Committee on City Finance and Services,,https://council.vancouver.ca/20151216/documents/cfsc20151216min.pdf,20251012073648,https://web.archive.org/web/20251012073648id_/https://council.vancouver.ca/20151216/documents/cfsc20151216min.pdf,application/pdf,173904,5065ff21905f17b7610b2abb9ffc921ed34385c481389c4e47de44471e46c27f
2016-01-26,fsah20160126min.pdf,fsah,,,https://council.vancouver.ca/20160126/documents/fsah20160126min.pdf,20221208161656,https://web.archive.org/web/20221208161656id_/https://council.vancouver.ca/20160126/documents/fsah20160126min.pdf,application/pdf,40932,b548f5ef85cd2439f4c46fb9296165b428f99d154c14fdc03b38080b4b922e2c
2016-02-02,cpah20160202min.pdf,cpah,,,https://council.vancouver.ca/20160202/documents/cpah20160202min.pdf,20221205210842,https://web.archive.org/web/20221205210842id_/https://council.vancouver.ca/20160202/documents/cpah20160202min.pdf,application/pdf,37207,4fd8ed8cd9f8763db79b624a39672243d716abde9edcecc1b054af11fe37ecb3
2016-02-02,regu20160202min.pdf,regu,Regular Council,,https://council.vancouver.ca/20160202/documents/regu20160202min.pdf,20251012073536,https://web.archive.org/web/20251012073536id_/https://council.vancouver.ca/20160202/documents/regu20160202min.pdf,application/pdf,183324,9a70b8ea632d48f19814aa4fe729d13e66e19df249c6dbf9aa317716a18ddaab
2016-02-03,cfsc20160203min.pdf,cfsc,Standing Committee on City Finance and Services,,https://council.vancouver.ca/20160203/documents/cfsc20160203min.pdf,20221205195443,https://web.archive.org/web/20221205195443id_/https://council.vancouver.ca/20160203/documents/cfsc20160203min.pdf,application/pdf,133738,c61429463ee14388c08b2fa8c2e0f3f61de3d7a07d6b837970ad1157e36edc84
2016-02-03,crev20160203min.pdf,crev,Court of Revision,,https://council.vancouver.ca/20160203/documents/crev20160203min.pdf,20221207221554,https://web.archive.org/web/20221207221554id_/https://council.vancouver.ca/20160203/documents/crev20160203min.pdf,application/pdf,34300,2f00df020df11516945fbe41b7f3089c3aff08391c9fe909116453b60e70310f
2016-02-23,phea20160223min.pdf,phea,Public Hearing,,https://council.vancouver.ca/20160223/documents/phea20160223min.pdf,20220701173136,https://web.archive.org/web/20220701173136id_/https://council.vancouver.ca/20160223/documents/phea20160223min.pdf,application/pdf,86579,7ea2269552909cd7cc326a800b76df53b5bea78d7b444cfd0a2173356bc7d57b
2016-02-23,regu20160223min.pdf,regu,Regular Council,,https://council.vancouver.ca/20160223/documents/regu20160223min.pdf,20221205113249,https://web.archive.org/web/20221205113249id_/https://council.vancouver.ca/20160223/documents/regu20160223min.pdf,application/pdf,86085,f45ed64b9eb1b61a4fdca688fa53e522fdc1535620deae51540fde2f834fdbe7
2016-02-24,pspc20160224min.pdf,pspc,,,https://council.vancouver.ca/20160224/documents/pspc20160224min.pdf,20221205145230,https://web.archive.org/web/20221205145230id_/https://council.vancouver.ca/20160224/documents/pspc20160224min.pdf,application/pdf,158808,e96dd0c8a9434b2fa8a753fd0e0f8abec9ffbe6a3c791fe5c98aadb698b5cd62
2016-03-08,phea20160308min.pdf,phea,Public Hearing,,https://council.vancouver.ca/20160308/documents/phea20160308min.pdf,20221207062853,https://web.archive.org/web/20221207062853id_/https://council.vancouver.ca/20160308/documents/phea20160308min.pdf,application/pdf,78415,14148ccfd67f271b5b40a12e710ef19737399a54932adaa2128bb733a5371981
2016-03-08,regu20160308min.pdf,regu,Regular Council,,https://council.vancouver.ca/20160308/documents/regu20160308min.pdf,20221206160024,https://web.archive.org/web/20221206160024id_/https://council.vancouver.ca/20160308/documents/regu20160308min.pdf,application/pdf,228662,60456c66a72e3772c7b02e088318723efa673541be14c5ccb43d3186d37f16fd
2016-03-09,cfsc20160309min.pdf,cfsc,Standing Committee on City Finance and Services,,https://council.vancouver.ca/20160309/documents/cfsc20160309min.pdf,20221206224750,https://web.archive.org/web/20221206224750id_/https://council.vancouver.ca/20160309/documents/cfsc20160309min.pdf,application/pdf,60977,24d3748062c982d65cc6fd708694807407130aeb1a83b5f11cb0247b1b1303dd
2016-04-05,phea20160405min.pdf,phea,Public Hearing,,https://council.vancouver.ca/20160405/documents/phea20160405min.pdf,20220701173019,https://web.archive.org/web/20220701173019id_/https://council.vancouver.ca/20160405/documents/phea20160405min.pdf,application/pdf,245476,d550ecd8b519cdd25c4bbea2988a5229fdae8c9a9760e66d1a4430cc20bd74d6
2016-04-05,regu20160405min.pdf,regu,Regular Council,,https://council.vancouver.ca/20160405/documents/regu20160405min.pdf,20221208160728,https://web.archive.org/web/20221208160728id_/https://council.vancouver.ca/20160405/documents/regu20160405min.pdf,application/pdf,137774,1b1bd081e4b6ca44b7450e5705785fcc4843b4f671b64fb3d9fd95397cfedd61
2016-04-06,pspc20160406min.pdf,pspc,,,https://council.vancouver.ca/20160406/documents/pspc20160406min.pdf,20221206113155,https://web.archive.org/web/20221206113155id_/https://council.vancouver.ca/20160406/documents/pspc20160406min.pdf,application/pdf,118720,7f7811cecb28cb3c783dae7aad4e42fbb96f8f76951941af8fb2709fa78d19dc
2016-04-19,regu20160419min.pdf,regu,Regular Council,,http://council.vancouver.ca/20160419/documents/regu20160419min.pdf,20161103024542,https://web.archive.org/web/20161103024542id_/http://council.vancouver.ca/20160419/documents/regu20160419min.pdf,application/pdf,106452,a4db4e11241a4be3ec856b2b1fc5b9741564c571cb620b4a3dd30406635be2b9
2016-04-20,cfsc20160420min.pdf,cfsc,Standing Committee on City Finance and Services,,https://council.vancouver.ca/20160420/documents/cfsc20160420min.pdf,20251012121339,https://web.archive.org/web/20251012121339id_/https://council.vancouver.ca/20160420/documents/cfsc20160420min.pdf,application/pdf,142534,111c0168a262ac265ae5051ed636d29903c08835cf5587b8038642a5bb373120
2016-05-03,regu20160503min.pdf,regu,Regular Council,,https://council.vancouver.ca/20160503/documents/regu20160503min.pdf,20251012054052,https://web.archive.org/web/20251012054052id_/https://council.vancouver.ca/20160503/documents/regu20160503min.pdf,application/pdf,108782,baecf97ec72d72ffb401d805c087c8ffa4237f3ede4694f8d692446cdb3f6620
2016-05-04,pspc20160504min.pdf,pspc,,,https://council.vancouver.ca/20160504/documents/pspc20160504min.pdf,20251012035851,https://web.archive.org/web/20251012035851id_/https://council.vancouver.ca/20160504/documents/pspc20160504min.pdf,application/pdf,148671,a74df5093ecbb367886c9d509eba24851335c188f391cde16a3b361c4f91c686
2016-05-17,phea20160517min.pdf,phea,Public Hearing,,https://council.vancouver.ca/20160517/documents/phea20160517min.pdf,20220701173126,https://web.archive.org/web/20220701173126id_/https://council.vancouver.ca/20160517/documents/phea20160517min.pdf,application/pdf,269526,2309b0dbcad5e234eede9f385677de5ae8fadddad21aa8c4872d6a0b0004bca6
2016-05-17,regu20160517min.pdf,regu,Regular Council,,https://council.vancouver.ca/20160517/documents/regu20160517min.pdf,20221207165336,https://web.archive.org/web/20221207165336id_/https://council.vancouver.ca/20160517/documents/regu20160517min.pdf,application/pdf,99597,0d68dae3b5eb37384ba631c6382baf1db656f924f01eeb3a41cdb35f365db527
2016-05-18,cfsc20160518min.pdf,cfsc,Standing Committee on City Finance and Services,,https://council.vancouver.ca/20160518/documents/cfsc20160518min.pdf,20221207192616,https://web.archive.org/web/20221207192616id_/https://council.vancouver.ca/20160518/documents/cfsc20160518min.pdf,application/pdf,130203,6468f2d7b7d5e91158f6a2abd7726f42d17cd4ff03ff993ae1c0d2298d2e320e
2016-05-24,phea20160524min.pdf,phea,Public Hearing,,https://council.vancouver.ca/20160524/documents/phea20160524min.pdf,20221221150217,https://web.archive.org/web/20221221150217id_/https://council.vancouver.ca/20160524/documents/phea20160524min.pdf,application/pdf,179363,a6805d76430cabce4e51453f68607af8300e0c80d41a9b2397bb74207d174493
2016-05-31,crev20160531min.pdf,crev,Court of Revision,,https://council.vancouver.ca/20160531/documents/crev20160531min.pdf,20221207132855,https://web.archive.org/web/20221207132855id_/https://council.vancouver.ca/20160531/documents/crev20160531min.pdf,application/pdf,48293,7d61a48cbde162c56919f387766a764533d1f9980ab59e35705c040efbadac48
2016-05-31,regu20160531min.pdf,regu,Regular Council,,https://council.vancouver.ca/20160531/documents/regu20160531min.pdf,20221206123947,https://web.archive.org/web/20221206123947id_/https://council.vancouver.ca/20160531/documents/regu20160531min.pdf,application/pdf,118549,743d4c12318ee981b9490d7bb56bb80999f54f4a9eefba18fd60cac0a1777b2a
2016-06-01,pspc20160601min.pdf,pspc,,,https://council.vancouver.ca/20160601/documents/pspc20160601min.pdf,20221206235127,https://web.archive.org/web/20221206235127id_/https://council.vancouver.ca/20160601/documents/pspc20160601min.pdf,application/pdf,79741,04bd9c142803e2c8611cbfb6b9f84b3cf896404ce155d4496353dc79f83126af
2016-06-14,phea20160614min.pdf,phea,Public Hearing,,https://council.vancouver.ca/20160614/documents/phea20160614min.pdf,20220701173213,https://web.archive.org/web/20220701173213id_/https://council.vancouver.ca/20160614/documents/phea20160614min.pdf,application/pdf,221752,e479c49ebac85535d5a5fa4fb0512506b4a97f80428e6f73c3a5e1b549d070dd
2016-06-14,regu20160614min.pdf,regu,Regular Council,,https://council.vancouver.ca/20160614/documents/regu20160614min.pdf,20220701173141,https://web.archive.org/web/20220701173141id_/https://council.vancouver.ca/20160614/documents/regu20160614min.pdf,application/pdf,126525,21b0fd84c1c1a8aefc20cdf9cec53042d530923e478bfd6417f3909f23827c06
2016-06-15,cfsc20160615min.pdf,cfsc,Standing Committee on City Finance and Services,,https://council.vancouver.ca/20160615/documents/cfsc20160615min.pdf,20251012035934,https://web.archive.org/web/20251012035934id_/https://council.vancouver.ca/20160615/documents/cfsc20160615min.pdf,application/pdf,152312,8e8a5f7f34f18256048a1747665f2af195e8cded287b1c5781ddb64506ccf084
2016-06-21,phea20160621min.pdf,phea,Public Hearing,,https://council.vancouver.ca/20160621/documents/phea20160621min.pdf,20220701173016,https://web.archive.org/web/20220701173016id_/https://council.vancouver.ca/20160621/documents/phea20160621min.pdf,application/pdf,121749,5d7defb5f141189f8557421676aed2c6c2a16428bba5fbd563b4b6b7908fcad2
2016-06-23,phea20160623min.pdf,phea,Public Hearing,,https://council.vancouver.ca/20160623/documents/phea20160623min.pdf,20230607095245,https://web.archive.org/web/20230607095245id_/https://council.vancouver.ca/20160623/documents/phea20160623min.pdf,application/pdf,49703,d32d107b87f81843dcd160286329b8a630d4b7f54a17b63c028c2499515cbc91
2016-06-28,regu20160628min.pdf,regu,Regular Council,,https://council.vancouver.ca/20160628/documents/regu20160628min.pdf,20220701173116,https://web.archive.org/web/20220701173116id_/https://council.vancouver.ca/20160628/documents/regu20160628min.pdf,application/pdf,331301,ad252cdea27292b4537141d8b41d0399b781b15c7cb64cc047fc1027fa402137
2016-06-29,pspc20160629min.pdf,pspc,,,https://council.vancouver.ca/20160629/documents/pspc20160629min.pdf,20221127005602,https://web.archive.org/web/20221127005602id_/https://council.vancouver.ca/20160629/documents/pspc20160629min.pdf,application/pdf,169478,c722b7558089c792a64ffef5c9efa24a70cbb10559fa7c21ec4c846a7aacf8cf
2016-07-12,phea20160712min.pdf,phea,Public Hearing,,https://council.vancouver.ca/20160712/documents/phea20160712min.pdf,20240803001216,https://web.archive.org/web/20240803001216id_/https://council.vancouver.ca/20160712/documents/phea20160712min.pdf,application/pdf,396084,c7487f680ff855b55257e342c84256f2243748c6207df49f3a6bd7f783ea817d
2016-07-12,regu20160712min.pdf,regu,Regular Council,,https://council.vancouver.ca/20160712/documents/regu20160712min.pdf,20240803003309,https://web.archive.org/web/20240803003309id_/https://council.vancouver.ca/20160712/documents/regu20160712min.pdf,application/pdf,51975,c5392114d1b1221fd3ae2cb0585db0ac2657dcf37b31819c0860351a112bc03a
2016-07-13,cfsc20160713min.pdf,cfsc,Standing Committee on City Finance and Services,,https://council.vancouver.ca/20160713/documents/cfsc20160713min.pdf,20221127234046,https://web.archive.org/web/20221127234046id_/https://council.vancouver.ca/20160713/documents/cfsc20160713min.pdf,application/pdf,115695,637e044b40bf685bdad9ffd7f07c5e6766feb951f04d683efe6943c81415f23f
2016-07-13,pspc20160713min.pdf,pspc,,,https://council.vancouver.ca/20160713/documents/pspc20160713min.pdf,20251012052339,https://web.archive.org/web/20251012052339id_/https://council.vancouver.ca/20160713/documents/pspc20160713min.pdf,application/pdf,129584,cf717206bcd6f0bd97daf2df7d76f3493ebdd6431cb9910be5bfb3a25991e090
2016-07-19,phea20160719min.pdf,phea,Public Hearing,,https://council.vancouver.ca/20160719/documents/phea20160719min.pdf,20240803013535,https://web.archive.org/web/20240803013535id_/https://council.vancouver.ca/20160719/documents/phea20160719min.pdf,application/pdf,143314,4f9394e7b8c54b6c1fd190bfb6939b842dbccad6fb37a0c38824afe99c28ba5b
2016-07-26,regu20160726min.pdf,regu,Regular Council,,https://council.vancouver.ca/20160726/documents/regu20160726min.pdf,20240803002623,https://web.archive.org/web/20240803002623id_/https://council.vancouver.ca/20160726/documents/regu20160726min.pdf,application/pdf,244145,e54f177b518cd711890994e964428b00d84f2c1224420c72f83820205f4abd2c
2016-07-27,pspc20160727min.pdf,pspc,,,https://council.vancouver.ca/20160727/documents/pspc20160727min.pdf,20251012100743,https://web.archive.org/web/20251012100743id_/https://council.vancouver.ca/20160727/documents/pspc20160727min.pdf,application/pdf,136430,9810cd71aa30967d6cc317b8a59c06ea3d91a2435b51dd083468e5cb9406fb8a
2016-09-20,phea20160920min.pdf,phea,Public Hearing,,https://council.vancouver.ca/20160920/documents/phea20160920min.pdf,20220701173152,https://web.archive.org/web/20220701173152id_/https://council.vancouver.ca/20160920/documents/phea20160920min.pdf,application/pdf,70706,df93239c7adf5f545c098f796947c88345fd00dce98305169e14f0e7e9dda89b
2016-09-20,regu20160920min.pdf,regu,Regular Council,,https://council.vancouver.ca/20160920/documents/regu20160920min.pdf,20220701173306,https://web.archive.org/web/20220701173306id_/https://council.vancouver.ca/20160920/documents/regu20160920min.pdf,application/pdf,175095,68acc321f8ecf044a78238d4d0fdfb37d1960e3d96c778cd5ba8de8c0df6caf3
2016-09-21,cfsc20160921min.pdf,cfsc,Standing Committee on City Finance and Services,,https://council.vancouver.ca/20160921/documents/cfsc20160921min.pdf,20250820051705,https://web.archive.org/web/20250820051705id_/https://council.vancouver.ca/20160921/documents/cfsc20160921min.pdf,application/pdf,139699,d5d60c6dbb593aa70c8394cf84c6a72b1674874569ed68322735973deb06f104
2016-10-04,blhe20161004min.pdf,blhe,,,https://council.vancouver.ca/20161004/documents/blhe20161004min.pdf,20221128050019,https://web.archive.org/web/20221128050019id_/https://council.vancouver.ca/20161004/documents/blhe20161004min.pdf,application/pdf,64465,5ceee4eac4f4dd8f75c218c304f28ed7f80611422d9caa76252f9282b169a8b6
2016-10-04,regu20161004min.pdf,regu,Regular Council,,https://council.vancouver.ca/20161004/documents/regu20161004min.pdf,20221128055358,https://web.archive.org/web/20221128055358id_/https://council.vancouver.ca/20161004/documents/regu20161004min.pdf,application/pdf,99986,ec8880b356e02e47a873035474824e34d008c79e7ac975d3b969a72bb7c449f3
2016-10-05,pspc20161005min.pdf,pspc,,,https://council.vancouver.ca/20161005/documents/pspc20161005min.pdf,20221127171802,https://web.archive.org/web/20221127171802id_/https://council.vancouver.ca/20161005/documents/pspc20161005min.pdf,application/pdf,67497,95ceb1528abd6903e7c3e3c414ef6fa8d882f234c18f62a7725e13f925c8b01d
2016-10-18,phea20161018min.pdf,phea,Public Hearing,,https://council.vancouver.ca/20161018/documents/phea20161018min.pdf,20220701173121,https://web.archive.org/web/20220701173121id_/https://council.vancouver.ca/20161018/documents/phea20161018min.pdf,application/pdf,285506,be65d92620c21835e984438ef058f8adc7723c68b8feb20812e36a24984fa30f
2016-10-18,regu20161018min.pdf,regu,Regular Council,,https://council.vancouver.ca/20161018/documents/regu20161018min.pdf,20220701173343,https://web.archive.org/web/20220701173343id_/https://council.vancouver.ca/20161018/documents/regu20161018min.pdf,application/pdf,113405,e603994fdf5e63d8f435f37ba199a022fbcd55f73a0358e653c307812c275c81
2016-10-19,cfsc20161019min.pdf,cfsc,Standing Committee on City Finance and Services,,https://council.vancouver.ca/20161019/documents/cfsc20161019min.pdf,20220701173300,https://web.archive.org/web/20220701173300id_/https://council.vancouver.ca/20161019/documents/cfsc20161019min.pdf,application/pdf,140592,9e5cace95f2f6d5b02afc8a8db9a264e56fda6f3954505b1ecee69cc39dac8f6
2016-10-20,phea20161020min.pdf,phea,Public Hearing,,https://council.vancouver.ca/20161020/documents/phea20161020min.pdf,20220701173111,https://web.archive.org/web/20220701173111id_/https://council.vancouver.ca/20161020/documents/phea20161020min.pdf,application/pdf,602824,ebb3c8a4fc987d8ba500fafaa07dbba3e5f9046ff7cf5bb199d8a6aaba85346e
2016-11-01,regu20161101min.pdf,regu,Regular Council,,https://council.vancouver.ca/20161101/documents/regu20161101min.pdf,20220701173240,https://web.archive.org/web/20220701173240id_/https://council.vancouver.ca/20161101/documents/regu20161101min.pdf,application/pdf,61068,1c30100fe95a3ee1dec7b82f8d444ad60bb8651c359a8a3105c48fa306e6429e
2016-11-02,pspc20161102min.pdf,pspc,,,https://council.vancouver.ca/20161102/documents/pspc20161102min.pdf,20250516022117,https://web.archive.org/web/20250516022117id_/https://council.vancouver.ca/20161102/documents/pspc20161102min.pdf,application/pdf,59544,850e99e0c7f5a3b0276e6e77a4e43c622be012ac713db8934c301d00fbe1fca4
2016-11-15,phea20161115min.pdf,phea,Public Hearing,,https://council.vancouver.ca/20161115/documents/phea20161115min.pdf,20220701173033,https://web.archive.org/web/20220701173033id_/https://council.vancouver.ca/20161115/documents/phea20161115min.pdf,application/pdf,274121,810f9079a63d22ede52f9eddb8a3b32051d6bed50b100f9fd3b3ab5cecaf2073
2016-11-15,regu20161115min.pdf,regu,Regular Council,,https://council.vancouver.ca/20161115/documents/regu20161115min.pdf,20221207170534,https://web.archive.org/web/20221207170534id_/https://council.vancouver.ca/20161115/documents/regu20161115min.pdf,application/pdf,116101,91e6437098af67b574b5a7c0469e37f66def77542a7464a78a648df618318526
2016-11-16,cfsc20161116min.pdf,cfsc,Standing Committee on City Finance and Services,,https://council.vancouver.ca/20161116/documents/cfsc20161116min.pdf,20250801191633,https://web.archive.org/web/20250801191633id_/https://council.vancouver.ca/20161116/documents/cfsc20161116min.pdf,application/pdf,157718,ac36a050620b605d38de2adf1bf5d7fa8cb7fb95cf76c2c45d23021e98e625a4
2016-11-29,regu20161129min.pdf,regu,Regular Council,,https://council.vancouver.ca/20161129/documents/regu20161129min.pdf,20221205205959,https://web.archive.org/web/20221205205959id_/https://council.vancouver.ca/20161129/documents/regu20161129min.pdf,application/pdf,70156,ee59ca1b2499be6d38d07a463efb09a7766535d0113cfa0b56de3ca7db056dec
2016-11-30,pspc20161130min.pdf,pspc,,,https://council.vancouver.ca/20161130/documents/pspc20161130min.pdf,20221206113018,https://web.archive.org/web/20221206113018id_/https://council.vancouver.ca/20161130/documents/pspc20161130min.pdf,application/pdf,104526,e7bc30c6af5053f1ab31451e9f88d85b5a763ea2c1056087eb7b176c682dc42c
2016-12-07,spec20161207min.pdf,spec,Special Council,,https://council.vancouver.ca/20161207/documents/spec20161207min.pdf,20221206232628,https://web.archive.org/web/20221206232628id_/https://council.vancouver.ca/20161207/documents/spec20161207min.pdf,application/pdf,34740,b22612b2a77e167cae324f7cbdb029416054d7c983815aef2dd670bca1b45b10
2016-12-13,phea20161213min.pdf,phea,Public Hearing,,https://council.vancouver.ca/20161213/documents/phea20161213min.pdf,20240706015848,https://web.archive.org/web/20240706015848id_/https://council.vancouver.ca/20161213/documents/phea20161213min.pdf,application/pdf,173943,a9501f37329bec828cb1f138d17e07972c656f6e01bcb61e27adce96999bde1b
2016-12-13,regu20161213min.pdf,regu,Regular Council,,https://council.vancouver.ca/20161213/documents/regu20161213min.pdf,20251012040308,https://web.archive.org/web/20251012040308id_/https://council.vancouver.ca/20161213/documents/regu20161213min.pdf,application/pdf,335257,0319653737fdd36e2a1c34eb63b2bd087160af4f3f0bf46e654bef51418488dd
2016-12-14,cfsc20161214min.pdf,cfsc,Standing Committee on City Finance and Services,,https://council.vancouver.ca/20161214/documents/cfsc20161214min.pdf,20221206181214,https://web.archive.org/web/20221206181214id_/https://council.vancouver.ca/20161214/documents/cfsc20161214min.pdf,application/pdf,469357,442f5d63b6fbfed39f36a06f3a37fa39a48747394692711eb2484dda63a29bed
2017-01-24,phea20170124min.pdf,phea,Public Hearing,,https://council.vancouver.ca/20170124/documents/phea20170124min.pdf,20240803005703,https://web.archive.org/web/20240803005703id_/https://council.vancouver.ca/20170124/documents/phea20170124min.pdf,application/pdf,315941,e17d8f1a806b34c7e15ae150817b5e8b52e7cfc19259ae47e85769b800fc500e
2017-01-24,regu20170124min.pdf,regu,Regular Council,,https://council.vancouver.ca/20170124/documents/regu20170124min.pdf,20250821052038,https://web.archive.org/web/20250821052038id_/https://council.vancouver.ca/20170124/documents/regu20170124min.pdf,application/pdf,75104,805214f6f4d7a13b8c3767dd3e6c30864f9b83860daf2fa5fa35b02d156243ba
2017-01-25,pspc20170125min.pdf,pspc,,,https://council.vancouver.ca/20170125/documents/pspc20170125min.pdf,20251012055515,https://web.archive.org/web/20251012055515id_/https://council.vancouver.ca/20170125/documents/pspc20170125min.pdf,application/pdf,146333,d14027227b5651c3476a65a7e696ac1ff3fc5484ae3423d9ed3ed80024ac640c
2017-01-26,phea20170126min.pdf,phea,Public Hearing,,https://council.vancouver.ca/20170126/documents/phea20170126min.pdf,20220701173115,https://web.archive.org/web/20220701173115id_/https://council.vancouver.ca/20170126/documents/phea20170126min.pdf,application/pdf,87709,a11eb44082f39113cad158a1f1fdd368a46cab9d02f97d6d9c35b566483d8aa8
2017-02-07,regu20170207min.pdf,regu,Regular Council,,https://council.vancouver.ca/20170207/documents/regu20170207min.pdf,20250821020120,https://web.archive.org/web/20250821020120id_/https://council.vancouver.ca/20170207/documents/regu20170207min.pdf,application/pdf,82959,331bc178bd64d3d94a327aaa354531c4fbe1846606002bdc7eba4c2eceaf30d3
2017-02-08,cfsc20170208min.pdf,cfsc,Standing Committee on City Finance and Services,,https://council.vancouver.ca/20170208/documents/cfsc20170208min.pdf,20250507075316,https://web.archive.org/web/20250507075316id_/https://council.vancouver.ca/20170208/documents/cfsc20170208min.pdf,application/pdf,156653,3c05c64ebace51d71b8423348734a2026d33c7d1a4a707cdb561b7e0acb82da6
2017-02-21,phea20170221min.pdf,phea,Public Hearing,,https://council.vancouver.ca/20170221/documents/phea20170221min.pdf,20220701173021,https://web.archive.org/web/20220701173021id_/https://council.vancouver.ca/20170221/documents/phea20170221min.pdf,application/pdf,401757,69aac89c10db4a6b20c32d2d422df33972b527121e1e483b10631be1f477c0e6
2017-02-21,regu20170221min.pdf,regu,Regular Council,,https://council.vancouver.ca/20170221/documents/regu20170221min.pdf,20251105072931,https://web.archive.org/web/20251105072931id_/https://council.vancouver.ca/20170221/documents/regu20170221min.pdf,application/pdf,79486,0eaba31d93a9325969959b33be00fbe9edeb45b4f213eadc7f3ff771ac9111b8
2017-02-22,pspc20170222min.pdf,pspc,,,https://council.vancouver.ca/20170222/documents/pspc20170222min.pdf,20250821210426,https://web.archive.org/web/20250821210426id_/https://council.vancouver.ca/20170222/documents/pspc20170222min.pdf,application/pdf,50178,bc003cbeb19591884396a0c2140c0cab5e36c84ac6e374d306d7aa55fe1f21ad
2017-03-07,phea20170307min.pdf,phea,Public Hearing,,https://council.vancouver.ca/20170307/documents/phea20170307min.pdf,20220701173152,https://web.archive.org/web/20220701173152id_/https://council.vancouver.ca/20170307/documents/phea20170307min.pdf,application/pdf,98806,d004c3c7dabc85a49ce481291f3f8361549ab7500c1dc296e2d31ec68ab84152
2017-03-29,pspc20170329min.pdf,pspc,,,https://council.vancouver.ca/20170329/documents/pspc20170329min.pdf,20240913023045,https://web.archive.org/web/20240913023045id_/https://council.vancouver.ca/20170329/documents/pspc20170329min.pdf,application/pdf,88258,881af1b1823aab5610e716af4dd6c4ba068994a10fca200e52ae7b183edf4ac2
2017-04-11,phea20170411min.pdf,phea,Public Hearing,,https://council.vancouver.ca/20170411/documents/phea20170411min.pdf,20220701173200,https://web.archive.org/web/20220701173200id_/https://council.vancouver.ca/20170411/documents/phea20170411min.pdf,application/pdf,131418,4828f0854e35a6b42b46c4e3d44a0c73744a06537be83826a9f1a29bc38e9dcc
2017-04-11,regu20170411min.pdf,regu,Regular Council,,https://council.vancouver.ca/20170411/documents/regu20170411min.pdf,20251012040306,https://web.archive.org/web/20251012040306id_/https://council.vancouver.ca/20170411/documents/regu20170411min.pdf,application/pdf,121301,26d7300b6b34e2b73bcbb3594a0a649b5e72040e9556c466876ca38b2cf2f3f1
2017-05-02,regu20170502min.pdf,regu,Regular Council,,https://council.vancouver.ca/20170502/documents/regu20170502min.pdf,20220322195451,https://web.archive.org/web/20220322195451id_/https://council.vancouver.ca/20170502/documents/regu20170502min.pdf,application/pdf,131397,7752a168319abe2299dc9bb6584e35ea7e4976ffa0a9cd663c4a3c4b6da0de7f
2017-05-03,pspc20170503min.pdf,pspc,,,http://council.vancouver.ca/20170503/documents/pspc20170503min.pdf,20171017203130,https://web.archive.org/web/20171017203130id_/http://council.vancouver.ca/20170503/documents/pspc20170503min.pdf,application/pdf,41112,b29fe2e6a35fbd7f340151b8efad2714efe718510a5c30e7522e12aa3a47af8c
2017-05-16,phea20170516min.pdf,phea,Public Hearing,,https://council.vancouver.ca/20170516/documents/phea20170516min.pdf,20250811103307,https://web.archive.org/web/20250811103307id_/https://council.vancouver.ca/20170516/documents/phea20170516min.pdf,application/pdf,252625,66789e9a60f7c2fb8a300872483b1a84d6074820daa2aebbb6596d4d4ee53110
2017-05-16,regu20170516min.pdf,regu,Regular Council,,https://council.vancouver.ca/20170516/documents/regu20170516min.pdf,20251012060313,https://web.archive.org/web/20251012060313id_/https://council.vancouver.ca/20170516/documents/regu20170516min.pdf,application/pdf,173206,dd9a3bf0bda9f9c05a09460c1779107641868f128b964c5fca65ebf740f156e1
2017-05-17,cfsc20170517min.pdf,cfsc,Standing Committee on City Finance and Services,,https://council.vancouver.ca/20170517/documents/cfsc20170517min.pdf,20251013115543,https://web.archive.org/web/20251013115543id_/https://council.vancouver.ca/20170517/documents/cfsc20170517min.pdf,application/pdf,185606,a89f8ee9480ec2a62b3c53ab4df4bc71f03c0d8e30b71785220699136d0c0e99
2017-05-23,phea20170523min.pdf,phea,Public Hearing,,https://council.vancouver.ca/20170523/documents/phea20170523min.pdf,20240626133517,https://web.archive.org/web/20240626133517id_/https://council.vancouver.ca/20170523/documents/phea20170523min.pdf,application/pdf,36097,87c48dff5c0f84ec0ed068fd615834171d77521be9334ab0f23465737cb3aaca
2017-06-13,phea20170613min.pdf,phea,Public Hearing,,https://council.vancouver.ca/20170613/documents/phea20170613min.pdf,20230925172206,https://web.archive.org/web/20230925172206id_/https://council.vancouver.ca/20170613/documents/phea20170613min.pdf,application/pdf,388042,e5c84e25f1e6798e6327ceb603da9ea2d4cb46ed5cad7099c4f3aebba7903b1b
2017-06-13,regu20170613min.pdf,regu,Regular Council,,https://council.vancouver.ca/20170613/documents/regu20170613min.pdf,20220307201254,https://web.archive.org/web/20220307201254id_/https://council.vancouver.ca/20170613/documents/regu20170613min.pdf,application/pdf,209785,6b0ce28f89609dbd263bfb6f33443f5e74050fce3f8135e7fb061f378b5a8bb5
2017-06-14,cfsc20170614min.pdf,cfsc,Standing Committee on City Finance and Services,,https://council.vancouver.ca/20170614/documents/cfsc20170614min.pdf,20251214191802,https://web.archive.org/web/20251214191802id_/https://council.vancouver.ca/20170614/documents/cfsc20170614min.pdf,application/pdf,352134,0a2d291d21181a4a16a02c84601a224c9829b88a68d188b3ccc5207da1998974
2017-06-27,regu20170627min.pdf,regu,Regular Council,,https://council.vancouver.ca/20170627/documents/regu20170627min.pdf,20251012073523,https://web.archive.org/web/20251012073523id_/https://council.vancouver.ca/20170627/documents/regu20170627min.pdf,application/pdf,59050,4da326413e660720a671b2ea05e4cb32903bffff8518d4b6adca22c81c2787f9
2017-07-11,phea20170711min.pdf,phea,Public Hearing,,https://council.vancouver.ca/20170711/documents/phea20170711min.pdf,20220701173037,https://web.archive.org/web/20220701173037id_/https://council.vancouver.ca/20170711/documents/phea20170711min.pdf,application/pdf,127156,d5ef6272e9b7a99dd482d5433f91a28f9560c8bf01c751811a5ce202b86aee87
2017-07-11,regu20170711min.pdf,regu,Regular Council,,https://council.vancouver.ca/20170711/documents/regu20170711min.pdf,20220701173235,https://web.archive.org/web/20220701173235id_/https://council.vancouver.ca/20170711/documents/regu20170711min.pdf,application/pdf,95248,5d5ed4c93d184b6899f2355dfb26177d5cdad2893cad36a2440e24761e66472c
2017-07-18,phea20170718min.pdf,phea,Public Hearing,,https://council.vancouver.ca/20170718/documents/phea20170718min.pdf,20220701173335,https://web.archive.org/web/20220701173335id_/https://council.vancouver.ca/20170718/documents/phea20170718min.pdf,application/pdf,177932,d759203d03c14a7e9844544af435827e115be6f91e5eec1630de31b52e7ff7af
2017-07-20,phea20170720min.pdf,phea,Public Hearing,,https://council.vancouver.ca/20170720/documents/phea20170720min.pdf,20251012014622,https://web.archive.org/web/20251012014622id_/https://council.vancouver.ca/20170720/documents/phea20170720min.pdf,application/pdf,54922,834015a15a620e6e65c64307acf7d1fb6b7135aaf5747800d331b913f1ff146a
2017-07-25,regu20170725min.pdf,regu,Regular Council,,https://council.vancouver.ca/20170725/documents/regu20170725min.pdf,20251012083916,https://web.archive.org/web/20251012083916id_/https://council.vancouver.ca/20170725/documents/regu20170725min.pdf,application/pdf,200345,a94af5a6246c15a3e119a679124a1886a2c82c570bfb4dc1b46622f6cdf0a4a5
2017-07-26,pspc20170726min.pdf,pspc,,,https://council.vancouver.ca/20170726/documents/pspc20170726min.pdf,20191002153949,https://web.archive.org/web/20191002153949id_/https://council.vancouver.ca/20170726/documents/pspc20170726min.pdf,application/pdf,306438,afe633d42a7fc5a04f34af884265d8a239c14b953c12fda84da700b04388538f
2017-08-04,spec20170804min.pdf,spec,Special Council,,https://council.vancouver.ca/20170804/documents/spec20170804min.pdf,20191003215418,https://web.archive.org/web/20191003215418id_/https://council.vancouver.ca/20170804/documents/spec20170804min.pdf,application/pdf,29236,7a43dfb83fd72ed81c40e7bd715d92b6ec941aaaf7ee58479cc6799fedf6944f
2017-09-19,phea20170919min.pdf,phea,Public Hearing,,https://council.vancouver.ca/20170919/documents/phea20170919min.pdf,20241013040021,https://web.archive.org/web/20241013040021id_/https://council.vancouver.ca/20170919/documents/phea20170919min.pdf,application/pdf,168023,ff01b5d778b97da0fec6f55a3fc14fa4662959a941bb2420e26ac0f8b357ce6d
2017-09-19,regu20170919min.pdf,regu,Regular Council,,https://council.vancouver.ca/20170919/documents/regu20170919min.pdf,20241013043233,https://web.archive.org/web/20241013043233id_/https://council.vancouver.ca/20170919/documents/regu20170919min.pdf,application/pdf,168900,74ddd884c25d4ce2b4b482c32d6377b7b0c33954dca06907a613c07d25473050
2017-09-20,cfsc20170920min.pdf,cfsc,Standing Committee on City Finance and Services,,https://council.vancouver.ca/20170920/documents/cfsc20170920min.pdf,20241013033252,https://web.archive.org/web/20241013033252id_/https://council.vancouver.ca/20170920/documents/cfsc20170920min.pdf,application/pdf,130396,f9cddb3e3417fb7503b4f93b471c69dc40d9547af6bb9a5d805e6518f852cdc0
2017-10-03,regu20171003min.pdf,regu,Regular Council,,https://council.vancouver.ca/20171003/documents/regu20171003min.pdf,20251012075640,https://web.archive.org/web/20251012075640id_/https://council.vancouver.ca/20171003/documents/regu20171003min.pdf,application/pdf,168027,deae4220b3b321de5773cc799a5a61bceef546572c0b32a2b8f0291bf946356a
2017-10-04,pspc20171004min.pdf,pspc,,,https://council.vancouver.ca/20171004/documents/pspc20171004min.pdf,20250516020003,https://web.archive.org/web/20250516020003id_/https://council.vancouver.ca/20171004/documents/pspc20171004min.pdf,application/pdf,111154,2126a42b4547157cb30cf5898f65ed5ff9f6d6bd669d91c503592fbbbf433533
2017-10-17,phea20171017min.pdf,phea,Public Hearing,,https://council.vancouver.ca/20171017/documents/phea20171017min.pdf,20220701173037,https://web.archive.org/web/20220701173037id_/https://council.vancouver.ca/20171017/documents/phea20171017min.pdf,application/pdf,427570,1bdebf853344453bda6e0669e4a8ccdb348468ff505825a4deaedcf8164ccf41
2017-10-17,regu20171017min.pdf,regu,Regular Council,,https://council.vancouver.ca/20171017/documents/regu20171017min.pdf,20251012040050,https://web.archive.org/web/20251012040050id_/https://council.vancouver.ca/20171017/documents/regu20171017min.pdf,application/pdf,136428,253221d5303802c21fdbd95385c528323644e8ebaa119197a3d057991f03f133
2017-10-18,cfsc20171018min.pdf,cfsc,Standing Committee on City Finance and Services,,https://council.vancouver.ca/20171018/documents/cfsc20171018min.pdf,20250722160858,https://web.archive.org/web/20250722160858id_/https://council.vancouver.ca/20171018/documents/cfsc20171018min.pdf,application/pdf,99878,1889b9bb4a2ce30121d35932a0b9adfed19828a407ea36e5935865d8737af71f
2017-10-24,phea20171024min.pdf,phea,Public Hearing,,https://council.vancouver.ca/20171024/documents/phea20171024min.pdf,20250723031319,https://web.archive.org/web/20250723031319id_/https://council.vancouver.ca/20171024/documents/phea20171024min.pdf,application/pdf,34747,1066f6ccd11c477cc9e107f9d8641779cc78e20b42346afc5d61d6fedc7eccf7
2017-11-01,pspc20171101min.pdf,pspc,,,https://council.vancouver.ca/20171101/documents/pspc20171101min.pdf,20240715080740,https://web.archive.org/web/20240715080740id_/https://council.vancouver.ca/20171101/documents/pspc20171101min.pdf,application/pdf,69746,69ab1569e482ac36ef2c38de679334ae0d4742fe4d23aa1e99c01c79120efdc8
2017-11-14,phea20171114min.pdf,phea,Public Hearing,,https://council.vancouver.ca/20171114/documents/phea20171114min.pdf,20250827143504,https://web.archive.org/web/20250827143504id_/https://council.vancouver.ca/20171114/documents/phea20171114min.pdf,application/pdf,432521,e5cfa175a9fb6f0985f03b0f39bfc4d924c0d98f1b0f480b3f62ab94f5875c56
2017-11-15,cfsc20171115min.pdf,cfsc,Standing Committee on City Finance and Services,,https://council.vancouver.ca/20171115/documents/cfsc20171115min.pdf,20250827143510,https://web.archive.org/web/20250827143510id_/https://council.vancouver.ca/20171115/documents/cfsc20171115min.pdf,application/pdf,108252,0535f9fad19986636ebf4b185872d8c0801b1f5f86902fec9beee462eb159255
2017-11-28,regu20171128min.pdf,regu,Regular Council,,https://council.vancouver.ca/20171128/documents/regu20171128min.pdf,20250827143457,https://web.archive.org/web/20250827143457id_/https://council.vancouver.ca/20171128/documents/regu20171128min.pdf,application/pdf,242588,3a2acd96eee067fc44820c5bf15b1413def725ce09e67d4caf36f907d18c9deb
2017-11-29,pspc20171129min.pdf,pspc,,,https://council.vancouver.ca/20171129/documents/pspc20171129min.pdf,20250827144620,https://web.archive.org/web/20250827144620id_/https://council.vancouver.ca/20171129/documents/pspc20171129min.pdf,application/pdf,160173,fd94cdce4157aef229b5519567ba4533d19cb4640720ee1c3fbcbfb83a73562d
2017-12-06,phea20171206min.pdf,phea,Public Hearing,,https://council.vancouver.ca/20171206/documents/phea20171206min.pdf,20250622233612,https://web.archive.org/web/20250622233612id_/https://council.vancouver.ca/20171206/documents/phea20171206min.pdf,application/pdf,156784,18a28bce40d63cdf06158121c21c41b776a29f761cfc3ea53d134996ac5977de
2017-12-06,spec20171206min.pdf,spec,Special Council,,https://council.vancouver.ca/20171206/documents/spec20171206min.pdf,20220619234834,https://web.archive.org/web/20220619234834id_/https://council.vancouver.ca/20171206/documents/spec20171206min.pdf,application/pdf,23575,6d523f6964cf4ac5cb539765e607268b64264f431c913947f6536eeaaca0fe71
2017-12-12,phea20171212min.pdf,phea,Public Hearing,,https://council.vancouver.ca/20171212/documents/phea20171212min.pdf,20250622235053,https://web.archive.org/web/20250622235053id_/https://council.vancouver.ca/20171212/documents/phea20171212min.pdf,application/pdf,610473,f9ef70c7089cacbca07ba523207d8bba7034c90659c8fe67886b6e2ee8feb087
2017-12-12,regu20171212min.pdf,regu,Regular Council,,https://council.vancouver.ca/20171212/documents/regu20171212min.pdf,20250623001702,https://web.archive.org/web/20250623001702id_/https://council.vancouver.ca/20171212/documents/regu20171212min.pdf,application/pdf,333933,6ef57192d693d25c7c42e03c98360fb35d612e5bc6803c4fe8fa1aaae100e7b6
2017-12-13,cfsc20171213min.pdf,cfsc,Standing Committee on City Finance and Services,,https://council.vancouver.ca/20171213/documents/cfsc20171213min.pdf,20250623001833,https://web.archive.org/web/20250623001833id_/https://council.vancouver.ca/20171213/documents/cfsc20171213min.pdf,application/pdf,91191,ae6b4ca81d27f7b7dc0bc0e6e0c355d62bfff02a7b193ac3189f71e8f344cb41
2018-01-16,phea20180116min.pdf,phea,Public Hearing,,https://council.vancouver.ca/20180116/documents/phea20180116min.pdf,20220129081519,https://web.archive.org/web/20220129081519id_/https://council.vancouver.ca/20180116/documents/phea20180116min.pdf,application/pdf,442585,60596b574382ed6718ab6e7d9a45323c82e7fa593797b36dcf0cc69be1ed6fd4
2018-01-16,regu20180118min.pdf,regu,Regular Council,,https://council.vancouver.ca/20180116/documents/regu20180118min.pdf,20251013115731,https://web.archive.org/web/20251013115731id_/https://council.vancouver.ca/20180116/documents/regu20180118min.pdf,application/pdf,90547,572e4f2b70fa602701a2caf4166d8a7b6ab2124df6ebb8215783409a84f29494
2018-01-17,pspc20180117min.pdf,pspc,,,https://council.vancouver.ca/20180117/documents/pspc20180117min.pdf,20220701173147,https://web.archive.org/web/20220701173147id_/https://council.vancouver.ca/20180117/documents/pspc20180117min.pdf,application/pdf,156445,921167de9967c9bee72261fcc54705592ed7d80550811004c74638405e0f546c
2018-01-23,blhe20180123min.pdf,blhe,,,https://council.vancouver.ca/20180123/documents/blhe20180123min.pdf,20220521020703,https://web.archive.org/web/20220521020703id_/https://council.vancouver.ca/20180123/documents/blhe20180123min.pdf,application/pdf,48795,6d5b33e8327fd16c65e9f9eb544da861b670ae34bcf048520dbb635629b00d45
2018-01-23,sbah20180123min.pdf,sbah,,,https://council.vancouver.ca/20180123/documents/sbah20180123min.pdf,20220521020621,https://web.archive.org/web/20220521020621id_/https://council.vancouver.ca/20180123/documents/sbah20180123min.pdf,application/pdf,21050,a21d5b0cab80d6323cad23015be422402016018e243ac626d06a779a43d56ebe
2018-01-30,regu20180130min.pdf,regu,Regular Council,,https://council.vancouver.ca/20180130/documents/regu20180130min.pdf,20220521020650,https://web.archive.org/web/20220521020650id_/https://council.vancouver.ca/20180130/documents/regu20180130min.pdf,application/pdf,268202,7699bc5496fc07d196bfcb2fd7713f7967d1762df5cb372f3654184b5de3c894
2018-01-31,cfsc20180131min.pdf,cfsc,Standing Committee on City Finance and Services,,https://council.vancouver.ca/20180131/documents/cfsc20180131min.pdf,20240607083922,https://web.archive.org/web/20240607083922id_/https://council.vancouver.ca/20180131/documents/cfsc20180131min.pdf,application/pdf,108802,6d6b5e4896ef33fa868fc2452572879f6c221f15ff9671cb9628d8ff68405f2f
2018-02-13,spec20180213min.pdf,spec,Special Council,,https://council.vancouver.ca/20180213/documents/spec20180213min.pdf,20220121044526,https://web.archive.org/web/20220121044526id_/https://council.vancouver.ca/20180213/documents/spec20180213min.pdf,application/pdf,122950,cd51e1a8c0e6ec6f91121486b81e021ab152eb0797337a2c75c65e7279dc9524
2018-02-20,crev20180220min.pdf,crev,Court of Revision,,https://council.vancouver.ca/20180220/documents/crev20180220min.pdf,20250507160037,https://web.archive.org/web/20250507160037id_/https://council.vancouver.ca/20180220/documents/crev20180220min.pdf,application/pdf,30130,37aa1fb6037575fdfacb6d9e8ab02ae1011ba837dae1063675659d4ad31ecdef
2018-02-20,phea20180220min.pdf,phea,Public Hearing,,https://council.vancouver.ca/20180220/documents/phea20180220min.pdf,20220701173044,https://web.archive.org/web/20220701173044id_/https://council.vancouver.ca/20180220/documents/phea20180220min.pdf,application/pdf,260264,d92b08bf258615b9bf4232a6eba4e00e3839816073ab357d343576e9e74bf419
2018-02-20,regu20180220min.pdf,regu,Regular Council,,https://council.vancouver.ca/20180220/documents/regu20180220min.pdf,20210428143134,https://web.archive.org/web/20210428143134id_/https://council.vancouver.ca/20180220/documents/regu20180220min.pdf,application/pdf,162127,fea19dc27b89db34d8ccc101e8471bf4e13cbcd5c41d9e983927b20bbe94ef1f
2018-02-21,pspc20180221min.pdf,pspc,,,https://council.vancouver.ca/20180221/documents/pspc20180221min.pdf,20250829164426,https://web.archive.org/web/20250829164426id_/https://council.vancouver.ca/20180221/documents/pspc20180221min.pdf,application/pdf,179377,6d560c0904d2a096ba675dc62c305b460a90b021e3a2ffd249cf0661f120b58f
2018-03-13,phea20180313min.pdf,phea,Public Hearing,,https://council.vancouver.ca/20180313/documents/phea20180313min.pdf,20250829163559,https://web.archive.org/web/20250829163559id_/https://council.vancouver.ca/20180313/documents/phea20180313min.pdf,application/pdf,245114,49e3270b0d244e931661148c1b53fd5e5a243be68703be7b49d545587fe650b8
2018-03-13,regu20180313min.pdf,regu,Regular Council,,https://council.vancouver.ca/20180313/documents/regu20180313min.pdf,20250829163556,https://web.archive.org/web/20250829163556id_/https://council.vancouver.ca/20180313/documents/regu20180313min.pdf,application/pdf,53029,ce22afc0967e3939827924b7fcd958f5c61b35678771ef5b4e23fb00460b72c7
2018-03-14,cfsc20180314min.pdf,cfsc,Standing Committee on City Finance and Services,,https://council.vancouver.ca/20180314/documents/cfsc20180314min.pdf,20251012055504,https://web.archive.org/web/20251012055504id_/https://council.vancouver.ca/20180314/documents/cfsc20180314min.pdf,application/pdf,233970,3106652bc99f3c84c3735c35efc14a55e4bc7691e87aa92f4a4279197ee8e2f1
2018-03-15,blhe20180315min.pdf,blhe,,,https://council.vancouver.ca/20180315/documents/blhe20180315min.pdf,20250829163607,https://web.archive.org/web/20250829163607id_/https://council.vancouver.ca/20180315/documents/blhe20180315min.pdf,application/pdf,43063,5d7a7a535098eb43676ef857893b15f4cdc97b45da55c7882df4af81eb73e360
2018-04-17,phea20180417min.pdf,phea,Public Hearing,,https://council.vancouver.ca/20180417/documents/phea20180417min.pdf,20240226111036,https://web.archive.org/web/20240226111036id_/https://council.vancouver.ca/20180417/documents/phea20180417min.pdf,application/pdf,103596,f00daf31ef00376739ac14284b93aefd05de75871cf941a34788479c03dcc153
2018-04-17,regu20180517min.pdf,regu,Regular Council,,https://council.vancouver.ca/20180417/documents/regu20180517min.pdf,20250829163551,https://web.archive.org/web/20250829163551id_/https://council.vancouver.ca/20180417/documents/regu20180517min.pdf,application/pdf,153849,0a2ad46a3a6a65c0bf39d2421197e1c96f6c73fb3d73858be40d7747942ff43c
2018-04-18,pspc20180418min.pdf,pspc,,,https://council.vancouver.ca/20180418/documents/pspc20180418min.pdf,20230528131120,https://web.archive.org/web/20230528131120id_/https://council.vancouver.ca/20180418/documents/pspc20180418min.pdf,application/pdf,99263,aaf369de02274c7a7bc21439a98483505c4be2edac7c83c88e54ba607bbaf27a
2018-04-22,spec20180422min.pdf,spec,Special Council,,https://council.vancouver.ca/20180422/documents/spec20180422min.pdf,20251112080159,https://web.archive.org/web/20251112080159id_/https://council.vancouver.ca/20180422/documents/spec20180422min.pdf,application/pdf,295797,f9ebcc2c35bb64829332f9d9b12e159ccb77f838efe0e82abc90a085e8013cf1
2018-04-24,sbah20180424min.pdf,sbah,,,https://council.vancouver.ca/20180424/documents/sbah20180424min.pdf,20230528131233,https://web.archive.org/web/20230528131233id_/https://council.vancouver.ca/20180424/documents/sbah20180424min.pdf,application/pdf,34450,f73fd071815e8656a8d4c6322ae0804f3cf9b60baa7926f1a9d3116b2ca6de35
2018-05-01,regu20180501min.pdf,regu,Regular Council,,https://council.vancouver.ca/20180501/documents/regu20180501min.pdf,20230528135906,https://web.archive.org/web/20230528135906id_/https://council.vancouver.ca/20180501/documents/regu20180501min.pdf,application/pdf,320256,6d8c3937b279d4910700db2600db4bc9d1c61d733726c6124f6a3b487a16b6b6
2018-05-02,cfsc20180502min.pdf,cfsc,Standing Committee on City Finance and Services,,https://council.vancouver.ca/20180502/documents/cfsc20180502min.pdf,20251116101159,https://web.archive.org/web/20251116101159id_/https://council.vancouver.ca/20180502/documents/cfsc20180502min.pdf,application/pdf,143242,002b7b4cf051ce1843358bbeb2c69b74e19d1bd425816a845c4c380359f44ee2
2018-05-15,phea20180515min.pdf,phea,Public Hearing,,https://council.vancouver.ca/20180515/documents/phea20180515min.pdf,20220701173133,https://web.archive.org/web/20220701173133id_/https://council.vancouver.ca/20180515/documents/phea20180515min.pdf,application/pdf,245307,4d04107a2731cb230c3f396fcf18b10d6fde00bf7d232661fee047e09b560667
2018-05-15,regu20180515min.pdf,regu,Regular Council,,https://council.vancouver.ca/20180515/documents/regu20180515min.pdf,20250507231747,https://web.archive.org/web/20250507231747id_/https://council.vancouver.ca/20180515/documents/regu20180515min.pdf,application/pdf,85084,ac3544274a61c8e1d9e4ac7daa3a941e002c7050c2e7bf8648cd0dfaf09fb00a
2018-05-16,pspc20180516min.pdf,pspc,,,https://council.vancouver.ca/20180516/documents/pspc20180516min.pdf,20251012073513,https://web.archive.org/web/20251012073513id_/https://council.vancouver.ca/20180516/documents/pspc20180516min.pdf,application/pdf,53043,9f0fc56b3b4f8fff40cc931ccd4f8b14491da25b7e0bf15ded90cb3a4ab07a1e
2018-05-22,phea20180522min.pdf,phea,Public Hearing,,https://council.vancouver.ca/20180522/documents/phea20180522min.pdf,20220701173030,https://web.archive.org/web/20220701173030id_/https://council.vancouver.ca/20180522/documents/phea20180522min.pdf,application/pdf,370473,8460e57dc74245c2e95f2b9da6a54f19762e56c33907b9edcbbe738361aed127
2018-06-05,phea20180605min.pdf,phea,Public Hearing,,https://council.vancouver.ca/20180605/documents/phea20180605min.pdf,20240217173619,https://web.archive.org/web/20240217173619id_/https://council.vancouver.ca/20180605/documents/phea20180605min.pdf,application/pdf,176483,e060ab57a396c395ca3dd4223433de0d2422710fc877ebf1c4b9049ac5dc29d9
2018-06-05,regu20180605min.pdf,regu,Regular Council,,https://council.vancouver.ca/20180605/documents/regu20180605min.pdf,20250823091314,https://web.archive.org/web/20250823091314id_/https://council.vancouver.ca/20180605/documents/regu20180605min.pdf,application/pdf,185457,088ba9f47add14d704b0a215a1add5913b71827f111d8e3b2ee70ed3ceec6e4a
2018-06-06,cfsc20180606min.pdf,cfsc,Standing Committee on City Finance and Services,,https://council.vancouver.ca/20180606/documents/cfsc20180606min.pdf,20250823041323,https://web.archive.org/web/20250823041323id_/https://council.vancouver.ca/20180606/documents/cfsc20180606min.pdf,application/pdf,47438,c24b5e247bacd8d171802b732342f6edee07a36a3e125ddb7753e17496d30c25
2018-06-19,regu20180619min.pdf,regu,Regular Council,,https://council.vancouver.ca/20180619/documents/regu20180619min.pdf,20250604034723,https://web.archive.org/web/20250604034723id_/https://council.vancouver.ca/20180619/documents/regu20180619min.pdf,application/pdf,232002,9264b5fa0f7db93d8862aea4acb850632f7da64cfd3ddd81d275425789843ebc
2018-06-20,pspc20180620min.pdf,pspc,,,https://council.vancouver.ca/20180620/documents/pspc20180620min.pdf,20240211120326,https://web.archive.org/web/20240211120326id_/https://council.vancouver.ca/20180620/documents/pspc20180620min.pdf,application/pdf,80677,8fbd527ef35d8ffed22f9a0ecef45f359449689f782118a21bb487104cb16047
2018-06-26,phea20180626min.pdf,phea,Public Hearing,,https://council.vancouver.ca/20180626/documents/phea20180626min.pdf,20221226103046,https://web.archive.org/web/20221226103046id_/https://council.vancouver.ca/20180626/documents/phea20180626min.pdf,application/pdf,70533,a3bcb6b844ea59fb979a6b62578f0f9ca394369061f29f4007390f189d8e8e2b
2018-06-28,phea20180628min.pdf,phea,Public Hearing,,https://council.vancouver.ca/20180628/documents/phea20180628min.pdf,20221226152751,https://web.archive.org/web/20221226152751id_/https://council.vancouver.ca/20180628/documents/phea20180628min.pdf,application/pdf,58644,e2d6345f76434d36ac0a196d64767d6559fc660d544fa6ffb37b805f729eeacd
2018-07-10,phea20180710min.pdf,phea,Public Hearing,,https://council.vancouver.ca/20180710/documents/phea20180710min.pdf,20240118023749,https://web.archive.org/web/20240118023749id_/https://council.vancouver.ca/20180710/documents/phea20180710min.pdf,application/pdf,517761,bf1990cde8f3ea0c9e276ecea730918eef684da331e9fc655307fecacc109c98
2018-07-10,regu20180710min.pdf,regu,Regular Council,,https://council.vancouver.ca/20180710/documents/regu20180710min.pdf,20251012080912,https://web.archive.org/web/20251012080912id_/https://council.vancouver.ca/20180710/documents/regu20180710min.pdf,application/pdf,201363,ad740f0391d42ab61c590c5ac41f822eab3f1766f2dd52958595a734a25fabbb
2018-07-11,cfsc20180711min.pdf,cfsc,Standing Committee on City Finance and Services,,https://council.vancouver.ca/20180711/documents/cfsc20180711min.pdf,20240229013230,https://web.archive.org/web/20240229013230id_/https://council.vancouver.ca/20180711/documents/cfsc20180711min.pdf,application/pdf,117081,891986a88b82c2c841cfb292a4ccc87bba715853e8dad7f2c42d8604da87869a
2018-07-17,phea20180717min.pdf,phea,Public Hearing,,https://council.vancouver.ca/20180717/documents/phea20180717min.pdf,20251013120817,https://web.archive.org/web/20251013120817id_/https://council.vancouver.ca/20180717/documents/phea20180717min.pdf,application/pdf,215683,868ceadfef5327eef048b8aa239596de5d13b991a61c08adc2f7058d0fa19377
2018-07-18,phea20180718min.pdf,phea,Public Hearing,,https://council.vancouver.ca/20180718/documents/phea20180718min.pdf,20220701173114,https://web.archive.org/web/20220701173114id_/https://council.vancouver.ca/20180718/documents/phea20180718min.pdf,application/pdf,175835,4b88f2e6621dd3125be5a89636c5832a794855826f4f7e8b9548f6d9c6be4a6e
2018-07-24,regu20180724min.pdf,regu,Regular Council,,https://council.vancouver.ca/20180724/documents/regu20180724min.pdf,20251214193422,https://web.archive.org/web/20251214193422id_/https://council.vancouver.ca/20180724/documents/regu20180724min.pdf,application/pdf,644766,b2407b6e217dc2186cfcac03337a29a3607d0b1b9ebb7a9aeb8558af0d89f407
2018-07-25,pspc20180725min.pdf,pspc,,,https://council.vancouver.ca/20180725/documents/pspc20180725min.pdf,20221225054700,https://web.archive.org/web/20221225054700id_/https://council.vancouver.ca/20180725/documents/pspc20180725min.pdf,application/pdf,151978,566e6f3bb77a915d01519257a6e20e0a6b763ab9767c8030eca3aa91b1af7158
2018-07-31,phea20180731min.pdf,phea,Public Hearing,,https://council.vancouver.ca/20180731/documents/phea20180731min.pdf,20220701173140,https://web.archive.org/web/20220701173140id_/https://council.vancouver.ca/20180731/documents/phea20180731min.pdf,application/pdf,633097,9e90bf58386001436b3bd0e18bd1766a5a261b211c7fb1294be2db97e5866df2
2018-07-31,spec20180731min.pdf,spec,Special Council,,https://council.vancouver.ca/20180731/documents/spec20180731min.pdf,20221225054642,https://web.archive.org/web/20221225054642id_/https://council.vancouver.ca/20180731/documents/spec20180731min.pdf,application/pdf,27451,a7256c192a8416eb4852ccfb5b528f7ff108b26133d27e17eec64f87e555d5f6
2018-09-05,phea20180905min.pdf,phea,Public Hearing,,https://council.vancouver.ca/20180905/documents/phea20180905min.pdf,20251012080949,https://web.archive.org/web/20251012080949id_/https://council.vancouver.ca/20180905/documents/phea20180905min.pdf,application/pdf,269555,3f62e5a8f2b071f74fcf1e009acd8b3607749c8348cc7641772715c10b08c6f9
2018-09-18,phea20180918min.pdf,phea,Public Hearing,,https://council.vancouver.ca/20180918/documents/phea20180918min.pdf,20251214203659,https://web.archive.org/web/20251214203659id_/https://council.vancouver.ca/20180918/documents/phea20180918min.pdf,application/pdf,290686,96515e7fabffed2b53a913224e90266b426d6f0a5697b40050362f82599803ca
2018-09-18,regu20180918min.pdf,regu,Regular Council,,https://council.vancouver.ca/20180918/documents/regu20180918min.pdf,20251112044423,https://web.archive.org/web/20251112044423id_/https://council.vancouver.ca/20180918/documents/regu20180918min.pdf,application/pdf,173533,4f7aca727c09ce3e413ffc41dcbc135e070a2a124ec5bffa2c3bd80fcf42c844
2018-09-19,cfsc20180919min.pdf,cfsc,Standing Committee on City Finance and Services,,https://council.vancouver.ca/20180919/documents/cfsc20180919min.pdf,20221207104447,https://web.archive.org/web/20221207104447id_/https://council.vancouver.ca/20180919/documents/cfsc20180919min.pdf,application/pdf,185782,d2db68d739084f2f12e8a195f4854c355460f59d4829f8b3d554bd617975be56
2018-10-25,crev20181025min.pdf,crev,Court of Revision,,https://council.vancouver.ca/20181025/documents/crev20181025min.pdf,20240703132228,https://web.archive.org/web/20240703132228id_/https://council.vancouver.ca/20181025/documents/crev20181025min.pdf,application/pdf,69896,2be8d7f8c228af07009ca41e7f31b82cdf165c4d987a530ca318fd9ea8910c48
2018-10-30,regu20181030min.pdf,regu,Regular Council,,https://council.vancouver.ca/20181030/documents/regu20181030min.pdf,20230606040830,https://web.archive.org/web/20230606040830id_/https://council.vancouver.ca/20181030/documents/regu20181030min.pdf,application/pdf,78283,01ab60e1a0c2a01b576b24130ed4cd8987995471e11bf3777d05e88581e1e191
2018-11-05,inau20181105min.pdf,inau,Inaugural Council,,https://council.vancouver.ca/20181105/documents/inau20181105min.pdf,20240703013302,https://web.archive.org/web/20240703013302id_/https://council.vancouver.ca/20181105/documents/inau20181105min.pdf,application/pdf,121905,6075265ff4ad1805702b1641be2a77f4c6071cc2a8728a94a40a2e278f061ab4
2018-11-13,regu20181113min.pdf,regu,Regular Council,,https://council.vancouver.ca/20181113/documents/regu20181113min.pdf,20240705171250,https://web.archive.org/web/20240705171250id_/https://council.vancouver.ca/20181113/documents/regu20181113min.pdf,application/pdf,138959,e60c3c145d6826855fa67760638b28a94e0df0d889655dbecbfd52fab2d4b392
2018-11-14,pspc20181114min.pdf,pspc,,,https://council.vancouver.ca/20181114/documents/pspc20181114min.pdf,20251012050034,https://web.archive.org/web/20251012050034id_/https://council.vancouver.ca/20181114/documents/pspc20181114min.pdf,application/pdf,219137,efff4070162008118cd48b2f223bafeed08578bf0d2619658a4651bb2d3c38d2
2018-11-14,pspc20181114min.pdf,pspc,,,https://council.vancouver.ca/20181114/documents/pspc20181114min.pdf?_,20220312012006,https://web.archive.org/web/20220312012006id_/https://council.vancouver.ca/20181114/documents/pspc20181114min.pdf?_,application/pdf,219137,efff4070162008118cd48b2f223bafeed08578bf0d2619658a4651bb2d3c38d2
2018-11-14,pspc20181114min.pdf,pspc,,,https://council.vancouver.ca/20181114/documents/pspc20181114min.pdf?_ga=2.265957903.1693803794.1600541324,20220312012002,https://web.archive.org/web/20220312012002id_/https://council.vancouver.ca/20181114/documents/pspc20181114min.pdf?_ga=2.265957903.1693803794.1600541324,application/pdf,219137,efff4070162008118cd48b2f223bafeed08578bf0d2619658a4651bb2d3c38d2
2018-12-04,regu20181204min.pdf,regu,Regular Council,,https://council.vancouver.ca/20181204/documents/regu20181204min.pdf,20240616064252,https://web.archive.org/web/20240616064252id_/https://council.vancouver.ca/20181204/documents/regu20181204min.pdf,application/pdf,390904,26b654fda9f8c8a66c32bd4c5f750352d9894bf08c3ee41fe4a81d41c80e3bff
2018-12-05,cfsc20181205min.pdf,cfsc,Standing Committee on City Finance and Services,,https://council.vancouver.ca/20181205/documents/cfsc20181205min.pdf,20240202235649,https://web.archive.org/web/20240202235649id_/https://council.vancouver.ca/20181205/documents/cfsc20181205min.pdf,application/pdf,288379,d515236ef4bff082439e62eca93c5c65a2bb9b6c4c0bea4c26ef27fea0c77634
2018-12-11,spec20181211min.pdf,spec,Special Council,,https://council.vancouver.ca/20181211/documents/spec20181211min.pdf,20220615022621,https://web.archive.org/web/20220615022621id_/https://council.vancouver.ca/20181211/documents/spec20181211min.pdf,application/pdf,72779,45b52eb99634f891b6b1f48b2d98497fc47ff094f59de628dffae5330b86f519
2018-12-18,regu20181218min.pdf,regu,Regular Council,,https://council.vancouver.ca/20181218/documents/regu20181218min.pdf,20230606032654,https://web.archive.org/web/20230606032654id_/https://council.vancouver.ca/20181218/documents/regu20181218min.pdf,application/pdf,370351,d8e45d6654e93c7974ae436fedd4184c7073b249e3c47c37a7e71ebfa8764927
2018-12-19,pspc20181219min.pdf,pspc,,,https://council.vancouver.ca/20181219/documents/pspc20181219min.pdf,20240715074241,https://web.archive.org/web/20240715074241id_/https://council.vancouver.ca/20181219/documents/pspc20181219min.pdf,application/pdf,150945,2abbad2ef7f089b6ca8a7ec548acc714766d0a2f774c79038f51162f20013b18
2018-12-20,spec20181220min.pdf,spec,Special Council,,https://council.vancouver.ca/20181220/documents/spec20181220min.pdf,20260124230046,https://web.archive.org/web/20260124230046id_/https://council.vancouver.ca/20181220/documents/spec20181220min.pdf,application/pdf,135544,28d7df8bcb4e1c3e5cfc5897979430d5e58c42048b9d95fbbffbd0eaede8ca8f
2019-01-15,phea20190115min.pdf,phea,Public Hearing,,https://council.vancouver.ca/20190115/documents/phea20190115min.pdf,20240417084739,https://web.archive.org/web/20240417084739id_/https://council.vancouver.ca/20190115/documents/phea20190115min.pdf,application/pdf,115471,ac4aad6c252da770b550ba260bc2fdbd2cbfe15c5a762ed1d66fdb9d70855f7c
2019-01-15,regu20190115min.pdf,regu,Regular Council,,https://council.vancouver.ca/20190115/documents/regu20190115min.pdf,20221207001448,https://web.archive.org/web/20221207001448id_/https://council.vancouver.ca/20190115/documents/regu20190115min.pdf,application/pdf,146743,94af0e0c7acb259d44780f9f2a74f9cd3c8fddbe653012dd6f1b4f72e042ef10
2019-01-16,cfsc20190116min.pdf,cfsc,Standing Committee on City Finance and Services,,https://council.vancouver.ca/20190116/documents/cfsc20190116min.pdf,20231001054115,https://web.archive.org/web/20231001054115id_/https://council.vancouver.ca/20190116/documents/cfsc20190116min.pdf,application/pdf,154449,fa52125929812f15d51e6e5d59e2a64c9eac64cf71102a07fe005ed679c46b39
2019-01-29,regu20190129min.pdf,regu,Regular Council,,https://council.vancouver.ca/20190129/documents/regu20190129min.pdf,20211022230331,https://web.archive.org/web/20211022230331id_/https://council.vancouver.ca/20190129/documents/regu20190129min.pdf,application/pdf,221136,1b8737e8c464441c7550831f6cd43966cd944ad2e46b5cf5840d85c91a7c750c
2019-01-30,pspc20190130min.pdf,pspc,,,https://council.vancouver.ca/20190130/documents/pspc20190130min.pdf,20251012053217,https://web.archive.org/web/20251012053217id_/https://council.vancouver.ca/20190130/documents/pspc20190130min.pdf,application/pdf,106806,f455461103b088001874008af15a42b62f607750eb5797f39487b30da8200a4f
2019-02-12,phea20190212min.pdf,phea,Public Hearing,,https://council.vancouver.ca/20190212/documents/phea20190212min.pdf,20220701173023,https://web.archive.org/web/20220701173023id_/https://council.vancouver.ca/20190212/documents/phea20190212min.pdf,application/pdf,84755,bc906e4cd0c1d5418e9aec5ed41858662293df15fd3dbcd10207838f1776017e
2019-02-13,cfsc20190213min.pdf,cfsc,Standing Committee on City Finance and Services,,https://council.vancouver.ca/20190213/documents/cfsc20190213min.pdf,20220406165917,https://web.archive.org/web/20220406165917id_/https://council.vancouver.ca/20190213/documents/cfsc20190213min.pdf,application/pdf,98162,def7228d02b31bb8fbf28129640c92e280c365d0548740736d2fa53458048b9f
2019-02-20,phea20190220min.pdf,phea,Public Hearing,,https://council.vancouver.ca/20190220/documents/phea20190220min.pdf,20240715074951,https://web.archive.org/web/20240715074951id_/https://council.vancouver.ca/20190220/documents/phea20190220min.pdf,application/pdf,95058,ce8bd152a4ac164574356da86715594a19ad9f5046e2b2738634365affe8a4a9
2019-02-26,crev20190226min.pdf,crev,Court of Revision,,https://council.vancouver.ca/20190226/documents/crev20190226min.pdf,20221226081430,https://web.archive.org/web/20221226081430id_/https://council.vancouver.ca/20190226/documents/crev20190226min.pdf,application/pdf,28789,206d1b8d3c7ae7a7a019e8c8ce1ff7c53bc662ff8cf084703acb11cbe09b95a3
2019-02-26,regu20190226min.pdf,regu,Regular Council,,https://council.vancouver.ca/20190226/documents/regu20190226min.pdf,20221226081501,https://web.archive.org/web/20221226081501id_/https://council.vancouver.ca/20190226/documents/regu20190226min.pdf,application/pdf,258074,8787e6826b8c05d33703e024e3312f3637061795afcbd5ef522bd9b0b63d3bc1
2019-02-27,pspc20190227min.pdf,pspc,,,https://council.vancouver.ca/20190227/documents/pspc20190227min.pdf,20231204001252,https://web.archive.org/web/20231204001252id_/https://council.vancouver.ca/20190227/documents/pspc20190227min.pdf,application/pdf,333978,629b1ba08f2d8d3454214042880f1ccfa4ffdc58cafb2b5396d4bf89d62bc73f
2019-03-09,spec20190309min.pdf,spec,Special Council,,https://council.vancouver.ca/20190309/documents/spec20190309min.pdf,20221224151212,https://web.archive.org/web/20221224151212id_/https://council.vancouver.ca/20190309/documents/spec20190309min.pdf,application/pdf,33491,01a1ddc08cba8cdbf04c89cddf02e7023dc3d054acf1c31740420ff931b29e6e
2019-03-12,phea20190312min.pdf,phea,Public Hearing,,https://council.vancouver.ca/20190312/documents/phea20190312min.pdf,20210628220426,https://web.archive.org/web/20210628220426id_/https://council.vancouver.ca/20190312/documents/phea20190312min.pdf,application/pdf,90185,c967e3bf3ec869c971159553c581f853efdc08c7000e314b78e3d60c7cb64f8f
2019-03-12,regu20190312min.pdf,regu,Regular Council,,https://council.vancouver.ca/20190312/documents/regu20190312min.pdf,20221224151228,https://web.archive.org/web/20221224151228id_/https://council.vancouver.ca/20190312/documents/regu20190312min.pdf,application/pdf,182134,45296bf475c3311ede6fa005d9dc93df4c768b8e15d807e05b2544286205d64c
2019-03-13,cfsc20190313min.pdf,cfsc,Standing Committee on City Finance and Services,,https://council.vancouver.ca/20190313/documents/cfsc20190313min.pdf,20251012090534,https://web.archive.org/web/20251012090534id_/https://council.vancouver.ca/20190313/documents/cfsc20190313min.pdf,application/pdf,268253,6e41ae5c699323bc831c225c53b5feb699ae9d71df980cc253f2fe986ab23003
2019-04-02,phea20190402min.pdf,phea,Public Hearing,,https://council.vancouver.ca/20190402/documents/phea20190402min.pdf,20220615101547,https://web.archive.org/web/20220615101547id_/https://council.vancouver.ca/20190402/documents/phea20190402min.pdf,application/pdf,119397,c5839ce1b411fd061959d5c2ae99aeb3cd236e7b845bfff49c2bf9083419c7de
2019-04-02,regu20190402min.pdf,regu,Regular Council,,https://council.vancouver.ca/20190402/documents/regu20190402min.pdf,20220615101604,https://web.archive.org/web/20220615101604id_/https://council.vancouver.ca/20190402/documents/regu20190402min.pdf,application/pdf,187016,6170b24eb715ee74848884f029e947ed35dae29c936b4e890fd6c18fe619b6ff
2019-04-03,pspc20190403min.pdf,pspc,,,https://council.vancouver.ca/20190403/documents/pspc20190403min.pdf,20220615101608,https://web.archive.org/web/20220615101608id_/https://council.vancouver.ca/20190403/documents/pspc20190403min.pdf,application/pdf,215590,870d0c34b4e6265ba349c15841295377876d16a037007f70da344415fecbabaf
2019-04-04,phea20190404min.pdf,phea,Public Hearing,,https://council.vancouver.ca/20190404/documents/phea20190404min.pdf,20220615101603,https://web.archive.org/web/20220615101603id_/https://council.vancouver.ca/20190404/documents/phea20190404min.pdf,application/pdf,77665,5d2e8569631a75aed362a3dfbb67aa4d99a158dd356ca7ab47393e1e5c30160c
2019-04-23,regu20190423min.pdf,regu,Regular Council,,https://council.vancouver.ca/20190423/documents/regu20190423min.pdf,20220615101546,https://web.archive.org/web/20220615101546id_/https://council.vancouver.ca/20190423/documents/regu20190423min.pdf,application/pdf,252496,ea16cfd1954ff7f489ca96eeb5d6c6071d6d91045bb724ac1fc5d357515cb02e
2019-04-24,cfsc20190424min.pdf,cfsc,Standing Committee on City Finance and Services,,https://council.vancouver.ca/20190424/documents/cfsc20190424min.pdf,20251012073525,https://web.archive.org/web/20251012073525id_/https://council.vancouver.ca/20190424/documents/cfsc20190424min.pdf,application/pdf,145262,17c09273617ec0e639865e40ba3a8d8f42eb291c31293d77fccd4a5301a8b286
2019-05-14,phea20190514min.pdf,phea,Public Hearing,,https://council.vancouver.ca/20190514/documents/phea20190514min.pdf,20220130121206,https://web.archive.org/web/20220130121206id_/https://council.vancouver.ca/20190514/documents/phea20190514min.pdf,application/pdf,138628,4de7303786517471c0079f3fa3fc1f80b48312f77b93125984200cbabd959d05
2019-05-14,regu20190514min.pdf,regu,Regular Council,,https://council.vancouver.ca/20190514/documents/regu20190514min.pdf,20221011174727,https://web.archive.org/web/20221011174727id_/https://council.vancouver.ca/20190514/documents/regu20190514min.pdf,application/pdf,228740,9eedf1a3cab3236332819683c25c887532ff214689ab67c6c19e5bc3774b3215
2019-05-15,pspc20190515min.pdf,pspc,,,https://council.vancouver.ca/20190515/documents/pspc20190515min.pdf,20250823043819,https://web.archive.org/web/20250823043819id_/https://council.vancouver.ca/20190515/documents/pspc20190515min.pdf,application/pdf,237865,3c71f3d5ae34be9f8264526ddfef2e31d6f701e9c4687dc8f57117b5f6d805e4
2019-05-16,phea20190516min.pdf,phea,Public Hearing,,https://council.vancouver.ca/20190516/documents/phea20190516min.pdf,20250823044143,https://web.archive.org/web/20250823044143id_/https://council.vancouver.ca/20190516/documents/phea20190516min.pdf,application/pdf,74810,e13abc3b24b2dbaa442b7675b810abdb6d19136801e4a388947ed91d68f20c4d
2019-05-21,cpah20190521min.pdf,cpah,,,https://council.vancouver.ca/20190521/documents/cpah20190521min.pdf,20250823044828,https://web.archive.org/web/20250823044828id_/https://council.vancouver.ca/20190521/documents/cpah20190521min.pdf,application/pdf,121813,8faaf4eeb7cd7b22756d670fb598d410589013f99adef0486aeda23355b09c30
2019-05-22,blhe20190522min.pdf,blhe,,,https://council.vancouver.ca/20190522/documents/blhe20190522min.pdf,20250823045247,https://web.archive.org/web/20250823045247id_/https://council.vancouver.ca/20190522/documents/blhe20190522min.pdf,application/pdf,52927,9a4a82cf346915756eb15fc81a7f3f24e3278a7698e709c6868cf823f7b4f46c
2019-05-28,regu20190528min.pdf,regu,Regular Council,,https://council.vancouver.ca/20190528/documents/regu20190528min.pdf,20241027070244,https://web.archive.org/web/20241027070244id_/https://council.vancouver.ca/20190528/documents/regu20190528min.pdf,application/pdf,178050,094a5105d9efe3a2d5edccbae0f5b812f341eda5ca6d73d6a4291ef7227be7c2
2019-05-29,cfsc20190529min.pdf,cfsc,Standing Committee on City Finance and Services,,https://council.vancouver.ca/20190529/documents/cfsc20190529min.pdf,20250603214610,https://web.archive.org/web/20250603214610id_/https://council.vancouver.ca/20190529/documents/cfsc20190529min.pdf,application/pdf,67330,1a22d0c2655520c11c03d4e39b8486dd0a2e92f16fc6b308be721090e8dca34c
2019-06-11,crev20190611min.pdf,crev,Court of Revision,,https://council.vancouver.ca/20190611/documents/crev20190611min.pdf,20240902064040,https://web.archive.org/web/20240902064040id_/https://council.vancouver.ca/20190611/documents/crev20190611min.pdf,application/pdf,36301,85aeaf421bac318451e58df1e4ddb17842df43f09d23ee8bbacae6625e7ef788
2019-06-11,phea20190611min.pdf,phea,Public Hearing,,https://council.vancouver.ca/20190611/documents/phea20190611min.pdf,20251013120815,https://web.archive.org/web/20251013120815id_/https://council.vancouver.ca/20190611/documents/phea20190611min.pdf,application/pdf,158607,e75cd26387ec1a1a942c4b9de933185c0c490790f3bc34ec694f6eb2b2744ec2
2019-06-11,regu20190611min.pdf,regu,Regular Council,,https://council.vancouver.ca/20190611/documents/regu20190611min.pdf,20240718235727,https://web.archive.org/web/20240718235727id_/https://council.vancouver.ca/20190611/documents/regu20190611min.pdf,application/pdf,182826,4082cd469433f642e6cb9bc2108222b1bc1d3f38a3418bc2899e4377f798e8a8
2019-06-12,pspc20190612min.pdf,pspc,,,https://council.vancouver.ca/20190612/documents/pspc20190612min.pdf,20251012053815,https://web.archive.org/web/20251012053815id_/https://council.vancouver.ca/20190612/documents/pspc20190612min.pdf,application/pdf,282720,3c98e7ba477f8de44a5e97aa0750f74f0dddb0557a55bdfc121a7ee055fd671a
2019-06-25,regu20190625min.pdf,regu,Regular Council,,https://council.vancouver.ca/20190625/documents/regu20190625min.pdf,20240714190155,https://web.archive.org/web/20240714190155id_/https://council.vancouver.ca/20190625/documents/regu20190625min.pdf,application/pdf,171341,c8a8b87d446a737b273f395789a43778b6d07c3efddba4761e5fb0a018f0f94f
2019-06-26,cfsc20190626min.pdf,cfsc,Standing Committee on City Finance and Services,,https://council.vancouver.ca/20190626/documents/cfsc20190626min.pdf,20250603214545,https://web.archive.org/web/20250603214545id_/https://council.vancouver.ca/20190626/documents/cfsc20190626min.pdf,application/pdf,274305,b7b06bfb7732328dcc6c8fcc0da57a7ed84267023cb6296675f9c2e8fa12241d
2019-07-09,phea20190709min.pdf,phea,Public Hearing,,https://council.vancouver.ca/20190709/documents/phea20190709min.pdf,20240303064231,https://web.archive.org/web/20240303064231id_/https://council.vancouver.ca/20190709/documents/phea20190709min.pdf,application/pdf,149821,459a0eec35f9843708cba8e594ee0df07bc9ad79246c2d357bd120fde9674b9b
2019-07-09,regu20190709min.pdf,regu,Regular Council,,https://council.vancouver.ca/20190709/documents/regu20190709min.pdf,20221224185036,https://web.archive.org/web/20221224185036id_/https://council.vancouver.ca/20190709/documents/regu20190709min.pdf,application/pdf,171445,8f93395b7f53bd2846e696b48262a7b083f7ef4d52f284ad0950525bb867bf89
2019-07-10,pspc20190710min.pdf,pspc,,,https://council.vancouver.ca/20190710/documents/pspc20190710min.pdf,20240803000224,https://web.archive.org/web/20240803000224id_/https://council.vancouver.ca/20190710/documents/pspc20190710min.pdf,application/pdf,263898,5a26c5e4358f2f5cd54f8e17031178dabc1175eda38baff89d093788e5cfa105
2019-07-16,blhe20190716min.pdf,blhe,,,https://council.vancouver.ca/20190716/documents/blhe20190716min.pdf,20221224185036,https://web.archive.org/web/20221224185036id_/https://council.vancouver.ca/20190716/documents/blhe20190716min.pdf,application/pdf,78924,4b1840a84b2de755d1c57eb29f0dc452e861dd998bad87146282c5605a42077f
2019-07-17,cpah20190717min.pdf,cpah,,,https://council.vancouver.ca/20190717/documents/cpah20190717min.pdf,20221224185056,https://web.archive.org/web/20221224185056id_/https://council.vancouver.ca/20190717/documents/cpah20190717min.pdf,application/pdf,173290,449bb7ee747f80599d2aa3b5b009ec925e48f5e24b282d50883f6c263186763d
2019-07-23,regu20190723min.pdf,regu,Regular Council,,https://council.vancouver.ca/20190723/documents/regu20190723min.pdf,20240803004408,https://web.archive.org/web/20240803004408id_/https://council.vancouver.ca/20190723/documents/regu20190723min.pdf,application/pdf,258392,f3a2240e53c7018a6ba7f54c8a7d029892bd27eb7038fd35e16e97fae1ddadbf
2019-07-24,cfsc20190724min.pdf,cfsc,Standing Committee on City Finance and Services,,https://council.vancouver.ca/20190724/documents/cfsc20190724min.pdf,20221224185020,https://web.archive.org/web/20221224185020id_/https://council.vancouver.ca/20190724/documents/cfsc20190724min.pdf,application/pdf,144986,7dd9e09cabd16564eac76b384e99ca149349d4e6337ff68348da4a4c4df6caa3
2019-09-10,phea20190910min.pdf,phea,Public Hearing,,https://council.vancouver.ca/20190910/documents/phea20190910min.pdf,20220701173048,https://web.archive.org/web/20220701173048id_/https://council.vancouver.ca/20190910/documents/phea20190910min.pdf,application/pdf,248103,f12f2b79f58c5691ebe9d8732db30564c7f9de8efa97eb648f7f4b470ecb2347
2019-09-10,regu20190910min.pdf,regu,Regular Council,,https://council.vancouver.ca/20190910/documents/regu20190910min.pdf,20221224185236,https://web.archive.org/web/20221224185236id_/https://council.vancouver.ca/20190910/documents/regu20190910min.pdf,application/pdf,186085,176112478ec01b4b0d130696c8dd96bbd45359b2d03890a45b92bf030edb28d5
2019-09-11,pspc20190911min.pdf,pspc,,,https://council.vancouver.ca/20190911/documents/pspc20190911min.pdf,20240207040322,https://web.archive.org/web/20240207040322id_/https://council.vancouver.ca/20190911/documents/pspc20190911min.pdf,application/pdf,191054,05ac6860170dadacefc98e2c47171f531818ee65cdaf0ed8f8529d7d0f6bf161
2019-09-12,phea20190912min.pdf,phea,Public Hearing,,https://council.vancouver.ca/20190912/documents/phea20190912min.pdf,20221227133345,https://web.archive.org/web/20221227133345id_/https://council.vancouver.ca/20190912/documents/phea20190912min.pdf,application/pdf,105583,34708624ddc83ba867d56cba0ebbc68059360565da491fd49e7a4f531aeb7eb7
2019-10-01,phea20191001min.pdf,phea,Public Hearing,,https://council.vancouver.ca/20191001/documents/phea20191001min.pdf,20220701173227,https://web.archive.org/web/20220701173227id_/https://council.vancouver.ca/20191001/documents/phea20191001min.pdf,application/pdf,112815,ecb80136c48e15c7301d6b8ccf898c1e71684617658894c7832736dbd5c794a9
2019-10-01,regu20191001min.pdf,regu,Regular Council,,https://council.vancouver.ca/20191001/documents/regu20191001min.pdf,20220717170608,https://web.archive.org/web/20220717170608id_/https://council.vancouver.ca/20191001/documents/regu20191001min.pdf,application/pdf,346255,887eabb593e555b7535bfe349bd321c563c62c01aa9dbc99f36c8b5e35d23572
2019-10-02,cfsc20191002min.pdf,cfsc,Standing Committee on City Finance and Services,,https://council.vancouver.ca/20191002/documents/cfsc20191002min.pdf,20250831234042,https://web.archive.org/web/20250831234042id_/https://council.vancouver.ca/20191002/documents/cfsc20191002min.pdf,application/pdf,260793,58c365ab006d90063e21af3c00196729a951490e87f8a956506db0072579d079
2019-10-22,phea20191022min.pdf,phea,Public Hearing,,https://council.vancouver.ca/20191022/documents/phea20191022min.pdf,20220701173220,https://web.archive.org/web/20220701173220id_/https://council.vancouver.ca/20191022/documents/phea20191022min.pdf,application/pdf,65455,8cccf933d2560c5cc052cd2cd722606c4858e3e05a4a21ee4fad03488cdba0f0
2019-10-22,regu20191022min.pdf,regu,Regular Council,,https://council.vancouver.ca/20191022/documents/regu20191022min.pdf,20221017232153,https://web.archive.org/web/20221017232153id_/https://council.vancouver.ca/20191022/documents/regu20191022min.pdf,application/pdf,180398,de62953e4cf3d29b0ea23013eb1a1118d4b7750a76012e84c0dd4aac5f2bc446
2019-10-23,pspc20191023min.pdf,pspc,,,https://council.vancouver.ca/20191023/documents/pspc20191023min.pdf,20221017232115,https://web.archive.org/web/20221017232115id_/https://council.vancouver.ca/20191023/documents/pspc20191023min.pdf,application/pdf,677689,8a654359b0db376046f9091dc2a048e71e34f50df562c31be7b5d6803f5bbd25
2019-11-05,phea20191105min.pdf,phea,Public Hearing,,https://council.vancouver.ca/20191105/documents/phea20191105min.pdf,20240615130952,https://web.archive.org/web/20240615130952id_/https://council.vancouver.ca/20191105/documents/phea20191105min.pdf,application/pdf,118837,cd80a8fc46e19321eb353397b40d735991cec2003edccfa7053967c3eb5d9b09
2019-11-05,regu20191105min.pdf,regu,Regular Council,,https://council.vancouver.ca/20191105/documents/regu20191105min.pdf,20250719082445,https://web.archive.org/web/20250719082445id_/https://council.vancouver.ca/20191105/documents/regu20191105min.pdf,application/pdf,298186,e3667034ff0570d000f6086f27f5b7f2fa51d4bf2bd64f5b888fbdbc35cf129a
2019-11-06,cfsc20191106min.pdf,cfsc,Standing Committee on City Finance and Services,,https://council.vancouver.ca/20191106/documents/cfsc20191106min.pdf,20220709043222,https://web.archive.org/web/20220709043222id_/https://council.vancouver.ca/20191106/documents/cfsc20191106min.pdf,application/pdf,113976,619fcef1b256dd8ffdf634eec78016959269e5e2827b2cc8fe164b34d400e496
2019-11-26,regu20191126min.pdf,regu,Regular Council,,https://council.vancouver.ca/20191126/documents/regu20191126min.pdf,20251011204631,https://web.archive.org/web/20251011204631id_/https://council.vancouver.ca/20191126/documents/regu20191126min.pdf,application/pdf,218630,da89e43e2e86ea3ac3b8425adc33f2d23f0b3df0bc7016967aa44d31e256c19f
2019-11-27,pspc20191127min.pdf,pspc,,,https://council.vancouver.ca/20191127/documents/pspc20191127min.pdf,20251012073541,https://web.archive.org/web/20251012073541id_/https://council.vancouver.ca/20191127/documents/pspc20191127min.pdf,application/pdf,159908,879a83599c533ac6714d4fb550abf7fe1d94f3c3e732989cce8ae17274d738eb
2019-12-03,spec20191203min.pdf,spec,Special Council,,https://council.vancouver.ca/20191203/documents/spec20191203min.pdf,20240504200613,https://web.archive.org/web/20240504200613id_/https://council.vancouver.ca/20191203/documents/spec20191203min.pdf,application/pdf,43587,a97d53a2cae743fe77c5be4161d9eeb33193a7bf7e98507a8737fe78b5e5d897
2019-12-10,phea20191210min.pdf,phea,Public Hearing,,https://council.vancouver.ca/20191210/documents/phea20191210min.pdf,20220701173326,https://web.archive.org/web/20220701173326id_/https://council.vancouver.ca/20191210/documents/phea20191210min.pdf,application/pdf,140505,b5a3ac269449ecfd48098e492b52bcaabbc9b0d2d90104a11a15ba065afeb0ac
2019-12-10,regu20191210min.pdf,regu,Regular Council,,https://council.vancouver.ca/20191210/documents/regu20191210min.pdf,20211110030612,https://web.archive.org/web/20211110030612id_/https://council.vancouver.ca/20191210/documents/regu20191210min.pdf,application/pdf,319967,8d33f1aa7433616c69cfd12065d196ceee85ee73ffe822dbd4c60dc7210aed2d
2019-12-11,cfsc20191211min.pdf,cfsc,Standing Committee on City Finance and Services,,https://council.vancouver.ca/20191211/documents/cfsc20191211min.pdf,20221020001422,https://web.archive.org/web/20221020001422id_/https://council.vancouver.ca/20191211/documents/cfsc20191211min.pdf,application/pdf,357455,148b2d25e054a72c429d58db3d814ca7106a875ec0e8e1114d5ac09891ccc5c4
2019-12-12,phea20191212min.pdf,phea,Public Hearing,,https://council.vancouver.ca/20191212/documents/phea20191212min.pdf,20260918111304,https://web.archive.org/web/20260918111304id_/https://council.vancouver.ca/20191212/documents/phea20191212min.pdf,application/pdf,128143,94dc1ef2de4d98942f166dcbb3717b7282f2119a1a7a33031b2bfa101e6acc1c
2019-12-17,spec20191217min.pdf,spec,Special Council,,https://council.vancouver.ca/20191217/documents/spec20191217min.pdf,20240504200925,https://web.archive.org/web/20240504200925id_/https://council.vancouver.ca/20191217/documents/spec20191217min.pdf,application/pdf,33981,c51902fbe473c9e99a92a3b1c65aa1da02dc357bdc89ab291edb7272836ca641
2020-01-21,phea20200121min.pdf,phea,Public Hearing,,https://council.vancouver.ca/20200121/documents/phea20200121min.pdf,20251012080909,https://web.archive.org/web/20251012080909id_/https://council.vancouver.ca/20200121/documents/phea20200121min.pdf,application/pdf,134213,e611e3acd76278b3f381674c96f8e927154ac8bddf1134ab50f90a9dbc8b8b94
2020-01-21,regu20200121min.pdf,regu,Regular Council,,https://council.vancouver.ca/20200121/documents/regu20200121min.pdf,20250604005733,https://web.archive.org/web/20250604005733id_/https://council.vancouver.ca/20200121/documents/regu20200121min.pdf,application/pdf,183018,ebc915e6edcbd349c2588b24b05190594c4d94e1d671408c43b3e6bbbd04a643
2020-01-22,cfsc20200122min.pdf,cfsc,Standing Committee on City Finance and Services,,https://council.vancouver.ca/20200122/documents/cfsc20200122min.pdf,20221225043410,https://web.archive.org/web/20221225043410id_/https://council.vancouver.ca/20200122/documents/cfsc20200122min.pdf,application/pdf,188231,51aba06857bd710806965747f8ef426ef946573799cbde720bb6cf4865135022
2020-01-23,phea20200123min.pdf,phea,Public Hearing,,https://council.vancouver.ca/20200123/documents/phea20200123min.pdf,20220701173258,https://web.archive.org/web/20220701173258id_/https://council.vancouver.ca/20200123/documents/phea20200123min.pdf,application/pdf,124973,194c35afbd32a265abc07e12eb8601366505e2b698b74af7df817991f40f2c2c
2020-02-11,regu20200211min.pdf,regu,Regular Council,,https://council.vancouver.ca/20200211/documents/regu20200211min.pdf,20221225043444,https://web.archive.org/web/20221225043444id_/https://council.vancouver.ca/20200211/documents/regu20200211min.pdf,application/pdf,207179,854879e7e7c309dd296a40129f4d663a4c76fcd860a0b8cd76f9138b475fc9b3
2020-02-12,pspc20200212min.pdf,pspc,,,https://council.vancouver.ca/20200212/documents/pspc20200212min.pdf,20221011174714,https://web.archive.org/web/20221011174714id_/https://council.vancouver.ca/20200212/documents/pspc20200212min.pdf,application/pdf,166122,02b2825b2079e892274fea3509fd6533d17076f7362be70274a68a3fe750bd54
2020-02-25,phea20200225min.pdf,phea,Public Hearing,,https://council.vancouver.ca/20200225/documents/phea20200225min.pdf,20220701173048,https://web.archive.org/web/20220701173048id_/https://council.vancouver.ca/20200225/documents/phea20200225min.pdf,application/pdf,89541,2b5ce8c26a49ecc2de79cca40ffd6e283ae52ae9bdf9f856d49d6eac4e0d9853
2020-02-25,regu20200225min.pdf,regu,Regular Council,,https://council.vancouver.ca/20200225/documents/regu20200225min.pdf,20240705164826,https://web.archive.org/web/20240705164826id_/https://council.vancouver.ca/20200225/documents/regu20200225min.pdf,application/pdf,312785,48a276269456d61466111b2d62519ae705066e7add0101946bdcdf9d0e8e0182
2020-02-26,cfsc20200226min.pdf,cfsc,Standing Committee on City Finance and Services,,https://council.vancouver.ca/20200226/documents/cfsc20200226min.pdf,20251214194255,https://web.archive.org/web/20251214194255id_/https://council.vancouver.ca/20200226/documents/cfsc20200226min.pdf,application/pdf,225688,fd41a2d89969a90ac85b5f92dca1bc176dad25e5ce4d05daa287bf8dc81dbee7
2020-03-10,regu20200310min.pdf,regu,Regular Council,,https://council.vancouver.ca/20200310/documents/regu20200310min.pdf,20260629130200,https://web.archive.org/web/20260629130200id_/https://council.vancouver.ca/20200310/documents/regu20200310min.pdf,application/pdf,351982,edf9f6c6b6731c45cebe99d9467ec43385d0f230f0b2d5bd28858da8225a2bff
2020-03-11,pspc20200311min.pdf,pspc,,,https://council.vancouver.ca/20200311/documents/pspc20200311min.pdf,20251214203325,https://web.archive.org/web/20251214203325id_/https://council.vancouver.ca/20200311/documents/pspc20200311min.pdf,application/pdf,433968,d3e9b553bf236f6c4b920dff7084995164731f109d63b29cebe9240732920f40
2020-03-19,spec20200319min.pdf,spec,Special Council,,https://council.vancouver.ca/20200319/documents/spec20200319min.pdf,20251214203810,https://web.archive.org/web/20251214203810id_/https://council.vancouver.ca/20200319/documents/spec20200319min.pdf,application/pdf,97493,58604f6b543d83c58294288b226bd75e418901e67a1c037a232cf9ccfb5f71dd
2020-03-23,spec20200323min.pdf,spec,Special Council,,https://council.vancouver.ca/20200323/documents/spec20200323min.pdf,20251214203132,https://web.archive.org/web/20251214203132id_/https://council.vancouver.ca/20200323/documents/spec20200323min.pdf,application/pdf,233604,9b329192cbad854fb1c4e9b0d0b2319109ce5f45ea710fec461661bfe445d8ac
2020-03-31,spec20200331min.pdf,spec,Special Council,,https://council.vancouver.ca/20200331/documents/spec20200331min.pdf,20251214210714,https://web.archive.org/web/20251214210714id_/https://council.vancouver.ca/20200331/documents/spec20200331min.pdf,application/pdf,112730,8fb9b16901eaf68f457cf811d1fed4ebc318a1987665e1666771127d196bfae0
2020-04-14,regu20200414min.pdf,regu,Regular Council,,https://council.vancouver.ca/20200414/documents/regu20200414min.pdf,20230607090238,https://web.archive.org/web/20230607090238id_/https://council.vancouver.ca/20200414/documents/regu20200414min.pdf,application/pdf,78462,0e6c52a2d571701d7a6e095f4714d57a4906d6fa565fb7ef88a26bb6d41b8e55
2020-04-28,regu20200428min.pdf,regu,Regular Council,,https://council.vancouver.ca/20200428/documents/regu20200428min.pdf,20260428023245,https://web.archive.org/web/20260428023245id_/https://council.vancouver.ca/20200428/documents/regu20200428min.pdf,application/pdf,192096,9bb3247a57f50c30f68f1e906240aafef156f413c660093afdf04127b47e15a2
2020-04-29,pspc20200429min.pdf,pspc,,,https://council.vancouver.ca/20200429/documents/pspc20200429min.pdf,20221226004659,https://web.archive.org/web/20221226004659id_/https://council.vancouver.ca/20200429/documents/pspc20200429min.pdf,application/pdf,242942,e2a2970dd2ed3862e3c9d70758c0167431aa302e18ac4bc5482e203079f8e9f1
2020-05-12,phea20200512min.pdf,phea,Public Hearing,,https://council.vancouver.ca/20200512/documents/phea20200512min.pdf,20200613233541,https://web.archive.org/web/20200613233541id_/https://council.vancouver.ca/20200512/documents/phea20200512min.pdf,application/pdf,33450,ee178bd17cf03c2e16f814ae7332b12bafcdf84ebcdfb9e37012f9f3ca95d1ca
2020-05-12,regu20200512min.pdf,regu,Regular Council,,https://council.vancouver.ca/20200512/documents/regu20200512min.pdf,20221226004701,https://web.archive.org/web/20221226004701id_/https://council.vancouver.ca/20200512/documents/regu20200512min.pdf,application/pdf,162947,44c4dab80213e3c99f6402691c1145be7a48cfac51a79967824d33ca703052c2
2020-05-13,cfsc20200513min.pdf,cfsc,Standing Committee on City Finance and Services,,https://council.vancouver.ca/20200513/documents/cfsc20200513min.pdf,20240620184810,https://web.archive.org/web/20240620184810id_/https://council.vancouver.ca/20200513/documents/cfsc20200513min.pdf,application/pdf,119290,5301e949d766c3e7345cacd9bdb4194d8bc347a969c7bea6275e042636762820
2020-05-14,spec20200514min.pdf,spec,Special Council,,https://council.vancouver.ca/20200514/documents/spec20200514min.pdf,20230530204834,https://web.archive.org/web/20230530204834id_/https://council.vancouver.ca/20200514/documents/spec20200514min.pdf,application/pdf,832323,b2bd4c2934cfb3e94054dbf0f10c23fe74713d4ac3fba1da21596cabb645ad5c
2020-05-22,ccrc20200522min.pdf,ccrc,,,https://council.vancouver.ca/20200522/documents/ccrc20200522min.pdf,20230607091643,https://web.archive.org/web/20230607091643id_/https://council.vancouver.ca/20200522/documents/ccrc20200522min.pdf,application/pdf,366646,4c6f698442c6b4001ac8fa7bac40bd0ed56054287936d3b836ddb37a1144f834
2020-05-26,phea20200526min.pdf,phea,Public Hearing,,https://council.vancouver.ca/20200526/documents/phea20200526min.pdf,20220701173137,https://web.archive.org/web/20220701173137id_/https://council.vancouver.ca/20200526/documents/phea20200526min.pdf,application/pdf,155183,8a3edac26bd05ee1f5ca555126990da650194f331f2f60c67c88b15c9088f054
2020-05-26,regu20200526min.pdf,regu,Regular Council,,https://council.vancouver.ca/20200526/documents/regu20200526min.pdf,20210725071702,https://web.archive.org/web/20210725071702id_/https://council.vancouver.ca/20200526/documents/regu20200526min.pdf,application/pdf,414015,cd8afbc88b18bbe5202bbf7c2c4a855cd514eef2f935ad7fbc9b4802f53fe1c4
2020-05-27,pspc20200527min.pdf,pspc,,,https://council.vancouver.ca/20200527/documents/pspc20200527min.pdf,20250825065325,https://web.archive.org/web/20250825065325id_/https://council.vancouver.ca/20200527/documents/pspc20200527min.pdf,application/pdf,345591,e0d568366ded96e93156c8976d387d9163aea64a439c898523aa2d9d65577977
2020-05-27,spec20200527min.pdf,spec,Special Council,,https://council.vancouver.ca/20200527/documents/spec20200527min.pdf,20201030223612,https://web.archive.org/web/20201030223612id_/https://council.vancouver.ca/20200527/documents/spec20200527min.pdf,application/pdf,79297,9d541a1f578180ba7e3d4c3e3e35a30adc173c814850b27f8d7581ad5e7440d2
2020-05-28,phea20200528min.pdf,phea,Public Hearing,,https://council.vancouver.ca/20200528/documents/phea20200528min.pdf,20220523155637,https://web.archive.org/web/20220523155637id_/https://council.vancouver.ca/20200528/documents/phea20200528min.pdf,application/pdf,229408,fabccafd4608b220d46b3dc480947fd211664545f7e85013e0b553592062f406
2020-06-03,ccrc20200603min.pdf,ccrc,,,https://council.vancouver.ca/20200603/documents/ccrc20200603min.pdf,20230315100220,https://web.archive.org/web/20230315100220id_/https://council.vancouver.ca/20200603/documents/ccrc20200603min.pdf,application/pdf,59781,db7b995637b2eb8cb7d7b1db70ae6486c62a3e5170ccb97a825ee4423585ab72
2020-06-09,regu20200609min.pdf,regu,Regular Council,,https://council.vancouver.ca/20200609/documents/regu20200609min.pdf,20251012075036,https://web.archive.org/web/20251012075036id_/https://council.vancouver.ca/20200609/documents/regu20200609min.pdf,application/pdf,197147,38d14a80e83421d1b8b28da22582678d78fa89ccba83f5522bdb33623dd8882a
2020-06-10,cfsc20200610min.pdf,cfsc,Standing Committee on City Finance and Services,,https://council.vancouver.ca/20200610/documents/cfsc20200610min.pdf,20251012053006,https://web.archive.org/web/20251012053006id_/https://council.vancouver.ca/20200610/documents/cfsc20200610min.pdf,application/pdf,104964,4b98ad1fe711ff1ad9cf76f41dd9b08b5da0c868d2d487026a7753d4a5172f64
2020-06-11,spec20200611min.pdf,spec,Special Council,,https://council.vancouver.ca/20200611/documents/spec20200611min.pdf,20240621073955,https://web.archive.org/web/20240621073955id_/https://council.vancouver.ca/20200611/documents/spec20200611min.pdf,application/pdf,43516,dd2836785a6c2f1fc2298bcf3568fac9bafd18d347e50d1a9fb5a32c920eb104
2020-06-17,ccrc20200617min.pdf,ccrc,,,https://council.vancouver.ca/20200617/documents/ccrc20200617min.pdf,20230315100238,https://web.archive.org/web/20230315100238id_/https://council.vancouver.ca/20200617/documents/ccrc20200617min.pdf,application/pdf,48625,63ece800485148ba002d1c4ed64b890d7687308b273d99e384f528bd2ef65f86
2020-06-23,phea20200623min.pdf,phea,Public Hearing,,https://council.vancouver.ca/20200623/documents/phea20200623min.pdf,20220701173212,https://web.archive.org/web/20220701173212id_/https://council.vancouver.ca/20200623/documents/phea20200623min.pdf,application/pdf,86927,50e601a08be1e6d54a974ae534349d071f84f8879a920dad6bf79a4ff30a5f57
2020-06-23,regu20200623min.pdf,regu,Regular Council,,https://council.vancouver.ca/20200623/documents/regu20200623min.pdf,20251012013446,https://web.archive.org/web/20251012013446id_/https://council.vancouver.ca/20200623/documents/regu20200623min.pdf,application/pdf,294388,91a81426b69275429ea038c19cbc7a60dc009768e3e40b1579187c21fa4cea44
2020-06-23,regu20200623min.pdf,regu,Regular Council,,https://council.vancouver.ca/20200623/documents/regu20200623min.pdf?utm_source=www.vancitylookout.com&utm_medium=referral&utm_campaign=why-corner-stores-may-soon-make-a-comeback-in-vancouver,20260125005506,https://web.archive.org/web/20260125005506id_/https://council.vancouver.ca/20200623/documents/regu20200623min.pdf?utm_source=www.vancitylookout.com&utm_medium=referral&utm_campaign=why-corner-stores-may-soon-make-a-comeback-in-vancouver,application/pdf,294388,91a81426b69275429ea038c19cbc7a60dc009768e3e40b1579187c21fa4cea44
2020-06-24,pspc20200624min.pdf,pspc,,,https://council.vancouver.ca/20200624/documents/pspc20200624min.pdf,20240326132625,https://web.archive.org/web/20240326132625id_/https://council.vancouver.ca/20200624/documents/pspc20200624min.pdf,application/pdf,611814,e947a17216fa25e6cd719e45680f1ab183e158e5fb8a3798460cf044027ea7b7
2020-06-25,phea20200625min.pdf,phea,Public Hearing,,https://council.vancouver.ca/20200625/documents/phea20200625min.pdf,20251012083506,https://web.archive.org/web/20251012083506id_/https://council.vancouver.ca/20200625/documents/phea20200625min.pdf,application/pdf,132456,19719953b139d9e22ebff40a977febc3a2376a379d0ee1c3bae80e9d167667a7
2020-06-30,sbah20200630min.pdf,sbah,,,https://council.vancouver.ca/20200630/documents/sbah20200630min.pdf,20240326122353,https://web.archive.org/web/20240326122353id_/https://council.vancouver.ca/20200630/documents/sbah20200630min.pdf,application/pdf,39863,85fde4c548751185f2f21f34839cb67e68ab4c32713cc080bbf3b74cf8beb279
2020-06-30,spec20200630min.pdf,spec,Special Council,,https://council.vancouver.ca/20200630/documents/spec20200630min.pdf,20240326221459,https://web.archive.org/web/20240326221459id_/https://council.vancouver.ca/20200630/documents/spec20200630min.pdf,application/pdf,39749,073214cb0ff51089ea8ee9ab9c432b06b8e70d6e248196d565ee6f94c4d6786b
2020-07-03,ccrc20200703min.pdf,ccrc,,,https://council.vancouver.ca/20200703/documents/ccrc20200703min.pdf,20230315100140,https://web.archive.org/web/20230315100140id_/https://council.vancouver.ca/20200703/documents/ccrc20200703min.pdf,application/pdf,40044,b966cb115f2e6331395ca2ba76ce7833a38c757ea7f1eb01567d3e17b54ea119
2020-07-07,phea20200707min.pdf,phea,Public Hearing,,https://council.vancouver.ca/20200707/documents/phea20200707min.pdf,20251110015811,https://web.archive.org/web/20251110015811id_/https://council.vancouver.ca/20200707/documents/phea20200707min.pdf,application/pdf,254430,3cdfdc169c5469e4d04bc4d63324f20c2feccf5ea7e7f0834f5167c7042747ce
2020-07-07,regu20200707min.pdf,regu,Regular Council,,https://council.vancouver.ca/20200707/documents/regu20200707min.pdf,20220121002757,https://web.archive.org/web/20220121002757id_/https://council.vancouver.ca/20200707/documents/regu20200707min.pdf,application/pdf,119581,e5f313f415120104092e0fb893cb1649d0872c0ce09282f121123802d6c269c1
2020-07-08,cfsc20200708min.pdf,cfsc,Standing Committee on City Finance and Services,,https://council.vancouver.ca/20200708/documents/cfsc20200708min.pdf,20230117054429,https://web.archive.org/web/20230117054429id_/https://council.vancouver.ca/20200708/documents/cfsc20200708min.pdf,application/pdf,105094,8fdeae809c508243bbfc6ee5ef3426473f1bfbddbb5987c6adc12c85096941cd
2020-07-09,phea20200709min.pdf,phea,Public Hearing,,https://council.vancouver.ca/20200709/documents/phea20200709min.pdf,20240705123014,https://web.archive.org/web/20240705123014id_/https://council.vancouver.ca/20200709/documents/phea20200709min.pdf,application/pdf,61195,5019487cb184602ecf5f77845a4c6710cb3c600900f519992cafe161c250796e
2020-07-15,ccrc20200715min.pdf,ccrc,,,https://council.vancouver.ca/20200715/documents/ccrc20200715min.pdf,20230315100232,https://web.archive.org/web/20230315100232id_/https://council.vancouver.ca/20200715/documents/ccrc20200715min.pdf,application/pdf,39534,540a0ab00bcc02d00111e8d52f8a0d56720e2d1cd5c14025e7a6f1d58478c3d4
2020-07-21,phea20200721min.pdf,phea,Public Hearing,,https://council.vancouver.ca/20200721/documents/phea20200721min.pdf,20230528124157,https://web.archive.org/web/20230528124157id_/https://council.vancouver.ca/20200721/documents/phea20200721min.pdf,application/pdf,93169,f0efbcdc9742987e1ea4a3aff31602e4660a2c7b04c4e75843b9f3939d62c461
2020-07-21,regu20200721min.pdf,regu,Regular Council,,https://council.vancouver.ca/20200721/documents/regu20200721min.pdf,20220628123252,https://web.archive.org/web/20220628123252id_/https://council.vancouver.ca/20200721/documents/regu20200721min.pdf,application/pdf,250058,5b00e446af5c14f42bb5c3f0bcb5adbaaaed167d4c3eede27448ddf509f5c44f
2020-07-22,pspc20200722min.pdf,pspc,,,https://council.vancouver.ca/20200722/documents/pspc20200722min.pdf,20251112052954,https://web.archive.org/web/20251112052954id_/https://council.vancouver.ca/20200722/documents/pspc20200722min.pdf,application/pdf,200070,05698817c5ff391271935d2a79aa5813845ff5dbf1ce1798da003248e57a8755
2020-07-23,phea20200723min.pdf,phea,Public Hearing,,https://council.vancouver.ca/20200723/documents/phea20200723min.pdf,20250806230306,https://web.archive.org/web/20250806230306id_/https://council.vancouver.ca/20200723/documents/phea20200723min.pdf,application/pdf,122032,eba3550281febf2b2e30308478adfe25a576f76762ff94a78509d86ead675808
2020-07-28,phea20200728min.pdf,phea,Public Hearing,,https://council.vancouver.ca/20200728/documents/phea20200728min.pdf,20250613121911,https://web.archive.org/web/20250613121911id_/https://council.vancouver.ca/20200728/documents/phea20200728min.pdf,application/pdf,235992,885080032a789d2faec64fcfc27417460865be623c85fcc11f0e0ac4d14623a1
2020-07-29,ccrc20200729min.pdf,ccrc,,,https://council.vancouver.ca/20200729/documents/ccrc20200729min.pdf,20230315100251,https://web.archive.org/web/20230315100251id_/https://council.vancouver.ca/20200729/documents/ccrc20200729min.pdf,application/pdf,59896,f8f67cf7c47ac440c783324ab8a9b67f5587edd00673ba934d71967b1c28f871
2020-07-29,spec20200729min.pdf,spec,Special Council,,https://council.vancouver.ca/20200729/documents/spec20200729min.pdf,20240802093416,https://web.archive.org/web/20240802093416id_/https://council.vancouver.ca/20200729/documents/spec20200729min.pdf,application/pdf,55909,3d637b63fc06dca373293c88f2f25e9afb0d1382ce72f4d4dfe687bcf6e73177
2020-09-11,spec20200911min.pdf,spec,Special Council,,https://council.vancouver.ca/20200911/documents/spec20200911min.pdf,20240705164625,https://web.archive.org/web/20240705164625id_/https://council.vancouver.ca/20200911/documents/spec20200911min.pdf,application/pdf,151399,87208200f86d22b92b24f508ef3a47c0bef3385607e420630614624c4174957e
2020-09-15,regu20200915min.pdf,regu,Regular Council,,https://council.vancouver.ca/20200915/documents/regu20200915min.pdf,20220329181259,https://web.archive.org/web/20220329181259id_/https://council.vancouver.ca/20200915/documents/regu20200915min.pdf,application/pdf,212399,0a3cce31443b5bec78b3b8e70bc6ebf6f8efb6034505f5f1ceac485ad96436cb
2020-09-16,cfsc20200916min.pdf,cfsc,Standing Committee on City Finance and Services,,https://council.vancouver.ca/20200916/documents/cfsc20200916min.pdf,20251012105743,https://web.archive.org/web/20251012105743id_/https://council.vancouver.ca/20200916/documents/cfsc20200916min.pdf,application/pdf,271280,9143681eb77562334dfed68dee18cd90f62404cbf12edddf0ffe9acd0fc1f949
2020-09-17,phea20200917min.pdf,phea,Public Hearing,,https://council.vancouver.ca/20200917/documents/phea20200917min.pdf,20210803204658,https://web.archive.org/web/20210803204658id_/https://council.vancouver.ca/20200917/documents/phea20200917min.pdf,application/pdf,114021,97fc2db0b15051350d2f5d133fe5355bce077022b8a198d27f5bcab9c79e386f
2020-10-06,phea20201006min.pdf,phea,Public Hearing,,https://council.vancouver.ca/20201006/documents/phea20201006min.pdf,20230608223143,https://web.archive.org/web/20230608223143id_/https://council.vancouver.ca/20201006/documents/phea20201006min.pdf,application/pdf,75763,09f5819d5b5ff051f9a853b1b3912d1d6dfa304ca7a580fab24feefeb17570f9
2020-10-06,regu20201006min.pdf,regu,Regular Council,,https://council.vancouver.ca/20201006/documents/regu20201006min.pdf,20250806230332,https://web.archive.org/web/20250806230332id_/https://council.vancouver.ca/20201006/documents/regu20201006min.pdf,application/pdf,330292,daa740dd25e1d989b025f75522c5eced11dcf5639775afab1417157fd816fb4b
2020-10-07,pspc20201007min.pdf,pspc,,,https://council.vancouver.ca/20201007/documents/pspc20201007min.pdf,20251116090514,https://web.archive.org/web/20251116090514id_/https://council.vancouver.ca/20201007/documents/pspc20201007min.pdf,application/pdf,328563,03d489cf6d8bf9a6c7844bd87984a211be78f1498dd670f8df6586c230f62ea2
2020-10-08,spec20201008min.pdf,spec,Special Council,,https://council.vancouver.ca/20201008/documents/spec20201008min.pdf,20260208184945,https://web.archive.org/web/20260208184945id_/https://council.vancouver.ca/20201008/documents/spec20201008min.pdf,application/pdf,77677,7ac4bb7a9048dec1fb93000684424128e87145abd1248d16d5d0eacf2f509013
2020-10-20,regu20201020min.pdf,regu,Regular Council,,https://council.vancouver.ca/20201020/documents/regu20201020min.pdf,20240301035631,https://web.archive.org/web/20240301035631id_/https://council.vancouver.ca/20201020/documents/regu20201020min.pdf,application/pdf,226413,f4125f83f2d96d4bec2049ad4e4f3e50b810e1861e6a67ddc88e34e47d444490
2020-10-22,cfsc20201022min.pdf,cfsc,Standing Committee on City Finance and Services,,https://council.vancouver.ca/20201022/documents/cfsc20201022min.pdf,20240517195513,https://web.archive.org/web/20240517195513id_/https://council.vancouver.ca/20201022/documents/cfsc20201022min.pdf,application/pdf,122902,c2e0faa9d0cab0e26c16e7f638e658a3f2e01c489949384c10bf0d29c6941cf9
2020-10-27,phea20201027min.pdf,phea,Public Hearing,,https://council.vancouver.ca/20201027/documents/phea20201027min.pdf,20250825064957,https://web.archive.org/web/20250825064957id_/https://council.vancouver.ca/20201027/documents/phea20201027min.pdf,application/pdf,130266,df985586e7fff8a708e1b64b5d4116313a869d05257bc36fe061b9d32a51852a
2020-11-03,crev20201103min.pdf,crev,Court of Revision,,https://council.vancouver.ca/20201103/documents/crev20201103min.pdf,20240602055234,https://web.archive.org/web/20240602055234id_/https://council.vancouver.ca/20201103/documents/crev20201103min.pdf,application/pdf,64273,dad6696dc9628ed4161c03fc620454021542e2a92d63b4f59530fdb3c3d8a060
2020-11-03,reguminutes20201103min.pdf,reguminutes,,,https://council.vancouver.ca/20201103/documents/reguminutes20201103min.pdf,20250825033949,https://web.archive.org/web/20250825033949id_/https://council.vancouver.ca/20201103/documents/reguminutes20201103min.pdf,application/pdf,293365,74edce7f9d64ecc42d3fc9f79ba3f92fdb812f914d99259e6aee2bc8b0478715
2020-11-04,pspc20201104min.pdf,pspc,,,https://council.vancouver.ca/20201104/documents/pspc20201104min.pdf,20240417002827,https://web.archive.org/web/20240417002827id_/https://council.vancouver.ca/20201104/documents/pspc20201104min.pdf,application/pdf,137825,9d6bc69f0b62d9fb6c8374d6a981995680cb66602052c4b88a156ebbf2c4317d
2020-11-17,spec20201117min.pdf,spec,Special Council,,https://council.vancouver.ca/20201117/documents/spec20201117min.pdf,20240519004746,https://web.archive.org/web/20240519004746id_/https://council.vancouver.ca/20201117/documents/spec20201117min.pdf,application/pdf,25454,912848e53e0feded57306e792444db8448ed2298d567bdb085d28dc6c1037e2a
2020-11-24,regu20201124min.pdf,regu,Regular Council,,https://council.vancouver.ca/20201124/documents/regu20201124min.pdf,20240416234925,https://web.archive.org/web/20240416234925id_/https://council.vancouver.ca/20201124/documents/regu20201124min.pdf,application/pdf,204194,39ce395c1f61afdbd9af9f16bc98eae97f14dcd4e30126a4ff0411041688c6df
2020-11-25,cfsc20201125min.pdf,cfsc,Standing Committee on City Finance and Services,,https://council.vancouver.ca/20201125/documents/cfsc20201125min.pdf,20250515033004,https://web.archive.org/web/20250515033004id_/https://council.vancouver.ca/20201125/documents/cfsc20201125min.pdf,application/pdf,168971,608c6a2a8dc2899f3f37d5f2b731ee963d7c7a7c2a30192152c2369c746f92d8
2020-12-01,spec20201201min.pdf,spec,Special Council,,https://council.vancouver.ca/20201201/documents/spec20201201min.pdf,20240703153236,https://web.archive.org/web/20240703153236id_/https://council.vancouver.ca/20201201/documents/spec20201201min.pdf,application/pdf,296337,439df52199a2d9b9cf3061fbf7a6e2dedbe45018b742830b1a918a6e54489978
2020-12-02,phea20201202min.pdf,phea,Public Hearing,,https://council.vancouver.ca/20201202/documents/phea20201202min.pdf,20230606040821,https://web.archive.org/web/20230606040821id_/https://council.vancouver.ca/20201202/documents/phea20201202min.pdf,application/pdf,394179,4e677b4aacfcbc3c6003a75b8be789ed384ca0a2b8bdb86cf265d819259434a3
2020-12-04,agrc20201204min.pdf,agrc,,,https://council.vancouver.ca/20201204/documents/agrc20201204min.pdf,20230606015644,https://web.archive.org/web/20230606015644id_/https://council.vancouver.ca/20201204/documents/agrc20201204min.pdf,application/pdf,91972,3b3195352d7a5499b267e5eaf416023f0929a7642398aa16948ebdcfcf1f8c25
2020-12-08,phea20201208min.pdf,phea,Public Hearing,,https://council.vancouver.ca/20201208/documents/phea20201208min.pdf,20251012073641,https://web.archive.org/web/20251012073641id_/https://council.vancouver.ca/20201208/documents/phea20201208min.pdf,application/pdf,108220,ccbcaa767c87107ae9641c358681e2612abf8f86e073885a4ead54902bc7d9db
2020-12-08,regu20201208min.pdf,regu,Regular Council,,https://council.vancouver.ca/20201208/documents/regu20201208min.pdf,20240124021604,https://web.archive.org/web/20240124021604id_/https://council.vancouver.ca/20201208/documents/regu20201208min.pdf,application/pdf,487865,59689fd29a61f1a5820734cae63526c1bff9674a9574b99fd6d38b71d5fcec14
2020-12-09,pspc20201209min.pdf,pspc,,,https://council.vancouver.ca/20201209/documents/pspc20201209min.pdf,20251012073523,https://web.archive.org/web/20251012073523id_/https://council.vancouver.ca/20201209/documents/pspc20201209min.pdf,application/pdf,106423,3dce68e82ca67642d38782ac151a37563408bd0c15ddc01540a2ad2e559556ae
2020-12-11,agc20201211min.pdf,agc,,,https://council.vancouver.ca/20201211/documents/agc20201211min.pdf,20230606035655,https://web.archive.org/web/20230606035655id_/https://council.vancouver.ca/20201211/documents/agc20201211min.pdf,application/pdf,42851,2f172ac859c5317e611cb48a18cf257022de5110a801b01da39efc2117794afd
2020-12-15,agrc20201215min.pdf,agrc,,,https://council.vancouver.ca/20201215/documents/agrc20201215min.pdf,20240703054053,https://web.archive.org/web/20240703054053id_/https://council.vancouver.ca/20201215/documents/agrc20201215min.pdf,application/pdf,26336,15bd42407d95680bcae07bb98251bf361f38a2213f27787419a6764329b1cb74
2021-01-08,agrc20210108min.pdf,agrc,,,https://council.vancouver.ca/20210108/documents/agrc20210108min.pdf,20240701023022,https://web.archive.org/web/20240701023022id_/https://council.vancouver.ca/20210108/documents/agrc20210108min.pdf,application/pdf,27259,6f5df263cf02eb4fbc9cd68cf4610f3a8e97ed380ac30250502a5556582e3d2f
2021-01-19,phea20210119min.pdf,phea,Public Hearing,,https://council.vancouver.ca/20210119/documents/phea20210119min.pdf,20230327050814,https://web.archive.org/web/20230327050814id_/https://council.vancouver.ca/20210119/documents/phea20210119min.pdf,application/pdf,121560,2a01f70c0ea5227460b48c1e0ce90deff596f52edf10f1a95a5b739373e125e6
2021-01-19,regu20210119min.pdf,regu,Regular Council,,https://council.vancouver.ca/20210119/documents/regu20210119min.pdf,20230606032333,https://web.archive.org/web/20230606032333id_/https://council.vancouver.ca/20210119/documents/regu20210119min.pdf,application/pdf,163651,fff192270addda92cce4091a6274a5112f23a6d24e0580134ad947b2f44cdc42
2021-01-20,cfsc20210120min.pdf,cfsc,Standing Committee on City Finance and Services,,https://council.vancouver.ca/20210120/documents/cfsc20210120min.pdf,20220717170533,https://web.archive.org/web/20220717170533id_/https://council.vancouver.ca/20210120/documents/cfsc20210120min.pdf,application/pdf,87925,5fc2fbfda952976ea3097837a317e0ad0ef46ae0c35173d078d0fcdadfee5a92
2021-01-21,phea20210121min.pdf,phea,Public Hearing,,https://council.vancouver.ca/20210121/documents/phea20210121min.pdf,20230311023138,https://web.archive.org/web/20230311023138id_/https://council.vancouver.ca/20210121/documents/phea20210121min.pdf,application/pdf,183159,4fc6ac9b76c989f91ffb4b13c87bc3ca7c9f7507841eb4e8d821f390acc61062
2021-01-29,agrc20210129min.pdf,agrc,,,https://council.vancouver.ca/20210129/documents/agrc20210129min.pdf,20230325225755,https://web.archive.org/web/20230325225755id_/https://council.vancouver.ca/20210129/documents/agrc20210129min.pdf,application/pdf,100991,bd78bcb21be86b81b5b8363cf58051356afe5155e9a7925b81372bda41c1f42e
2021-02-09,phea20210209min.pdf,phea,Public Hearing,,https://council.vancouver.ca/20210209/documents/phea20210209min.pdf,20221224205007,https://web.archive.org/web/20221224205007id_/https://council.vancouver.ca/20210209/documents/phea20210209min.pdf,application/pdf,186161,70763d211423b421abf995a091dfca0fdb748fed6f8bb01209f0c8423df61b7d
2021-02-09,regu20210209min.pdf,regu,Regular Council,,https://council.vancouver.ca/20210209/documents/regu20210209min.pdf,20250825064937,https://web.archive.org/web/20250825064937id_/https://council.vancouver.ca/20210209/documents/regu20210209min.pdf,application/pdf,306515,62705a5a78a269b6e1c8d3c5dbf7ccabdb1fc1ce252203aff88a4a320a2832df
2021-02-10,pspc20210210min.pdf,pspc,,,https://council.vancouver.ca/20210210/documents/pspc20210210min.pdf,20240229010324,https://web.archive.org/web/20240229010324id_/https://council.vancouver.ca/20210210/documents/pspc20210210min.pdf,application/pdf,365169,ea0e61a2c62844d233eab747872c11d9d04511934d987428e8a27e98fb29c108
2021-02-11,phea20210211min.pdf,phea,Public Hearing,,https://council.vancouver.ca/20210211/documents/phea20210211min.pdf,20240226111141,https://web.archive.org/web/20240226111141id_/https://council.vancouver.ca/20210211/documents/phea20210211min.pdf,application/pdf,50245,a123d22d64824453dc9a25eb902a0a54fe067a86a6a8035d9ef1982c29e3901f
2021-02-19,agrc20210219min.pdf,agrc,,,https://council.vancouver.ca/20210219/documents/agrc20210219min.pdf,20240217180325,https://web.archive.org/web/20240217180325id_/https://council.vancouver.ca/20210219/documents/agrc20210219min.pdf,application/pdf,30433,ba19e6bae458d58b917acf5818d767f86b60ed3665c450f326acb5bcc2fac276
2021-02-23,crev20210223min.pdf,crev,Court of Revision,,https://council.vancouver.ca/20210223/documents/crev20210223min.pdf,20240220190835,https://web.archive.org/web/20240220190835id_/https://council.vancouver.ca/20210223/documents/crev20210223min.pdf,application/pdf,236856,ce244fb43d16f46d26c64bf8bdc40fa1f47a2772e699b3ac026f10f4d4bc12e2
2021-02-23,regu20210223min.pdf,regu,Regular Council,,https://council.vancouver.ca/20210223/documents/regu20210223min.pdf,20240217180327,https://web.archive.org/web/20240217180327id_/https://council.vancouver.ca/20210223/documents/regu20210223min.pdf,application/pdf,80622,7b1e5709cba09569c759c30c79edc9ff39f4e7a7b7ebc893321ca2769cdfcdf4
2021-02-24,cfsc20210224min.pdf,cfsc,Standing Committee on City Finance and Services,,https://council.vancouver.ca/20210224/documents/cfsc20210224min.pdf,20240220190837,https://web.archive.org/web/20240220190837id_/https://council.vancouver.ca/20210224/documents/cfsc20210224min.pdf,application/pdf,244417,1f178e685abc93479882830e30af70b4975841cb50dc94e2077ae88b8afe261c
2021-03-09,phea20210309min.pdf,phea,Public Hearing,,https://council.vancouver.ca/20210309/documents/phea20210309min.pdf,20240226111143,https://web.archive.org/web/20240226111143id_/https://council.vancouver.ca/20210309/documents/phea20210309min.pdf,application/pdf,329338,91d3a7b5dcfa079de8346cacd4b2fbb94e9bec3040a73d4783c1a9828a8618b2
2021-03-09,regu20210309min.pdf,regu,Regular Council,,https://council.vancouver.ca/20210309/documents/regu20210309min.pdf,20250603213157,https://web.archive.org/web/20250603213157id_/https://council.vancouver.ca/20210309/documents/regu20210309min.pdf,application/pdf,327422,8fc41274a802dae9761423a91a544fbc1df32244d69d7dc403fad728f51e753e
2021-03-10,pspc20210310min.pdf,pspc,,,https://council.vancouver.ca/20210310/documents/pspc20210310min.pdf,20240226111147,https://web.archive.org/web/20240226111147id_/https://council.vancouver.ca/20210310/documents/pspc20210310min.pdf,application/pdf,184066,300631520f1ebe002262b5487b90898afd30b688afcea35fbcbfc071e85e6eba
2021-03-11,phea20210311min.pdf,phea,Public Hearing,,https://council.vancouver.ca/20210311/documents/phea20210311min.pdf,20250806230309,https://web.archive.org/web/20250806230309id_/https://council.vancouver.ca/20210311/documents/phea20210311min.pdf,application/pdf,97823,333266c5714da6ef19bd820e70ba903eed6c5c2d83dc6e4596f72421a0afc0c1
2021-03-12,agrc20210312min.pdf,agrc,,,https://council.vancouver.ca/20210312/documents/agrc20210312min.pdf,20240226111149,https://web.archive.org/web/20240226111149id_/https://council.vancouver.ca/20210312/documents/agrc20210312min.pdf,application/pdf,146219,7bee13d6b2b49dc5d8cdd3e43ad1ce605ac9bdc7a640d9c81c0f149eb85aaa26
2021-03-30,regu20210330min.pdf,regu,Regular Council,,https://council.vancouver.ca/20210330/documents/regu20210330min.pdf,20251012013446,https://web.archive.org/web/20251012013446id_/https://council.vancouver.ca/20210330/documents/regu20210330min.pdf,application/pdf,218157,6531b3a25fd271278850f9255f95a16bda8c63b3807b4b5c5363a910f9855d55
2021-03-31,cfsc20210331min.pdf,cfsc,Standing Committee on City Finance and Services,,https://council.vancouver.ca/20210331/documents/cfsc20210331min.pdf,20251012164726,https://web.archive.org/web/20251012164726id_/https://council.vancouver.ca/20210331/documents/cfsc20210331min.pdf,application/pdf,303266,aec66c85bf94a9cf66fa5b393fa3060c4eb4c77f5f0abc8fa66d3059bac4f0e1
2021-04-09,agrc20210409min.pdf,agrc,,,https://council.vancouver.ca/20210409/documents/agrc20210409min.pdf,20240226110542,https://web.archive.org/web/20240226110542id_/https://council.vancouver.ca/20210409/documents/agrc20210409min.pdf,application/pdf,141479,788c748bb2665001495b1bc1574f62abbd80cc858c31d6a8be06c78dd925c841
2021-04-13,phea20210413min.pdf,phea,Public Hearing,,https://council.vancouver.ca/20210413/documents/phea20210413min.pdf,20240226110547,https://web.archive.org/web/20240226110547id_/https://council.vancouver.ca/20210413/documents/phea20210413min.pdf,application/pdf,81692,b9e88b2737ba77b06378a0270a8bbfb129a9a3293f4634cc76cc83663a094db4
2021-04-13,regu20210413min.pdf,regu,Regular Council,,https://council.vancouver.ca/20210413/documents/regu20210413min.pdf,20240226110546,https://web.archive.org/web/20240226110546id_/https://council.vancouver.ca/20210413/documents/regu20210413min.pdf,application/pdf,125681,da14acbe428985a3ae5535bc2a1840ebedc144028638be73a243eafb0913870a
2021-04-14,pspc20210414min.pdf,pspc,,,https://council.vancouver.ca/20210414/documents/pspc20210414min.pdf,20240226110550,https://web.archive.org/web/20240226110550id_/https://council.vancouver.ca/20210414/documents/pspc20210414min.pdf,application/pdf,111338,eb735111baeddfc12d4db33bfdf7d6e1e4a41db83c684f8b99a051585d10499a
2021-04-15,phea20210415min.pdf,phea,Public Hearing,,https://council.vancouver.ca/20210415/documents/phea20210415min.pdf,20250822172826,https://web.archive.org/web/20250822172826id_/https://council.vancouver.ca/20210415/documents/phea20210415min.pdf,application/pdf,318217,737136b08126fcdfbfc3d5126962f852ecfd09ed3f981657d7c9b8d4d3f803b6
2021-04-22,spec20210422min.pdf,spec,Special Council,,https://council.vancouver.ca/20210422/documents/spec20210422min.pdf,20250827144157,https://web.archive.org/web/20250827144157id_/https://council.vancouver.ca/20210422/documents/spec20210422min.pdf,application/pdf,95964,8567fc01d89442ce0d576aa1fa610a5cec1c17a5957087b71f39e05ec416b2c6
2021-04-27,regu20210427min.pdf,regu,Regular Council,,https://council.vancouver.ca/20210427/documents/regu20210427min.pdf,20250827144159,https://web.archive.org/web/20250827144159id_/https://council.vancouver.ca/20210427/documents/regu20210427min.pdf,application/pdf,187024,796c9d5546501929375867bcd0cc539e13608a5e4cf1d18813e60e9721606c0d
2021-04-28,cfsc20210428min.pdf,cfsc,Standing Committee on City Finance and Services,,https://council.vancouver.ca/20210428/documents/cfsc20210428min.pdf,20260312033857,https://web.archive.org/web/20260312033857id_/https://council.vancouver.ca/20210428/documents/cfsc20210428min.pdf,application/pdf,150797,7afac72d78d9b7b1958afc2ae132500648189114e6a11334bcbbf41518ea4c6a
2021-05-06,spec20210506min.pdf,spec,Special Council,,https://council.vancouver.ca/20210506/documents/spec20210506min.pdf,20250827144204,https://web.archive.org/web/20250827144204id_/https://council.vancouver.ca/20210506/documents/spec20210506min.pdf,application/pdf,238193,897f6249937a4678e45d8c510e5615e34d7752033acbe0ccd6a1cb1b92d22fe6
2021-05-18,phea20210518min.pdf,phea,Public Hearing,,https://council.vancouver.ca/20210518/documents/phea20210518min.pdf,20240808203716,https://web.archive.org/web/20240808203716id_/https://council.vancouver.ca/20210518/documents/phea20210518min.pdf,application/pdf,129919,40e5c45b278e1d54752910d7cc99b58ec5cb30a13b0a8537ad47c53d813d80ec
2021-05-18,regu20210518min.pdf,regu,Regular Council,,https://council.vancouver.ca/20210518/documents/regu20210518min.pdf,20250827144153,https://web.archive.org/web/20250827144153id_/https://council.vancouver.ca/20210518/documents/regu20210518min.pdf,application/pdf,307110,0642e9fc8ed67d854428356149b47dee8f29aebb7f81ea95bf9673fc5d6236bb
2021-05-19,pspc20210519min.pdf,pspc,,,https://council.vancouver.ca/20210519/documents/pspc20210519min.pdf,20251012074520,https://web.archive.org/web/20251012074520id_/https://council.vancouver.ca/20210519/documents/pspc20210519min.pdf,application/pdf,930682,b2a8319d612fa7c42f87d7fd4b4d5814a0ccfa740d88084c72f59fc51deab7da
2021-05-20,spec20210520min.pdf,spec,Special Council,,https://council.vancouver.ca/20210520/documents/spec20210520min.pdf,20240808053444,https://web.archive.org/web/20240808053444id_/https://council.vancouver.ca/20210520/documents/spec20210520min.pdf,application/pdf,25927,f54672207705493d50627b124dd9615e5e57bfd435267d2b4199c9fd4c132d27
2021-05-25,agrc20210525min.pdf,agrc,,,https://council.vancouver.ca/20210525/documents/agrc20210525min.pdf,20240807130047,https://web.archive.org/web/20240807130047id_/https://council.vancouver.ca/20210525/documents/agrc20210525min.pdf,application/pdf,305808,c134a3e87749218dadef1f5bde1bd117142340697f9a7a563dbf27252f3ccbcc
2021-05-31,spec20210531min.pdf,spec,Special Council,,https://council.vancouver.ca/20210531/documents/spec20210531min.pdf,20240809141355,https://web.archive.org/web/20240809141355id_/https://council.vancouver.ca/20210531/documents/spec20210531min.pdf,application/pdf,236174,936d4e82ca810ff734b79613b53407d7b1e8432bc58e5fd2aacd7d8a59be3811
2021-06-08,regu20210608min.pdf,regu,Regular Council,,https://council.vancouver.ca/20210608/documents/regu20210608min.pdf,20240630125041,https://web.archive.org/web/20240630125041id_/https://council.vancouver.ca/20210608/documents/regu20210608min.pdf,application/pdf,110416,6d3da4cbec92eb2971357d520d4a421992de5050fb82ad96578e8fc557f39281
2021-06-09,cfsc20210609min.pdf,cfsc,Standing Committee on City Finance and Services,,https://council.vancouver.ca/20210609/documents/cfsc20210609min.pdf,20240226104633,https://web.archive.org/web/20240226104633id_/https://council.vancouver.ca/20210609/documents/cfsc20210609min.pdf,application/pdf,161749,fb1a3a1fb883ce40d5b5654e3bbec9c7d19356438be763c21655008a56e712fc
2021-06-15,phea20210615min.pdf,phea,Public Hearing,,https://council.vancouver.ca/20210615/documents/phea20210615min.pdf,20240902090649,https://web.archive.org/web/20240902090649id_/https://council.vancouver.ca/20210615/documents/phea20210615min.pdf,application/pdf,128823,ab173b9d5d67cb5ce5ee925bcf2034e219bb5c21ada2d36e6bebad09992d3daa
2021-06-17,phea20210617min.pdf,phea,Public Hearing,,https://council.vancouver.ca/20210617/documents/phea20210617min.pdf,20250811101833,https://web.archive.org/web/20250811101833id_/https://council.vancouver.ca/20210617/documents/phea20210617min.pdf,application/pdf,78677,e7e99a23500cfdf73920eff484d5fb32464d45c9d6bb2416c94e8744e8e6d5aa
2021-06-22,regu20210622min.pdf,regu,Regular Council,,https://council.vancouver.ca/20210622/documents/regu20210622min.pdf,20250801201342,https://web.archive.org/web/20250801201342id_/https://council.vancouver.ca/20210622/documents/regu20210622min.pdf,application/pdf,264531,d12b0878c81b4e08d8f7457532665651d3f56df9d6764aba38d63a9bd4989b92
2021-06-23,pspc20210623min.pdf,pspc,,,https://council.vancouver.ca/20210623/documents/pspc20210623min.pdf,20240226104349,https://web.archive.org/web/20240226104349id_/https://council.vancouver.ca/20210623/documents/pspc20210623min.pdf,application/pdf,565001,5b5d27b7e55f4c727884aefa03aa8930372c50a28a8552c34eafd68d872a3226
2021-06-28,agrc20210628min.pdf,agrc,,,https://council.vancouver.ca/20210628/documents/agrc20210628min.pdf,20240226104352,https://web.archive.org/web/20240226104352id_/https://council.vancouver.ca/20210628/documents/agrc20210628min.pdf,application/pdf,262646,09343fa58b95c0c16820613f67e2a4a8ab8288e1f2f031f3571400e1370b5e59
2021-07-06,phea20210706min.pdf,phea,Public Hearing,,https://council.vancouver.ca/20210706/documents/phea20210706min.pdf,20240229013657,https://web.archive.org/web/20240229013657id_/https://council.vancouver.ca/20210706/documents/phea20210706min.pdf,application/pdf,104128,78148696d399bc6dc743cdcdda11179e4cb24e6ffdba19a20319741b3f39230c
2021-07-06,regu20210706min.pdf,regu,Regular Council,,https://council.vancouver.ca/20210706/documents/regu20210706min.pdf,20240416234632,https://web.archive.org/web/20240416234632id_/https://council.vancouver.ca/20210706/documents/regu20210706min.pdf,application/pdf,130741,944d82f0cdd95bb037cf1a864b56007345f6a66326fc1dadb174d1e34218138b
2021-07-07,pspc20210707min.pdf,pspc,,,https://council.vancouver.ca/20210707/documents/pspc20210707min.pdf,20240226104112,https://web.archive.org/web/20240226104112id_/https://council.vancouver.ca/20210707/documents/pspc20210707min.pdf,application/pdf,163325,609bcc0c747ddef0e363755aafbd0adcded4ab0ab9edc08d93a7891a06ffa2b5
2021-07-13,phea20210713min.pdf,phea,Public Hearing,,https://council.vancouver.ca/20210713/documents/phea20210713min.pdf,20240416233940,https://web.archive.org/web/20240416233940id_/https://council.vancouver.ca/20210713/documents/phea20210713min.pdf,application/pdf,72837,ffdb5868677f02b291e867baf80386dbba3e2f46c850076302a746867c7e819e
2021-07-20,regu20210720min.pdf,regu,Regular Council,,https://council.vancouver.ca/20210720/documents/regu20210720min.pdf,20260302081301,https://web.archive.org/web/20260302081301id_/https://council.vancouver.ca/20210720/documents/regu20210720min.pdf,application/pdf,263148,520fd9a89c85ad3454e104352ecdff7ca13970232d833e85eb86a4708d5ec917
2021-07-21,cfsc20210721min.pdf,cfsc,Standing Committee on City Finance and Services,,https://council.vancouver.ca/20210721/documents/cfsc20210721min.pdf,20250801193524,https://web.archive.org/web/20250801193524id_/https://council.vancouver.ca/20210721/documents/cfsc20210721min.pdf,application/pdf,709786,92c1c66b5d5a3550f6adbb16225aa7995d8081c9256eea7465ceb88985c933f6
2021-07-22,agrc20210722min.pdf,agrc,,,https://council.vancouver.ca/20210722/documents/agrc20210722min.pdf,20240226102942,https://web.archive.org/web/20240226102942id_/https://council.vancouver.ca/20210722/documents/agrc20210722min.pdf,application/pdf,26900,f0dfc92e70487ac062f71353df74cbb60c7b3a8bd9dd49f7125278bf81c0894a
2021-07-26,spec20210726min.pdf,spec,Special Council,,https://council.vancouver.ca/20210726/documents/spec20210726min.pdf,20240226102944,https://web.archive.org/web/20240226102944id_/https://council.vancouver.ca/20210726/documents/spec20210726min.pdf,application/pdf,28679,bbc70f2983c99b4d1bd2bb65be4b04ad7ae0b29c5b4729f7c1a07e60179116ec
2021-07-29,spec20210729min.pdf,spec,Special Council,,https://council.vancouver.ca/20210729/documents/spec20210729min.pdf,20240226102945,https://web.archive.org/web/20240226102945id_/https://council.vancouver.ca/20210729/documents/spec20210729min.pdf,application/pdf,262975,027fe20fa8272e3686042d0d23fe6e738ba18e04d68877c8789fe18d4907380c
2021-09-17,agc20210917min.pdf,agc,,,https://council.vancouver.ca/20210917/documents/agc20210917min.pdf,20240226102439,https://web.archive.org/web/20240226102439id_/https://council.vancouver.ca/20210917/documents/agc20210917min.pdf,application/pdf,34058,779909f90a92303b48ce3fa747945061a989911945130987618f181b6e28fa7c
2021-09-21,phea20210921min.pdf,phea,Public Hearing,,https://council.vancouver.ca/20210921/documents/phea20210921min.pdf,20240518031344,https://web.archive.org/web/20240518031344id_/https://council.vancouver.ca/20210921/documents/phea20210921min.pdf,application/pdf,740950,9571f798a7d496a8deb49e185a8d63050f2586a1fc9bf7ad74473be3ac024445
2021-09-21,regu20210921min.pdf,regu,Regular Council,,https://council.vancouver.ca/20210921/documents/regu20210921min.pdf,20240226102440,https://web.archive.org/web/20240226102440id_/https://council.vancouver.ca/20210921/documents/regu20210921min.pdf,application/pdf,613893,a293556163fca3dace4a33d255f8896ad7be0ca08cc4291f60ca9f3ec0004f61
2021-09-22,pspc20210922min.pdf,pspc,,,https://council.vancouver.ca/20210922/documents/pspc20210922min.pdf,20240226102448,https://web.archive.org/web/20240226102448id_/https://council.vancouver.ca/20210922/documents/pspc20210922min.pdf,application/pdf,127727,aec68967980fde5a6998dd02c322cd40b2c273168f750f454dd22d57940a7264
2021-09-28,spec20210928min.pdf,spec,Special Council,,https://council.vancouver.ca/20210928/documents/spec20210928min.pdf,20250503032236,https://web.archive.org/web/20250503032236id_/https://council.vancouver.ca/20210928/documents/spec20210928min.pdf,application/pdf,40412,fccade6c2fbf910d8a9732a30bc371badfcb97442c1a9d4f1559cc362afdc897
2021-10-05,phea20211005min.pdf,phea,Public Hearing,,https://council.vancouver.ca/20211005/documents/phea20211005min.pdf,20250503045455,https://web.archive.org/web/20250503045455id_/https://council.vancouver.ca/20211005/documents/phea20211005min.pdf,application/pdf,132719,4f2dca0f09e21845ca5b176a6831ebd3e58f85771bda53bf1403005c4312ce66
2021-10-05,regu20211005min.pdf,regu,Regular Council,,https://council.vancouver.ca/20211005/documents/regu20211005min.pdf,20250503041718,https://web.archive.org/web/20250503041718id_/https://council.vancouver.ca/20211005/documents/regu20211005min.pdf,application/pdf,174601,97045a9a4f65cb88a08081d3fe425485a5a544a82e17e7662dd6fbb1ddc0039f
2021-10-05,spec20211005min.pdf,spec,Special Council,,https://council.vancouver.ca/20211005/documents/spec20211005min.pdf,20250820045234,https://web.archive.org/web/20250820045234id_/https://council.vancouver.ca/20211005/documents/spec20211005min.pdf,application/pdf,316555,dbaa5b22439d67482a10baa31fbc05fb5c729c7cb8e7e97df051f00902507cfc
2021-10-12,phea20211012min.pdf,phea,Public Hearing,,https://council.vancouver.ca/20211012/documents/phea20211012min.pdf,20250903030115,https://web.archive.org/web/20250903030115id_/https://council.vancouver.ca/20211012/documents/phea20211012min.pdf,application/pdf,78676,a74617b878a82677bb25029ca26f55ebcdf76501298d64e5d62152f5322e35f3
2021-10-14,phea20211014min.pdf,phea,Public Hearing,,https://council.vancouver.ca/20211014/documents/phea20211014min.pdf,20250903030119,https://web.archive.org/web/20250903030119id_/https://council.vancouver.ca/20211014/documents/phea20211014min.pdf,application/pdf,84345,634c0dcf4383ee8904558109709a42d32584c463d410bc5c53d3b14bad068225
2021-10-19,regu20211019min.pdf,regu,Regular Council,,https://council.vancouver.ca/20211019/documents/regu20211019min.pdf,20250903030123,https://web.archive.org/web/20250903030123id_/https://council.vancouver.ca/20211019/documents/regu20211019min.pdf,application/pdf,252920,51303c58dad794eabf28846688c941d4cd6f00aca936f4efc93fb3e8b302ac68
2021-10-21,pspc20211021min.pdf,pspc,,,https://council.vancouver.ca/20211021/documents/pspc20211021min.pdf,20250820051112,https://web.archive.org/web/20250820051112id_/https://council.vancouver.ca/20211021/documents/pspc20211021min.pdf,application/pdf,155416,da137bd5e4829ea22db86524b3b4f622b4248fd6ad59bc4e847a080503fa615b
2021-11-02,phea20211102min.pdf,phea,Public Hearing,,https://council.vancouver.ca/20211102/documents/phea20211102min.pdf,20250827143824,https://web.archive.org/web/20250827143824id_/https://council.vancouver.ca/20211102/documents/phea20211102min.pdf,application/pdf,64874,fdccdaabc7ee17233df21a10e64566ed4007234dc52f9849d913a8c8d15c9447
2021-11-02,regu20210012min.pdf,regu,Regular Council,,https://council.vancouver.ca/20211102/documents/regu20210012min.pdf,20250820051114,https://web.archive.org/web/20250820051114id_/https://council.vancouver.ca/20211102/documents/regu20210012min.pdf,application/pdf,122345,f3fdb06217e1827059441fdded31011073d21edf99678e86d3e251c61185d307
2021-11-03,cfsc20211103min.pdf,cfsc,Standing Committee on City Finance and Services,,https://council.vancouver.ca/20211103/documents/cfsc20211103min.pdf,20250820051117,https://web.archive.org/web/20250820051117id_/https://council.vancouver.ca/20211103/documents/cfsc20211103min.pdf,application/pdf,73144,5e5329161d6e2a42753de28f54ab5ad7db47d49a7093ed7b2ae8d2da562ded98
2021-11-16,phea20211116min.pdf,phea,Public Hearing,,https://council.vancouver.ca/20211116/documents/phea20211116min.pdf,20240223161536,https://web.archive.org/web/20240223161536id_/https://council.vancouver.ca/20211116/documents/phea20211116min.pdf,application/pdf,263036,f993a51559470fd531af758269fcb88e55891321375caed548e233d136b01633
2021-11-16,regu20211116min.pdf,regu,Regular Council,,https://council.vancouver.ca/20211116/documents/regu20211116min.pdf,20251011204752,https://web.archive.org/web/20251011204752id_/https://council.vancouver.ca/20211116/documents/regu20211116min.pdf,application/pdf,604195,db3fc66e8a4cbfd4f15c35dece4b2ee7d75f832e5819169636e339e0f85ceb71
2021-11-17,pspc20211117min.pdf,pspc,,,https://council.vancouver.ca/20211117/documents/pspc20211117min.pdf,20251105065203,https://web.archive.org/web/20251105065203id_/https://council.vancouver.ca/20211117/documents/pspc20211117min.pdf,application/pdf,230930,f73f0e5d3502f4728ddce9713681a57662fdfe9eba60ac8f62233295faed9f6b
2021-11-18,phea20211118min.pdf,phea,Public Hearing,,https://council.vancouver.ca/20211118/documents/phea20211118min.pdf,20240223161539,https://web.archive.org/web/20240223161539id_/https://council.vancouver.ca/20211118/documents/phea20211118min.pdf,application/pdf,99129,589e7e8b15f87cb4736aab6001e27b1c74687a28610e5a2e4bd0fd8bb9d73940
2021-11-23,blhe20211123min.pdf,blhe,,,https://council.vancouver.ca/20211123/documents/blhe20211123min.pdf,20240223161542,https://web.archive.org/web/20240223161542id_/https://council.vancouver.ca/20211123/documents/blhe20211123min.pdf,application/pdf,48976,081464fb2988b7b5c90421bbf506e864cd7e934c975b713e5ddb50a8580fa66d
2021-11-23,spec20211123min.pdf,spec,Special Council,,https://council.vancouver.ca/20211123/documents/spec20211123min.pdf,20221225214314,https://web.archive.org/web/20221225214314id_/https://council.vancouver.ca/20211123/documents/spec20211123min.pdf,application/pdf,40149,a6b113911df37317f0d1684a24bf403df2e3360e224a0931d8c8d6b95bb02540
2021-11-26,agc20211126min.pdf,agc,,,https://council.vancouver.ca/20211126/documents/agc20211126min.pdf,20240223161545,https://web.archive.org/web/20240223161545id_/https://council.vancouver.ca/20211126/documents/agc20211126min.pdf,application/pdf,32557,37da8776cae32f53f4d78f100ff51d75e2086514debb0e131f960f8bf96c7b4d
2021-12-01,spec20211201min.pdf,spec,Special Council,,https://council.vancouver.ca/20211201/documents/spec20211201min.pdf,20211207171132,https://web.archive.org/web/20211207171132id_/https://council.vancouver.ca/20211201/documents/spec20211201min.pdf,application/pdf,92585,d52349a61ccee23837dfe34d671f96ff56abfc6c1bbbd6662ac1aecfe2100324
2021-12-07,phea20211207min.pdf,phea,Public Hearing,,https://council.vancouver.ca/20211207/documents/phea20211207min.pdf,20240223160813,https://web.archive.org/web/20240223160813id_/https://council.vancouver.ca/20211207/documents/phea20211207min.pdf,application/pdf,194117,6ffbf987c7f6a4e72d0a9ddaf4815d540c04cd8dd6bde61a536d32ae9599274d
2021-12-07,regu20211207min.pdf,regu,Regular Council,,https://council.vancouver.ca/20211207/documents/regu20211207min.pdf,20240223160810,https://web.archive.org/web/20240223160810id_/https://council.vancouver.ca/20211207/documents/regu20211207min.pdf,application/pdf,379573,d8cda98bf6a468a463f50d16f30640d088db494b1fc72b7a17d2c47547fcdeb2
2021-12-08,cfsc20211208min.pdf,cfsc,Standing Committee on City Finance and Services,,https://council.vancouver.ca/20211208/documents/cfsc20211208min.pdf,20240223160815,https://web.archive.org/web/20240223160815id_/https://council.vancouver.ca/20211208/documents/cfsc20211208min.pdf,application/pdf,341968,fc6787db1643ce619feaaa172a8e657f2e57c0f5e8b1b7cbf8e120db0e266e04
2021-12-08,cfsc20211208min.pdf,cfsc,Standing Committee on City Finance and Services,,https://council.vancouver.ca/20211208/documents/cfsc20211208min.pdf?hootPostID=4e4ef66a7924450964028341b7c25f13f7b9dc5897eb9b5c5cd498dfa43e14ba,20220603155003,https://web.archive.org/web/20220603155003id_/https://council.vancouver.ca/20211208/documents/cfsc20211208min.pdf?hootPostID=4e4ef66a7924450964028341b7c25f13f7b9dc5897eb9b5c5cd498dfa43e14ba,application/pdf,341968,fc6787db1643ce619feaaa172a8e657f2e57c0f5e8b1b7cbf8e120db0e266e04
2021-12-08,cfsc20211208min.pdf,cfsc,Standing Committee on City Finance and Services,,https://council.vancouver.ca/20211208/documents/cfsc20211208min.pdf?hootPostID=67a0ae90137786832e5cc7369915cd4ab0fa618bbbdacd7ccb4e3a400dc97208,20220518003939,https://web.archive.org/web/20220518003939id_/https://council.vancouver.ca/20211208/documents/cfsc20211208min.pdf?hootPostID=67a0ae90137786832e5cc7369915cd4ab0fa618bbbdacd7ccb4e3a400dc97208,application/pdf,341968,fc6787db1643ce619feaaa172a8e657f2e57c0f5e8b1b7cbf8e120db0e266e04
2021-12-09,phea20211209min.pdf,phea,Public Hearing,,https://council.vancouver.ca/20211209/documents/phea20211209min.pdf,20250503062743,https://web.archive.org/web/20250503062743id_/https://council.vancouver.ca/20211209/documents/phea20211209min.pdf,application/pdf,101104,cca747a75cf2322868b58a9e55e1ace1f78915ad53c48a3746af2a2ac10d4cdb
2022-01-18,phea20220118min.pdf,phea,Public Hearing,,https://council.vancouver.ca/20220118/documents/phea20220118min.pdf,20240223160529,https://web.archive.org/web/20240223160529id_/https://council.vancouver.ca/20220118/documents/phea20220118min.pdf,application/pdf,119989,22ee201f87b910679c8d2b7adbbca05d08982ebfae9dad5db85ea4c946ed2fdd
2022-01-25,phea20220125min.pdf,phea,Public Hearing,,https://council.vancouver.ca/20220125/documents/phea20220125min.pdf,20240223160535,https://web.archive.org/web/20240223160535id_/https://council.vancouver.ca/20220125/documents/phea20220125min.pdf,application/pdf,73173,3fe4f8e47162d4f8a708e79782cf7750dab09ac8d4a16f46fdfc8be3d7635150
2022-01-25,regu20220125min.pdf,regu,Regular Council,,https://council.vancouver.ca/20220125/documents/regu20220125min.pdf,20240223160532,https://web.archive.org/web/20240223160532id_/https://council.vancouver.ca/20220125/documents/regu20220125min.pdf,application/pdf,264029,649286c81990af1937c1602173ad0cf5838e52bae756e53b4937ea1b6c5e3fad
2022-01-26,pspc20220126min.pdf,pspc,,,https://council.vancouver.ca/20220126/documents/pspc20220126min.pdf,20250603173834,https://web.archive.org/web/20250603173834id_/https://council.vancouver.ca/20220126/documents/pspc20220126min.pdf,application/pdf,663533,4ab951b380bea5306daead597129cdd29677e6265ba5c57c5513fc119e17fe4f
2022-02-01,blhe20220201min.pdf,blhe,,,https://council.vancouver.ca/20220201/documents/blhe20220201min.pdf,20240223160210,https://web.archive.org/web/20240223160210id_/https://council.vancouver.ca/20220201/documents/blhe20220201min.pdf,application/pdf,42003,b8abba9b2e7c038bc9059c9bc541b1b7759f228c6b68b0f07fe01d87e14189f6
2022-02-01,crev20220201min.pdf,crev,Court of Revision,,https://council.vancouver.ca/20220201/documents/crev20220201min.pdf,20240223160212,https://web.archive.org/web/20240223160212id_/https://council.vancouver.ca/20220201/documents/crev20220201min.pdf,application/pdf,113545,392579fe1f67b523b247d006f4d38e1dc6fddd8f1739be6195b7d278e3e4293c
2022-02-02,blhe20220202min.pdf,blhe,,,https://council.vancouver.ca/20220202/documents/blhe20220202min.pdf,20240223160213,https://web.archive.org/web/20240223160213id_/https://council.vancouver.ca/20220202/documents/blhe20220202min.pdf,application/pdf,41671,1aea2edec50d6a18f68b41ed64b2c6f86f4558cd3df41cadca9c3e4d67156ef2
2022-02-08,regu20220208min.pdf,regu,Regular Council,,https://council.vancouver.ca/20220208/documents/regu20220208min.pdf,20240223160215,https://web.archive.org/web/20240223160215id_/https://council.vancouver.ca/20220208/documents/regu20220208min.pdf,application/pdf,244643,479c5998e2e7fefbd21a1192a1ecd2cd9abd63561688dfa98277982b9c3701c1
2022-02-09,cfsc20200209min.pdf,cfsc,Standing Committee on City Finance and Services,,https://council.vancouver.ca/20220209/documents/cfsc20200209min.pdf,20240223160218,https://web.archive.org/web/20240223160218id_/https://council.vancouver.ca/20220209/documents/cfsc20200209min.pdf,application/pdf,122005,e5c619a9a1ae3c57da6b5eea23291a3b9ac3259d05649775645065c3de53f59a
2022-03-01,phea20220301min.pdf,phea,Public Hearing,,https://council.vancouver.ca/20220301/documents/phea20220301min.pdf,20250829172355,https://web.archive.org/web/20250829172355id_/https://council.vancouver.ca/20220301/documents/phea20220301min.pdf,application/pdf,187216,8857b8a0368362efd0c4b148c4498709b1caf6e5ad10f05f3e338fedc3e2ed60
2022-03-01,regu20220301min.pdf,regu,Regular Council,,https://council.vancouver.ca/20220301/documents/regu20220301min.pdf,20250829172353,https://web.archive.org/web/20250829172353id_/https://council.vancouver.ca/20220301/documents/regu20220301min.pdf,application/pdf,417855,7b20a855981083ff735246a8aeada369ebb680d6e46c7969883146b83e52100d
2022-03-02,pspc20220302min.pdf,pspc,,,https://council.vancouver.ca/20220302/documents/pspc20220302min.pdf,20251012073548,https://web.archive.org/web/20251012073548id_/https://council.vancouver.ca/20220302/documents/pspc20220302min.pdf,application/pdf,194045,ed9a9e8f50148fc6b1473271bcbb8f8265efb6ae90d39a4088e3b180b98249d4
2022-03-03,phea20220303min.pdf,phea,Public Hearing,,https://council.vancouver.ca/20220303/documents/phea20220303min.pdf,20250829172401,https://web.archive.org/web/20250829172401id_/https://council.vancouver.ca/20220303/documents/phea20220303min.pdf,application/pdf,82142,b3f3d64ba4a5ce48249be2a16f5e3bc5ec24683e84fe8978fbb3cf743ada6942
2022-03-08,blhe20220308mins.pdf,blhe,,,https://council.vancouver.ca/20220308/documents/blhe20220308mins.pdf,20250829172404,https://web.archive.org/web/20250829172404id_/https://council.vancouver.ca/20220308/documents/blhe20220308mins.pdf,application/pdf,178003,ebcbf4da9bf1e10fcddfeb9da2ea06ccd1938e45cd901b50c5c367882eb457bd
2022-03-09,blhe20220309mins.pdf,blhe,,,https://council.vancouver.ca/20220309/documents/blhe20220309mins.pdf,20250829172407,https://web.archive.org/web/20250829172407id_/https://council.vancouver.ca/20220309/documents/blhe20220309mins.pdf,application/pdf,198124,f9bc8b6110f0627614d8e4a5a9392db008e4cae7853176baa9cbea65e0149ff6
2022-03-10,spec20220310min.pdf,spec,Special Council,,https://council.vancouver.ca/20220310/documents/spec20220310min.pdf,20250829172410,https://web.archive.org/web/20250829172410id_/https://council.vancouver.ca/20220310/documents/spec20220310min.pdf,application/pdf,27805,34f636da8e7b31113b664a63757c47bef90e8f4fca0f41b09ba96018ac61fb41
2022-03-29,regu20220329min.pdf,regu,Regular Council,,https://council.vancouver.ca/20220329/documents/regu20220329min.pdf,20250829172351,https://web.archive.org/web/20250829172351id_/https://council.vancouver.ca/20220329/documents/regu20220329min.pdf,application/pdf,214468,102689103bf5307f14d06a96af6e1d4f9c4787617f20e2d793e63e74c9adaa70
2022-03-30,cfsc20220330min.pdf,cfsc,Standing Committee on City Finance and Services,,https://council.vancouver.ca/20220330/documents/cfsc20220330min.pdf,20240220194254,https://web.archive.org/web/20240220194254id_/https://council.vancouver.ca/20220330/documents/cfsc20220330min.pdf,application/pdf,277487,ca40532d7fbfdec375fac3e764072ee6126b17359fdb954118ac38abe674e7eb
2022-03-31,spec20220331min.pdf,spec,Special Council,,https://council.vancouver.ca/20220331/documents/spec20220331min.pdf,20240220193847,https://web.archive.org/web/20240220193847id_/https://council.vancouver.ca/20220331/documents/spec20220331min.pdf,application/pdf,120731,55757dc89d419a2338ffd720ff120a1b5612bc316561941d6d0dff56e4d27c17
2022-04-05,spec20220405min.pdf,spec,Special Council,,https://council.vancouver.ca/20220405/documents/spec20220405min.pdf,20240220193849,https://web.archive.org/web/20240220193849id_/https://council.vancouver.ca/20220405/documents/spec20220405min.pdf,application/pdf,28028,85f917264cc7a9dcbc08df6a0d1db50db60f70f0fc79ea5d1a1b942eec40956e
2022-04-12,phea20220412min.pdf,phea,Public Hearing,,https://council.vancouver.ca/20220412/documents/phea20220412min.pdf,20240220193853,https://web.archive.org/web/20240220193853id_/https://council.vancouver.ca/20220412/documents/phea20220412min.pdf,application/pdf,92806,f28fd92d8b43037e600fe2cd310e8a72fdade163bf32a7249ef22e2c5fe3c453
2022-04-12,regu20220412min.pdf,regu,Regular Council,,https://council.vancouver.ca/20220412/documents/regu20220412min.pdf,20240220193851,https://web.archive.org/web/20240220193851id_/https://council.vancouver.ca/20220412/documents/regu20220412min.pdf,application/pdf,314239,d708a91c6da215b10a1eee3fbfaaf1e0dfabfaae68a79d6cd82b066b109c036f
2022-04-13,pspc20220413min.pdf,pspc,,,https://council.vancouver.ca/20220413/documents/pspc20220413min.pdf,20240220193859,https://web.archive.org/web/20240220193859id_/https://council.vancouver.ca/20220413/documents/pspc20220413min.pdf,application/pdf,153633,61aa1219931e809060b9243416f93044089d8d8524652707ea78f6a9b94108d3
2022-04-13,spec20220413min.pdf,spec,Special Council,,https://council.vancouver.ca/20220413/documents/spec20220413min.pdf,20240220193902,https://web.archive.org/web/20240220193902id_/https://council.vancouver.ca/20220413/documents/spec20220413min.pdf,application/pdf,32113,c08f204bc13ce0b5e7a1019ba8bded87bb0bba532d06c23d18ee75f6cf37fe76
2022-04-14,phea20220414min.pdf,phea,Public Hearing,,https://council.vancouver.ca/20220414/documents/phea20220414min.pdf,20251012213807,https://web.archive.org/web/20251012213807id_/https://council.vancouver.ca/20220414/documents/phea20220414min.pdf,application/pdf,144216,059d4fdf9bcfd4114989901e5fa89191a1f11649d39670f89a05ef8419697878
2022-04-22,agc04222022min.pdf,agc,,,https://council.vancouver.ca/20220422/documents/agc04222022min.pdf,20250503071854,https://web.archive.org/web/20250503071854id_/https://council.vancouver.ca/20220422/documents/agc04222022min.pdf,application/pdf,232525,acfc880676100079ef0c163f650bb270eaf0e3ae8a681412d9d1b3e6b5df0cc4
2022-04-26,regu20220426min.pdf,regu,Regular Council,,https://council.vancouver.ca/20220426/documents/regu20220426min.pdf,20251012213732,https://web.archive.org/web/20251012213732id_/https://council.vancouver.ca/20220426/documents/regu20220426min.pdf,application/pdf,231567,be2414a7dd652561f5d492b86ab6592bb27e8ebb3af122c42efb5dac5859e8de
2022-04-27,cfsc20220427min.pdf,cfsc,Standing Committee on City Finance and Services,,https://council.vancouver.ca/20220427/documents/cfsc20220427min.pdf,20251012213746,https://web.archive.org/web/20251012213746id_/https://council.vancouver.ca/20220427/documents/cfsc20220427min.pdf,application/pdf,308857,662190b4d2d00b32bd75df9329eeab8c8e9192c2f628c2d5a32ca5773326c226
2022-04-28,spec20220428min.pdf,spec,Special Council,,https://council.vancouver.ca/20220428/documents/spec20220428min.pdf,20251012213745,https://web.archive.org/web/20251012213745id_/https://council.vancouver.ca/20220428/documents/spec20220428min.pdf,application/pdf,48425,58bc1da60ff867011b0aab7987d7afaa060217472b1d6c6948b8966b6f853af0
2022-05-12,spec20220512min.pdf,spec,Special Council,,https://council.vancouver.ca/20220512/documents/spec20220512min.pdf,20251012213744,https://web.archive.org/web/20251012213744id_/https://council.vancouver.ca/20220512/documents/spec20220512min.pdf,application/pdf,133870,b94693b665de46462755288218efb645e8165c5edd3f06e1694098f4fae1fa52
2022-05-17,phea20220517min.pdf,phea,Public Hearing,,https://council.vancouver.ca/20220517/documents/phea20220517min.pdf,20240416233828,https://web.archive.org/web/20240416233828id_/https://council.vancouver.ca/20220517/documents/phea20220517min.pdf,application/pdf,80430,ced0b8fbf780006a8676ded0ac0ee81c52aa121ff2206a32649442ab1bffb942
2022-05-17,regu20220517min.pdf,regu,Regular Council,,https://council.vancouver.ca/20220517/documents/regu20220517min.pdf,20240803011141,https://web.archive.org/web/20240803011141id_/https://council.vancouver.ca/20220517/documents/regu20220517min.pdf,application/pdf,674339,d3152f2f98eb8373a3fb833fb18ca26e4e7d4d9ded399515debdb790aa3f0996
2022-05-18,pspc20220518min.pdf,pspc,,,https://council.vancouver.ca/20220518/documents/pspc20220518min.pdf,20250825070553,https://web.archive.org/web/20250825070553id_/https://council.vancouver.ca/20220518/documents/pspc20220518min.pdf,application/pdf,179992,7777f905412acf03eb2d96de31431982e7bdb063ebfe1d4865d8a3d03cebaa12
2022-05-19,phea20220519minutes.pdf,phea,Public Hearing,,https://council.vancouver.ca/20220519/documents/phea20220519minutes.pdf,20251012040342,https://web.archive.org/web/20251012040342id_/https://council.vancouver.ca/20220519/documents/phea20220519minutes.pdf,application/pdf,107653,ebc53e7bd2c63fa56716e07843ebb8ae42d77eee63ec4f94663483d4c0107608
2022-05-24,phea20220524min.pdf,phea,Public Hearing,,https://council.vancouver.ca/20220524/documents/phea20220524min.pdf,20251012100741,https://web.archive.org/web/20251012100741id_/https://council.vancouver.ca/20220524/documents/phea20220524min.pdf,application/pdf,112996,03eb2374ca323d64ff19c69ecd36a676bab269a001dfa9cd3eac9d3fdcd5afb4
2022-05-25,blhe20220525min.pdf,blhe,,,https://council.vancouver.ca/20220525/documents/blhe20220525min.pdf,20240803000303,https://web.archive.org/web/20240803000303id_/https://council.vancouver.ca/20220525/documents/blhe20220525min.pdf,application/pdf,40780,541e6c528a19455b7c9510795422a2684547c268c9dcbafb6d0edcb311a5ffc6
2022-06-07,regu20220607min.pdf,regu,Regular Council,,https://council.vancouver.ca/20220607/documents/regu20220607min.pdf,20240816002536,https://web.archive.org/web/20240816002536id_/https://council.vancouver.ca/20220607/documents/regu20220607min.pdf,application/pdf,179551,acc02e3e874a00c79d318dae9131ee12ac25751dbcec17840e5ae9d1eb92ab7b
2022-06-14,phea20220614min.pdf,phea,Public Hearing,,https://council.vancouver.ca/20220614/documents/phea20220614min.pdf,20250822174728,https://web.archive.org/web/20250822174728id_/https://council.vancouver.ca/20220614/documents/phea20220614min.pdf,application/pdf,212786,7c98ad40249ebcb02acd4c0e3ba89a737dbeaeae5ae829f6b6f54e6a5033f687
2022-06-15,blhe20220615min.pdf,blhe,,,https://council.vancouver.ca/20220615/documents/blhe20220615min.pdf,20240207030222,https://web.archive.org/web/20240207030222id_/https://council.vancouver.ca/20220615/documents/blhe20220615min.pdf,application/pdf,43530,7ec7cadca193ff7a1d05ab5a39b6a3edb930b68df1c7ae6214c784e0db792a4e
2022-06-21,phea20220621min.pdf,phea,Public Hearing,,https://council.vancouver.ca/20220621/documents/phea20220621min.pdf,20250622235402,https://web.archive.org/web/20250622235402id_/https://council.vancouver.ca/20220621/documents/phea20220621min.pdf,application/pdf,92658,6f9e2df86077a3cce8bba9c7372c97fc710dc9344a5511226faf9473c1d89c05
2022-06-21,regu20220621min.pdf,regu,Regular Council,,https://council.vancouver.ca/20220621/documents/regu20220621min.pdf,20240816010238,https://web.archive.org/web/20240816010238id_/https://council.vancouver.ca/20220621/documents/regu20220621min.pdf,application/pdf,381371,4a4b0521691b94b313c45dea1d14707d5945bc7817bcbc5b70d30b78d48fa669
2022-06-22,pspc20220622min.pdf,pspc,,,https://council.vancouver.ca/20220622/documents/pspc20220622min.pdf,20251013115413,https://web.archive.org/web/20251013115413id_/https://council.vancouver.ca/20220622/documents/pspc20220622min.pdf,application/pdf,373540,36f94e3ce2efebfe3e3d95c00590cd66130fc4427d9db00f566fb0dcec288303
2022-06-23,phea20220623min.pdf,phea,Public Hearing,,https://council.vancouver.ca/20220623/documents/phea20220623min.pdf,20251110012951,https://web.archive.org/web/20251110012951id_/https://council.vancouver.ca/20220623/documents/phea20220623min.pdf,application/pdf,200199,d177df4068c28388c752d3567f791397354e04b941da0750db38d6cb8cc2573b
2022-06-28,phea20220628min.pdf,phea,Public Hearing,,https://council.vancouver.ca/20220628/documents/phea20220628min.pdf,20250219140007,https://web.archive.org/web/20250219140007id_/https://council.vancouver.ca/20220628/documents/phea20220628min.pdf,application/pdf,262368,70bc8ae337245c93f2a91f98cb509ac1a9670e3e8952a92d6b74f5c1f41c0f83
2022-06-29,spec20220629min.pdf,spec,Special Council,,https://council.vancouver.ca/20220629/documents/spec20220629min.pdf,20240217175639,https://web.archive.org/web/20240217175639id_/https://council.vancouver.ca/20220629/documents/spec20220629min.pdf,application/pdf,135019,fed3fce1d03071f3ac7b6a19e97c4bfae4bffc53103b5b248ed65adfa2658499
2022-07-05,phea20220705min.pdf,phea,Public Hearing,,https://council.vancouver.ca/20220705/documents/phea20220705min.pdf,20250820043658,https://web.archive.org/web/20250820043658id_/https://council.vancouver.ca/20220705/documents/phea20220705min.pdf,application/pdf,259797,ac7d7cc2386379bc9ff4a818bc2839ae16c499655e87d48188dfe030cac1ec09
2022-07-05,regu20220705min.pdf,regu,Regular Council,,https://council.vancouver.ca/20220705/documents/regu20220705min.pdf,20240217175641,https://web.archive.org/web/20240217175641id_/https://council.vancouver.ca/20220705/documents/regu20220705min.pdf,application/pdf,147058,cbb4b8f05aaa945278142f0f9e9f2856bb79ca5495f5b859790c15a594de98a8
2022-07-06,cfsc20220706mins.pdf,cfsc,Standing Committee on City Finance and Services,,https://council.vancouver.ca/20220706/documents/cfsc20220706mins.pdf,20251012050041,https://web.archive.org/web/20251012050041id_/https://council.vancouver.ca/20220706/documents/cfsc20220706mins.pdf,application/pdf,251261,6ba31bf73e58a76a5060d3cf2edfb03c0305c67aa345473da10dcd0e616d295e
2022-07-07,phea20220707min.pdf,phea,Public Hearing,,https://council.vancouver.ca/20220707/documents/phea20220707min.pdf,20250831231000,https://web.archive.org/web/20250831231000id_/https://council.vancouver.ca/20220707/documents/phea20220707min.pdf,application/pdf,303924,3d2ce4d430b6f2634833ef293c6d1ec49c4388decdb1e6890c5b0963ca396ecb
2022-07-12,phea20220712min.pdf,phea,Public Hearing,,https://council.vancouver.ca/20220712/documents/phea20220712min.pdf,20251214210037,https://web.archive.org/web/20251214210037id_/https://council.vancouver.ca/20220712/documents/phea20220712min.pdf,application/pdf,50244,d83b5e2d342b9fc56cf6755ce74347d039d282c5ecd8e86b7be6b31541b87f83
2022-07-12,spec20220712min.pdf,spec,Special Council,,https://council.vancouver.ca/20220712/documents/spec20220712min.pdf,20240217175646,https://web.archive.org/web/20240217175646id_/https://council.vancouver.ca/20220712/documents/spec20220712min.pdf,application/pdf,293303,b26d4d293f112e688103c8f419ccd94a82f14eecfce7d84a607fbd489c191175
2022-07-15,agc20220715min.pdf,agc,,,https://council.vancouver.ca/20220715/documents/agc20220715min.pdf,20240217175651,https://web.archive.org/web/20240217175651id_/https://council.vancouver.ca/20220715/documents/agc20220715min.pdf,application/pdf,18925,b9ff0f17b23fd1881b60a91b6c1eddb022138e5b8740b22c7f611420febd6893
2022-07-19,regu20220719min.pdf,regu,Regular Council,,https://council.vancouver.ca/20220719/documents/regu20220719min.pdf,20250831230957,https://web.archive.org/web/20250831230957id_/https://council.vancouver.ca/20220719/documents/regu20220719min.pdf,application/pdf,399784,ac1236ebe2150ca963c89d079b422e189c1cb5b9629f87e07a3a59471d6662e1
2022-07-20,pspc20220720min.pdf,pspc,,,https://council.vancouver.ca/20220720/documents/pspc20220720min.pdf,20240217175653,https://web.archive.org/web/20240217175653id_/https://council.vancouver.ca/20220720/documents/pspc20220720min.pdf,application/pdf,259717,f5616f1eb53d5d21cc756c60180cc9d578dc5774db7fec12ce1a93647e74e709
2022-07-27,spec20220727min.pdf,spec,Special Council,,https://council.vancouver.ca/20220727/documents/spec20220727min.pdf,20240217175655,https://web.archive.org/web/20240217175655id_/https://council.vancouver.ca/20220727/documents/spec20220727min.pdf,application/pdf,126563,2b085079dc27ddd761bdf25991cfe311d4cfa9c9681ec6f16c6f2b027df40db3
2022-07-28,phea20220728min.pdf,phea,Public Hearing,,https://council.vancouver.ca/20220728/documents/phea20220728min.pdf,20240217175657,https://web.archive.org/web/20240217175657id_/https://council.vancouver.ca/20220728/documents/phea20220728min.pdf,application/pdf,251014,7bc404ee978b6aef08065ee8edf0c5193e904e923a5108c88cbfdcd3a3415dbb
2022-09-15,spec20220915min.pdf,spec,Special Council,,https://council.vancouver.ca/20220915/documents/spec20220915min.pdf,20240217175702,https://web.archive.org/web/20240217175702id_/https://council.vancouver.ca/20220915/documents/spec20220915min.pdf,application/pdf,25119,25db77205d6c3833c35b03505f923fdecbde190e6fea401550b6e4b2239787bf
2022-09-27,spec20220927min.pdf,spec,Special Council,,https://council.vancouver.ca/20220927/documents/spec20220927min.pdf,20240217175705,https://web.archive.org/web/20240217175705id_/https://council.vancouver.ca/20220927/documents/spec20220927min.pdf,application/pdf,42165,f155879ec827f140df7d445d470af045e18efe7ebb5b29c9475e6034fe2923c8
2022-10-25,regu20221025min.pdf,regu,Regular Council,,https://council.vancouver.ca/20221025/documents/regu20221025min.pdf,20251015101933,https://web.archive.org/web/20251015101933id_/https://council.vancouver.ca/20221025/documents/regu20221025min.pdf,application/pdf,126093,929dfa801501976b35b5882c6c10e86183fff1c15d789cca989ac9e6384a9b7c
2022-11-07,inau20221107min.pdf,inau,Inaugural Council,,https://council.vancouver.ca/20221107/documents/inau20221107min.pdf,20240118022355,https://web.archive.org/web/20240118022355id_/https://council.vancouver.ca/20221107/documents/inau20221107min.pdf,application/pdf,39022,38e2746db607c0a241c9eb50a613352a23ed58d39a24da9d53cecbaf5150f018
2022-11-08,spec20221108min.pdf,spec,Special Council,,https://council.vancouver.ca/20221108/documents/spec20221108min.pdf,20240702100041,https://web.archive.org/web/20240702100041id_/https://council.vancouver.ca/20221108/documents/spec20221108min.pdf,application/pdf,136560,91b1b56fbb72bf8dff55e49bbea7a81ba6b260e6d61c4a4384fcfe2c51e55213
2022-11-15,regu20221115min.pdf,regu,Regular Council,,https://council.vancouver.ca/20221115/documents/regu20221115min.pdf,20251027234315,https://web.archive.org/web/20251027234315id_/https://council.vancouver.ca/20221115/documents/regu20221115min.pdf,application/pdf,142276,5092bcc198e03dcbbda5d070ff6ce46935cfc904771d9ab48c8f7aeeb469f1c1
2022-11-16,pspc20221116mins.pdf,pspc,,,https://council.vancouver.ca/20221116/documents/pspc20221116mins.pdf,20250827144535,https://web.archive.org/web/20250827144535id_/https://council.vancouver.ca/20221116/documents/pspc20221116mins.pdf,application/pdf,248471,5dc804c116b4dcefbf552c2b1a683e8cb751c303a018f55097a2baf1c5973b4b
2022-11-16,spec20221116mins.pdf,spec,Special Council,,https://council.vancouver.ca/20221116/documents/spec20221116mins.pdf,20240630172456,https://web.archive.org/web/20240630172456id_/https://council.vancouver.ca/20221116/documents/spec20221116mins.pdf,application/pdf,30227,1ed74afb3b71f1b379b6fcf895382063521b3447a1ebef4bc35c9c41d9d8188e
2022-11-22,blhe20221122min.pdf,blhe,,,https://council.vancouver.ca/20221122/documents/blhe20221122min.pdf,20240630072642,https://web.archive.org/web/20240630072642id_/https://council.vancouver.ca/20221122/documents/blhe20221122min.pdf,application/pdf,45640,61adc2c44d8ad508e4e83598f8f6de837965638db162781695eac354dbcb8e18
2022-11-23,blhe20221123min.pdf,blhe,,,https://council.vancouver.ca/20221123/documents/blhe20221123min.pdf,20240630095236,https://web.archive.org/web/20240630095236id_/https://council.vancouver.ca/20221123/documents/blhe20221123min.pdf,application/pdf,46151,8b5ab2ce7e3b7e0c1e96ed62722b24db4e2292b8462edbe997160629255d6cb3
2022-11-28,nom20221128min.pdf,nom,,,https://council.vancouver.ca/20221128/documents/nom20221128min.pdf,20250820051822,https://web.archive.org/web/20250820051822id_/https://council.vancouver.ca/20221128/documents/nom20221128min.pdf,application/pdf,139330,fee3e3c803d50cd79b5dc16e1897e1d999594600f98794cdc6f42d1dc6e7d697
2022-11-29,spec20221129min.pdf,spec,Special Council,,https://council.vancouver.ca/20221129/documents/spec20221129min.pdf,20240630064020,https://web.archive.org/web/20240630064020id_/https://council.vancouver.ca/20221129/documents/spec20221129min.pdf,application/pdf,21629,ff14d93bdc73592a64b33012678071a7195170f44f9233ce30bd84d357caca33
2022-12-06,regu20221206min.pdf,regu,Regular Council,,https://council.vancouver.ca/20221206/documents/regu20221206min.pdf,20240118022352,https://web.archive.org/web/20240118022352id_/https://council.vancouver.ca/20221206/documents/regu20221206min.pdf,application/pdf,428861,c37d40eb57e9abd19adeacf171802b468f33120eb19f538b24d0e33aac1e49bb
2022-12-07,pspc20221207min.pdf,pspc,,,https://council.vancouver.ca/20221207/documents/pspc20221207min.pdf,20250822173111,https://web.archive.org/web/20250822173111id_/https://council.vancouver.ca/20221207/documents/pspc20221207min.pdf,application/pdf,367236,0323597aa3c205d992b9ac6280828a8f87b646d8013c639932d3a784d69b7734
2022-12-08,phea20221208min.pdf,phea,Public Hearing,,https://council.vancouver.ca/20221208/documents/phea20221208min.pdf,20240520011023,https://web.archive.org/web/20240520011023id_/https://council.vancouver.ca/20221208/documents/phea20221208min.pdf,application/pdf,30153,0cdeb39b64c44353fad2a80392641cbf704e2ba1435405a1b0194a77e008b7fe
2022-12-16,agc20221216min.pdf,agc,,,https://council.vancouver.ca/20221216/documents/agc20221216min.pdf,20221221234540,https://web.archive.org/web/20221221234540id_/https://council.vancouver.ca/20221216/documents/agc20221216min.pdf,application/pdf,243779,81cc18b54a1fa1814e5b46a589119a5bbaa39afb3ac9e3bfb0c76a16d97a8aba
2023-01-17,phea20230117min.pdf,phea,Public Hearing,,https://council.vancouver.ca/20230117/documents/phea20230117min.pdf,20240919232641,https://web.archive.org/web/20240919232641id_/https://council.vancouver.ca/20230117/documents/phea20230117min.pdf,application/pdf,177841,1767236e4617aaf5aab1ecf3522d7bc1b731d5a31aacdfc527b369adc7c4e142
2023-01-17,regu20220117min.pdf,regu,Regular Council,,https://council.vancouver.ca/20230117/documents/regu20220117min.pdf,20230411212337,https://web.archive.org/web/20230411212337id_/https://council.vancouver.ca/20230117/documents/regu20220117min.pdf,application/pdf,231883,5b1282f00f179b3074ecbf58d4f150c74052978f516f3267d2bb8ec944bac141
2023-01-18,pspc20230118min.pdf,pspc,,,https://council.vancouver.ca/20230118/documents/pspc20230118min.pdf,20240522152745,https://web.archive.org/web/20240522152745id_/https://council.vancouver.ca/20230118/documents/pspc20230118min.pdf,application/pdf,279108,f46d925850b32962e53b473fddcb1db55be777377377b971d91bf750a650b097
2023-01-31,regu20230131min.pdf,regu,Regular Council,,https://council.vancouver.ca/20230131/documents/regu20230131min.pdf,20251012015217,https://web.archive.org/web/20251012015217id_/https://council.vancouver.ca/20230131/documents/regu20230131min.pdf,application/pdf,403728,8bb15866934b6ad10b056a832cb0d35d515eed9799ec4b85e0cd9c447bb3a186
2023-02-01,cfsc20230201min.pdf,cfsc,Standing Committee on City Finance and Services,,https://council.vancouver.ca/20230201/documents/cfsc20230201min.pdf,20230606021758,https://web.archive.org/web/20230606021758id_/https://council.vancouver.ca/20230201/documents/cfsc20230201min.pdf,application/pdf,172030,0ee31429a772a5299acbbb59f6749d69fc858544a1ab246673904a9617587a65
2023-02-02,agc20230202mins.pdf,agc,,,https://council.vancouver.ca/20230202/documents/agc20230202mins.pdf,20230607100900,https://web.archive.org/web/20230607100900id_/https://council.vancouver.ca/20230202/documents/agc20230202mins.pdf,application/pdf,33103,3f323e2e539cf434bac51a4ecb095d7f95d72004f99c842dc7a021edbcf449af
2023-02-02,crev20230202min.pdf,crev,Court of Revision,,https://council.vancouver.ca/20230202/documents/crev20230202min.pdf,20230607083956,https://web.archive.org/web/20230607083956id_/https://council.vancouver.ca/20230202/documents/crev20230202min.pdf,application/pdf,133091,2b311014bc3ffd65f54bf45ac786b400a3a0f5929b0800df5128d8e2a19fd512
2023-02-06,nom20230206min.pdf,nom,,,https://council.vancouver.ca/20230206/documents/nom20230206min.pdf,20250820051825,https://web.archive.org/web/20250820051825id_/https://council.vancouver.ca/20230206/documents/nom20230206min.pdf,application/pdf,139595,66637806adaeb6ebdf22fad3c36dee9daedd7d75a8a8a385a6319a35c0f81983
2023-02-14,phea20230214min.pdf,phea,Public Hearing,,https://council.vancouver.ca/20230214/documents/phea20230214min.pdf,20250831225930,https://web.archive.org/web/20250831225930id_/https://council.vancouver.ca/20230214/documents/phea20230214min.pdf,application/pdf,224026,a81f1bea40e25c862bd1a1662e6346503a88c2bb24b6177db0ad155efc040ec0
2023-02-15,pspc20230215min.pdf,pspc,,,https://council.vancouver.ca/20230215/documents/pspc20230215min.pdf,20240202234846,https://web.archive.org/web/20240202234846id_/https://council.vancouver.ca/20230215/documents/pspc20230215min.pdf,application/pdf,271711,2403bec4810e9a7b94c07e1fcabdbb615b763a754731a19b5d370213db1e0141
2023-02-16,phea20230216min.pdf,phea,Public Hearing,,https://council.vancouver.ca/20230216/documents/phea20230216min.pdf,20240202234848,https://web.archive.org/web/20240202234848id_/https://council.vancouver.ca/20230216/documents/phea20230216min.pdf,application/pdf,197693,d197f78fb3a804c1e64ee0d65c0d70a6e0d8f700fdafa122b66045915d193986
2023-02-28,spec20230228min.pdf,spec,Special Council,,https://council.vancouver.ca/20230228/documents/spec20230228min.pdf,20241013045221,https://web.archive.org/web/20241013045221id_/https://council.vancouver.ca/20230228/documents/spec20230228min.pdf,application/pdf,190858,bcefaa8ef950b8671455859525039d75fa59f2346d6d3995139ca11e21073a51
2023-03-01,blhe20230301min.pdf,blhe,,,https://council.vancouver.ca/20230301/documents/blhe20230301min.pdf,20250820051839,https://web.archive.org/web/20250820051839id_/https://council.vancouver.ca/20230301/documents/blhe20230301min.pdf,application/pdf,43599,4faac40d01f92acfb0d495bc23231bfbb7894619b6b0862208544b77a4bf7170
2023-03-02,agc20230302mins.pdf,agc,,,https://council.vancouver.ca/20230302/documents/agc20230302mins.pdf,20250820051841,https://web.archive.org/web/20250820051841id_/https://council.vancouver.ca/20230302/documents/agc20230302mins.pdf,application/pdf,141997,d27ee6f89819ca37f06da7e8d6930f61df007a165d0048f7e039accc043fa5c9
2023-03-06,spec20230306min.pdf,spec,Special Council,,https://council.vancouver.ca/20230306/documents/spec20230306min.pdf,20250820051843,https://web.archive.org/web/20250820051843id_/https://council.vancouver.ca/20230306/documents/spec20230306min.pdf,application/pdf,132445,6946abe9a8b7745cb6d53d72db7eb2bcc68bad3bc23d3737c0013b90abbb0827
2023-03-07,regu20230307min.pdf,regu,Regular Council,,https://council.vancouver.ca/20230307/documents/regu20230307min.pdf,20240705132532,https://web.archive.org/web/20240705132532id_/https://council.vancouver.ca/20230307/documents/regu20230307min.pdf,application/pdf,303755,0ce56fb1df0de8ae3b68b29d8d2ae062636eafd3399061c8e794d6e86982bdb1
2023-03-08,cfsc20230308min.pdf,cfsc,Standing Committee on City Finance and Services,,https://council.vancouver.ca/20230308/documents/cfsc20230308min.pdf,20230329043538,https://web.archive.org/web/20230329043538id_/https://council.vancouver.ca/20230308/documents/cfsc20230308min.pdf,application/pdf,235459,8acf201ceaeaa965cad4c0aedbfb6c1d4fb6fba0beb6c1c2689e4c59888aa746
2023-03-09,phea20230309mins.pdf,phea,Public Hearing,,https://council.vancouver.ca/20230309/documents/phea20230309mins.pdf,20240310125025,https://web.archive.org/web/20240310125025id_/https://council.vancouver.ca/20230309/documents/phea20230309mins.pdf,application/pdf,198697,9b9df4d0a721e571346fe0e4e22df8014787c512bda7decfddd972233202c65c
2023-03-10,nom20230310min.pdf,nom,,,https://council.vancouver.ca/20230310/documents/nom20230310min.pdf,20250820051845,https://web.archive.org/web/20250820051845id_/https://council.vancouver.ca/20230310/documents/nom20230310min.pdf,application/pdf,148918,f52d9e5b4009890fad1eae8347fa98c768ad1f64a27cc02f654f10d7e01aaaf1
2023-03-28,regu20230328mins.pdf,regu,Regular Council,,https://council.vancouver.ca/20230328/documents/regu20230328mins.pdf,20250820051848,https://web.archive.org/web/20250820051848id_/https://council.vancouver.ca/20230328/documents/regu20230328mins.pdf,application/pdf,332902,fdd339e33376971c90438e43d132f31a08aa1eac41baf8e67487c854520a8864
2023-03-29,pspc20230329min.pdf,pspc,,,https://council.vancouver.ca/20230329/documents/pspc20230329min.pdf,20250820051852,https://web.archive.org/web/20250820051852id_/https://council.vancouver.ca/20230329/documents/pspc20230329min.pdf,application/pdf,263541,14b3a90993757098896d8a774ec4c929514f2a62011ec9006e9150455ff0775d
2023-03-31,nom20230331min.pdf,nom,,,https://council.vancouver.ca/20230331/documents/nom20230331min.pdf,20250820051855,https://web.archive.org/web/20250820051855id_/https://council.vancouver.ca/20230331/documents/nom20230331min.pdf,application/pdf,140804,7f9cb7bfe5c14104716a8e4db995378a594d3779fedc92c277402a9b2549161d
2023-04-11,regu20230411min.pdf,regu,Regular Council,,https://council.vancouver.ca/20230411/documents/regu20230411min.pdf,20250820051819,https://web.archive.org/web/20250820051819id_/https://council.vancouver.ca/20230411/documents/regu20230411min.pdf,application/pdf,322017,3e422e902fb8d22dbee9237847afe27d2e1a4019246d522743817e97903c3f97
2023-04-12,cfsc20230412min.pdf,cfsc,Standing Committee on City Finance and Services,,https://council.vancouver.ca/20230412/documents/cfsc20230412min.pdf,20240217172958,https://web.archive.org/web/20240217172958id_/https://council.vancouver.ca/20230412/documents/cfsc20230412min.pdf,application/pdf,163329,3e0242e3b51aaea1bb909c844474c73bfc332f61b1e9aede1e85bb008e536112
2023-04-13,phea20230413mins.pdf,phea,Public Hearing,,https://council.vancouver.ca/20230413/documents/phea20230413mins.pdf,20251012040114,https://web.archive.org/web/20251012040114id_/https://council.vancouver.ca/20230413/documents/phea20230413mins.pdf,application/pdf,162930,ab52dad6dadf3e337247d233fbadc0d187945c53a81685b4a7ef8784556f7967
2023-04-25,phea20230425min.pdf,phea,Public Hearing,,https://council.vancouver.ca/20230425/documents/phea20230425min.pdf,20240220193116,https://web.archive.org/web/20240220193116id_/https://council.vancouver.ca/20230425/documents/phea20230425min.pdf,application/pdf,210422,387d8b4b417d5e1f459aad9069e68f65b882447a3f4e105edc9bd1289103e96d
2023-04-26,pspc20230426min.pdf,pspc,,,https://council.vancouver.ca/20230426/documents/pspc20230426min.pdf,20230509202122,https://web.archive.org/web/20230509202122id_/https://council.vancouver.ca/20230426/documents/pspc20230426min.pdf,application/pdf,126018,a5d6fdaff14ec1f4fdfa94623178a6bef2344308eba9357f1168a3cc87e4d3ca
2023-04-27,phea20230427min.pdf,phea,Public Hearing,,https://council.vancouver.ca/20230427/documents/phea20230427min.pdf,20231210052803,https://web.archive.org/web/20231210052803id_/https://council.vancouver.ca/20230427/documents/phea20230427min.pdf,application/pdf,218459,fbb056f802f0670baa40fdb160cb157c100a53c026171ad86602577af5fcf915
2023-05-01,nom20230501min.pdf,nom,,,https://council.vancouver.ca/20230501/documents/nom20230501min.pdf,20250315140702,https://web.archive.org/web/20250315140702id_/https://council.vancouver.ca/20230501/documents/nom20230501min.pdf,application/pdf,134513,9c98c9ffe53fcb0f08ef9fa442557e4e8ca1bc0f5cc9700311d5bdbda81f4e1d
2023-05-09,phea20230509min.pdf,phea,Public Hearing,,https://council.vancouver.ca/20230509/documents/phea20230509min.pdf,20250820052010,https://web.archive.org/web/20250820052010id_/https://council.vancouver.ca/20230509/documents/phea20230509min.pdf,application/pdf,237775,7978b6ef30d9aa821857a95267e0b14999ba80c9706c9f89fe7e4785032a6c0f
2023-05-09,regu20230509min.pdf,regu,Regular Council,,https://council.vancouver.ca/20230509/documents/regu20230509min.pdf,20250315150110,https://web.archive.org/web/20250315150110id_/https://council.vancouver.ca/20230509/documents/regu20230509min.pdf,application/pdf,194325,382a130a4ccc3dd3a49d546a39af85c33caac1b7a629fc129bc53da2213e8220
2023-05-09,spec20230509min.pdf,spec,Special Council,,https://council.vancouver.ca/20230509/documents/spec20230509min.pdf,20250315142358,https://web.archive.org/web/20250315142358id_/https://council.vancouver.ca/20230509/documents/spec20230509min.pdf,application/pdf,178485,f646b8a12f6d33e5d46f43be467800a8167d9b110193d8870dd65ba74e4aa93d
2023-05-10,cfsc20230510min.pdf,cfsc,Standing Committee on City Finance and Services,,https://council.vancouver.ca/20230510/documents/cfsc20230510min.pdf,20251012041655,https://web.archive.org/web/20251012041655id_/https://council.vancouver.ca/20230510/documents/cfsc20230510min.pdf,application/pdf,216778,7d43fc00c57a70dae703dbd291710a8abdade8e5a839ae0ec5b3084947e17a21
2023-05-10,cfsc20230510min.pdf,cfsc,Standing Committee on City Finance and Services,,https://council.vancouver.ca/20230510/documents/cfsc20230510min.pdf?utm_source=CMO%2FCEC+-+News&utm_campaign=CEC%2FENG+-+2026-04-22+-+NR+-+Council+approves+people-first+vision+for+Gastown&utm_medium=email,20260422222036,https://web.archive.org/web/20260422222036id_/https://council.vancouver.ca/20230510/documents/cfsc20230510min.pdf?utm_source=CMO%2FCEC+-+News&utm_campaign=CEC%2FENG+-+2026-04-22+-+NR+-+Council+approves+people-first+vision+for+Gastown&utm_medium=email,application/pdf,216778,7d43fc00c57a70dae703dbd291710a8abdade8e5a839ae0ec5b3084947e17a21
2023-05-15,agc20230515mins.pdf,agc,,,https://council.vancouver.ca/20230515/documents/agc20230515mins.pdf,20250315130329,https://web.archive.org/web/20250315130329id_/https://council.vancouver.ca/20230515/documents/agc20230515mins.pdf,application/pdf,144613,b93d43c840959ee377cfb8019152ef707821e1418b100a14530f757df770d6d8
2023-05-30,regu20230530mins.pdf,regu,Regular Council,,https://council.vancouver.ca/20230530/documents/regu20230530mins.pdf,20250315141909,https://web.archive.org/web/20250315141909id_/https://council.vancouver.ca/20230530/documents/regu20230530mins.pdf,application/pdf,344041,ee312321081dd2b8c952da2fbb7a36e643fe318ef82b7dd6a1e24752bda4dd96
2023-05-31,pspc20230531min.pdf,pspc,,,https://council.vancouver.ca/20230531/documents/pspc20230531min.pdf,20250801193534,https://web.archive.org/web/20250801193534id_/https://council.vancouver.ca/20230531/documents/pspc20230531min.pdf,application/pdf,216250,ad009246e8fdc89b017aabf6bdec46fcf23f377144fa33d0f4675d5280088779
2023-06-01,agc20230601mins.pdf,agc,,,https://council.vancouver.ca/20230601/documents/agc20230601mins.pdf,20230607214054,https://web.archive.org/web/20230607214054id_/https://council.vancouver.ca/20230601/documents/agc20230601mins.pdf,application/pdf,141182,e1143704a5f4724aa45729ce53a3025ef0d08d6c9297056c5233131ba7d29a1b
2023-06-13,regu20230613min.pdf,regu,Regular Council,,https://council.vancouver.ca/20230613/documents/regu20230613min.pdf,20251012063108,https://web.archive.org/web/20251012063108id_/https://council.vancouver.ca/20230613/documents/regu20230613min.pdf,application/pdf,328030,a7186a6fb466085a3d927af2d35a4075faa72be2dbc8c549ae4791aad9c1563f
2023-06-13,spec20230613min.pdf,spec,Special Council,,https://council.vancouver.ca/20230613/documents/spec20230613min.pdf,20230627162657,https://web.archive.org/web/20230627162657id_/https://council.vancouver.ca/20230613/documents/spec20230613min.pdf,application/pdf,132270,c2cf7854a882f3f6c637fd6e81cd50dfc3e945f1e48935df2d7418ff27692738
2023-06-14,cfsc20230614min.pdf,cfsc,Standing Committee on City Finance and Services,,https://council.vancouver.ca/20230614/documents/cfsc20230614min.pdf,20250801193532,https://web.archive.org/web/20250801193532id_/https://council.vancouver.ca/20230614/documents/cfsc20230614min.pdf,application/pdf,102293,01e9ecdd334cd0636e6188ed97688fe3da336d2dc5014bf2dfd7234de4f619c4
2023-06-15,phea20230615mins.pdf,phea,Public Hearing,,https://council.vancouver.ca/20230615/documents/phea20230615mins.pdf,20250829165901,https://web.archive.org/web/20250829165901id_/https://council.vancouver.ca/20230615/documents/phea20230615mins.pdf,application/pdf,193161,8803b579b00501f8088138d0206d67679f8673618b626c373758234a8d1a62bf
2023-06-27,regu20230627min.pdf,regu,Regular Council,,https://council.vancouver.ca/20230627/documents/regu20230627min.pdf,20250903031514,https://web.archive.org/web/20250903031514id_/https://council.vancouver.ca/20230627/documents/regu20230627min.pdf,application/pdf,221684,6cf714acd271f9290c6fa8921672e78081462c21114f1a26ac2166683042f9f3
2023-06-28,pspc20230628mins.pdf,pspc,,,https://council.vancouver.ca/20230628/documents/pspc20230628mins.pdf,20251012040354,https://web.archive.org/web/20251012040354id_/https://council.vancouver.ca/20230628/documents/pspc20230628mins.pdf,application/pdf,483827,26d8692f0cc6a97d752dc06ed1c06d7ecb3ef473c9b95f5f189208f6379d0b88
2023-06-29,phea20230629min.pdf,phea,Public Hearing,,https://council.vancouver.ca/20230629/documents/phea20230629min.pdf,20240517195013,https://web.archive.org/web/20240517195013id_/https://council.vancouver.ca/20230629/documents/phea20230629min.pdf,application/pdf,252115,ecb5d874bd83836939875b5709f7250bcc633abce97ce9aba6ce18a1751be67f
2023-07-04,nom20230704min.pdf,nom,,,https://council.vancouver.ca/20230704/documents/nom20230704min.pdf,20250820050656,https://web.archive.org/web/20250820050656id_/https://council.vancouver.ca/20230704/documents/nom20230704min.pdf,application/pdf,135362,b55ad1069905d741c9bf2d7bbbe846fb47fc61c99d0b767b2929a80fc2925a0e
2023-07-11,phea20230711min.pdf,phea,Public Hearing,,https://council.vancouver.ca/20230711/documents/phea20230711min.pdf,20250820050705,https://web.archive.org/web/20250820050705id_/https://council.vancouver.ca/20230711/documents/phea20230711min.pdf,application/pdf,103641,00906e57daa87b2ce7964f58ca5c1f24ceea59c8b87ce65f798df44e17cf3453
2023-07-11,regu20230711min.pdf,regu,Regular Council,,https://council.vancouver.ca/20230711/documents/regu20230711min.pdf,20250820050700,https://web.archive.org/web/20250820050700id_/https://council.vancouver.ca/20230711/documents/regu20230711min.pdf,application/pdf,329422,51313dc8547cd3f2faefb9daea5cc20233850b7cb0a3e06dec3e3d2ec28109e8
2023-07-12,cfsc20230712min.pdf,cfsc,Standing Committee on City Finance and Services,,https://council.vancouver.ca/20230712/documents/cfsc20230712min.pdf,20250806230129,https://web.archive.org/web/20250806230129id_/https://council.vancouver.ca/20230712/documents/cfsc20230712min.pdf,application/pdf,258298,229e62fc5ca413e12d7adf2b8844ca55e25fea74c36280fdf9838a602bff9380
2023-07-13,phea20230713min.pdf,phea,Public Hearing,,https://council.vancouver.ca/20230713/documents/phea20230713min.pdf,20250820050707,https://web.archive.org/web/20250820050707id_/https://council.vancouver.ca/20230713/documents/phea20230713min.pdf,application/pdf,248329,8f3c12aba50e30700c622f1560e383c8a2b42c045304ab1d7f3d5995f3487024
2023-07-25,regu20230725mins.pdf,regu,Regular Council,,https://council.vancouver.ca/20230725/documents/regu20230725mins.pdf,20250811102745,https://web.archive.org/web/20250811102745id_/https://council.vancouver.ca/20230725/documents/regu20230725mins.pdf,application/pdf,387222,a52535aaeb1fa59d33938cbe2e4ce554651fe4b5102c271044075510c8ffd7df
2023-07-26,pspc20230726min.pdf,pspc,,,https://council.vancouver.ca/20230726/documents/pspc20230726min.pdf,20240617212404,https://web.archive.org/web/20240617212404id_/https://council.vancouver.ca/20230726/documents/pspc20230726min.pdf,application/pdf,273066,14694200220039d1bc0012954258072018bb0bee82661035c17dacfc97e081f3
2023-09-12,phea20230912min.pdf,phea,Public Hearing,,https://council.vancouver.ca/20230912/documents/phea20230912min.pdf,20240408225538,https://web.archive.org/web/20240408225538id_/https://council.vancouver.ca/20230912/documents/phea20230912min.pdf,application/pdf,192410,6561eefe03a983dc02e931c370301608edd314df34a1f50930f37a47acd439cd
2023-09-13,cfsc20230913min.pdf,cfsc,Standing Committee on City Finance and Services,,https://council.vancouver.ca/20230913/documents/cfsc20230913min.pdf,20250321020009,https://web.archive.org/web/20250321020009id_/https://council.vancouver.ca/20230913/documents/cfsc20230913min.pdf,application/pdf,264618,de79478e7e2b39223e192e1177ce065dbdfd90971d7f420ab968c0ee3b496ec8
2023-09-14,phea20230914min.pdf,phea,Public Hearing,,https://council.vancouver.ca/20230914/documents/phea20230914min.pdf,20250806230108,https://web.archive.org/web/20250806230108id_/https://council.vancouver.ca/20230914/documents/phea20230914min.pdf,application/pdf,106774,e6beb3d75d8e7b9b47a2d31973ce7902ebc681b9360da72018fa9614ba7fe2f6
2023-09-28,phea20230928mins.pdf,phea,Public Hearing,,https://council.vancouver.ca/20230928/documents/phea20230928mins.pdf,20250820050335,https://web.archive.org/web/20250820050335id_/https://council.vancouver.ca/20230928/documents/phea20230928mins.pdf,application/pdf,228115,a75be1dff1255ddd1323278f7c51661db26dedbb90fec973406712c65f37aefd
2023-10-03,regu20231003min.pdf,regu,Regular Council,,https://council.vancouver.ca/20231003/documents/regu20231003min.pdf,20250820050338,https://web.archive.org/web/20250820050338id_/https://council.vancouver.ca/20231003/documents/regu20231003min.pdf,application/pdf,244449,4db4c64dd4cd61e498374a418dbf0ae7077beb2537f88000dcd9e275a45a74af
2023-10-04,pspc20231004min.pdf,pspc,,,https://council.vancouver.ca/20231004/documents/pspc20231004min.pdf,20251012213348,https://web.archive.org/web/20251012213348id_/https://council.vancouver.ca/20231004/documents/pspc20231004min.pdf,application/pdf,298563,6214ca4f4a5cfd21ebc0ee4b9f5d0cf5473c1dbb8812f323e665e9fec496e1ee
2023-10-05,agc20231005mins.pdf,agc,,,https://council.vancouver.ca/20231005/documents/agc20231005mins.pdf,20250820050343,https://web.archive.org/web/20250820050343id_/https://council.vancouver.ca/20231005/documents/agc20231005mins.pdf,application/pdf,143052,795823c16ee241a5eb244c19d2d56afc1780b0583b51d74fc38c42333451df4b
2023-10-17,phea20231017min.pdf,phea,Public Hearing,,https://council.vancouver.ca/20231017/documents/phea20231017min.pdf,20250829171935,https://web.archive.org/web/20250829171935id_/https://council.vancouver.ca/20231017/documents/phea20231017min.pdf,application/pdf,318790,f9178e885501fc479130ba601ebcea2e8f8947b0bf86e33d8a0241ae222c460c
2023-10-17,regu20231017min.pdf,regu,Regular Council,,https://council.vancouver.ca/20231017/documents/regu20231017min.pdf,20260727041940,https://web.archive.org/web/20260727041940id_/https://council.vancouver.ca/20231017/documents/regu20231017min.pdf,application/pdf,459913,e06eeb24548ca963840586d136a2765906ce2e31f078a47d1f7865a67759c3d2
2023-10-18,cfsc20231018min.pdf,cfsc,Standing Committee on City Finance and Services,,https://council.vancouver.ca/20231018/documents/cfsc20231018min.pdf,20240504200947,https://web.archive.org/web/20240504200947id_/https://council.vancouver.ca/20231018/documents/cfsc20231018min.pdf,application/pdf,282684,1521a6611b33e17393a8c717b19f878aa638b1ac7a730ba644f7e0c723f2ab41
2023-10-19,phea20231019mins.pdf,phea,Public Hearing,,https://council.vancouver.ca/20231019/documents/phea20231019mins.pdf,20251012101933,https://web.archive.org/web/20251012101933id_/https://council.vancouver.ca/20231019/documents/phea20231019mins.pdf,application/pdf,168729,8b9afd5a046295e728963e795a5462eec0f1843ccbc479f1648839a78ba0c0ae
2023-10-31,regu20231031min.pdf,regu,Regular Council,,https://council.vancouver.ca/20231031/documents/regu20231031min.pdf,20240129151723,https://web.archive.org/web/20240129151723id_/https://council.vancouver.ca/20231031/documents/regu20231031min.pdf,application/pdf,182439,349decb8430814522660038da54e24d594109d63c5d4551fb39beee6fe1d5cc2
2023-11-01,pspc20231101min.pdf,pspc,,,https://council.vancouver.ca/20231101/documents/pspc20231101min.pdf,20250827144129,https://web.archive.org/web/20250827144129id_/https://council.vancouver.ca/20231101/documents/pspc20231101min.pdf,application/pdf,368264,7505b6810ffdc0cdec939501ed5edd16db237090aa3387c6bb8ad63bb5810419
2023-11-07,nom20231107mins.pdf,nom,,,https://council.vancouver.ca/20231107/documents/nom20231107mins.pdf,20240609053640,https://web.archive.org/web/20240609053640id_/https://council.vancouver.ca/20231107/documents/nom20231107mins.pdf,application/pdf,149560,abeaf3c872af8e5624e40c2805f416cec3b1dc6a6164b0740eb4167427b21b92
2023-11-14,phea20231114min.pdf,phea,Public Hearing,,https://council.vancouver.ca/20231114/documents/phea20231114min.pdf,20250829171352,https://web.archive.org/web/20250829171352id_/https://council.vancouver.ca/20231114/documents/phea20231114min.pdf,application/pdf,223608,9e68e9d96d0ec33badb5c43ff436da458f832c66846e7775c69ce99b997930bd
2023-11-14,regu20231114min.pdf,regu,Regular Council,,https://council.vancouver.ca/20231114/documents/regu20231114min.pdf,20240609044955,https://web.archive.org/web/20240609044955id_/https://council.vancouver.ca/20231114/documents/regu20231114min.pdf,application/pdf,321889,d5762c9efa9116b4db59f5dbf5365e22c273b6cd913a7c2506e3633c598cf305
2023-11-15,cfsc20231115min.pdf,cfsc,Standing Committee on City Finance and Services,,https://council.vancouver.ca/20231115/documents/cfsc20231115min.pdf,20250829171831,https://web.archive.org/web/20250829171831id_/https://council.vancouver.ca/20231115/documents/cfsc20231115min.pdf,application/pdf,294523,f176a2ec1e2208f6da708239ae25cfff913c90edafb4330c035007dbe3c8bd56
2023-11-16,phea20231116min.pdf,phea,Public Hearing,,https://council.vancouver.ca/20231116/documents/phea20231116min.pdf,20250829170518,https://web.archive.org/web/20250829170518id_/https://council.vancouver.ca/20231116/documents/phea20231116min.pdf,application/pdf,64842,a190e6433837027bb11b61a0127ce68bc897f2087e31a70ff43adf53a693e10c
2023-11-28,regu20231128min.pdf,regu,Regular Council,,https://council.vancouver.ca/20231128/documents/regu20231128min.pdf,20240609040843,https://web.archive.org/web/20240609040843id_/https://council.vancouver.ca/20231128/documents/regu20231128min.pdf,application/pdf,109520,b3373df0e38aa279ddf07143a2166a707bcc656da58bfa140b2f94ac8cf87004
2023-11-29,pspc20231129min.pdf,pspc,,,https://council.vancouver.ca/20231129/documents/pspc20231129min.pdf,20251012200243,https://web.archive.org/web/20251012200243id_/https://council.vancouver.ca/20231129/documents/pspc20231129min.pdf,application/pdf,264325,66776d95d72a41a4969921bcb3285198efc6ea454386841e6431d0e7beec7b69
2023-11-29,pspc20231129min.pdf,pspc,,,https://council.vancouver.ca/20231129/documents/pspc20231129min.pdf?utm_source=www.vancitylookout.com&utm_medium=newsletter&utm_campaign=the-city-wants-to-radically-change-housing-policy-in-the-downtown-eastside-advocates-and-residents-are-concerned,20250526125152,https://web.archive.org/web/20250526125152id_/https://council.vancouver.ca/20231129/documents/pspc20231129min.pdf?utm_source=www.vancitylookout.com&utm_medium=newsletter&utm_campaign=the-city-wants-to-radically-change-housing-policy-in-the-downtown-eastside-advocates-and-residents-are-concerned,application/pdf,264325,66776d95d72a41a4969921bcb3285198efc6ea454386841e6431d0e7beec7b69
2023-11-29,pspc20231129min.pdf,pspc,,,https://council.vancouver.ca/20231129/documents/pspc20231129min.pdf?utm_source=www.vancitylookout.com&utm_medium=referral&utm_campaign=the-city-wants-to-radically-change-housing-policy-in-the-downtown-eastside-advocates-and-residents-are-concerned,20250515025229,https://web.archive.org/web/20250515025229id_/https://council.vancouver.ca/20231129/documents/pspc20231129min.pdf?utm_source=www.vancitylookout.com&utm_medium=referral&utm_campaign=the-city-wants-to-radically-change-housing-policy-in-the-downtown-eastside-advocates-and-residents-are-concerned,application/pdf,264325,66776d95d72a41a4969921bcb3285198efc6ea454386841e6431d0e7beec7b69
2023-12-05,spec20231205min.pdf,spec,Special Council,,https://council.vancouver.ca/20231205/documents/spec20231205min.pdf,20240828095807,https://web.archive.org/web/20240828095807id_/https://council.vancouver.ca/20231205/documents/spec20231205min.pdf,application/pdf,45526,20f32ddd8866c082b2883ccabacde1a8ecdf0d928d10134d5cf7bd706a5cc762
2023-12-05,spec20231205min2.pdf,spec,Special Council,2,https://council.vancouver.ca/20231205/documents/spec20231205min2.pdf,20240828080513,https://web.archive.org/web/20240828080513id_/https://council.vancouver.ca/20231205/documents/spec20231205min2.pdf,application/pdf,32553,97ee2510c9dae67a3080db025344ad18d9a7f2d95ab03e71dcabdee934c00111
2023-12-07,agc20231207min.pdf,agc,,,https://council.vancouver.ca/20231207/documents/agc20231207min.pdf,20250503044917,https://web.archive.org/web/20250503044917id_/https://council.vancouver.ca/20231207/documents/agc20231207min.pdf,application/pdf,43962,5fa15b9b540dc888838d15fc6674974a14e6a2d7490c75a6d85ac1b03c6121bf
2023-12-12,phea20231212min.pdf,phea,Public Hearing,,https://council.vancouver.ca/20231212/documents/phea20231212min.pdf,20250829170211,https://web.archive.org/web/20250829170211id_/https://council.vancouver.ca/20231212/documents/phea20231212min.pdf,application/pdf,210790,3c480ca7c382efc954ecaf9ed787a1ce7d42bd8aa7f431af743712efe2c9685c
2023-12-12,regu20231212min.pdf,regu,Regular Council,,https://council.vancouver.ca/20231212/documents/regu20231212min.pdf,20240412223728,https://web.archive.org/web/20240412223728id_/https://council.vancouver.ca/20231212/documents/regu20231212min.pdf,application/pdf,188300,f104b91504d249191a27510d4835a810649a3173769a3602f71a576cabe446a5
2023-12-13,cfsc20231213min.pdf,cfsc,Standing Committee on City Finance and Services,,https://council.vancouver.ca/20231213/documents/cfsc20231213min.pdf,20240711180217,https://web.archive.org/web/20240711180217id_/https://council.vancouver.ca/20231213/documents/cfsc20231213min.pdf,application/pdf,362916,8be85f5d8d46b2afab6c9785fb14a3dffca6000f9577baadf7b92fbea400da4f
2023-12-14,phea20231214min.pdf,phea,Public Hearing,,https://council.vancouver.ca/20231214/documents/phea20231214min.pdf,20250829165450,https://web.archive.org/web/20250829165450id_/https://council.vancouver.ca/20231214/documents/phea20231214min.pdf,application/pdf,214946,9ff9ed8f778c2dd47ddcd5b325dc6aaf7872d291e11775c013f4de6ebaf9f4fb
2024-01-15,spec20240115min.pdf,spec,Special Council,,https://council.vancouver.ca/20240115/documents/spec20240115min.pdf,20250503174409,https://web.archive.org/web/20250503174409id_/https://council.vancouver.ca/20240115/documents/spec20240115min.pdf,application/pdf,33029,d067c02ece7323aefeffae7de30c66014237b3afd5777ccde85fd85a067f765a
2024-01-16,agc20240116min.pdf,agc,,,https://council.vancouver.ca/20240116/documents/agc20240116min.pdf,20250503052219,https://web.archive.org/web/20250503052219id_/https://council.vancouver.ca/20240116/documents/agc20240116min.pdf,application/pdf,149453,8d3eb06706b378eefb461195d5f2c7f7cbc531b215e7a7a1d4101b1f5db66702
2024-01-23,phea20240123min.pdf,phea,Public Hearing,,https://council.vancouver.ca/20240123/documents/phea20240123min.pdf,20250829164522,https://web.archive.org/web/20250829164522id_/https://council.vancouver.ca/20240123/documents/phea20240123min.pdf,application/pdf,242513,902b38029a8ee9ed7484e8ac8c31e0e14e3be4e4ca136d46ac39b905ed8b64b4
2024-01-23,regu20240123min.pdf,regu,Regular Council,,https://council.vancouver.ca/20240123/documents/regu20240123min.pdf,20260128134832,https://web.archive.org/web/20260128134832id_/https://council.vancouver.ca/20240123/documents/regu20240123min.pdf,application/pdf,327980,71a7e11565d3a07f10a828b99ebe4b6cefe8ff228a454f5fa6410a9049f64049
2024-01-24,pspc20240124min.pdf,pspc,,,https://council.vancouver.ca/20240124/documents/pspc20240124min.pdf,20250801204021,https://web.archive.org/web/20250801204021id_/https://council.vancouver.ca/20240124/documents/pspc20240124min.pdf,application/pdf,122807,21758949f88288e584c09200f487f21d6f0e5ca3ba8d92ba692be0c97673386e
2024-01-31,blhe20240131min.pdf,blhe,,,https://council.vancouver.ca/20240131/documents/blhe20240131min.pdf,20240702185257,https://web.archive.org/web/20240702185257id_/https://council.vancouver.ca/20240131/documents/blhe20240131min.pdf,application/pdf,72355,5bc9719168b1ef9e2902d16ef5a2f40348832521ede79910208069f0629ffbb6
2024-02-06,rego20240206min.pdf,rego,,,https://council.vancouver.ca/20240206/documents/rego20240206min.pdf,20240212021950,https://web.archive.org/web/20240212021950id_/https://council.vancouver.ca/20240206/documents/rego20240206min.pdf,application/pdf,231701,13d3fec75f58d0bc7b74c477abf5e77836b753de1ef1a5db2dc67cfa0859e3d1
2024-02-07,cfsc20240207min.pdf,cfsc,Standing Committee on City Finance and Services,,https://council.vancouver.ca/20240207/documents/cfsc20240207min.pdf,20250806224323,https://web.archive.org/web/20250806224323id_/https://council.vancouver.ca/20240207/documents/cfsc20240207min.pdf,application/pdf,368102,5dcc06b2a55e110da0c94f2bbf735babcc007cebacc38b3f5c2d344a208d0160
2024-02-08,crevbia20240208min.pdf,crevbia,,,https://council.vancouver.ca/20240208/documents/crevbia20240208min.pdf,20240705013633,https://web.archive.org/web/20240705013633id_/https://council.vancouver.ca/20240208/documents/crevbia20240208min.pdf,application/pdf,32696,cf1341cc07a2116fdecad4ef736f0a91f7344179d4f72eab270a88194d20e714
2024-02-28,pspc20240228min.pdf,pspc,,,https://council.vancouver.ca/20240228/documents/pspc20240228min.pdf,20250321031351,https://web.archive.org/web/20250321031351id_/https://council.vancouver.ca/20240228/documents/pspc20240228min.pdf,application/pdf,290859,d352b9dc8501b1db854705885d3cd86581362d50c57ca6af7488bcdb5aaa8a31
2024-03-05,blhe20240305min.pdf,blhe,,,https://council.vancouver.ca/20240305/documents/blhe20240305min.pdf,20241027191930,https://web.archive.org/web/20241027191930id_/https://council.vancouver.ca/20240305/documents/blhe20240305min.pdf,application/pdf,47071,7dcb3e682f8224ccc2734368fcdbadec18c4419a3de53c7fb050bb9c769bfebd
2024-03-12,agc20240222mins.pdf,agc,,,https://council.vancouver.ca/20240312/documents/agc20240222mins.pdf,20240828165223,https://web.archive.org/web/20240828165223id_/https://council.vancouver.ca/20240312/documents/agc20240222mins.pdf,application/pdf,140223,d18b41e7b8938c0ca96435a10b243005d7288667a89f861b43baf08fe7c1608a
2024-03-12,phea20240227min.pdf,phea,Public Hearing,,https://council.vancouver.ca/20240312/documents/phea20240227min.pdf,20240828174159,https://web.archive.org/web/20240828174159id_/https://council.vancouver.ca/20240312/documents/phea20240227min.pdf,application/pdf,187877,c544f45a56f90dc3c87a345af33f91e83613fc3803bea353ae482c61d35f2fd4
2024-03-12,phea20240229min.pdf,phea,Public Hearing,,https://council.vancouver.ca/20240312/documents/phea20240229min.pdf,20240828171509,https://web.archive.org/web/20240828171509id_/https://council.vancouver.ca/20240312/documents/phea20240229min.pdf,application/pdf,92648,1fc4a5cf949b9567c6427c1f701159114583c66eb12fbb501134232334896477
2024-03-12,phea20240312min.pdf,phea,Public Hearing,,https://council.vancouver.ca/20240312/documents/phea20240312min.pdf,20240617194137,https://web.archive.org/web/20240617194137id_/https://council.vancouver.ca/20240312/documents/phea20240312min.pdf,application/pdf,84408,b3b1e2d23bb02cf9b615d410cd62e8d4b9501d096f68d68f6e000d8ebab45b5a
2024-03-12,pspc20240228min.pdf,pspc,,,https://council.vancouver.ca/20240312/documents/pspc20240228min.pdf,20240828160657,https://web.archive.org/web/20240828160657id_/https://council.vancouver.ca/20240312/documents/pspc20240228min.pdf,application/pdf,281170,4e0de290561433c02176e13dfd6004c5c075be6eff27b03efef3c9c53bab5994
2024-03-12,regu20240227min.pdf,regu,Regular Council,,https://council.vancouver.ca/20240312/documents/regu20240227min.pdf,20240828160014,https://web.archive.org/web/20240828160014id_/https://council.vancouver.ca/20240312/documents/regu20240227min.pdf,application/pdf,112119,415066d6a0db610e32a44142ecc69700c44f895bf7db576d1ca72c73c5c1fc70
2024-03-12,regu20240312min.pdf,regu,Regular Council,,https://council.vancouver.ca/20240312/documents/regu20240312min.pdf,20240918094958,https://web.archive.org/web/20240918094958id_/https://council.vancouver.ca/20240312/documents/regu20240312min.pdf,application/pdf,313729,2e6ba2d7c1dfb14c8fe78f937ec2fcd14a6b354dd1c7ea871604cec98595a152
2024-03-13,cfsc20240313min.pdf,cfsc,Standing Committee on City Finance and Services,,https://council.vancouver.ca/20240313/documents/cfsc20240313min.pdf,20250822175831,https://web.archive.org/web/20250822175831id_/https://council.vancouver.ca/20240313/documents/cfsc20240313min.pdf,application/pdf,392027,641789bf9940799af23a498108721d421218bc7294fc8a5c91758176763b3688
2024-03-19,spec20240319min.pdf,spec,Special Council,,https://council.vancouver.ca/20240319/documents/spec20240319min.pdf,20241027172108,https://web.archive.org/web/20241027172108id_/https://council.vancouver.ca/20240319/documents/spec20240319min.pdf,application/pdf,120199,93cc429a5a7d05e40450d246c8a14fcc67cf1956e849992f04d4398e680d4580
2024-04-04,agc20240404min.pdf,agc,,,https://council.vancouver.ca/20240404/documents/agc20240404min.pdf,20250801203556,https://web.archive.org/web/20250801203556id_/https://council.vancouver.ca/20240404/documents/agc20240404min.pdf,application/pdf,132453,839b9fb85e8f533aa6bdf1bb988748c7d916f9d82a02152c52303459c62f77a1
2024-04-09,phea20240409min.pdf,phea,Public Hearing,,https://council.vancouver.ca/20240409/documents/phea20240409min.pdf,20250801203602,https://web.archive.org/web/20250801203602id_/https://council.vancouver.ca/20240409/documents/phea20240409min.pdf,application/pdf,185844,7dd2138102846df57d7ed7869bd6d5a0e141ff73e88930aed66d3a8f0027f106
2024-04-09,regu20240409min.pdf,regu,Regular Council,,https://council.vancouver.ca/20240409/documents/regu20240409min.pdf,20250801203559,https://web.archive.org/web/20250801203559id_/https://council.vancouver.ca/20240409/documents/regu20240409min.pdf,application/pdf,279934,8eba9a04192a1176b96498d317700ee2727f87046124cd86f71113083b67b273
2024-04-10,pspc20240410min.pdf,pspc,,,https://council.vancouver.ca/20240410/documents/pspc20240410min.pdf,20250801203605,https://web.archive.org/web/20250801203605id_/https://council.vancouver.ca/20240410/documents/pspc20240410min.pdf,application/pdf,222944,93974937afbaf056ad2b244f4adaa5f845f1b077a10c9ad13c1052077b94d9b5
2024-04-16,blhe20240416min.pdf,blhe,,,https://council.vancouver.ca/20240416/documents/blhe20240416min.pdf,20240816013554,https://web.archive.org/web/20240816013554id_/https://council.vancouver.ca/20240416/documents/blhe20240416min.pdf,application/pdf,159078,69ab3c9c165601d028334ea220470551d51d3e266d30a08d6e37ab5a4f5f8ab4
2024-04-19,nom20240419min.pdf,nom,,,https://council.vancouver.ca/20240419/documents/nom20240419min.pdf,20240816010837,https://web.archive.org/web/20240816010837id_/https://council.vancouver.ca/20240419/documents/nom20240419min.pdf,application/pdf,138823,b56f6556a01847fe12c620df26f6767bde180942d97c2366698bbcd1c1d7a0ef
2024-04-23,regu20230423min.pdf,regu,Regular Council,,https://council.vancouver.ca/20240423/documents/regu20230423min.pdf,20250801193123,https://web.archive.org/web/20250801193123id_/https://council.vancouver.ca/20240423/documents/regu20230423min.pdf,application/pdf,308006,0efdac9757de101248014c66beb780fe4325511cc2f69994d712950cd5446201
2024-04-24,cfsc20240424min.pdf,cfsc,Standing Committee on City Finance and Services,,https://council.vancouver.ca/20240424/documents/cfsc20240424min.pdf,20240816015710,https://web.archive.org/web/20240816015710id_/https://council.vancouver.ca/20240424/documents/cfsc20240424min.pdf,application/pdf,116099,d3eac321132a426bbbf9371694648fa5c8f19fb615d479d98c02902f3f7540b2
2024-05-07,phea20240507min.pdf,phea,Public Hearing,,https://council.vancouver.ca/20240507/documents/phea20240507min.pdf,20250820050130,https://web.archive.org/web/20250820050130id_/https://council.vancouver.ca/20240507/documents/phea20240507min.pdf,application/pdf,197531,a353879d62fe46c7f2b3f2779d10448cbc56b8bbc8fe20d2af20fee6ec7d3e0a
2024-05-07,regu20240507min.pdf,regu,Regular Council,,https://council.vancouver.ca/20240507/documents/regu20240507min.pdf,20250820050128,https://web.archive.org/web/20250820050128id_/https://council.vancouver.ca/20240507/documents/regu20240507min.pdf,application/pdf,176805,b5945ce068594305acbbd6f9c899e36d4276caf668983c273ae62f745167dcf8
2024-05-08,pspc20240508min.pdf,pspc,,,https://council.vancouver.ca/20240508/documents/pspc20240508min.pdf,20240901224450,https://web.archive.org/web/20240901224450id_/https://council.vancouver.ca/20240508/documents/pspc20240508min.pdf,application/pdf,126652,a23b2d5714d101637cd9a2e68796773b818342d49a1d7c728350c9037691cff6
2024-05-21,btfc20240521min.pdf,btfc,,,https://council.vancouver.ca/20240521/documents/btfc20240521min.pdf,20240805001707,https://web.archive.org/web/20240805001707id_/https://council.vancouver.ca/20240521/documents/btfc20240521min.pdf,application/pdf,31523,6627a70add505823378723486054ba825acda03746c9a783826d3e346357ac62
2024-05-28,regu20240528min.pdf,regu,Regular Council,,https://council.vancouver.ca/20240528/documents/regu20240528min.pdf,20250820050125,https://web.archive.org/web/20250820050125id_/https://council.vancouver.ca/20240528/documents/regu20240528min.pdf,application/pdf,133047,9178ec53aea3ced86b195bbb8e5e22662ac9f52d36d43aab00b1c363a9ffe62d
2024-05-29,cfsc20240529min.pdf,cfsc,Standing Committee on City Finance and Services,,https://council.vancouver.ca/20240529/documents/cfsc20240529min.pdf,20250831235122,https://web.archive.org/web/20250831235122id_/https://council.vancouver.ca/20240529/documents/cfsc20240529min.pdf,application/pdf,192006,0dd753426cf71bd8d95679b530d4ef81c2443afec7276a64414626d1374000c9
2024-05-30,phea20240530min.pdf,phea,Public Hearing,,https://council.vancouver.ca/20240530/documents/phea20240530min.pdf,20240610014535,https://web.archive.org/web/20240610014535id_/https://council.vancouver.ca/20240530/documents/phea20240530min.pdf,application/pdf,215115,3cf60f80c6d7b3921b7c541d013b3909a16adb1153fb2e4ca146c427f2e66f6f
2024-06-04,btfc20240604min.pdf,btfc,,,https://council.vancouver.ca/20240604/documents/btfc20240604min.pdf,20240723181234,https://web.archive.org/web/20240723181234id_/https://council.vancouver.ca/20240604/documents/btfc20240604min.pdf,application/pdf,30665,e64ba3f9d4eac3898ff19eaeea5da7f1e1513607e641c8df6655ec93c40219af
2024-06-11,regu20240611min.pdf,regu,Regular Council,,https://council.vancouver.ca/20240611/documents/regu20240611min.pdf,20250801202139,https://web.archive.org/web/20250801202139id_/https://council.vancouver.ca/20240611/documents/regu20240611min.pdf,application/pdf,298259,7ef19b4faa8441919776e1fe99cd31b66ffb954fb1f5db2962464c07ff1df8f7
2024-06-12,pspc20240612min.pdf,pspc,,,https://council.vancouver.ca/20240612/documents/pspc20240612min.pdf,20250801202146,https://web.archive.org/web/20250801202146id_/https://council.vancouver.ca/20240612/documents/pspc20240612min.pdf,application/pdf,316063,a60a80807c14cb538330b0f98ce64bf259ac613ad3b9bf59d9a8eb5fff4af23f
2024-06-13,phea20240613min.pdf,phea,Public Hearing,,https://council.vancouver.ca/20240613/documents/phea20240613min.pdf,20250801202150,https://web.archive.org/web/20250801202150id_/https://council.vancouver.ca/20240613/documents/phea20240613min.pdf,application/pdf,148476,013b6c31e9ab6568bc7d43f39d94871c6d84f2ec9b25e879dbc5f8497c1a31fd
2024-06-18,btfc20240618min.pdf,btfc,,,https://council.vancouver.ca/20240618/documents/btfc20240618min.pdf,20240723153213,https://web.archive.org/web/20240723153213id_/https://council.vancouver.ca/20240618/documents/btfc20240618min.pdf,application/pdf,32017,20854b46cae33be2e32d2416c7c0339db507c62222f8a8850ddfd2512f4ae614
2024-06-20,agc20240620min.pdf,agc,,,https://council.vancouver.ca/20240620/documents/agc20240620min.pdf,20250803162623,https://web.archive.org/web/20250803162623id_/https://council.vancouver.ca/20240620/documents/agc20240620min.pdf,application/pdf,150080,654d27f2d0a7881b5a7b3477f363a593d18ee1fbdd43032f08a57048b287852c
2024-06-25,regu20250625min.pdf,regu,Regular Council,,https://council.vancouver.ca/20240625/documents/regu20250625min.pdf,20250801202137,https://web.archive.org/web/20250801202137id_/https://council.vancouver.ca/20240625/documents/regu20250625min.pdf,application/pdf,323392,b66928b35f5c2046bf93d173b713ec65a80494c0097da0a1532c016741721cf3
2024-06-26,cfsc20240626min.pdf,cfsc,Standing Committee on City Finance and Services,,https://council.vancouver.ca/20240626/documents/cfsc20240626min.pdf,20251012212504,https://web.archive.org/web/20251012212504id_/https://council.vancouver.ca/20240626/documents/cfsc20240626min.pdf,application/pdf,281940,bb87ba2826dc9975eb87ba5d265d6146302fcf2a5fa5a364fd29d400478591e1
2024-07-02,btfc20240702min.pdf,btfc,,,https://council.vancouver.ca/20240702/documents/btfc20240702min.pdf,20240723154630,https://web.archive.org/web/20240723154630id_/https://council.vancouver.ca/20240702/documents/btfc20240702min.pdf,application/pdf,159147,e1302ccc75d970c5bac21d520982ce7ead47992fd8806238b77006af066672b9
2024-07-02,nom20240702min.pdf,nom,,,https://council.vancouver.ca/20240702/documents/nom20240702min.pdf,20250723140834,https://web.archive.org/web/20250723140834id_/https://council.vancouver.ca/20240702/documents/nom20240702min.pdf,application/pdf,139590,a2a28d89b4c3a2af3241a9c595ce82995c065ebd28fb7b1194593c40065de270
2024-07-09,regu20240709min.pdf,regu,Regular Council,,https://council.vancouver.ca/20240709/documents/regu20240709min.pdf,20241109063815,https://web.archive.org/web/20241109063815id_/https://council.vancouver.ca/20240709/documents/regu20240709min.pdf,application/pdf,160077,2a42496fd78ddfb44382b1d8168d85d9a2a03f854e9e1f5ba5b769cb90c17f09
2024-07-10,pspc20240710min.pdf,pspc,,,https://council.vancouver.ca/20240710/documents/pspc20240710min.pdf,20251012095258,https://web.archive.org/web/20251012095258id_/https://council.vancouver.ca/20240710/documents/pspc20240710min.pdf,application/pdf,164540,93da2e9437db7de22cf42078c42a6275d1457a772b73518d20ff83ce3f120dd1
2024-07-16,btfc20240716min.pdf,btfc,,,https://council.vancouver.ca/20240716/documents/btfc20240716min.pdf,20241123215308,https://web.archive.org/web/20241123215308id_/https://council.vancouver.ca/20240716/documents/btfc20240716min.pdf,application/pdf,27654,d919c3da9c5642273633c72b60c3660e223dd049f890b10d1a23c3e85f8d8b9a
2024-07-23,regu20240723min.pdf,regu,Regular Council,,https://council.vancouver.ca/20240723/documents/regu20240723min.pdf,20251012014514,https://web.archive.org/web/20251012014514id_/https://council.vancouver.ca/20240723/documents/regu20240723min.pdf,application/pdf,270142,f1ab380b17d04c15c1953fe995ab8bc81af8d2053ecb5bbcd1b0b59f9bff81e9
2024-07-24,cfsc20240724min.pdf,cfsc,Standing Committee on City Finance and Services,,https://council.vancouver.ca/20240724/documents/cfsc20240724min.pdf,20240922225915,https://web.archive.org/web/20240922225915id_/https://council.vancouver.ca/20240724/documents/cfsc20240724min.pdf,application/pdf,488371,6d085d4f8dacc388b915f6929e9bc1dab95c3d9b6d2a568df108cef2908a5d09
2024-07-25,phea20240725min.pdf,phea,Public Hearing,,https://council.vancouver.ca/20240725/documents/phea20240725min.pdf,20240922225246,https://web.archive.org/web/20240922225246id_/https://council.vancouver.ca/20240725/documents/phea20240725min.pdf,application/pdf,227556,fcce6059c1dd5e88fef015ad06484caf1ca19838fb011367ebc32a6b2fb8e3a6
2024-07-30,btfc20240730min.pdf,btfc,,,https://council.vancouver.ca/20240730/documents/btfc20240730min.pdf,20240922215930,https://web.archive.org/web/20240922215930id_/https://council.vancouver.ca/20240730/documents/btfc20240730min.pdf,application/pdf,29646,589768d7869e10fbab1b0e3a8a49ba456ee942ccf85715adf5b44e5ede9b64d1
2024-08-06,spec20250612min.pdf,spec,Special Council,,https://council.vancouver.ca/20240806/documents/spec20250612min.pdf,20250920041233,https://web.archive.org/web/20250920041233id_/https://council.vancouver.ca/20240806/documents/spec20250612min.pdf,application/pdf,44120,1c9088c00b16d41142db28d3216e9f2f3220c618d4d1b47b75257fb299ed0de4
2024-09-24,phea20240924min.pdf,phea,Public Hearing,,https://council.vancouver.ca/20240924/documents/phea20240924min.pdf,20241008200521,https://web.archive.org/web/20241008200521id_/https://council.vancouver.ca/20240924/documents/phea20240924min.pdf,application/pdf,212711,cf9b07849f08fbd1333d6389ce3fdc165e0daf55d2729880a798a051f4c3e558
2024-09-25,pspc20240925min.pdf,pspc,,,https://council.vancouver.ca/20240925/documents/pspc20240925min.pdf,20241008093136,https://web.archive.org/web/20241008093136id_/https://council.vancouver.ca/20240925/documents/pspc20240925min.pdf,application/pdf,80794,014b3a77cf6cca2f7605454d177484c3740af7a02326f24ead4338fce53f9c29
2024-10-08,regu20241008min.pdf,regu,Regular Council,,https://council.vancouver.ca/20241008/documents/regu20241008min.pdf,20250905010802,https://web.archive.org/web/20250905010802id_/https://council.vancouver.ca/20241008/documents/regu20241008min.pdf,application/pdf,372246,8afa3889aaa14cbb91ea08956d50032357fe438eb1e47b39231cc86b5cda9936
2024-10-15,btfc20241015min.pdf,btfc,,,https://council.vancouver.ca/20241015/documents/btfc20241015min.pdf,20250903030309,https://web.archive.org/web/20250903030309id_/https://council.vancouver.ca/20241015/documents/btfc20241015min.pdf,application/pdf,34373,8dadf6b625dc277e826ae298cc8c0549e6c653108fc6b3fb4f64a0810ed00802
2024-10-17,agc20241017min.pdf,agc,,,https://council.vancouver.ca/20241017/documents/agc20241017min.pdf,20250219143526,https://web.archive.org/web/20250219143526id_/https://council.vancouver.ca/20241017/documents/agc20241017min.pdf,application/pdf,151610,1c7cbcb50c4740545d0fba5c2b9df5d3712c4632f5dbc1d7440c0743e5189489
2024-10-22,phea20241022min.pdf,phea,Public Hearing,,https://council.vancouver.ca/20241022/documents/phea20241022min.pdf,20250219141437,https://web.archive.org/web/20250219141437id_/https://council.vancouver.ca/20241022/documents/phea20241022min.pdf,application/pdf,219116,3cf9be24f796d45a047427869f5e0b6b434710baa5339e5e7cdab9bd3996beb1
2024-10-22,regu20241022min.pdf,regu,Regular Council,,https://council.vancouver.ca/20241022/documents/regu20241022min.pdf,20250219150022,https://web.archive.org/web/20250219150022id_/https://council.vancouver.ca/20241022/documents/regu20241022min.pdf,application/pdf,304221,a43c32d71a5a7c74a44cc1026df43763461c0726b809958270511cd1387a3f3c
2024-10-23,pspc20241023min.pdf,pspc,,,https://council.vancouver.ca/20241023/documents/pspc20241023min.pdf,20251012103236,https://web.archive.org/web/20251012103236id_/https://council.vancouver.ca/20241023/documents/pspc20241023min.pdf,application/pdf,268584,fb81f0db749ec2da6dfdd5899f8e2f7867533de33e832667feb021c19b33a454
2024-11-05,spec20241105min.pdf,spec,Special Council,,https://council.vancouver.ca/20241105/documents/spec20241105min.pdf,20250219143248,https://web.archive.org/web/20250219143248id_/https://council.vancouver.ca/20241105/documents/spec20241105min.pdf,application/pdf,134831,3a613e6043f2a02f4263b9aa20daec22a0bba77e833fca987d693f9a465b467b
2024-11-12,phea20241112min.pdf,phea,Public Hearing,,https://council.vancouver.ca/20241112/documents/phea20241112min.pdf,20250831225031,https://web.archive.org/web/20250831225031id_/https://council.vancouver.ca/20241112/documents/phea20241112min.pdf,application/pdf,178237,ed1cc351664da2cb4b90105443bb6a6bf91f93ee82ae0365d0edde297ea73032
2024-11-12,regu20241112min.pdf,regu,Regular Council,,https://council.vancouver.ca/20241112/documents/regu20241112min.pdf,20250219155345,https://web.archive.org/web/20250219155345id_/https://council.vancouver.ca/20241112/documents/regu20241112min.pdf,application/pdf,223766,b016f023c39fa8150b3e552d5aec864caa672f284c1aedf1011e5c6c3d36b8c6
2024-11-13,cfsc20241113min.pdf,cfsc,Standing Committee on City Finance and Services,,https://council.vancouver.ca/20241113/documents/cfsc20241113min.pdf,20250219155458,https://web.archive.org/web/20250219155458id_/https://council.vancouver.ca/20241113/documents/cfsc20241113min.pdf,application/pdf,261097,dd8bfaa8d6bda6d126a38c3d149e28541cb16cfda98f3894e3ac2c32482ca1ae
2024-11-13,cfsc20241113min.pdf,cfsc,Standing Committee on City Finance and Services,,https://council.vancouver.ca/20241113/documents/cfsc20241113min.pdf?utm_source=CMO%2FCEC+-+News&utm_campaign=2025-10-15+-+NR+-+Vancouver+seeks+to+become+home+of+new+Provincial+museum+celebrating+South+Asian+Canadians&utm_medium=email,20251017031025,https://web.archive.org/web/20251017031025id_/https://council.vancouver.ca/20241113/documents/cfsc20241113min.pdf?utm_source=CMO%2FCEC+-+News&utm_campaign=2025-10-15+-+NR+-+Vancouver+seeks+to+become+home+of+new+Provincial+museum+celebrating+South+Asian+Canadians&utm_medium=email,application/pdf,261097,dd8bfaa8d6bda6d126a38c3d149e28541cb16cfda98f3894e3ac2c32482ca1ae
2024-11-15,btfc20241115min.pdf,btfc,,,https://council.vancouver.ca/20241115/documents/btfc20241115min.pdf,20250903030751,https://web.archive.org/web/20250903030751id_/https://council.vancouver.ca/20241115/documents/btfc20241115min.pdf,application/pdf,43082,24e941262643a1363eef906fdcbe10cb47cf62c9013d3989fa5dd0f3edb183c6
2024-11-15,nom20241115min.pdf,nom,,,https://council.vancouver.ca/20241115/documents/nom20241115min.pdf,20250903030311,https://web.archive.org/web/20250903030311id_/https://council.vancouver.ca/20241115/documents/nom20241115min.pdf,application/pdf,39349,11eabeea5fcd4427a5dc7b5486f9df7ba2fbd93428eb053526a4ea8aba733619
2024-11-19,blhe20241119min.pdf,blhe,,,https://council.vancouver.ca/20241119/documents/blhe20241119min.pdf,20250219152404,https://web.archive.org/web/20250219152404id_/https://council.vancouver.ca/20241119/documents/blhe20241119min.pdf,application/pdf,191076,b1cb3447343f3c0f19ae6017cbd7024c59da52ff0546759ddac72cd41eaa12a8
2024-11-26,phea20241126min.pdf,phea,Public Hearing,,https://council.vancouver.ca/20241126/documents/phea20241126min.pdf,20250903030755,https://web.archive.org/web/20250903030755id_/https://council.vancouver.ca/20241126/documents/phea20241126min.pdf,application/pdf,199530,81b7ef0af6941a44f6f8012a10c5fb0c59c02ced33eb82cc07e242cf2332796f
2024-11-26,regu20241126min.pdf,regu,Regular Council,,https://council.vancouver.ca/20241126/documents/regu20241126min.pdf,20250903030752,https://web.archive.org/web/20250903030752id_/https://council.vancouver.ca/20241126/documents/regu20241126min.pdf,application/pdf,322777,4ca0c7271deb87e3356069fe3423469b64be574108bdde530df2b9e6ef21372e
2024-11-27,pspc20241127min.pdf,pspc,,,https://council.vancouver.ca/20241127/documents/pspc20241127min.pdf,20250903030758,https://web.archive.org/web/20250903030758id_/https://council.vancouver.ca/20241127/documents/pspc20241127min.pdf,application/pdf,308044,e48ad9d56ce0d9945ec7315fb8e226acda2dc59d78506d840b68989782a21c57
2024-12-03,spec20241203min.pdf,spec,Special Council,,https://council.vancouver.ca/20241203/documents/spec20241203min.pdf,20250903030802,https://web.archive.org/web/20250903030802id_/https://council.vancouver.ca/20241203/documents/spec20241203min.pdf,application/pdf,207250,5413a9e09121a2e94da79582d2d3d0146f83cbaa5db3f9dc4cee0b3581c832df
2024-12-05,agc20241205min.pdf,agc,,,https://council.vancouver.ca/20241205/documents/agc20241205min.pdf,20250903030313,https://web.archive.org/web/20250903030313id_/https://council.vancouver.ca/20241205/documents/agc20241205min.pdf,application/pdf,161760,71d4003c30cdf5792ad10525f444420e0e081e09d5203128c4aea6a1975dc2a1
2024-12-10,phea20241210min.pdf,phea,Public Hearing,,https://council.vancouver.ca/20241210/documents/phea20241210min.pdf,20250903030319,https://web.archive.org/web/20250903030319id_/https://council.vancouver.ca/20241210/documents/phea20241210min.pdf,application/pdf,82435,40210d50cb5741af9be9c6cc50266e56b3dcd2aee0449cc95079b628450e983f
2024-12-10,regu20241210min.pdf,regu,Regular Council,,https://council.vancouver.ca/20241210/documents/regu20241210min.pdf,20250903030315,https://web.archive.org/web/20250903030315id_/https://council.vancouver.ca/20241210/documents/regu20241210min.pdf,application/pdf,419222,dcc1496662a41439f3d967ec23692f4cc05ff55be5e6ddbefd1d8d62ea028f6b
2024-12-11,cfsc20241211min.pdf,cfsc,Standing Committee on City Finance and Services,,https://council.vancouver.ca/20241211/documents/cfsc20241211min.pdf,20260903163448,https://web.archive.org/web/20260903163448id_/https://council.vancouver.ca/20241211/documents/cfsc20241211min.pdf,application/pdf,282488,b155e2f3cd0053405c08ddcf1d4047f2e51ab58602ba717d4ad1237ef89cb783
2024-12-18,spec20241218min.pdf,spec,Special Council,,https://council.vancouver.ca/20241218/documents/spec20241218min.pdf,20250903030321,https://web.archive.org/web/20250903030321id_/https://council.vancouver.ca/20241218/documents/spec20241218min.pdf,application/pdf,189349,a636d6cd4aa329d73e4f17a05f1e11856ac2e7d12847ab60381c5d12191226b5
2025-01-21,phea20250121min.pdf,phea,Public Hearing,,https://council.vancouver.ca/20250121/documents/phea20250121min.pdf,20250903025815,https://web.archive.org/web/20250903025815id_/https://council.vancouver.ca/20250121/documents/phea20250121min.pdf,application/pdf,195757,ba5b359509e6936533eb467a3634e6d7b8d03beac51e654a073162dcc4a1a529
2025-01-21,regu20250121min.pdf,regu,Regular Council,,https://council.vancouver.ca/20250121/documents/regu20250121min.pdf,20250811100048,https://web.archive.org/web/20250811100048id_/https://council.vancouver.ca/20250121/documents/regu20250121min.pdf,application/pdf,148664,67ee9a66616cfb0c6f99cdc28be9017f07fde4df15321083964a5786667f18b3
2025-01-22,pspc20250122min.pdf,pspc,,,https://council.vancouver.ca/20250122/documents/pspc20250122min.pdf,20250903025819,https://web.archive.org/web/20250903025819id_/https://council.vancouver.ca/20250122/documents/pspc20250122min.pdf,application/pdf,96972,d44b1ebbfd33169d11c54201da4c3b71d5387e189dbff0d84cbdec7bbbb7ebc4
2025-01-23,phea20250123min.pdf,phea,Public Hearing,,https://council.vancouver.ca/20250123/documents/phea20250123min.pdf,20250903025822,https://web.archive.org/web/20250903025822id_/https://council.vancouver.ca/20250123/documents/phea20250123min.pdf,application/pdf,78108,7eec9fe78835961ecf5834aa06ea41143d44e9be0b52ebc5b58fff872a39e346
2025-01-28,blhe20250128min.pdf,blhe,,,https://council.vancouver.ca/20250128/documents/blhe20250128min.pdf,20250825071447,https://web.archive.org/web/20250825071447id_/https://council.vancouver.ca/20250128/documents/blhe20250128min.pdf,application/pdf,48921,9a370ed714417c54961df1e750c67971c4c7590028ac23cf831c9c8fa5a929ae
2025-01-28,btfc20250128min.pdf,btfc,,,https://council.vancouver.ca/20250128/documents/btfc20250128min.pdf,20250903025826,https://web.archive.org/web/20250903025826id_/https://council.vancouver.ca/20250128/documents/btfc20250128min.pdf,application/pdf,148505,76c1f62057bb1b98c9db898c52b3fb959c1422c76ffaf9f9da82a72c5855340a
2025-01-28,spec20250128min.pdf,spec,Special Council,,https://council.vancouver.ca/20250128/documents/spec20250128min.pdf,20250825071449,https://web.archive.org/web/20250825071449id_/https://council.vancouver.ca/20250128/documents/spec20250128min.pdf,application/pdf,32850,739f7e8445ec23e284974a4b1642b1e39b5903881616f43ab5507396e4cd316a
2025-01-29,blhe20250129min.pdf,blhe,,,https://council.vancouver.ca/20250129/documents/blhe20250129min.pdf,20250825071452,https://web.archive.org/web/20250825071452id_/https://council.vancouver.ca/20250129/documents/blhe20250129min.pdf,application/pdf,163579,954061fee808caaa486c04dbf5270bbe0362f79a61ab7f974119f88d8bf755dd
2025-02-04,regu20250204min.pdf,regu,Regular Council,,https://council.vancouver.ca/20250204/documents/regu20250204min.pdf,20250811102617,https://web.archive.org/web/20250811102617id_/https://council.vancouver.ca/20250204/documents/regu20250204min.pdf,application/pdf,359080,04600e07ef610c88ede247366c101aea06071e6589ac282f31346d69435663dc
2025-02-05,cfsc20250205min.pdf,cfsc,Standing Committee on City Finance and Services,,https://council.vancouver.ca/20250205/documents/cfsc20250205min.pdf,20250825071455,https://web.archive.org/web/20250825071455id_/https://council.vancouver.ca/20250205/documents/cfsc20250205min.pdf,application/pdf,120941,48d0d4eee9fb6c684779b036773170dc2918c23301b4341ef10ee13979720707
2025-02-05,spec20250205min.pdf,spec,Special Council,,https://council.vancouver.ca/20250205/documents/spec20250205min.pdf,20250825071457,https://web.archive.org/web/20250825071457id_/https://council.vancouver.ca/20250205/documents/spec20250205min.pdf,application/pdf,33610,ff27edb210169dfb217b99538fcc3433198bd4480122d598fe57675dc3c25e07
2025-02-06,crevbia20250206min.pdf,crevbia,,,https://council.vancouver.ca/20250206/documents/crevbia20250206min.pdf,20250825071500,https://web.archive.org/web/20250825071500id_/https://council.vancouver.ca/20250206/documents/crevbia20250206min.pdf,application/pdf,32328,d3eef0974899c89b51cdff1a30e88765b4ccd20f1586078925a0fee2e6286e44
2025-02-11,spec20250211min.pdf,spec,Special Council,,https://council.vancouver.ca/20250211/documents/spec20250211min.pdf,20250825071502,https://web.archive.org/web/20250825071502id_/https://council.vancouver.ca/20250211/documents/spec20250211min.pdf,application/pdf,86707,8d7f8773f405a88f063b0baedcd71e8e0dcb74d79e7dcb08849f7aee06416174
2025-02-13,agc20250213min.pdf,agc,,,https://council.vancouver.ca/20250213/documents/agc20250213min.pdf,20250820045722,https://web.archive.org/web/20250820045722id_/https://council.vancouver.ca/20250213/documents/agc20250213min.pdf,application/pdf,150368,4bd525e919d24a7e7c24d5ae74f84b11f1f4231c151351da25a0a10a64b191ad
2025-02-13,agcspec20250213min.pdf,agcspec,,,https://council.vancouver.ca/20250213/documents/agcspec20250213min.pdf,20250820045719,https://web.archive.org/web/20250820045719id_/https://council.vancouver.ca/20250213/documents/agcspec20250213min.pdf,application/pdf,137451,708f4a736aa96f779742fd7dccebcbfb2d1a99d8e53e60a274b76e6edd78c7a1
2025-02-25,phea20250225min.pdf,phea,Public Hearing,,https://council.vancouver.ca/20250225/documents/phea20250225min.pdf,20250613132245,https://web.archive.org/web/20250613132245id_/https://council.vancouver.ca/20250225/documents/phea20250225min.pdf,application/pdf,216691,9a187b44595fa5b7a6bce1cbe1e04da68cd44fa10866007ece9dbd2209356af3
2025-02-25,regu20250225min.pdf,regu,Regular Council,,https://council.vancouver.ca/20250225/documents/regu20250225min.pdf,20250820045726,https://web.archive.org/web/20250820045726id_/https://council.vancouver.ca/20250225/documents/regu20250225min.pdf,application/pdf,216409,6c249ce8c1ae7cd8c002c3ab80cc9ee0bdb0746ef41a2345200b494d06254f32
2025-02-26,pspc20250226min.pdf,pspc,,,https://council.vancouver.ca/20250226/documents/pspc20250226min.pdf,20250820045738,https://web.archive.org/web/20250820045738id_/https://council.vancouver.ca/20250226/documents/pspc20250226min.pdf,application/pdf,109446,8b432bffcdac2630e6ed0d7bb1c4e25a1ee67aded655faff62e62ba6b5ab0c7d
2025-02-27,phea20250227min.pdf,phea,Public Hearing,,https://council.vancouver.ca/20250227/documents/phea20250227min.pdf,20250820045741,https://web.archive.org/web/20250820045741id_/https://council.vancouver.ca/20250227/documents/phea20250227min.pdf,application/pdf,287968,9ff5921b082c025322381d1ec4227acebe6d251ae90448d8aec8ca079204c39f
2025-03-05,blhe20250305min.pdf,blhe,,,https://council.vancouver.ca/20250305/documents/blhe20250305min.pdf,20250825070624,https://web.archive.org/web/20250825070624id_/https://council.vancouver.ca/20250305/documents/blhe20250305min.pdf,application/pdf,164922,f56847c7f05daa7f5721b20dfd2c175dfca838bb199263bea3529433d700f097
2025-03-11,phea20250311min.pdf,phea,Public Hearing,,https://council.vancouver.ca/20250311/documents/phea20250311min.pdf,20250825070627,https://web.archive.org/web/20250825070627id_/https://council.vancouver.ca/20250311/documents/phea20250311min.pdf,application/pdf,204089,392617dac6989c43266b83b6f8254b9b277f3e8211a556e5826a52a4fe549442
2025-03-11,regu20250311min.pdf,regu,Regular Council,,https://council.vancouver.ca/20250311/documents/regu20250311min.pdf,20250820045714,https://web.archive.org/web/20250820045714id_/https://council.vancouver.ca/20250311/documents/regu20250311min.pdf,application/pdf,867282,f0cc43f8135c5202aa5ed5541079d5a0b8a114717054313ccd3f1cf86002af85
2025-03-12,cfsc20250312min.pdf,cfsc,Standing Committee on City Finance and Services,,https://council.vancouver.ca/20250312/documents/cfsc20250312min.pdf,20250825070629,https://web.archive.org/web/20250825070629id_/https://council.vancouver.ca/20250312/documents/cfsc20250312min.pdf,application/pdf,242903,41bd273b0fc6ce15b79324386be5c027c889b6a3555d2e0a8dd02e4ccd3acc75
2025-03-13,phea20250313min.pdf,phea,Public Hearing,,https://council.vancouver.ca/20250313/documents/phea20250313min.pdf,20250825070632,https://web.archive.org/web/20250825070632id_/https://council.vancouver.ca/20250313/documents/phea20250313min.pdf,application/pdf,223540,0bb49ec8dff429ab27b6bbaf881d93bf444f21a203cc4ff8e3fab2b85727ba3c
2025-04-01,regu20250401min.pdf,regu,Regular Council,,https://council.vancouver.ca/20250401/documents/regu20250401min.pdf,20250825070204,https://web.archive.org/web/20250825070204id_/https://council.vancouver.ca/20250401/documents/regu20250401min.pdf,application/pdf,278215,854aa3c1e164973389cf3b93e0e7c096f5cf31306b102aed33cc3f3db369fd3c
2025-04-02,pspc20250402min.pdf,pspc,,,https://council.vancouver.ca/20250402/documents/pspc20250402min.pdf,20250825070206,https://web.archive.org/web/20250825070206id_/https://council.vancouver.ca/20250402/documents/pspc20250402min.pdf,application/pdf,94266,8a522b81f2e349e2587e8bf0fdd444cb0a4eef10d8ac34d844ce67f52252916d
2025-04-08,nom20250408min.pdf,nom,,,https://council.vancouver.ca/20250408/documents/nom20250408min.pdf,20250825064149,https://web.archive.org/web/20250825064149id_/https://council.vancouver.ca/20250408/documents/nom20250408min.pdf,application/pdf,31116,404151e23096d41300d64863ca4024b2ea385595bd17bb09b23c70dfd58ba9e8
2025-04-15,phea20250415min.pdf,phea,Public Hearing,,https://council.vancouver.ca/20250415/documents/phea20250415min.pdf,20250820045325,https://web.archive.org/web/20250820045325id_/https://council.vancouver.ca/20250415/documents/phea20250415min.pdf,application/pdf,228070,85e5e292b598aa62eb6673b38ba9cb00f32b4fe63ac6cefdb11a1f3440b9e166
2025-04-15,regu20250415min.pdf,regu,Regular Council,,https://council.vancouver.ca/20250415/documents/regu20250415min.pdf,20250825064151,https://web.archive.org/web/20250825064151id_/https://council.vancouver.ca/20250415/documents/regu20250415min.pdf,application/pdf,307491,675a8f458f0dbbc255ad7fd6006b18853764b9e870b31f968f8548e5ec8bc74d
2025-04-17,phea20250417min.pdf,phea,Public Hearing,,https://council.vancouver.ca/20250417/documents/phea20250417min.pdf,20250825064153,https://web.archive.org/web/20250825064153id_/https://council.vancouver.ca/20250417/documents/phea20250417min.pdf,application/pdf,330889,3cd1b14d7810ee5df521ea6148a07ad0ba711c32292bf97ff1b974618aea3604
2025-05-06,regu20250506min.pdf,regu,Regular Council,,https://council.vancouver.ca/20250506/documents/regu20250506min.pdf,20250825063603,https://web.archive.org/web/20250825063603id_/https://council.vancouver.ca/20250506/documents/regu20250506min.pdf,application/pdf,255760,c700123002a0a722a616dded2deee5a580ba002d025ba6c80d209f36f68b8e03
2025-05-07,pspc20250507min.pdf,pspc,,,https://council.vancouver.ca/20250507/documents/pspc20250507min.pdf,20250825063606,https://web.archive.org/web/20250825063606id_/https://council.vancouver.ca/20250507/documents/pspc20250507min.pdf,application/pdf,469200,8893f75cf773fc411b0d3082a88b1c89d66f21827408dbd6021ad67ae1bc08ec
2025-05-07,spec20250507min.pdf,spec,Special Council,,https://council.vancouver.ca/20250507/documents/spec20250507min.pdf,20250825063609,https://web.archive.org/web/20250825063609id_/https://council.vancouver.ca/20250507/documents/spec20250507min.pdf,application/pdf,28922,25f24c4d50f87bd209a19a244ac2e38a28444410f18360719f97bc6ce6199576
2025-05-15,phea20250515min.pdf,phea,Public Hearing,,https://council.vancouver.ca/20250515/documents/phea20250515min.pdf,20250912040338,https://web.archive.org/web/20250912040338id_/https://council.vancouver.ca/20250515/documents/phea20250515min.pdf,application/pdf,200035,e9302d745564347a2b87669036a63491f176d3b47717946db86d9fb58585c759
2025-05-21,cfsc20250521min.pdf,cfsc,Standing Committee on City Finance and Services,,https://council.vancouver.ca/20250521/documents/cfsc20250521min.pdf,20250617100341,https://web.archive.org/web/20250617100341id_/https://council.vancouver.ca/20250521/documents/cfsc20250521min.pdf,application/pdf,241744,5da1cb6c6be9969a3c96a8f6539812a4bedc6e247fec875b33ddb41d9b750608
2025-06-03,regu20250603min.pdf,regu,Regular Council,,https://council.vancouver.ca/20250603/documents/regu20250603min.pdf,20251203084904,https://web.archive.org/web/20251203084904id_/https://council.vancouver.ca/20250603/documents/regu20250603min.pdf,application/pdf,463340,4e83466d97d7649a717dcee37159ed9d9f873fa050bcc55633fce3b60dddb2bf
2025-06-04,pspc20250604min.pdf,pspc,,,https://council.vancouver.ca/20250604/documents/pspc20250604min.pdf,20251105070916,https://web.archive.org/web/20251105070916id_/https://council.vancouver.ca/20250604/documents/pspc20250604min.pdf,application/pdf,305773,7ce77f2ad71ab8ab01f25fedaddf159608ca0ad6ef4e02789f788c39a02180ab
2025-06-18,cfsc20250618min.pdf,cfsc,Standing Committee on City Finance and Services,,https://council.vancouver.ca/20250618/documents/cfsc20250618min.pdf,20250701085615,https://web.archive.org/web/20250701085615id_/https://council.vancouver.ca/20250618/documents/cfsc20250618min.pdf,application/pdf,175745,5d48b039e72ccdf2081b5d41353ce19a138bcdfcfef023876a556ebe49c1de4d
2025-06-19,phea20250619min.pdf,phea,Public Hearing,,https://council.vancouver.ca/20250619/documents/phea20250619min.pdf,20251116085000,https://web.archive.org/web/20251116085000id_/https://council.vancouver.ca/20250619/documents/phea20250619min.pdf,application/pdf,244828,72780fcfd127e452859dc28c9966f6f2c41a59ebb142fc2fe554a86cf1b7b09a
2025-07-03,agc20250703min.pdf,agc,,,https://council.vancouver.ca/20250703/documents/agc20250703min.pdf,20250801201416,https://web.archive.org/web/20250801201416id_/https://council.vancouver.ca/20250703/documents/agc20250703min.pdf,application/pdf,40127,0ada3dd72cddfa066c91f8fe79e16ea0ffee3ab0a883c045ced8cc81c3e5812c
2025-07-08,phea20250708min.pdf,phea,Public Hearing,,https://council.vancouver.ca/20250708/documents/phea20250708min.pdf,20251214201608,https://web.archive.org/web/20251214201608id_/https://council.vancouver.ca/20250708/documents/phea20250708min.pdf,application/pdf,216340,bd4c96fd55c6a8ccccf5d80a7ed17ca0311ea3ae0b5551e3cef1ac849b545bbb
2025-07-08,regu20250708min.pdf,regu,Regular Council,,https://council.vancouver.ca/20250708/documents/regu20250708min.pdf,20250801201418,https://web.archive.org/web/20250801201418id_/https://council.vancouver.ca/20250708/documents/regu20250708min.pdf,application/pdf,102372,471f24bb18e37279e4633dea0cd17eee12470606c2e990def4ec5fa7e7dcbb49
2025-07-09,pspc20250709min.pdf,pspc,,,https://council.vancouver.ca/20250709/documents/pspc20250709min.pdf,20250919201451,https://web.archive.org/web/20250919201451id_/https://council.vancouver.ca/20250709/documents/pspc20250709min.pdf,application/pdf,656504,8b437196746c17d09e5484d3d9a01f18c130775bce551ca9c5dbbe64ec5dc1a9
2025-07-10,phea20250710min.pdf,phea,Public Hearing,,https://council.vancouver.ca/20250710/documents/phea20250710min.pdf,20250801201423,https://web.archive.org/web/20250801201423id_/https://council.vancouver.ca/20250710/documents/phea20250710min.pdf,application/pdf,116331,6df7614f70485e41502fb0de84ae521cd2ca3c3cefe2d91d7bea38c197f397b8
2025-07-15,blhe20250715min.pdf,blhe,,,https://council.vancouver.ca/20250715/documents/blhe20250715min.pdf,20250801201426,https://web.archive.org/web/20250801201426id_/https://council.vancouver.ca/20250715/documents/blhe20250715min.pdf,application/pdf,228973,62aebdabde86c4357bcd6d28dc2804261eebb0ee0cac31b8196389532039d91a
2025-07-16,blhe20250716min.pdf,blhe,,,https://council.vancouver.ca/20250716/documents/blhe20250716min.pdf,20250919195111,https://web.archive.org/web/20250919195111id_/https://council.vancouver.ca/20250716/documents/blhe20250716min.pdf,application/pdf,50015,d6c5cf6946d80c65f9dff97ee64aabf4a21d7b9a75644120fb555307853837d4
2025-07-22,regu20250722min.pdf,regu,Regular Council,,https://council.vancouver.ca/20250722/documents/regu20250722min.pdf,20251110004639,https://web.archive.org/web/20251110004639id_/https://council.vancouver.ca/20250722/documents/regu20250722min.pdf,application/pdf,139594,695855580da5e112ae6a8f90de3d9122500db233de24a7caca4173481271e65f
2025-07-23,cfsc20250723min.pdf,cfsc,Standing Committee on City Finance and Services,,https://council.vancouver.ca/20250723/documents/cfsc20250723min.pdf,20260915164111,https://web.archive.org/web/20260915164111id_/https://council.vancouver.ca/20250723/documents/cfsc20250723min.pdf,application/pdf,405397,ef113fcb6c03df8b00fe4163de5e593b4366d9a7e360a01a4b4595440e496326
2025-07-29,spec20250729min.pdf,spec,Special Council,,https://council.vancouver.ca/20250729/documents/spec20250729min.pdf,20250919054327,https://web.archive.org/web/20250919054327id_/https://council.vancouver.ca/20250729/documents/spec20250729min.pdf,application/pdf,172278,6799f0a3a339720b2cc39825725715238e9c33411cb00508b8f8866170295c7b
2025-09-09,nom20250909min.pdf,nom,,,https://council.vancouver.ca/20250909/documents/nom20250909min.pdf,20251007160148,https://web.archive.org/web/20251007160148id_/https://council.vancouver.ca/20250909/documents/nom20250909min.pdf,application/pdf,31874,af91cde038ab669e0d3243c4d935f89ba5ce9e869ef5b2f53226eb268600ffd6
2025-09-10,blhe20250910min.pdf,blhe,,,https://council.vancouver.ca/20250910/documents/blhe20250910min.pdf,20251007160153,https://web.archive.org/web/20251007160153id_/https://council.vancouver.ca/20250910/documents/blhe20250910min.pdf,application/pdf,80305,ca9f862bf76c6b65f43547add44115ec2f01e5b0a07d166501cd1da9ab67e205
2025-09-16,phea20250916min.pdf,phea,Public Hearing,,https://council.vancouver.ca/20250916/documents/phea20250916min.pdf,20251110014221,https://web.archive.org/web/20251110014221id_/https://council.vancouver.ca/20250916/documents/phea20250916min.pdf,application/pdf,54253,385d3d1a47b714a14d68f6e2ecc7e5b82d7f707354e55d3cda0a4bad2a17d8b6
2025-09-16,regu20250916min.pdf,regu,Regular Council,,https://council.vancouver.ca/20250916/documents/regu20250916min.pdf,20251007160223,https://web.archive.org/web/20251007160223id_/https://council.vancouver.ca/20250916/documents/regu20250916min.pdf,application/pdf,402070,9f3c8151b12b6aab30be2e7f4092655850c02bb95b14f66396f3809ed04abaad
2025-09-17,pspc20250917min.pdf,pspc,,,https://council.vancouver.ca/20250917/documents/pspc20250917min.pdf,20251007160233,https://web.archive.org/web/20251007160233id_/https://council.vancouver.ca/20250917/documents/pspc20250917min.pdf,application/pdf,320142,e0e510631faa03f50a2f132606c123363bfa6a48cf720d5dfd0d1fecfee2e13f
2025-09-18,agc20250918min.pdf,agc,,,https://council.vancouver.ca/20250918/documents/agc20250918min.pdf,20251007160201,https://web.archive.org/web/20251007160201id_/https://council.vancouver.ca/20250918/documents/agc20250918min.pdf,application/pdf,42690,a2a0229d9c5d5ede42661867ace128f979845a45f7ab5d5c2b23778e5b6be91c
2025-09-18,phea20250918min.pdf,phea,Public Hearing,,https://council.vancouver.ca/20250918/documents/phea20250918min.pdf,20251007160222,https://web.archive.org/web/20251007160222id_/https://council.vancouver.ca/20250918/documents/phea20250918min.pdf,application/pdf,206354,b7fa5334772c0219fe5ac04b9cbae700736a3c09ad946fa5e23d0371801bbb17
2025-10-07,regu20251007min.pdf,regu,Regular Council,,https://council.vancouver.ca/20251007/documents/regu20251007min.pdf,20251018014544,https://web.archive.org/web/20251018014544id_/https://council.vancouver.ca/20251007/documents/regu20251007min.pdf,application/pdf,5537994,3898e13902e9a26ff01036998cffb8de7ca05f0d01b9f199281c0dfc89601729
2025-10-08,cfsc20251008min.pdf,cfsc,Standing Committee on City Finance and Services,,https://council.vancouver.ca/20251008/documents/cfsc20251008min.pdf,20251114041112,https://web.archive.org/web/20251114041112id_/https://council.vancouver.ca/20251008/documents/cfsc20251008min.pdf,application/pdf,102703,8344af4989acc8594398b6d7dabefb0f90babb7099e19af2abe798af347be26d
2025-10-09,agc20251009min.pdf,agc,,,https://council.vancouver.ca/20251009/documents/agc20251009min.pdf,20251126085515,https://web.archive.org/web/20251126085515id_/https://council.vancouver.ca/20251009/documents/agc20251009min.pdf,application/pdf,28078,40398a3d0b3d01ebb5348d7f52095d1a9035cab99e233bfa92d6b346e494f707
2025-10-14,blhe20251014min.pdf,blhe,,,https://council.vancouver.ca/20251014/documents/blhe20251014min.pdf,20251114043746,https://web.archive.org/web/20251114043746id_/https://council.vancouver.ca/20251014/documents/blhe20251014min.pdf,application/pdf,174468,923e4fa987f3cdadf98a5691b42add40040eca97f612bd37f323e19ab56a14ab
2025-10-21,phea20251021min.pdf,phea,Public Hearing,,https://council.vancouver.ca/20251021/documents/phea20251021min.pdf,20251026170310,https://web.archive.org/web/20251026170310id_/https://council.vancouver.ca/20251021/documents/phea20251021min.pdf,application/pdf,103282,0d8c94194071cbc76ea9914b4eaa726d9fc936f594c92bfa3fda4b0a0cf79900
2025-10-21,regu20251021min.pdf,regu,Regular Council,,https://council.vancouver.ca/20251021/documents/regu20251021min.pdf,20251114041420,https://web.archive.org/web/20251114041420id_/https://council.vancouver.ca/20251021/documents/regu20251021min.pdf,application/pdf,258676,fe3883c816f3d8ed12ca9bdf42e5d15591becf4b87613e2371fb26670d2a5415
2025-10-23,phea20251023min.pdf,phea,Public Hearing,,https://council.vancouver.ca/20251023/documents/phea20251023min.pdf,20251114041352,https://web.archive.org/web/20251114041352id_/https://council.vancouver.ca/20251023/documents/phea20251023min.pdf,application/pdf,209505,daea315f49d6ca948c1fb222303aa34c6aed96f3683f25704c0586b7d382ebce
2025-11-04,regu20251104min.pdf,regu,Regular Council,,https://council.vancouver.ca/20251104/documents/regu20251104min.pdf,20251114045018,https://web.archive.org/web/20251114045018id_/https://council.vancouver.ca/20251104/documents/regu20251104min.pdf,application/pdf,293050,08378de3cca6d375e4f2cc6daee6bb6f5b106ce4675b079c538825602c8f7ca0
2025-11-05,cfsc20251105min.pdf,cfsc,Standing Committee on City Finance and Services,,https://council.vancouver.ca/20251105/documents/cfsc20251105min.pdf,20260920114739,https://web.archive.org/web/20260920114739id_/https://council.vancouver.ca/20251105/documents/cfsc20251105min.pdf,application/pdf,625349,306a532a331c151ec7e2e7b3f3071faf748920e18ad3bbf4a8d752caba10cb0b
2025-11-06,agc20251106min.pdf,agc,,,https://council.vancouver.ca/20251106/documents/agc20251106min.pdf,20251225033524,https://web.archive.org/web/20251225033524id_/https://council.vancouver.ca/20251106/documents/agc20251106min.pdf,application/pdf,27915,368cde228cfd786c2db991c5ad5bd9fa75946a73bbbb4d281bcf758952c71844
2025-11-26,pspc20251126min.pdf,pspc,,,https://council.vancouver.ca/20251126/documents/pspc20251126min.pdf,20260116002533,https://web.archive.org/web/20260116002533id_/https://council.vancouver.ca/20251126/documents/pspc20251126min.pdf,application/pdf,404159,8b92c764912c8a682e7447dce55f6ba06f9ad003433df6785421d7f179eb667e
2025-12-04,agc20251204min.pdf,agc,,,https://council.vancouver.ca/20251204/documents/agc20251204min.pdf,20260116000211,https://web.archive.org/web/20260116000211id_/https://council.vancouver.ca/20251204/documents/agc20251204min.pdf,application/pdf,29204,c7fc5f20dd52c9776704054769b2dfbe2cdfd3039ad72398d249f4284b670fbf
2025-12-04,phea20251204min.pdf,phea,Public Hearing,,https://council.vancouver.ca/20251204/documents/phea20251204min.pdf,20260115224836,https://web.archive.org/web/20260115224836id_/https://council.vancouver.ca/20251204/documents/phea20251204min.pdf,application/pdf,209645,edd9bd779ac1f25d5654b43bf3193ec5a82394969daa7f9fd909aa168eb647fc
2025-12-09,phea20251209min.pdf,phea,Public Hearing,,https://council.vancouver.ca/20251209/documents/phea20251209min.pdf,20260116023308,https://web.archive.org/web/20260116023308id_/https://council.vancouver.ca/20251209/documents/phea20251209min.pdf,application/pdf,263898,d3770224d0c7c7dc0cd6427ea1beb5d6c2934dd0178fcfbcb01a52c46bd6a565
2025-12-09,regu20251209min.pdf,regu,Regular Council,,https://council.vancouver.ca/20251209/documents/regu20251209min.pdf,20260115213043,https://web.archive.org/web/20260115213043id_/https://council.vancouver.ca/20251209/documents/regu20251209min.pdf,application/pdf,234553,ac7cfe857b9bec051468299d6757fa1577d7c4a01cd74ed765d4800db599cd1a
2025-12-10,cfsc20251210min.pdf,cfsc,Standing Committee on City Finance and Services,,https://council.vancouver.ca/20251210/documents/cfsc20251210min.pdf,20260103000315,https://web.archive.org/web/20260103000315id_/https://council.vancouver.ca/20251210/documents/cfsc20251210min.pdf,application/pdf,273229,142c0d45dda5a62bd77c8188ac4cdefde2e92281d0962790e50d63dd2dce2ef1
2025-12-10,spec20251210min.pdf,spec,Special Council,,https://council.vancouver.ca/20251210/documents/spec20251210min.pdf,20260115222902,https://web.archive.org/web/20260115222902id_/https://council.vancouver.ca/20251210/documents/spec20251210min.pdf,application/pdf,28171,2f16e2db53988b69e1c94d1211592d8f6a39f36e3e7f54ebd5e901225487fd48
2026-01-20,regu20250120min.pdf,regu,Regular Council,,https://council.vancouver.ca/20260120/documents/regu20250120min.pdf,20260505041357,https://web.archive.org/web/20260505041357id_/https://council.vancouver.ca/20260120/documents/regu20250120min.pdf,application/pdf,469042,ccf3e07f57187f60b0207a11faf2b9d9c8e0046e24bf2f4c123518d1c6a94a93
2026-03-10,regu20260310min.pdf,regu,Regular Council,,https://council.vancouver.ca/20260310/documents/regu20260310min.pdf,20260327073218,https://web.archive.org/web/20260327073218id_/https://council.vancouver.ca/20260310/documents/regu20260310min.pdf,application/pdf,328898,ac32a462ed31c4b58e99905e0a312709378f9fc091a9be5cc2f276e4b7e6634a
2026-03-31,regu20260331min.pdf,regu,Regular Council,,https://council.vancouver.ca/20260331/documents/regu20260331min.pdf,20260410083759,https://web.archive.org/web/20260410083759id_/https://council.vancouver.ca/20260331/documents/regu20260331min.pdf,application/pdf,289521,30c93a3b84e5039267945404d6305014380023523e4ff783263709b048467463
2026-04-14,phea20260414min.pdf,phea,Public Hearing,,https://council.vancouver.ca/20260414/documents/phea20260414min.pdf,20260430215152,https://web.archive.org/web/20260430215152id_/https://council.vancouver.ca/20260414/documents/phea20260414min.pdf,application/pdf,463984,cf24056e900b76ea16729ea3975437e7dce623ab3203c0e3a36b35066f35ae69
2026-04-14,regu20260414min.pdf,regu,Regular Council,,https://council.vancouver.ca/20260414/documents/regu20260414min.pdf,20260430141438,https://web.archive.org/web/20260430141438id_/https://council.vancouver.ca/20260414/documents/regu20260414min.pdf,application/pdf,324098,8f76e9b2700ee6a38737a89510739b5ee562540ce39b58228d872a823359fc10
2026-04-22,cfsc20260222min.pdf,cfsc,Standing Committee on City Finance and Services,,https://council.vancouver.ca/20260422/documents/cfsc20260222min.pdf,20260519173102,https://web.archive.org/web/20260519173102id_/https://council.vancouver.ca/20260422/documents/cfsc20260222min.pdf,application/pdf,451196,77d0d55decf0245c2e32da759e828ecc51138988d8f05cb6125937aaa8b1d578
2026-05-05,phea20260505min.pdf,phea,Public Hearing,,https://council.vancouver.ca/20260505/documents/phea20260505min.pdf,20260519175929,https://web.archive.org/web/20260519175929id_/https://council.vancouver.ca/20260505/documents/phea20260505min.pdf,application/pdf,221890,14d559cd5c1cab42ae758cd143de1b4cc54c0919aaa4d98cc3f368bee158c466
2026-05-05,regu20260505min.pdf,regu,Regular Council,,https://council.vancouver.ca/20260505/documents/regu20260505min.pdf,20260731165810,https://web.archive.org/web/20260731165810id_/https://council.vancouver.ca/20260505/documents/regu20260505min.pdf,application/pdf,378522,bc12962cfd822f77ac7f124e8ab4fc1f79bd2750d016838d228aa832d86e7820
2026-05-07,agc20260507min.pdf,agc,,,https://council.vancouver.ca/20260507/documents/agc20260507min.pdf,20260716201607,https://web.archive.org/web/20260716201607id_/https://council.vancouver.ca/20260507/documents/agc20260507min.pdf,application/pdf,155033,0eff9988058fc6134d8a0adcb7cf06db37ff03a32391a12c13197d9f5041a966
2026-05-12,blhe20260512min.pdf,blhe,,,https://council.vancouver.ca/20260512/documents/blhe20260512min.pdf,20260813041310,https://web.archive.org/web/20260813041310id_/https://council.vancouver.ca/20260512/documents/blhe20260512min.pdf,application/pdf,192424,2e0ad255d13ad53d9d6b3c1936620f6a2866c0279b89d62911d4214f9db8e1a2
2026-05-19,regu20260519min.pdf,regu,Regular Council,,https://council.vancouver.ca/20260519/documents/regu20260519min.pdf,20260716063945,https://web.archive.org/web/20260716063945id_/https://council.vancouver.ca/20260519/documents/regu20260519min.pdf,application/pdf,4833204,c88a8065ac210ef20acb422bdf209e338391ff26ea96714af0ffb1002faaba65
2026-05-20,cfsc20260520min.pdf,cfsc,Standing Committee on City Finance and Services,,https://council.vancouver.ca/20260520/documents/cfsc20260520min.pdf,20260908213445,https://web.archive.org/web/20260908213445id_/https://council.vancouver.ca/20260520/documents/cfsc20260520min.pdf,application/pdf,399638,ef82b7467dad62c78e6b22ee652bff1781a378cd893905b7158de4c45abf7d34
2026-06-02,phea20260602min.pdf,phea,Public Hearing,,https://council.vancouver.ca/20260602/documents/phea20260602min.pdf,20260724111406,https://web.archive.org/web/20260724111406id_/https://council.vancouver.ca/20260602/documents/phea20260602min.pdf,application/pdf,65223,d9bdc6bf3c4c90a44690599931b7a81cf339a79309523987e09089aadd2ee950
2026-06-03,pspc20260603min.pdf,pspc,,,https://council.vancouver.ca/20260603/documents/pspc20260603min.pdf,20260917222535,https://web.archive.org/web/20260917222535id_/https://council.vancouver.ca/20260603/documents/pspc20260603min.pdf,application/pdf,300762,0dabe436704b3764657bb4fd0f94f965a6da0ca412197bedf1f2737c7663ac70
2026-06-09,spec20260609min.pdf,spec,Special Council,,https://council.vancouver.ca/20260609/documents/spec20260609min.pdf,20260715231157,https://web.archive.org/web/20260715231157id_/https://council.vancouver.ca/20260609/documents/spec20260609min.pdf,application/pdf,132884,8f5430b17a3f032450c68f3dbbe0e0e0b00dd828757d01f82ac2f2a6a4563b53
2026-06-10,blhe20260610min.pdf,blhe,,,https://council.vancouver.ca/20260610/documents/blhe20260610min.pdf,20260716070644,https://web.archive.org/web/20260716070644id_/https://council.vancouver.ca/20260610/documents/blhe20260610min.pdf,application/pdf,193648,b53513c9f805519ded551605baad911b6f763fbc7a5273b0bb1fc477bdf92e30
2026-07-06,btfc20260706min.pdf,btfc,,,https://council.vancouver.ca/20260706/documents/btfc20260706min.pdf,20260810110006,https://web.archive.org/web/20260810110006id_/https://council.vancouver.ca/20260706/documents/btfc20260706min.pdf,application/pdf,132160,222618c145f8a5bc6d93c82ec3f81f4aa64e1c9fd1c23cd55952ab01c6a16456
2026-07-15,cfsc20260715min.pdf,cfsc,Standing Committee on City Finance and Services,,https://council.vancouver.ca/20260715/documents/cfsc20260715min.pdf?utm_campaign=a-tale-of-two-cities-the-tech-tension-in-council-s-vision-for-the-future-of-vancouver&utm_medium=referral&utm_source=www.vancitylookout.com,20260901063516,https://web.archive.org/web/20260901063516id_/https://council.vancouver.ca/20260715/documents/cfsc20260715min.pdf?utm_campaign=a-tale-of-two-cities-the-tech-tension-in-council-s-vision-for-the-future-of-vancouver&utm_medium=referral&utm_source=www.vancitylookout.com,application/pdf,507017,be624dc6d1401eb664b6ffa2c07345cf9fa91114eddc02bf0b39330a2a7bba9d
