identifier,title,meeting_date,text_file,page_index_file,pdf_file,pages,text_bytes,sha256,license_url,item_url
19720208,"Council Meeting Minutes : Feb. 8, 1972",,1972-02-08_djvu.xml,,1972-02-08.pdf,46,104134,faa06388694ad20bf8512232bb0e6e25c0fb3dc54b7c78a447c3e28310d7687a,http://creativecommons.org/publicdomain/zero/1.0/,https://archive.org/details/19720208
19700107,"Council Meeting Minutes Jan. 7, 1970",1970-01-07,1970-01-07_djvu.xml,,1970-01-07.pdf,53,108853,979ebab6aa8bea386890d783cb602101dda1072475b8154c07131dd47bcb0f83,,https://archive.org/details/19700107
19700113,"Council Meeting Minutes : Jan. 13, 1970",1970-01-13,1970-01-13_djvu.xml,,1970-01-13.pdf,46,103722,8a31233b65888a243bdd4f519fcb593f6da8ad9150316613ddc24a23254c309f,http://creativecommons.org/publicdomain/zero/1.0/,https://archive.org/details/19700113
19700120," Council Meeting Minutes : Jan. 20, 1970 ",1970-01-20,1970-01-20_djvu.xml,,1970-01-20.pdf,49,101808,d1c47b3bc1f12fe5d9a653eb224c112cbc53518345ce8c0a4c702c58b8ecf05f,http://creativecommons.org/publicdomain/zero/1.0/,https://archive.org/details/19700120
19700127,"Council Meeting Minutes : Jan. 27, 1970",1970-01-27,1970-01-27_djvu.xml,,1970-01-27.pdf,45,99586,3f34174e6f15254faf3fe446affe8833208bcdfd449834f5ad26f69c482e9ca3,http://creativecommons.org/publicdomain/zero/1.0/,https://archive.org/details/19700127
19700129SPEC,"Special Council Meeting Minutes : Jan. 29, 1970",1970-01-29,1970-01-29_SPEC_djvu.xml,,1970-01-29_SPEC.pdf,2,2562,473e75aeb49401f9f62264d4485078ed73615555332e7a99987b8936bf4e7e75,http://creativecommons.org/publicdomain/zero/1.0/,https://archive.org/details/19700129SPEC
19700203,"Council Meeting Minutes : Feb. 3, 1970",1970-02-03,1970-02-03_djvu.xml,,1970-02-03.pdf,32,58401,702f5fcae3a2f2e86a7618a7c718aa3bdd7188879dcbb912a56dff3e9a62c7cc,http://creativecommons.org/publicdomain/zero/1.0/,https://archive.org/details/19700203
19700210,"Council Meeting Minutes : Feb. 10, 1970",1970-02-10,1970-02-10_djvu.xml,,1970-02-10.pdf,42,95261,e071e563d21dff46e3cd9ede0165931598e37c86e3af71eebfb9e14a5bc919a3,http://creativecommons.org/publicdomain/zero/1.0/,https://archive.org/details/19700210
19700217,"Council Meeting Minutes : Feb. 17, 1970",1970-02-17,1970-02-17_djvu.xml,,1970-02-17.pdf,53,119766,8782a8ce678b948074e64150c9761da9133ce0ab81117bcf69620f170fc46b22,http://creativecommons.org/publicdomain/zero/1.0/,https://archive.org/details/19700217
19700224,"Council Meeting Minutes : Feb. 24, 1970",1970-02-24,1970-02-24_djvu.xml,,1970-02-24.pdf,54,124517,5872761350f36e60c193f28c03e254c188910f0a3c39808ceef0ae7dd1ce676e,http://creativecommons.org/publicdomain/zero/1.0/,https://archive.org/details/19700224
19700303,"Council Meeting Minutes : Mar. 3, 1970",1970-03-03,1970-03-03_djvu.xml,,1970-03-03.pdf,41,90067,abe3092cd250ca461816401ab7bd33d19954d96005784f2c40ff85cf0ce6c2aa,http://creativecommons.org/licenses/by-nd/3.0/,https://archive.org/details/19700303
19700310,"Council Meeting Minutes : Mar. 10, 1970",1970-03-10,1970-03-10_djvu.xml,,1970-03-10.pdf,41,85413,4a945f3b403c51585cfbf589102c73e269828aab2ce82ce77700b2df782fa989,http://creativecommons.org/publicdomain/zero/1.0/,https://archive.org/details/19700310
19700312SPEC,"Special Council Meeting Minutes : Mar. 12, 1970",1970-03-12,1970-03-12_SPEC_djvu.xml,,1970-03-12_SPEC.pdf,4,8190,4dd7c8de839afc225e6afc3186044eb013a3c5002cd23a1a74b8516ad4829af4,http://creativecommons.org/publicdomain/zero/1.0/,https://archive.org/details/19700312SPEC
19700317,"Council Meeting Minutes : Mar. 17, 1970",1970-03-17,1970-03-17_djvu.xml,,1970-03-17.pdf,36,75786,f55d990bcb1bc9209a3d4eb8ead5c154e8a969b69d145c9d70e5ce82ea9532e2,http://creativecommons.org/publicdomain/zero/1.0/,https://archive.org/details/19700317
19700324,"Council Meeting Minutes : Mar. 24, 1970",1970-03-24,1970-03-24_djvu.xml,,1970-03-24.pdf,58,128083,14f32557d959e0215b1f970acb87ee27968f09a94aad083a42a9c09b2c96681a,http://creativecommons.org/publicdomain/zero/1.0/,https://archive.org/details/19700324
19700326SPEC,"Special Council Meeting Minutes : Mar. 26, 1970",1970-03-26,1970-03-26_SPEC_djvu.xml,,1970-03-26_SPEC.pdf,6,14085,dd243a2c2b6b1070f5f3a34a94bca6c83fe057abee925cfe12781132f7edbbcf,http://creativecommons.org/publicdomain/zero/1.0/,https://archive.org/details/19700326SPEC
19700407,"Council Meeting Minutes : Apr. 7, 1970",1970-04-07,1970-04-07_djvu.xml,,1970-04-07.pdf,48,106649,524069b628900f192956fa07e8b85efe308cbc49a19c6f293bfb0449b3868212,http://creativecommons.org/publicdomain/zero/1.0/,https://archive.org/details/19700407
19700409SPEC,"Special Council Meeting Minutes : Apr. 9, 1970",1970-04-09,1970-04-09_SPEC_djvu.xml,,1970-04-09_SPEC.pdf,8,18586,eea9d3145cff456e01b07b417049ddc4359d1382d634df9e4aec76f8eb1a6fd3,http://creativecommons.org/publicdomain/zero/1.0/,https://archive.org/details/19700409SPEC
19700414,"Council Meeting Minutes : Apr. 14, 1970",1970-04-14,1970-04-14_djvu.xml,,1970-04-14.pdf,55,104551,7fe2a5194c9c7e53310ed70ade0a79e304e08f349542180f258afa27681dffa3,http://creativecommons.org/publicdomain/zero/1.0/,https://archive.org/details/19700414
19700421,"Council Meeting Minutes : Apr. 21, 1970",1970-04-21,1970-04-21_djvu.xml,,1970-04-21.pdf,31,62998,bc714a2f977145a2734e0474541ede2492229b4587f5b554e439a0ffcefc7933,http://creativecommons.org/publicdomain/zero/1.0/,https://archive.org/details/19700421
19700428,"Council Meeting Minutes : Apr. 28, 1970",1970-04-28,1970-04-28_djvu.xml,,1970-04-28.pdf,46,97533,f2ae355cfb9ffc50f933b892842dc9610725b64da6acb02323bf42e7b647ed68,http://creativecommons.org/publicdomain/zero/1.0/,https://archive.org/details/19700428
19700505,"Council Meeting Minutes : May 5, 1970",1970-05-05,1970-05-05_djvu.xml,,1970-05-05.pdf,56,126356,173fa5fb402b3e485e73e254958af687fa5db3e20f72cd195fb4e09eca52a2e6,http://creativecommons.org/publicdomain/zero/1.0/,https://archive.org/details/19700505
19700512,"Council Meeting Minutes : May 12, 1970",1970-05-12,1970-05-12_djvu.xml,,1970-05-12.pdf,59,129106,986192f82600d9627f67d0175756a6939455f5a31d78ad2cac15e2feed5aeccc,http://creativecommons.org/publicdomain/zero/1.0/,https://archive.org/details/19700512
19700526,"Council Meeting Minutes : May 26, 1970",1970-05-26,1970-05-26_djvu.xml,,1970-05-26.pdf,78,157064,a108bb236b59ad435966973521fb79573264cb7e22d31c3365617b446ed7a78e,http://creativecommons.org/publicdomain/zero/1.0/,https://archive.org/details/19700526
19700609,"Council Meeting Minutes : June 9, 1970",1970-06-09,1970-06-09_djvu.xml,,1970-06-09.pdf,63,140660,1e2f88398783c8c9ba7644adfec87c119872981452ea3eb9ed6d1600ce1bf28c,http://creativecommons.org/publicdomain/zero/1.0/,https://archive.org/details/19700609
19700616,"Council Meeting Minutes : June 16, 1970",1970-06-16,1970-06-16_djvu.xml,,1970-06-16.pdf,36,74373,c91209299d217becb467e93d3d37f21c27061e976215161431546b7590d279e5,http://creativecommons.org/publicdomain/zero/1.0/,https://archive.org/details/19700616
19700618SPEC,"Special Council Meeting Minutes : June 18, 1970",1970-06-18,1970-06-18_SPEC_djvu.xml,,1970-06-18_SPEC.pdf,8,17223,e19631bd20917bdf873190667d8110f521848f5706bc16a578595683fce52d75,http://creativecommons.org/publicdomain/zero/1.0/,https://archive.org/details/19700618SPEC
19700623,"Council Meeting Minutes : June 23, 1970",1970-06-23,1970-06-23_djvu.xml,,1970-06-23.pdf,42,98499,ec911b0390b2974199ac7a5f64e61c81755fde65470798ecff330d6a83bfb3c5,http://creativecommons.org/publicdomain/zero/1.0/,https://archive.org/details/19700623
19700707,"Council Meeting Minutes : July 7, 1970",1970-07-07,1970-07-07_djvu.xml,,1970-07-07.pdf,12,24358,5bbe0d26827c8350aa2511d5538b5e5e68a6265ec63063f01d417a79d4f5fdef,http://creativecommons.org/publicdomain/zero/1.0/,https://archive.org/details/19700707
19700709,"Council Meeting Minutes (adjourned from 1970-07-07) : July 9, 1970",1970-07-09,1970-07-09_djvu.xml,,1970-07-09.pdf,72,165580,2aa454c2d3f1b7bed872f9273e00fca4577b49c3e15ee1335126acd44b327af0,http://creativecommons.org/publicdomain/zero/1.0/,https://archive.org/details/19700709
19700714,"Council Meeting Minutes : July 14, 1970",1970-07-14,1970-07-14_djvu.xml,,1970-07-14.pdf,41,85667,d9f38207850ab5559a5f43ffc21cb389acd0dd11308449371e39e29a2a3538f8,http://creativecommons.org/publicdomain/zero/1.0/,https://archive.org/details/19700714
19700714SPEC,"Special Council Meeting Minutes : July 14, 1970",1970-07-14,1970-07-14_SPEC_djvu.xml,,1970-07-14_SPEC.pdf,4,7880,574c8045bfe1d7c14805c28936a1a3b50e633f8db712344c102c531a3d18e5d1,http://creativecommons.org/publicdomain/zero/1.0/,https://archive.org/details/19700714SPEC
19700721,"Council Meeting Minutes : July 21, 1970",1970-07-21,1970-07-21_djvu.xml,,1970-07-21.pdf,35,70339,2c19a1066ee9074e9ff76b807cc5d805c0db8b9e245379dc45ab3c0c72d9caee,http://creativecommons.org/publicdomain/zero/1.0/,https://archive.org/details/19700721
19700728,"Council Meeting Minutes : July 28, 1970",1970-07-28,1970-07-28_djvu.xml,,1970-07-28.pdf,34,71922,31c66d72601e84b9988911dae7f620fcefd60e41abca39eb4aaa54f512d1307f,http://creativecommons.org/publicdomain/zero/1.0/,https://archive.org/details/19700728
19700804,"Council Meeting Minutes : Aug. 4, 1970",1970-08-04,1970-08-04_djvu.xml,,1970-08-04.pdf,41,84338,1ae6c522671a36fcec1f2a487e1dcf56ac51cee3554982d2080995ece671ccc0,http://creativecommons.org/publicdomain/zero/1.0/,https://archive.org/details/19700804
19700811,"Council Meeting Minutes : Aug. 11, 1970",1970-08-11,1970-08-11_djvu.xml,,1970-08-11.pdf,35,72209,8afb64393fb93bcaa2da5a8cce37dc5d54e817cf5557864e3513db71f66c78b9,http://creativecommons.org/publicdomain/zero/1.0/,https://archive.org/details/19700811
19700818,"Council Meeting Minutes : Aug. 18, 1970",1970-08-18,1970-08-18_djvu.xml,,1970-08-18.pdf,33,69920,68ad497d48260652ebc8b4fe182326b8fad7bc371614d6afd64a131044cd30b9,http://creativecommons.org/publicdomain/zero/1.0/,https://archive.org/details/19700818
19700825,"Council Meeting Minutes : Aug. 25, 1970",1970-08-25,1970-08-25_djvu.xml,,1970-08-25.pdf,52,116003,169a916592bac742dbcd0ef12315649f1ed9767a7c79fc92cc446082a5060a34,http://creativecommons.org/publicdomain/zero/1.0/,https://archive.org/details/19700825
19700827SPEC,"Special Council Meeting Minutes : Aug. 27, 1970",1970-08-27,1970-08-27_SPEC_djvu.xml,,1970-08-27_SPEC.pdf,10,21680,122de4eb140fb192683f0eb90ba14c62e4ecaea5e6e2b20e7a8aa006bfb78203,http://creativecommons.org/publicdomain/zero/1.0/,https://archive.org/details/19700827SPEC
19700901,"Council Meeting Minutes : Sept. 1, 1970",1970-09-01,1970-09-01_djvu.xml,,1970-09-01.pdf,34,71635,3c4f528ea68c831ed98db817a9c783b3b9ff8db7ca3cdcb7adb001c82710d903,http://creativecommons.org/publicdomain/zero/1.0/,https://archive.org/details/19700901
19700908,"Council Meeting Minutes : Sept. 8, 1970",1970-09-08,1970-09-08_djvu.xml,,1970-09-08.pdf,32,67056,25b8619f6001c7d65b2b42bd37501a4d87da3cb0cd8377f5ba8f4e20df2832a6,http://creativecommons.org/publicdomain/zero/1.0/,https://archive.org/details/19700908
19700910SPEC,"Special Council Meeting Minutes : Sept. 10, 1970",1970-09-10,1970-09-10_SPEC_djvu.xml,,1970-09-10_SPEC.pdf,3,4495,3e0df80c0889068dd4ffbadeb584ef10634ba25908ee5d5a30a4921ff19e88b9,http://creativecommons.org/publicdomain/zero/1.0/,https://archive.org/details/19700910SPEC
19700922,"Council Meeting Minutes : Sept. 22, 1970",1970-09-22,1970-09-22_djvu.xml,,1970-09-22.pdf,69,154710,50d72d21ed1a4348f6eb0bda963fea9862503c419f0ada7d3dbab500f991a8e0,http://creativecommons.org/publicdomain/zero/1.0/,https://archive.org/details/19700922
19700929,"Council Meeting Minutes : Sept. 29, 1970",1970-09-29,1970-09-29_djvu.xml,,1970-09-29.pdf,36,74252,631802796fd3a737b901cfda1685cf8d44a5341e99673f1a04b8ea5434a09707,http://creativecommons.org/publicdomain/zero/1.0/,https://archive.org/details/19700929
19701006,"Council Meeting Minutes : Oct. 6, 1970",1970-10-06,1970-10-06_djvu.xml,,1970-10-06.pdf,46,104909,093a133eff224979caeb76738abe7ece7bc731d18b8df3abc1707b568b535569,http://creativecommons.org/publicdomain/zero/1.0/,https://archive.org/details/19701006
19701008SPEC,"Special Council Meeting Minutes : Oct. 8, 1970",1970-10-08,1970-10-08_SPEC_djvu.xml,,1970-10-08_SPEC.pdf,2,2331,f7dcdd9909b45dbfad9b545172cbc140d61eb47812347265395986a5b63c58f5,http://creativecommons.org/publicdomain/zero/1.0/,https://archive.org/details/19701008SPEC
19701020,"Council Meeting Minutes : Oct. 20, 1970",1970-10-20,1970-10-20_djvu.xml,,1970-10-20.pdf,46,92345,af9d06c48a4bc2dc1c790488690a9f103699bc688fa12135e7aebb377e92ea85,http://creativecommons.org/publicdomain/zero/1.0/,https://archive.org/details/19701020
19701022SPEC,"Special Council Meeting Minutes : Oct. 22, 1970",1970-10-22,1970-10-22_SPEC_djvu.xml,,1970-10-22_SPEC.pdf,5,8817,3657bc0d3ca4fabe1b1dda61673e0de831ddc4b0d11639388429d2cf1722c68e,http://creativecommons.org/publicdomain/zero/1.0/,https://archive.org/details/19701022SPEC
19701027,"Council Meeting Minutes : Oct. 27, 1970",1970-10-27,1970-10-27_djvu.xml,,1970-10-27.pdf,27,50537,89f3225d0440232bbbca97ee29fe70306912f6d1303b63cfd3c45c9c0277a0d7,http://creativecommons.org/publicdomain/zero/1.0/,https://archive.org/details/19701027
19701029SPEC,"Special Council Meeting Minutes : Oct. 29, 1970",1970-10-29,1970-10-29_SPEC_djvu.xml,,1970-10-29_SPEC.pdf,5,10576,5a70fb4d426a320c0291f579a8cb9f325b865c5e0de539cf36c98c68c033d2e0,http://creativecommons.org/publicdomain/zero/1.0/,https://archive.org/details/19701029SPEC
19701103,"Council Meeting Minutes : Nov. 3, 1970",1970-11-03,1970-11-03_djvu.xml,,1970-11-03.pdf,40,82420,edde0069332e6e5cf02432bac4e1983967e9fdb9fbc3f6dffbfdd20f7ca9defe,http://creativecommons.org/publicdomain/zero/1.0/,https://archive.org/details/19701103
19701110,"Council Meeting Minutes : Nov. 10, 1970",1970-11-10,1970-11-10_djvu.xml,,1970-11-10.pdf,40,83487,fc6b648c3433344b68a9004c4b03b989a9fa223f038768629e23e94dbe75de6e,http://creativecommons.org/publicdomain/zero/1.0/,https://archive.org/details/19701110
19701117,"Council Meeting Minutes : Nov. 17, 1970",1970-11-17,1970-11-17_djvu.xml,,1970-11-17.pdf,49,102776,4752b73ae1473b1f6d0144602f78d50ee73b5f748e03239683462ef5f0f0c678,http://creativecommons.org/publicdomain/zero/1.0/,https://archive.org/details/19701117
19701124,"Council Meeting Minutes : Nov. 24, 1970",1970-11-24,1970-11-24_djvu.xml,,1970-11-24.pdf,46,100014,d73ebefc0de23d33f0de764c1dae3c0e136efd34b60adc9b5c33069510e2217a,http://creativecommons.org/publicdomain/zero/1.0/,https://archive.org/details/19701124
19701201,"Council Meeting Minutes : Dec. 1, 1970",1970-12-01,1970-12-01_djvu.xml,,1970-12-01.pdf,60,128281,e334fce41f5d9208248b7a18f7b99e329b30540840b42e7e7d06f30cf3f481d4,http://creativecommons.org/publicdomain/zero/1.0/,https://archive.org/details/19701201
19701215,"Council Meeting Minutes : Dec. 15, 1970",1970-12-15,1970-12-15_djvu.xml,,1970-12-15.pdf,72,158904,f0f9be9674450b5fab87582d69ac411250fc5dde0bacd2d4b98848d66e612f55,http://creativecommons.org/publicdomain/zero/1.0/,https://archive.org/details/19701215
19701222,"Council Meeting Minutes : Dec. 22, 1970",1970-12-22,1970-12-22_djvu.xml,,1970-12-22.pdf,51,112419,71213e8d0ab187d563207142d66e7b745d8faef45c8dea75d6e1d4010d8f2b35,http://creativecommons.org/publicdomain/zero/1.0/,https://archive.org/details/19701222
19710106,"Council Meeting Minutes : Jan. 6, 1971",1971-01-06,1971-01-06_djvu.xml,,1971-01-06.pdf,43,86603,1ab13f07b9b924faef12bed7e59e30a8d8ae9c0d06d8acbbe4e8484e56f689af,http://creativecommons.org/publicdomain/zero/1.0/,https://archive.org/details/19710106
19710112,"Council Meeting Minutes : Jan. 12, 1971",1971-01-12,1971-01-12_djvu.xml,,1971-01-12.pdf,23,49313,4e25613565e5c3d265131035c34421028b42b4c9cb81d7438d5edb0ff25df22c,http://creativecommons.org/publicdomain/zero/1.0/,https://archive.org/details/19710112
19710119,"Council Meeting Minutes : Jan. 19, 1971",1971-01-19,1971-01-19_djvu.xml,,1971-01-19.pdf,39,81774,5d70edde551f5a44ce361f7d33bcaf73790d3cdfee4d25762ba613507241b082,http://creativecommons.org/publicdomain/zero/1.0/,https://archive.org/details/19710119
19710126,"Council Meeting Minutes : Jan. 26, 1971",1971-01-26,1971-01-26_djvu.xml,,1971-01-26.pdf,40,87388,c9a4e2e14cbdfa684ebae5c4cbad1f4de95e3b51b3b57cfb67015614088fa5b2,http://creativecommons.org/publicdomain/zero/1.0/,https://archive.org/details/19710126
19710202,"Council Meeting Minutes : Feb. 2, 1971",1971-02-02,1971-02-02_djvu.xml,,1971-02-02.pdf,38,79796,10a5abd90db984badabe5ed39a8f61e01fbff58c427aa3016044c6d2f19be193,http://creativecommons.org/publicdomain/zero/1.0/,https://archive.org/details/19710202
19710209,"Council Meeting Minutes : Feb. 9, 1971",1971-02-09,1971-02-09_djvu.xml,,1971-02-09.pdf,47,97492,777b70ccc9b1375349ab89d37112a1e09428bf2dd87e395048aaa50a14d78a92,http://creativecommons.org/publicdomain/zero/1.0/,https://archive.org/details/19710209
19710216,"Council Meeting Minutes : Feb. 16, 1971",1971-02-16,1971-02-16_djvu.xml,,1971-02-16.pdf,59,125969,757ef567ea2d19773c58546d5cb482700ce7ffa09fcb975655c03b55775e4fca,http://creativecommons.org/publicdomain/zero/1.0/,https://archive.org/details/19710216
19710223,"Council Meeting Minutes : Feb. 23, 1971",1971-02-23,1971-02-23_djvu.xml,,1971-02-23.pdf,48,103472,1eecf45b781f1f9970cd1c6ed11e5bc6e98bf071179e87e6676ebbd14ffe5249,http://creativecommons.org/publicdomain/zero/1.0/,https://archive.org/details/19710223
19710302,"Council Meeting Minutes : Mar. 2, 1971",1971-03-02,1971-03-02_djvu.xml,,1971-03-02.pdf,38,76784,0814e756194dfcc7b29a0076bd93fbed4d6c6ca9eb177c1f7c0a0bfe7f8ee02b,http://creativecommons.org/publicdomain/zero/1.0/,https://archive.org/details/19710302
19710309,"Council Meeting Minutes : Mar. 9, 1971",1971-03-09,1971-03-09_djvu.xml,,1971-03-09.pdf,56,118155,c9ea946521539b7f079b27878504f57e3a26f3c06b71fe0efed83ca815f257a4,http://creativecommons.org/publicdomain/zero/1.0/,https://archive.org/details/19710309
19710311SPEC,"Special Council Meeting Minutes : Mar. 11, 1971",1971-03-11,1971-03-11_SPEC_djvu.xml,,1971-03-11_SPEC.pdf,2,4005,d0ffb10015a16cb177480ef55e56594eff5d7df2f0511e384cd9731a896a4820,http://creativecommons.org/publicdomain/zero/1.0/,https://archive.org/details/19710311SPEC
19710316,"Council Meeting Minutes : Mar. 16, 1971",1971-03-16,1971-03-16_djvu.xml,,1971-03-16.pdf,46,99760,3f7090c34421304638797479f548fb5457b11f8a1689f1944504d952cdb0c9a3,http://creativecommons.org/publicdomain/zero/1.0/,https://archive.org/details/19710316
19710323,"Council Meeting Minutes : Mar. 23, 1971",1971-03-23,1971-03-23_djvu.xml,,1971-03-23.pdf,45,92650,27d45d66be1c5e2ddab236e2d0bf66e0e3166cbf23dfee0b6b6e952f4b2727b8,http://creativecommons.org/publicdomain/zero/1.0/,https://archive.org/details/19710323
19710330,"Council Meeting Minutes : Mar. 30, 1971",1971-03-30,1971-03-30_djvu.xml,,1971-03-30.pdf,61,131939,48853a3145d7dcb954a022f99e05b3c2409d1ac1e84257d376278bb19d400ab1,http://creativecommons.org/publicdomain/zero/1.0/,https://archive.org/details/19710330
19710406,"Council Meeting Minutes : Apr. 6, 1971",1971-04-06,1971-04-06_djvu.xml,,1971-04-06.pdf,76,176588,27b24a831a9c787f16f7126392643a3aa3a74891eb50bdb78a27b9e871849f20,http://creativecommons.org/publicdomain/zero/1.0/,https://archive.org/details/19710406
19710420,"Council Meeting Minutes : Apr. 20, 1971",1971-04-20,1971-04-20_djvu.xml,,1971-04-20.pdf,70,152750,4cc05a91d84a8a0e2fc65e2178840d0ed95731e45e54c278d936c8d7eb9d42e5,http://creativecommons.org/publicdomain/zero/1.0/,https://archive.org/details/19710420
19710427,"Council Meeting Minutes : Apr. 27, 1971",1971-04-27,1971-04-27_djvu.xml,,1971-04-27.pdf,54,118804,cd41d1ca696d8efbdff45720d663ffa47dc176d81bf661d35a14f692cfd0ae35,http://creativecommons.org/publicdomain/zero/1.0/,https://archive.org/details/19710427
19710504,"Council Meeting Minutes : May 4, 1971",1971-05-04,1971-05-04_djvu.xml,,1971-05-04.pdf,29,60557,85a86ea188973d474949bee0e244e6b52b6a6457740901de1fa274a5d5b84ba2,http://creativecommons.org/publicdomain/zero/1.0/,https://archive.org/details/19710504
19710511,"Council Meeting Minutes : May 11, 1971",1971-05-11,1971-05-11_djvu.xml,,1971-05-11.pdf,40,90467,a9c84417e9f39b609a00fd81b8606f25c590993b7ad87be0950873360ea0b8cc,http://creativecommons.org/publicdomain/zero/1.0/,https://archive.org/details/19710511
19710518,"Council Meeting Minutes : May 18, 1971",1971-05-18,1971-05-18_djvu.xml,,1971-05-18.pdf,56,131583,cd51861eaa56d9767cde6e561963ae66d8775151dccbe1a01420efadba22599e,http://creativecommons.org/publicdomain/zero/1.0/,https://archive.org/details/19710518
19710601,"Council Meeting Minutes : June 1, 1971",1971-06-01,1971-06-01_djvu.xml,,1971-06-01.pdf,71,158120,69669d956916e94583f6172faa63795c180813673c7256e9d4fe788433e8cc91,http://creativecommons.org/publicdomain/zero/1.0/,https://archive.org/details/19710601
19710604SPEC,"Special Council Meeting Minutes : June 4, 1971",1971-06-04,1971-06-04_SPEC_djvu.xml,,1971-06-04_SPEC.pdf,4,7762,db1e4dc02c020b6bb11ef2cad3c5e195778159796e7143e9dbd304e1721c090f,http://creativecommons.org/publicdomain/zero/1.0/,https://archive.org/details/19710604SPEC
19710608,"Council Meeting Minutes : June 8, 1971",1971-06-08,1971-06-08_djvu.xml,,1971-06-08.pdf,65,147291,4a06932a567f4c2820949600c27038805d7fb6c03e36e7bb9bbe8a1bd9861aea,http://creativecommons.org/publicdomain/zero/1.0/,https://archive.org/details/19710608
19710615,"Council Meeting Minutes : June 15, 1971",1971-06-15,1971-06-15_djvu.xml,,1971-06-15.pdf,43,94446,5cdee9db4821fc578a72a4baf41f28584deaaebcefdcd47d039ce6274255a58c,http://creativecommons.org/publicdomain/zero/1.0/,https://archive.org/details/19710615
19710622,"Council Meeting Minutes : June 22, 1971",1971-06-22,1971-06-22_djvu.xml,,1971-06-22.pdf,44,94304,c869bcd79fc8f3f47b640b21de3c47b99eaec461cf805de4e17c320e7cbaaa9e,http://creativecommons.org/publicdomain/zero/1.0/,https://archive.org/details/19710622
19710629,"Council Meeting Minutes : June 29, 1971",1971-06-29,1971-06-29_djvu.xml,,1971-06-29.pdf,63,133605,7fd2aec17d243041c6eaa69c7b970165b2365fccb7d5bd9fcebf1a05694ab4fd,http://creativecommons.org/publicdomain/zero/1.0/,https://archive.org/details/19710629
19710713,"Council Meeting Minutes : July 13, 1971",1971-07-13,1971-07-13_djvu.xml,,1971-07-13.pdf,100,245564,5c42f0fe2a215db1c0d447ff5fc856d60b786f13c55ad9d05829a53c9fbfd14a,http://creativecommons.org/publicdomain/zero/1.0/,https://archive.org/details/19710713
19710715SPEC,"Special Council Meeting Minutes : July 15, 1971",1971-07-15,1971-07-15_SPEC_djvu.xml,,1971-07-15_SPEC.pdf,14,35142,a0785174c31979ef91fc7a650dfd28bd331bf8b80be6cad4cce58ec07d2054ad,http://creativecommons.org/publicdomain/zero/1.0/,https://archive.org/details/19710715SPEC
19710727,"Council Meeting Minutes : July 27, 1971",1971-07-27,1971-07-27_djvu.xml,,1971-07-27.pdf,101,241646,a3443b45574f1ba2f019b80590cffcbaecb49e8a8e93467ee9c418821d61e961,http://creativecommons.org/publicdomain/zero/1.0/,https://archive.org/details/19710727
19710729SPEC,"Special Council Meeting Minutes : July 29, 1971",1971-07-29,1971-07-29_SPEC_djvu.xml,,1971-07-29_SPEC.pdf,5,11102,bbd10e4e4cfe2c9b33858103a5483eb2857d582ca40a04cb703d0ce955f1a8a7,http://creativecommons.org/publicdomain/zero/1.0/,https://archive.org/details/19710729SPEC
19710810,"Council Meeting Minutes : Aug. 10, 1971",1971-08-10,1971-08-10_djvu.xml,,1971-08-10.pdf,68,155344,2e140802faf366820c371e47df38d00e665c0aa1a191b33d7892dff5e4fa259e,http://creativecommons.org/publicdomain/zero/1.0/,https://archive.org/details/19710810
19710817SPEC,"Special Council Meeting Minutes : Aug. 17, 1971",1971-08-17,1971-08-17_SPEC_djvu.xml,,1971-08-17_SPEC.pdf,3,4064,d77b2bd0589fc20755a581e4b22f68c971ce8e88f32537cd6d2dd2a02e98b8f6,http://creativecommons.org/publicdomain/zero/1.0/,https://archive.org/details/19710817SPEC
19710824,"Council Meeting Minutes : Aug. 24, 1971",1971-08-24,1971-08-24_djvu.xml,,1971-08-24.pdf,112,258795,b9cf6fc657121f003f64efa1efa465908e10d4ed0abd0c1b8b898aeb7e1d293b,http://creativecommons.org/publicdomain/zero/1.0/,https://archive.org/details/19710824
19710831,"Council Meeting Minutes : Aug. 31, 1971",1971-08-31,1971-08-31_djvu.xml,,1971-08-31.pdf,43,91003,54398dfb3cd47290d135116fa3f19e38b5344a67fa8fb0294bdec5da8f8d7e92,http://creativecommons.org/publicdomain/zero/1.0/,https://archive.org/details/19710831
19711109,"Council Meeting Minutes : Nov. 9, 1971",1971-09-09,1971-11-09_djvu.xml,,1971-11-09.pdf,46,104909,23edbb91aa655301aae7eebb51712d969f42ac9ccd3a9a145b2fe02b1742941d,http://creativecommons.org/publicdomain/zero/1.0/,https://archive.org/details/19711109
19710914,"Council Meeting Minutes : Sept. 14, 1971",1971-09-14,1971-09-14_djvu.xml,,1971-09-14.pdf,51,111631,e2d805d5340149faeecbcc0633605140673c1cbd0d15db39eb69fbb29a5102c0,http://creativecommons.org/publicdomain/zero/1.0/,https://archive.org/details/19710914
19710921,"Council Meeting Minutes : Sept. 21, 1971",1971-09-21,1971-09-21_djvu.xml,,1971-09-21.pdf,36,80098,86fb6808ab68cadb33c62ee2f78641a43ccd65b6bcd136e11022fcdcd01fcd40,http://creativecommons.org/publicdomain/zero/1.0/,https://archive.org/details/19710921
19710928,"Council Meeting Minutes : Sept. 28, 1971",1971-09-28,1971-09-28_djvu.xml,,1971-09-28.pdf,33,79398,5394b058778a3776a5476441994edee8dbc3b4b747a24ddfa8e42bad7d9aea52,http://creativecommons.org/publicdomain/zero/1.0/,https://archive.org/details/19710928
19711005,"Council Meeting Minutes : Oct. 5, 1971",1971-10-05,1971-10-05_djvu.xml,,1971-10-05.pdf,62,141591,a46204c72baa45cb4dcf77721f9d73efb5e85ed420159137659e4f4498a1746d,http://creativecommons.org/publicdomain/zero/1.0/,https://archive.org/details/19711005
19711019,"Council Meeting Minutes : Oct. 19, 1971",1971-10-19,1971-10-19_djvu.xml,,1971-10-19.pdf,60,140337,2f2a10cb85ee4bfe6feeb91008b3c727fd3d3fe77844c190f5cd6f3111958d9d,http://creativecommons.org/publicdomain/zero/1.0/,https://archive.org/details/19711019
19711026,"Council Meeting Minutes : Oct. 26, 1971",1971-10-26,1971-10-26_djvu.xml,,1971-10-26.pdf,39,87462,717fde089aa658e73bc6c21dca4e96c71b813cfd6479b244a292605de7d2fa0a,http://creativecommons.org/publicdomain/zero/1.0/,https://archive.org/details/19711026
19711102,"Council Meeting Minutes : Nov. 2, 1971",1971-11-02,1971-11-02_djvu.xml,,1971-11-02.pdf,16,32292,b3cac0dc121e87e4e03ece8cb9a5bb5c0d8476d887410cac21b2a8b9e3a39ee3,http://creativecommons.org/publicdomain/zero/1.0/,https://archive.org/details/19711102
19711104,"Council Meeting Minutes : Nov. 4, 1971",1971-11-04,1971-11-04_djvu.xml,,1971-11-04.pdf,30,62545,1a1d003d2353a3377798a64a5380ef99cd0d744236ac244178dc833b5408990d,http://creativecommons.org/publicdomain/zero/1.0/,https://archive.org/details/19711104
19711115SPEC,"Special Council Meeting Minutes : Nov. 15, 1971",1971-11-15,1971-11-15_SPEC_djvu.xml,,1971-11-15_SPEC.pdf,7,14460,6f1733ae83f053f4c4ee396ef64dc0b981e57e03f0240b8a03e2d4de7ba43490,http://creativecommons.org/publicdomain/zero/1.0/,https://archive.org/details/19711115SPEC
19711116,"Council Meeting Minutes : Nov. 16, 1971",1971-11-16,1971-11-16_djvu.xml,,1971-11-16.pdf,54,118078,6f394cbcce03a5fdcb8b176a9ee970e53f094401dc2271e4803423dd148f5f17,http://creativecommons.org/publicdomain/zero/1.0/,https://archive.org/details/19711116
19711123,"Council Meeting Minutes : Nov. 23, 1971",1971-11-23,1971-11-23_djvu.xml,,1971-11-23.pdf,43,93288,71cf73c46bb5d27bfae49924709f537d4d4b3b8956676b722ea49a50a3dc5756,http://creativecommons.org/publicdomain/zero/1.0/,https://archive.org/details/19711123
19711130,"Council Meeting Minutes : Nov. 30, 1971",1971-11-30,1971-11-30_djvu.xml,,1971-11-30.pdf,49,105912,0dc3228cbf8827640405275b95e20eac430d8526529d5984eb915cc830844938,http://creativecommons.org/publicdomain/zero/1.0/,https://archive.org/details/19711130
19711207,"Council Meeting Minutes : Dec. 7, 1971",1971-12-07,1971-12-07_djvu.xml,,1971-12-07.pdf,70,155871,ff94ce864045fcc1c9a19c2668bdfdadcd4bffbc1a21024abcc67b9f230e79bc,http://creativecommons.org/publicdomain/zero/1.0/,https://archive.org/details/19711207
19711214,"Council Meeting Minutes : Dec. 14, 1971",1971-12-14,1971-12-14_djvu.xml,,1971-12-14.pdf,38,80000,7ddbbff7acc5deef26e565b545bb315b709764d69333573e53b72fee046f9be6,http://creativecommons.org/publicdomain/zero/1.0/,https://archive.org/details/19711214
19711221,"Council Meeting Minutes : Dec. 21, 1971",1971-12-21,1971-12-21_djvu.xml,,1971-12-21.pdf,59,129259,72b0feaa259f2df2d4827d5364a6c784394fc529888c69ab71251e3ffbd8783b,http://creativecommons.org/publicdomain/zero/1.0/,https://archive.org/details/19711221
19720105,"Council Meeting Minutes : Jan. 5, 1972",1972-01-05,1972-01-05_djvu.xml,,1972-01-05.pdf,39,82852,18ea419cd81d488fc8bbf800d32b489213006ab18a1c1c2d8965136d0e44381d,http://creativecommons.org/publicdomain/zero/1.0/,https://archive.org/details/19720105
19720111,"Council Meeting Minutes : Jan. 11, 1972",1972-01-11,1972-01-11_djvu.xml,,1972-01-11.pdf,43,93628,da62e250e4e750faa3d157b1a7707ef888f5ec886a99858840c66e2120dd85d5,http://creativecommons.org/publicdomain/zero/1.0/,https://archive.org/details/19720111
19730116,"Council Meeting Minutes : Jan. 16, 1973",1972-01-16,1973-01-16_djvu.xml,,1973-01-16.pdf,36,79767,ce376ebdde128637373ca46808559240060f4a6e22c2da3b3787ef347a0d3775,http://creativecommons.org/publicdomain/zero/1.0/,https://archive.org/details/19730116
19720118,"Council Meeting Minutes : Jan. 18, 1972",1972-01-18,1972-01-18_djvu.xml,,1972-01-18.pdf,37,80523,d19da768edee20b5f0103c3e2853317444b3aa3ccbc213d784b27c2087e1edeb,http://creativecommons.org/publicdomain/zero/1.0/,https://archive.org/details/19720118
19720125,"Council Meeting Minutes : Jan. 25, 1972",1972-01-25,1972-01-25_djvu.xml,,1972-01-25.pdf,47,97356,5203a1958672c8b8cb5db4944b9e99de6eae457b9300a81f19b8ff70d23585a2,http://creativecommons.org/publicdomain/zero/1.0/,https://archive.org/details/19720125
19720201,"Council Meeting Minutes : Feb. 1, 1972",1972-02-01,1972-02-01_djvu.xml,,1972-02-01.pdf,39,86736,339ef2032f30336d180c9715170f814d576005b9fad2794a3abc9b94a639c45d,http://creativecommons.org/publicdomain/zero/1.0/,https://archive.org/details/19720201
19720210SPEC,"Special Council Meeting Minutes : Feb. 10, 1972",1972-02-10,1972-02-10_SPEC_djvu.xml,,1972-02-10_SPEC.pdf,7,11280,2f6654871aec46ec1106f03bfe023ba0b54d485664f8250bc53892c643e7fef4,http://creativecommons.org/publicdomain/zero/1.0/,https://archive.org/details/19720210SPEC
19720215,"Council Meeting Minutes : Feb. 15, 1972",1972-02-16,1972-02-15_djvu.xml,,1972-02-15.pdf,50,117038,250923fb0ed7853f4f9492d52dcc3e3917093303cd1a750782a0f75e7228f7b0,http://creativecommons.org/publicdomain/zero/1.0/,https://archive.org/details/19720215
19720222,"Council Meeting Minutes : Feb. 22, 1972",1972-02-22,1972-02-22_djvu.xml,,1972-02-22.pdf,50,110600,868652b3b136515220d5f46b63dd9f8f0fca1d07b4b776a419c842a98e8ef14e,http://creativecommons.org/publicdomain/zero/1.0/,https://archive.org/details/19720222
19720307,"Council Meeting Minutes : Mar. 7, 1972",1972-03-07,1972-03-07_djvu.xml,,1972-03-07.pdf,76,179613,37e2f9c060ac08022406fbf71380a95a1bd181f0a032aa115b4772aba22e7de7,http://creativecommons.org/publicdomain/zero/1.0/,https://archive.org/details/19720307
19720314,"Council Meeting Minutes : Mar. 14, 1972",1972-03-14,1972-03-14_djvu.xml,,1972-03-14.pdf,64,148206,79a389b4b789f1cc14efa36cf9c0e364e97bacd23a87ccbb95084faba11a852f,http://creativecommons.org/publicdomain/zero/1.0/,https://archive.org/details/19720314
19720315SPEC,"Special Council Meeting Minutes : Mar. 15, 1972",1972-03-15,1972-03-15_SPEC_djvu.xml,,1972-03-15_SPEC.pdf,4,5687,9fdcdf25dd6d3faea29e39a78cfefae45da2dc6f666587d0417abc60d648e299,http://creativecommons.org/publicdomain/zero/1.0/,https://archive.org/details/19720315SPEC
19720321,"Council Meeting Minutes : Mar. 21, 1972",1972-03-21,1972-03-21_djvu.xml,,1972-03-21.pdf,45,99305,a43098b9e8b203617d853bebec66c1b3cc935ffd8ce42df6e5a5c8591fd32d4f,http://creativecommons.org/publicdomain/zero/1.0/,https://archive.org/details/19720321
19720323SPEC,"Special Council Meeting Minutes : Mar. 23, 1972",1972-03-23,1972-03-23_SPEC_djvu.xml,,1972-03-23_SPEC.pdf,3,3259,9d1d009ff22b48b588bbf81fd3b60d2c6966f83481f45dc04505ec43c9995568,http://creativecommons.org/publicdomain/zero/1.0/,https://archive.org/details/19720323SPEC
19720328,"Council Meeting Minutes : Mar. 28, 1972",1972-03-28,1972-03-28_djvu.xml,,1972-03-28.pdf,64,139732,b623e3eba616a7a0c87d304119592b24a61de80975b8e5ae6177a6407281c767,http://creativecommons.org/publicdomain/zero/1.0/,https://archive.org/details/19720328
19720410,"Council Meeting Minutes : Apr. 10, 1972",1972-04-12,1972-04-10_djvu.xml,,1972-04-10.pdf,53,119615,d0a89f365e88ca94a183facfbd57bfb12e82f273220ad662c289670e893314a5,http://creativecommons.org/publicdomain/zero/1.0/,https://archive.org/details/19720410
19720412SPEC,"Special Council Meeting Minutes : Apr. 12, 1972",1972-04-12,1972-04-12_SPEC_djvu.xml,,1972-04-12_SPEC.pdf,3,6217,87b06d9b2023882768b0d7beb82edc09104f5fcea121d127783dc066b87e7550,http://creativecommons.org/publicdomain/zero/1.0/,https://archive.org/details/19720412SPEC
19720418,"Council Meeting Minutes : Apr. 18, 1972",1972-04-18,1972-04-18_djvu.xml,,1972-04-18.pdf,57,121214,0c8ad9e66e6c61894352b4f216e68291e28b65dc1a30673a69104de6fd2f9cb6,http://creativecommons.org/publicdomain/zero/1.0/,https://archive.org/details/19720418
19720420SPEC,"Special Council Meeting Minutes : Apr. 20, 1972",1972-04-20,1972-04-20_SPEC_djvu.xml,,1972-04-20_SPEC.pdf,7,15548,892bada81c7512893aa30c5dba5aa11c2c9f558e669a62ffd9040f958675df17,http://creativecommons.org/publicdomain/zero/1.0/,https://archive.org/details/19720420SPEC
19720425,"Council Meeting Minutes : Apr. 25, 1972",1972-04-25,1972-04-25_djvu.xml,,1972-04-25.pdf,46,102320,d112765f4b52b5ee7c0d395c366cc5a80d88d43bd0bb5bb0c11951fea09dd57e,http://creativecommons.org/publicdomain/zero/1.0/,https://archive.org/details/19720425
19720502,"Council Meeting Minutes : May 2, 1972",1972-05-02,1972-05-02_djvu.xml,,1972-05-02.pdf,19,42229,e7188c72f9ae3d02c93822ca32ec3a0847a839a36c5e39af7a47338eab8d0340,http://creativecommons.org/publicdomain/zero/1.0/,https://archive.org/details/19720502
19720509,"Council Meeting Minutes : May 9, 1972",1972-05-09,1972-05-09_djvu.xml,,1972-05-09.pdf,38,78920,3da27a33777e14255705586e5e021ced2b69a20fb3a113d2cf19f91e9f5ca0de,http://creativecommons.org/publicdomain/zero/1.0/,https://archive.org/details/19720509
19720511SPEC,"Special Council Meeting Minutes : May 11, 1972",1972-05-11,1972-05-11_SPEC_djvu.xml,,1972-05-11_SPEC.pdf,3,4815,2e84096490ae76e4e422bfabcc117aca216a4ddfbf6c19d65efd686f632a4f9b,http://creativecommons.org/publicdomain/zero/1.0/,https://archive.org/details/19720511SPEC
19720516,"Council Meeting Minutes : May 16, 1972",1972-05-16,1972-05-16_djvu.xml,,1972-05-16.pdf,19,41632,06a2026184723c501e109030daf74f025e1546650e143989f81cf33eab23b2ec,http://creativecommons.org/publicdomain/zero/1.0/,https://archive.org/details/19720516
19720530,"Council Meeting Minutes : May 30, 1972",1972-05-30,1972-05-30_djvu.xml,,1972-05-30.pdf,50,126102,20e5d03b347c6ef5515a6ca63fbe4287fc024bc9d98c4d6221b0cdbdb8e42591,http://creativecommons.org/publicdomain/zero/1.0/,https://archive.org/details/19720530
19720606,"Council Meeting Minutes : June 6, 1972",1972-06-06,1972-06-06_djvu.xml,,1972-06-06.pdf,19,43895,44ac573570fef2b93f5b7c7e652664992c46f4233fedc9e7117885643baf1875,http://creativecommons.org/publicdomain/zero/1.0/,https://archive.org/details/19720606
19720613,"Council Meeting Minutes : June 13, 1972",1972-06-13,1972-06-13_djvu.xml,,1972-06-13.pdf,22,53315,b70388d18a388ea5df4c87eeae2ce635257c4d00543361072af324ec543f38ce,http://creativecommons.org/publicdomain/zero/1.0/,https://archive.org/details/19720613
19720620,"Council Meeting Minutes : June 20, 1972",1972-06-20,1972-06-20_djvu.xml,,1972-06-20.pdf,24,53048,3e2c4dc3041db1bd2562bc5a88a0ae9187d6e6d28cd72011661bb8a798e78d26,http://creativecommons.org/publicdomain/zero/1.0/,https://archive.org/details/19720620
19720627,"Council Meeting Minutes : June 27, 1972",1972-06-27,1972-06-27_djvu.xml,,1972-06-27.pdf,27,54262,d308c0a964ddf263ed7315070c27baac3acb767cfce5e00eecfc4a2c5d682e70,http://creativecommons.org/publicdomain/zero/1.0/,https://archive.org/details/19720627
19720704,"Council Meeting Minutes : July 4, 1972",1972-07-04,1972-07-04_djvu.xml,,1972-07-04.pdf,45,104944,a65be15195d4c6fff0447c8d8cf8e1bed1c9f935c5feacded0a39cd673ba646f,http://creativecommons.org/publicdomain/zero/1.0/,https://archive.org/details/19720704
19720718,"Council Meeting Minutes : July 18, 1972",1972-07-18,1972-07-18_djvu.xml,,1972-07-18.pdf,63,148857,98b95be83185b8c421d901e4854e54a69faf5c7bb12f16568055223f93929aa8,http://creativecommons.org/publicdomain/zero/1.0/,https://archive.org/details/19720718
19720718SPEC,"Special Council Meeting Minutes : July 18, 1972",1972-07-18,1972-07-18_SPEC_djvu.xml,,1972-07-18_SPEC.pdf,5,11498,82a71520d264cc81b8dd1e9d531363a3adb9203144f30c974d7e701b65fa4cb6,http://creativecommons.org/publicdomain/zero/1.0/,https://archive.org/details/19720718SPEC
19720801,"Council Meeting Minutes : Aug. 1, 1972",1972-08-01,1972-08-01_djvu.xml,,1972-08-01.pdf,71,159795,949e7e45652d702a716c17cd2876bc60a3f7dc4f3890a3a16da3d50f455aa823,http://creativecommons.org/publicdomain/zero/1.0/,https://archive.org/details/19720801
19720803SPEC,"Special Council Meeting Minutes : Aug. 3, 1972",1972-08-03,1972-08-03_SPEC_djvu.xml,,1972-08-03_SPEC.pdf,10,20983,387a10ebfc8eb0c6ddc95f1447387476eff8acf8ec55252a817a4fd15cceccd3,http://creativecommons.org/publicdomain/zero/1.0/,https://archive.org/details/19720803SPEC
19720815,"Council Meeting Minutes : Aug. 15, 1972",1972-08-15,1972-08-15_djvu.xml,,1972-08-15.pdf,71,170263,34e0eb37c13ffcb84083660abea64f001a3df98a72e9aa2e6c4ea389621cc26b,http://creativecommons.org/publicdomain/zero/1.0/,https://archive.org/details/19720815
19720829,"Council Meeting Minutes : Aug. 29, 1972",1972-08-29,1972-08-29_djvu.xml,,1972-08-29.pdf,65,153792,a5ba1bbdf5b09ca03f781614e3e001fbdad3bc229e508402ec8564051602062d,http://creativecommons.org/publicdomain/zero/1.0/,https://archive.org/details/19720829
19720831SPEC,"Special Council Meeting Minutes : Aug. 31, 1972",1972-08-31,1972-08-31_SPEC_djvu.xml,,1972-08-31_SPEC.pdf,5,12002,ffd36c550beff34e4b1151291112b18c812600b01dcb089224fdd1d33cf11ddf,http://creativecommons.org/publicdomain/zero/1.0/,https://archive.org/details/19720831SPEC
19720906,"Council Meeting Minutes : Sept. 6, 1972",1972-09-06,1972-09-06_djvu.xml,,1972-09-06.pdf,34,80009,51f00d475818cd0cbde23c39a747166b5d5c078e8ed88b58a70add10f3158bea,http://creativecommons.org/publicdomain/zero/1.0/,https://archive.org/details/19720906
19720919,"Council Meeting Minutes : Sept. 19, 1972",1972-09-19,1972-09-19_djvu.xml,,1972-09-19.pdf,48,105475,9ba5ddc62876afb880cfc3078ed2eb45b667a7563e0bbb53fa35677a76a818d1,http://creativecommons.org/publicdomain/zero/1.0/,https://archive.org/details/19720919
19720921SPEC,"Special Council Meeting Minutes : Sept. 21, 1972",1972-09-21,1972-09-21_SPEC_djvu.xml,,1972-09-21_SPEC.pdf,5,8361,bedf064d13af59ec9d8c58018445d0c03cf514ef842bdbe6c902643731862d4b,http://creativecommons.org/publicdomain/zero/1.0/,https://archive.org/details/19720921SPEC
19720926,"Council Meeting Minutes : Sept. 26, 1972",1972-09-26,1972-09-26_djvu.xml,,1972-09-26.pdf,37,73882,c73ec9504b80136c6acfee874faf0f7a942ea1ec8c4195a0e741902530f7c7e5,http://creativecommons.org/publicdomain/zero/1.0/,https://archive.org/details/19720926
19721003,"Council Meeting Minutes : Oct. 3, 1972",1972-10-03,1972-10-03_djvu.xml,,1972-10-03.pdf,37,82391,676ea306b269aeab8b4179ebd3095a2646dbc0340c4fbb400e46b9c1447acb25,http://creativecommons.org/publicdomain/zero/1.0/,https://archive.org/details/19721003
19721017,"Council Meeting Minutes : Oct. 17, 1972",1972-10-17,1972-10-17_djvu.xml,,1972-10-17.pdf,67,146503,2ac497ce0f98c3e7d4b49b0c2f193739f317802a129811469bdd8b897e9c83e9,http://creativecommons.org/publicdomain/zero/1.0/,https://archive.org/details/19721017
19721024,"Council Meeting Minutes : Oct. 24, 1972",1972-10-24,1972-10-24_djvu.xml,,1972-10-24.pdf,41,81655,b7964b79f0d0bcccab7c3191b3bde903ad5f20c9ec64c33b8da8cbeba8f69421,http://creativecommons.org/publicdomain/zero/1.0/,https://archive.org/details/19721024
19721026SPEC,"Special Council Meeting Minutes : Oct. 26, 1972",1972-10-26,1972-10-26_SPEC_djvu.xml,,1972-10-26_SPEC.pdf,2,2938,2ff00a1076c024be9858634491b1630432d887cbafab13208e3a57ff62090a66,http://creativecommons.org/publicdomain/zero/1.0/,https://archive.org/details/19721026SPEC
19721031,"Council Meeting Minutes : Oct. 31, 1972",1972-10-31,1972-10-31_djvu.xml,,1972-10-31.pdf,38,84379,2c098916cda8eeb0e53bab76dd838851e9c0fc5d72fe8c3500c6a5b5837b2985,http://creativecommons.org/publicdomain/zero/1.0/,https://archive.org/details/19721031
19721107,"Council Meeting Minutes : Nov. 7, 1972",1972-11-07,1972-11-07_djvu.xml,,1972-11-07.pdf,60,137726,dd470b9e447f9559277db8b0d4d7e040d2e180788a94a1c5dd0c8fe3e5b7e5f9,http://creativecommons.org/publicdomain/zero/1.0/,https://archive.org/details/19721107
19721109SPEC,"Special Council Meeting Minutes : Nov. 9, 1972",1972-11-09,1972-11-09_SPEC_djvu.xml,,1972-11-09_SPEC.pdf,2,2771,412bfa1e589a1e6d6f43a2b22af50f9b5188e6cbce7b7a3b69505da5f87a6a31,http://creativecommons.org/publicdomain/zero/1.0/,https://archive.org/details/19721109SPEC
19721116SPEC,"Special Council Meeting Minutes : Nov. 16, 1972",1972-11-16,1972-11-16_SPEC_djvu.xml,,1972-11-16_SPEC.pdf,3,5506,621bf28bb94a305d86b4d95759b1b2bfa5977347e6a058cbb118e8525cc68eb9,http://creativecommons.org/publicdomain/zero/1.0/,https://archive.org/details/19721116SPEC
19721121,"Council Meeting Minutes : Nov. 21, 1972",1972-11-21,1972-11-21_djvu.xml,,1972-11-21.pdf,57,119642,c9f1d89d450ef17aa9c74665495f837d80a20e20081efd9dde87552fa3950b02,http://creativecommons.org/publicdomain/zero/1.0/,https://archive.org/details/19721121
19721128,"Council Meeting Minutes : Nov. 28, 1972",1972-11-28,1972-11-28_djvu.xml,,1972-11-28.pdf,42,90576,c067f984835583108e86977ac14f11413ccf9e97ed7896e7eac1033fef14dd52,http://creativecommons.org/publicdomain/zero/1.0/,https://archive.org/details/19721128
19721205,"Council Meeting Minutes : Dec. 5, 1972",1972-12-05,1972-12-05_djvu.xml,,1972-12-05.pdf,44,98747,64845dc9d193533bde865b9c9c6a9bb5eae98c4d780cda7128dc0f5ad8eb20f3,http://creativecommons.org/publicdomain/zero/1.0/,https://archive.org/details/19721205
19721219,"Council Meeting Minutes : Dec. 19, 1972",1972-12-19,1972-12-19_djvu.xml,,1972-12-19.pdf,108,262708,606fe9e89b0e8da0b9dbd8b4de5c3b55db42244666b54025aa74faefd70eca90,http://creativecommons.org/publicdomain/zero/1.0/,https://archive.org/details/19721219
19721229SPEC,"Special Council Meeting Minutes : Dec. 29, 1972",1972-12-29,1972-12-29_SPEC_djvu.xml,,1972-12-29_SPEC.pdf,5,12212,e1d6fc618e26a3a0c9361523c732c6be7022c52c175e3e7e126e8e2977df2c33,http://creativecommons.org/publicdomain/zero/1.0/,https://archive.org/details/19721229SPEC
19730103,"Council Meeting Minutes : Jan. 3, 1973",1973-01-03,1973-01-03_djvu.xml,,1973-01-03.pdf,17,34130,a9eb92bb84c9136ad149d6f5bcdf89c7bcdd80b7d42f341c1c0904c10b55866b,http://creativecommons.org/publicdomain/zero/1.0/,https://archive.org/details/19730103
19730103INAUG,"Inaugural Council Meeting Minutes : Jan. 3, 1973",1973-01-03,1973-01-03_INAUG_djvu.xml,,1973-01-03_INAUG.pdf,8,14299,0da09eac49ed4aa02653c20a5c44af12b6ac8ad8c9432a9065874d9060100e47,http://creativecommons.org/publicdomain/zero/1.0/,https://archive.org/details/19730103INAUG
19730109,"Council Meeting Minutes : Jan. 9, 1973",1973-01-09,1973-01-09_djvu.xml,,1973-01-09.pdf,33,74988,922c981f934b87ebdd9dc2b987594f2b39c484ac964b564f1e2bcdc5e26469eb,http://creativecommons.org/publicdomain/zero/1.0/,https://archive.org/details/19730109
19730118SPEC,"Special Council Meeting Minutes : Jan. 18, 1973",1973-01-18,1973-01-18_SPEC_djvu.xml,,1973-01-18_SPEC.pdf,6,10043,3d3157c76e22c78997fc4a97b90790ca9413165b01f1d58ccfe77095f55d33e8,http://creativecommons.org/publicdomain/zero/1.0/,https://archive.org/details/19730118SPEC
19730123,"Council Meeting Minutes : Jan. 23, 1973",1973-01-23,1973-01-23_djvu.xml,,1973-01-23.pdf,60,141570,d0edc9972705974f1fb6e8fb488d0e1c7b20d4eb34df0cc913ad32a81164d48b,http://creativecommons.org/publicdomain/zero/1.0/,https://archive.org/details/19730123
19730123SPEC,"Special Council Meeting Minutes : Jan. 23, 1973",1973-01-23,1973-01-23_SPEC_djvu.xml,,1973-01-23_SPEC.pdf,2,2800,f51af37a6baa990707c3d8825fdabf3eaeb27d373f08503e770b7219e93907fc,http://creativecommons.org/publicdomain/zero/1.0/,https://archive.org/details/19730123SPEC
19730130,"Council Meeting Minutes : Jan. 30, 1973",1973-01-30,1973-01-30_djvu.xml,,1973-01-30.pdf,26,54110,e9bc73bd0fa1d02c80d756ccde10322d5191bb8ec5acf28af0de9f9c659b87ab,http://creativecommons.org/publicdomain/zero/1.0/,https://archive.org/details/19730130
19730206,"Council Meeting Minutes : Feb. 6, 1973",1973-02-06,1973-02-06_djvu.xml,,1973-02-06.pdf,74,167746,5d975d9db0af32dc176639f05956f895bbcd641d81f26fae5e7db44d19139dd9,http://creativecommons.org/publicdomain/zero/1.0/,https://archive.org/details/19730206
19730213,"Council Meeting Minutes : Feb. 13, 1973",1973-02-13,1973-02-13_djvu.xml,,1973-02-13.pdf,49,116700,20f1b03301fbaf7c376ab3da325e078deeafe4869b55c49fe2868bf5fb8e2a91,http://creativecommons.org/publicdomain/zero/1.0/,https://archive.org/details/19730213
19730220,"Council Meeting Minutes : Feb. 20, 1973",1973-02-20,1973-02-20_djvu.xml,,1973-02-20.pdf,68,155033,898aca6222e0945fb9bd6aa5ee9d084cf3a01c7d7976047367fd6e266c279f6c,http://creativecommons.org/publicdomain/zero/1.0/,https://archive.org/details/19730220
19730227,"Council Meeting Minutes : Feb. 27, 1973",1973-02-27,1973-02-27_djvu.xml,,1973-02-27.pdf,45,103328,5f3cefccc0618638db083c9b05e3bbae6fc8ac2ad25604178007b9e450754ade,http://creativecommons.org/publicdomain/zero/1.0/,https://archive.org/details/19730227
19730306,"Council Meeting Minutes : Mar. 6, 1973",1973-03-06,1973-03-06_djvu.xml,,1973-03-06.pdf,53,114467,aebed4e2ddb55c58209b06d945b46f4034cd0931418d5e03e7d10425523d50fa,http://creativecommons.org/publicdomain/zero/1.0/,https://archive.org/details/19730306
19730313,"Council Meeting Minutes : Mar. 13, 1973",1973-03-13,1973-03-13_djvu.xml,,1973-03-13.pdf,55,132282,2a69239d4369e7f985d9c14070ab38d2789a65b70e7aeff52a6d8b8890fcff46,http://creativecommons.org/publicdomain/zero/1.0/,https://archive.org/details/19730313
19730320,"Council Meeting Minutes : Mar. 20, 1973",1973-03-20,1973-03-20_djvu.xml,,1973-03-20.pdf,53,119884,646ade508201ef631563f62d95d10d34f325eabd0dfb38658e75eb82f1ba4234,http://creativecommons.org/publicdomain/zero/1.0/,https://archive.org/details/19730320
19730327,"Council Meeting Minutes : Mar. 27, 1973",1973-03-27,1973-03-27_djvu.xml,,1973-03-27.pdf,60,143045,280ded2043fc19f21df499852e1d51d8ba77ca13a8fd9e789ebeb081240cdb0f,http://creativecommons.org/publicdomain/zero/1.0/,https://archive.org/details/19730327
19730403,"Council Meeting Minutes : Apr. 3, 1973",1973-04-03,1973-04-03_djvu.xml,,1973-04-03.pdf,65,157767,a1b3f8d14b11cb4240aeea4c97c6d47cd6995f7b59a75842f9eecfe868debf46,http://creativecommons.org/publicdomain/zero/1.0/,https://archive.org/details/19730403
19730410,"Council Meeting Minutes : Apr. 10, 1973",1973-04-10,1973-04-10_djvu.xml,,1973-04-10.pdf,50,116107,a7207dba9fda1f087e4b73a62496f80b1f89192ae37849f29cb2ec679362f1f6,http://creativecommons.org/publicdomain/zero/1.0/,https://archive.org/details/19730410
19730417,"Council Meeting Minutes : Apr. 17, 1973",1973-04-17,1973-04-17_djvu.xml,,1973-04-17.pdf,66,133221,dc4f64ce442bdd284fc5bc5e474927a14fb2679b46a986f171cd89d4b6ba1a54,http://creativecommons.org/publicdomain/zero/1.0/,https://archive.org/details/19730417
19730501,"Council Meeting Minutes : May 1, 1973",1973-05-01,1973-05-01_djvu.xml,,1973-05-01.pdf,85,204039,ad90a088c32d431360f72cd34e454d788534097f3ef314208d15a69106b04ff0,http://creativecommons.org/publicdomain/zero/1.0/,https://archive.org/details/19730501
19730508,"Council Meeting Minutes : May 8, 1973",1973-05-08,1973-05-08_djvu.xml,,1973-05-08.pdf,41,91810,575a25ddbea2705f9e58389642003918d69d537742cf5af7324973cac3b1a0e8,http://creativecommons.org/publicdomain/zero/1.0/,https://archive.org/details/19730508
19730510SPEC,"Special Council Meeting Minutes : May 10, 1973",1973-05-10,1973-05-10_SPEC_djvu.xml,,1973-05-10_SPEC.pdf,2,2702,a2d63455ea5815009df1e2efefd6ecbf1cfe86e46c36302b643d31cc7c9fcba0,http://creativecommons.org/publicdomain/zero/1.0/,https://archive.org/details/19730510SPEC
19730515,"Council Meeting Minutes : May 15, 1973",1973-05-15,1973-05-15_djvu.xml,,1973-05-15.pdf,76,180150,f999b7c2192d9fab59576d7fe91dd750f8e1ae579ee5e07f4eb3e85b73d4f485,http://creativecommons.org/publicdomain/zero/1.0/,https://archive.org/details/19730515
19730515SPEC,"Special Council Meeting Minutes : May 15, 1973",1973-05-15,1973-05-15_SPEC_djvu.xml,,1973-05-15_SPEC.pdf,5,12282,0edc6973ace2888f976853bcb3372b16acec2d7cf9ad91931607df64eef6a888,http://creativecommons.org/publicdomain/zero/1.0/,https://archive.org/details/19730515SPEC
19730517SPEC,"Special Council Meeting Minutes : May 17, 1973",1973-05-17,1973-05-17_SPEC_djvu.xml,,1973-05-17_SPEC.pdf,8,13759,a955db5b91d2303ece8693bae85579d298fa09cc166078e7371b67c235f5264b,http://creativecommons.org/publicdomain/zero/1.0/,https://archive.org/details/19730517SPEC
19730529,"Council Meeting Minutes : May 29, 1973",1973-05-29,1973-05-29_djvu.xml,,1973-05-29.pdf,98,220214,7754258d4ca448ef262928f9a26557f955e7c080f30eaaa58ba07a1d389165aa,http://creativecommons.org/publicdomain/zero/1.0/,https://archive.org/details/19730529
19730605,"Council Meeting Minutes : June 5, 1973",1973-06-05,1973-06-05_djvu.xml,,1973-06-05.pdf,52,114153,77c075ff582506c25c3f1701308a504455da3abc79ee01b603f88d27da8f93fc,http://creativecommons.org/publicdomain/zero/1.0/,https://archive.org/details/19730605
19730612,"Council Meeting Minutes : June 12, 1973",1973-06-12,1973-06-12_djvu.xml,,1973-06-12.pdf,51,114441,c7f636b15d9e5506f49f0531471f6e5ec335c1de422e8d112208a84f146ee8e6,http://creativecommons.org/publicdomain/zero/1.0/,https://archive.org/details/19730612
19730619,"Council Meeting Minutes : June 19, 1973",1973-06-19,1973-06-19_djvu.xml,,1973-06-19.pdf,58,128905,24e0fe095236e8e716e9fbe0cbdc31ec705a79a1132e235704196bd647613ec9,http://creativecommons.org/publicdomain/zero/1.0/,https://archive.org/details/19730619
19730626,"Council Meeting Minutes : June 26, 1973",1973-06-26,1973-06-26_djvu.xml,,1973-06-26.pdf,71,164404,d9660d898add1d3c58704e3eb2766dc396d857b4396a1e41b7843c7de43ea1bc,http://creativecommons.org/publicdomain/zero/1.0/,https://archive.org/details/19730626
19730703,"Council Meeting Minutes : July 3, 1973",1973-07-03,1973-07-03_djvu.xml,,1973-07-03.pdf,67,162644,91fbfac10cf6f5875d832a3940ead9137ee046d328467c041c833a6e634e42ad,http://creativecommons.org/publicdomain/zero/1.0/,https://archive.org/details/19730703
19730717,"Council Meeting Minutes : July 17, 1973",1973-07-17,1973-07-17_djvu.xml,,1973-07-17.pdf,112,269277,e1f7ba826f3dcf53da4cadaaebd5fba57ef3dde8d2ec5090c6b3c5d27136a77a,http://creativecommons.org/publicdomain/zero/1.0/,https://archive.org/details/19730717
19730731,"Council Meeting Minutes : July 31, 1973",1973-07-31,1973-07-31_djvu.xml,,1973-07-31.pdf,93,216372,534d71d3afb8044d45532209a786d8bfc6f692787a8c534094cab820d118e507,http://creativecommons.org/publicdomain/zero/1.0/,https://archive.org/details/19730731
19730814,"Council Meeting Minutes : Aug. 14, 1973",1973-08-14,1973-08-14_djvu.xml,,1973-08-14.pdf,80,192302,1a8843d6d5d7de11f6d709741246a436b22f098e2015e20093d0129f8f4ba4cc,http://creativecommons.org/publicdomain/zero/1.0/,https://archive.org/details/19730814
19730828,"Council Meeting Minutes : Aug. 28, 1973",1973-08-28,1973-08-28_djvu.xml,,1973-08-28.pdf,101,222314,9ee1368598e0c58d73364ea1bc194b9df58b3fc044c828ad53c3c33c1b2be7bf,http://creativecommons.org/publicdomain/zero/1.0/,https://archive.org/details/19730828
19730911,"Council Meeting Minutes : Sept. 11, 1973",1973-09-11,1973-09-11_djvu.xml,,1973-09-11.pdf,102,254939,e901c52af49c9edb0308c2921c950a648c2a49944119c9cbb69fcea2b279a245,http://creativecommons.org/publicdomain/zero/1.0/,https://archive.org/details/19730911
19730918,"Council Meeting Minutes : Sept. 18, 1973",1973-09-18,1973-09-18_djvu.xml,,1973-09-18.pdf,40,88205,4975afa076e37bcc5c5078f03a024f42cda98543767b3f8977f695cb64cb4d86,http://creativecommons.org/publicdomain/zero/1.0/,https://archive.org/details/19730918
19730925,"Council Meeting Minutes : Sept. 25, 1973",1973-09-25,1973-09-25_djvu.xml,,1973-09-25.pdf,26,58261,4e75ac67a04bb8c759e9d96e40dc1fdccac7013400d2a8a8b200f676c9c886e9,http://creativecommons.org/publicdomain/zero/1.0/,https://archive.org/details/19730925
19731002,"Council Meeting Minutes : Oct. 2, 1973",1973-10-02,1973-10-02_djvu.xml,,1973-10-02.pdf,73,162038,0a6ee474b8f45694217968e9f7101007b7e699af376f7f79e9319f51803e0cfa,http://creativecommons.org/publicdomain/zero/1.0/,https://archive.org/details/19731002
19731009SPEC,"Special Council Meeting Minutes : Oct. 9, 1973",1973-10-09,1973-10-09_SPEC_djvu.xml,,1973-10-09_SPEC.pdf,5,7683,8a5fd1ce3610d45343b5dc474e84784a88bfadeb582d4db70aff8fab4d607738,http://creativecommons.org/publicdomain/zero/1.0/,https://archive.org/details/19731009SPEC
19731016,"Council Meeting Minutes : Oct. 16, 1973",1973-10-16,1973-10-16_djvu.xml,,1973-10-16.pdf,71,184106,68683f65cf26f14c80bd8a71dfa6d28404e65e3f04b215eb2a2e911b91b15590,http://creativecommons.org/publicdomain/zero/1.0/,https://archive.org/details/19731016
19731023,"Council Meeting Minutes : Oct. 23, 1973",1973-10-23,1973-10-23_djvu.xml,,1973-10-23.pdf,50,111554,dfea95eb55f486995676988d16d7ee4c44186164695d778e772a76a6ecc8ca54,http://creativecommons.org/publicdomain/zero/1.0/,https://archive.org/details/19731023
19731025SPEC,"Special Council Meeting Minutes : Oct. 25, 1973",1973-10-25,1973-10-25_SPEC_djvu.xml,,1973-10-25_SPEC.pdf,3,6442,14a3229e52c09a497d5b85ec811d00ad19d21404ddb82c65f034e27902b4763b,http://creativecommons.org/publicdomain/zero/1.0/,https://archive.org/details/19731025SPEC
19731030,"Council Meeting Minutes : Oct. 30, 1973",1973-10-30,1973-10-30_djvu.xml,,1973-10-30.pdf,57,118141,77e29712395a1387eb361ff4a0da38af3e539a0c0d1e8c8b48e574d5231c0176,http://creativecommons.org/publicdomain/zero/1.0/,https://archive.org/details/19731030
19731030SPEC,"Special Council Meeting Minutes : Oct. 30, 1973",1973-10-30,1973-10-30_SPEC_djvu.xml,,1973-10-30_SPEC.pdf,2,2510,cc1f1956bc135f19d046fff9fa80dca6cc5e770f330c8d909096b9ae1c548274,http://creativecommons.org/publicdomain/zero/1.0/,https://archive.org/details/19731030SPEC
19731106,"Council Meeting Minutes : Nov. 6, 1973",1973-11-06,1973-11-06_djvu.xml,,1973-11-06.pdf,73,174036,81dd3fc96195e0e264eb55296e0bcf91decf7adfb9dd9c7121b5549a32b6d53b,http://creativecommons.org/publicdomain/zero/1.0/,https://archive.org/details/19731106
19731115SPEC,"Special Council Meeting Minutes : Nov. 15, 1973",1973-11-15,1973-11-15_SPEC_djvu.xml,,1973-11-15_SPEC.pdf,6,12168,257113c782950b6da0e3978f748474b768608862ee48fc59ab1e0ee495920c96,http://creativecommons.org/publicdomain/zero/1.0/,https://archive.org/details/19731115SPEC
19731120,"Council Meeting Minutes : Nov. 20, 1973",1973-11-20,1973-11-20_djvu.xml,,1973-11-20.pdf,89,216658,f954ca4af6f6335fa2ce1cc54e73184f12b99b817b881d1d05d1c3774f721dd7,http://creativecommons.org/publicdomain/zero/1.0/,https://archive.org/details/19731120
19731122SPEC,"Special Council Meeting Minutes : Nov. 22, 1973",1973-11-23,1973-11-22_SPEC_djvu.xml,,1973-11-22_SPEC.pdf,4,9305,074a764bbe89000344919bd2eb60bdb84f2400223bf2ddd98f2f372981ade755,http://creativecommons.org/publicdomain/zero/1.0/,https://archive.org/details/19731122SPEC
19731127,"Council Meeting Minutes : Nov. 27, 1973",1973-11-27,1973-11-27_djvu.xml,,1973-11-27.pdf,70,174286,396ac8da73c756af1c44fc1efee35980675cc2591d5990ae03cd589a5928be03,http://creativecommons.org/publicdomain/zero/1.0/,https://archive.org/details/19731127
19731129SPEC,"Special Council Meeting Minutes : Nov. 29, 1973",1973-11-29,1973-11-29_SPEC_djvu.xml,,1973-11-29_SPEC.pdf,3,5996,1492eb16d975fa09eb8820d577335ce88676c0264c2858685a1390d27e90de47,http://creativecommons.org/publicdomain/zero/1.0/,https://archive.org/details/19731129SPEC
19731204,"Council Meeting Minutes : Dec. 4, 1973",1973-12-04,1973-12-04_djvu.xml,,1973-12-04.pdf,44,98795,ec6d343c75983c16e4a2bc35b86c20e7fadebcabdba250e0b15ae39b90f1877a,http://creativecommons.org/publicdomain/zero/1.0/,https://archive.org/details/19731204
19731211,"Council Meeting Minutes : Dec. 11, 1973",1973-12-11,1973-12-11_djvu.xml,,1973-12-11.pdf,68,163978,e2d9b96e0bae039f142f1233a0f6f6d468f11da17864363102a61784984c067a,http://creativecommons.org/publicdomain/zero/1.0/,https://archive.org/details/19731211
19731218,"Council Meeting Minutes : Dec. 18, 1973",1973-12-18,1973-12-18_djvu.xml,,1973-12-18.pdf,89,216502,dc02dd515cc0eff31aa010964f0d0e3123e35c41f88ab0e0e99fdabb20b355a5,http://creativecommons.org/publicdomain/zero/1.0/,https://archive.org/details/19731218
19731218SPEC,"Special Council Meeting Minutes : Dec. 18, 1973",1973-12-18,1973-12-18_SPEC_djvu.xml,,1973-12-18_SPEC.pdf,3,5109,e172ca43874e6925515dc42687bacd9e6b52adfde38f671c6ececd79e0e8a55e,http://creativecommons.org/publicdomain/zero/1.0/,https://archive.org/details/19731218SPEC
19740108,"Council Meeting Minutes : Jan. 8, 1974",1974-01-08,1974-01-08_djvu.xml,,1974-01-08.pdf,55,121330,25fc9c166a9cd5b9b381447af33c983755375ceccd5160b3775f525079852dde,http://creativecommons.org/publicdomain/zero/1.0/,https://archive.org/details/19740108
19740115,"Council Meeting Minutes : Jan. 15, 1974",1974-01-15,1974-01-15_djvu.xml,,1974-01-15.pdf,52,121896,3656f8efa2df3f9156d495a6c485fa585eff16e7baa054539889ad83a5aa8288,http://creativecommons.org/publicdomain/zero/1.0/,https://archive.org/details/19740115
19740122,"Council Meeting Minutes : Jan. 22, 1974",1974-01-22,1974-01-22_djvu.xml,,1974-01-22.pdf,59,139133,513d46b36f1d17dd9eaa7404fd604e8f3d7959d14c1f7ff00a14abc5890a24e0,http://creativecommons.org/publicdomain/zero/1.0/,https://archive.org/details/19740122
19740131SPEC,"Special Council Meeting Minutes : Jan. 31, 1974",1974-01-31,1974-01-31_SPEC_djvu.xml,,1974-01-31_SPEC.pdf,6,11111,64602355c8547428e6fb2a605cc167dfb866754806cbfaa1022e2c7ceb83a498,http://creativecommons.org/publicdomain/zero/1.0/,https://archive.org/details/19740131SPEC
19740205,"Council Meeting Minutes : Feb. 5, 1974",1974-02-05,1974-02-05_djvu.xml,,1974-02-05.pdf,102,233518,bb20a366070a5596be0922cbcef2d15e0422180f1b47918b703b589c1b29d95e,http://creativecommons.org/publicdomain/zero/1.0/,https://archive.org/details/19740205
19740219,"Council Meeting Minutes : Feb. 19, 1974",1974-02-19,1974-02-19_djvu.xml,,1974-02-19.pdf,90,208765,f2211347fdfdb5b1fea0c4eb6aa9ec90ae9a800a6b2c6aa633e5f6390d5bebbe,http://creativecommons.org/publicdomain/zero/1.0/,https://archive.org/details/19740219
19740226,"Council Meeting Minutes : Feb. 26, 1974",1974-02-26,1974-02-26_djvu.xml,,1974-02-26.pdf,35,69864,d0ca94ccccadb3acb39f14768b56ac740442649ea64e57b55a64ac2ff9b2e8ae,http://creativecommons.org/publicdomain/zero/1.0/,https://archive.org/details/19740226
19740305,"Special Council Meeting Minutes : Mar. 5, 1974",1974-03-05,1974-03-05_djvu.xml,,1974-03-05.pdf,61,153864,77df7e5b74f4269a934e8da094bdce630663928007135a7cf8178fe062281ce5,http://creativecommons.org/publicdomain/zero/1.0/,https://archive.org/details/19740305
19740305_201403,"Council Meeting Minutes : Mar. 5, 1974",1974-03-05,1974-03-05_djvu.xml,,1974-03-05.pdf,61,153864,77df7e5b74f4269a934e8da094bdce630663928007135a7cf8178fe062281ce5,http://creativecommons.org/publicdomain/zero/1.0/,https://archive.org/details/19740305_201403
19740312,"Council Meeting Minutes : Mar. 12, 1974",1974-03-12,1974-03-12_djvu.xml,,1974-03-12.pdf,72,165085,de494a254de65b051eb1d9466649ad95adc1692542f59fde07a59cd98025d64a,http://creativecommons.org/publicdomain/zero/1.0/,https://archive.org/details/19740312
19740319,"Council Meeting Minutes : Mar. 19, 1974",1974-03-19,1974-03-19_djvu.xml,,1974-03-19.pdf,79,179337,9f940ff1e07ddf0869211194bc037c5bbe26d66b250f2a754705620155c25000,http://creativecommons.org/publicdomain/zero/1.0/,https://archive.org/details/19740319
19740402,"Council Meeting Minutes : Apr. 2, 1974",1974-04-02,1974-04-02_djvu.xml,,1974-04-02.pdf,89,203775,63cb4259958243c8c094bb8698f9ea817297629dcd433882f097372661fd0f33,http://creativecommons.org/publicdomain/zero/1.0/,https://archive.org/details/19740402
19740409,"Council Meeting Minutes : Apr. 9, 1974",1974-04-09,1974-04-09_djvu.xml,,1974-04-09.pdf,47,111493,8aeef35dfb276bf4e4800ef139897128e3348cccb89a2c9c9b38f0ad4fc9fde5,http://creativecommons.org/publicdomain/zero/1.0/,https://archive.org/details/19740409
19740423,"Council Meeting Minutes : Apr. 23, 1974",1974-04-23,1974-04-23_djvu.xml,,1974-04-23.pdf,136,299832,0aab270ffc0fb272b024fb732f3be4de1e367944ec56d4735530b7473aae6a9e,http://creativecommons.org/publicdomain/zero/1.0/,https://archive.org/details/19740423
19740430,"Council Meeting Minutes : Apr. 30, 1974",1974-04-30,1974-04-30_djvu.xml,,1974-04-30.pdf,74,177037,7d12060f4f2ceeaf0a31e93734f8c060056fd341d371d72f9626b4b08a745a5e,http://creativecommons.org/publicdomain/zero/1.0/,https://archive.org/details/19740430
19740507,"Council Meeting Minutes : May 7, 1974",1974-05-07,1974-05-07_djvu.xml,,1974-05-07.pdf,51,104111,a5dd17e75ac2fe1ba7420fe7fb1f1a28a7b991b6c54d8645960eaf53d4fe89bd,http://creativecommons.org/publicdomain/zero/1.0/,https://archive.org/details/19740507
19740514,"Council Meeting Minutes : May 14, 1974",1974-05-14,1974-05-14_djvu.xml,,1974-05-14.pdf,51,114331,891b5712df6cf66c45ef42e1bb2803abfcc2d23537287389f8fa3774731cdb23,http://creativecommons.org/publicdomain/zero/1.0/,https://archive.org/details/19740514
19740528,"Council Meeting Minutes : May 28, 1974",1974-05-28,1974-05-28_djvu.xml,,1974-05-28.pdf,91,212273,573f8477086f0345dc8766090618d34399705414b94d4eb90381ddb9d7ed9f08,http://creativecommons.org/publicdomain/zero/1.0/,https://archive.org/details/19740528
19740530SPEC,"Special Council Meeting Minutes : May 30, 1974",1974-05-30,1974-05-30_SPEC_djvu.xml,,1974-05-30_SPEC.pdf,11,23384,a5f2477efaed43daab1c0a1da46b4f7af2213b27219b8fede3af20946b00c10a,http://creativecommons.org/publicdomain/zero/1.0/,https://archive.org/details/19740530SPEC
19740611,"Council Meeting Minutes : June 11, 1974",1974-06-11,1974-06-11_djvu.xml,,1974-06-11.pdf,103,236683,df6fac7de98d2943419d225935d1f9074ce3e1f9fdc16003f600d158c2e564b9,http://creativecommons.org/publicdomain/zero/1.0/,https://archive.org/details/19740611
19740625,"Council Meeting Minutes : June 25, 1974",1974-06-25,1974-06-25_djvu.xml,,1974-06-25.pdf,97,239292,7d8755fe20be5a3096231c7f12f65a206ea7293c919405d94694fc1c1cdc4589,http://creativecommons.org/publicdomain/zero/1.0/,https://archive.org/details/19740625
19740627SPEC,"Special Council Meeting Minutes : June 27, 1974",1974-06-27,1974-06-27_SPEC_djvu.xml,,1974-06-27_SPEC.pdf,4,9112,21c6b4bd558648b5945b03078314c61adbb04434abdb6e687fe2480ac17e72eb,http://creativecommons.org/publicdomain/zero/1.0/,https://archive.org/details/19740627SPEC
19740709,"Council Meeting Minutes : July 9, 1974",1974-07-09,1974-07-09_djvu.xml,,1974-07-09.pdf,102,245212,61a72b71f4ad0a40896bc3fd816eefb9de7c542950b96276f0343a8242c1a3d4,http://creativecommons.org/publicdomain/zero/1.0/,https://archive.org/details/19740709
19740709SPEC,"Special Council Meeting Minutes : July 9, 1974",1974-07-09,1974-07-09_SPEC_djvu.xml,,1974-07-09_SPEC.pdf,5,10486,9a21d78d08ffe26f289d36324a29b486ebcb4828aec0ad2f00da3096f7aeca15,http://creativecommons.org/publicdomain/zero/1.0/,https://archive.org/details/19740709SPEC
19740711SPEC,"Special Council Meeting Minutes : July 11, 1974",1974-07-11,1974-07-11_SPEC_djvu.xml,,1974-07-11_SPEC.pdf,5,9187,f20b91394f84d0ccace872d7648fe3fbda0abb6169d9a8d979517116681560ae,http://creativecommons.org/publicdomain/zero/1.0/,https://archive.org/details/19740711SPEC
19740723,"Council Meeting Minutes : July 23, 1974",1974-07-23,1974-07-23_djvu.xml,,1974-07-23.pdf,108,254923,8212e53377e5a3a459ab428cb5852ba5b0601ec5642d790ae778398bcc18067e,http://creativecommons.org/publicdomain/zero/1.0/,https://archive.org/details/19740723
19740730,"Council Meeting Minutes : July 30, 1974",1974-07-30,1974-07-30_djvu.xml,,1974-07-30.pdf,52,119409,ccc9832cf153512b42da51db0150ac7f7565701945d8ddb5130966a3ef9cb77b,http://creativecommons.org/publicdomain/zero/1.0/,https://archive.org/details/19740730
19740801SPEC,"Special Council Meeting Minutes : Aug. 1, 1974",1974-08-01,1974-08-01_SPEC_djvu.xml,,1974-08-01_SPEC.pdf,3,5779,2e6727e0a025bc75c226b2f7c7405c22c33bf5b8fbc8075f987ec0d4e5071425,http://creativecommons.org/publicdomain/zero/1.0/,https://archive.org/details/19740801SPEC
19740813,"Council Meeting Minutes : Aug. 13, 1974",1974-08-13,1974-08-13_djvu.xml,,1974-08-13.pdf,98,225481,cfebf410732a51083f2392cf4715b0e391a60a5c85daebb52109604bd555170b,http://creativecommons.org/publicdomain/zero/1.0/,https://archive.org/details/19740813
19740827,"Council Meeting Minutes : Aug. 27, 1974",1974-08-27,1974-08-27_djvu.xml,,1974-08-27.pdf,78,185941,9edd8d945302c03a4dcfe7b539a30a1702e105245c98fdbec47650ff25a57597,http://creativecommons.org/publicdomain/zero/1.0/,https://archive.org/details/19740827
19740910,"Council Meeting Minutes : Sept. 10, 1974",1974-09-10,1974-09-10_djvu.xml,,1974-09-10.pdf,83,199241,c9b584a0411f21f9b27f59db13a0f6869a2d89b7a12de2f19bdb6f5f849841b5,http://creativecommons.org/publicdomain/zero/1.0/,https://archive.org/details/19740910
19740910SPEC,"Special Council Meeting Minutes : Sept. 10, 1974",1974-09-10,1974-09-10_SPEC_djvu.xml,,1974-09-10_SPEC.pdf,2,3341,6bf5e831317ae7cc71c5216c9be9d25600bd9e645268c6a63937491189c183fd,http://creativecommons.org/publicdomain/zero/1.0/,https://archive.org/details/19740910SPEC
19740924,"Council Meeting Minutes : Sept. 24, 1974",1974-09-24,1974-09-24_djvu.xml,,1974-09-24.pdf,90,207966,5caf062b9d12e11b9deaa7d21dcb08a0c98ba93d9695e5cc96e982a98fa72164,http://creativecommons.org/publicdomain/zero/1.0/,https://archive.org/details/19740924
19740924SPEC,"Special Council Meeting Minutes : Sept. 24, 1974",1974-09-24,1974-09-24_SPEC_djvu.xml,,1974-09-24_SPEC.pdf,3,4055,8ed8b05ce249de84189f970e978dfa58ecd29a14a9d65848ab50d7ffbd1052a5,http://creativecommons.org/publicdomain/zero/1.0/,https://archive.org/details/19740924SPEC
19740926SPEC,"Special Council Meeting Minutes : Sept. 26, 1974",1974-09-26,1974-09-26_SPEC_djvu.xml,,1974-09-26_SPEC.pdf,2,4308,e1609c2649138452f7d8fe5f13b5f264591233aec6da9e0cce55be08814faf45,http://creativecommons.org/publicdomain/zero/1.0/,https://archive.org/details/19740926SPEC
19741001,"Council Meeting Minutes : Oct. 1, 1974",1974-10-01,1974-10-01_djvu.xml,,1974-10-01.pdf,40,80681,92d68f37792a734a1966d27d38a50446336ced993c119e91829a6b445c599abc,http://creativecommons.org/publicdomain/zero/1.0/,https://archive.org/details/19741001
19741008,"Council Meeting Minutes : Oct. 8, 1974",1974-10-08,1974-10-08_djvu.xml,,1974-10-08.pdf,55,131489,9751613dae510793f3e952a80220246a277897b10441408a47dceb7615d6c240,http://creativecommons.org/publicdomain/zero/1.0/,https://archive.org/details/19741008
19741029,"Council Meeting Minutes : Oct. 29, 1974",1974-10-20,1974-10-29_djvu.xml,,1974-10-29.pdf,35,80608,ac455b9e6c718047f39d448614a07f6096ac52a6d5584ab45ab3131a20b5c2ca,http://creativecommons.org/publicdomain/zero/1.0/,https://archive.org/details/19741029
19741022,"Council Meeting Minutes : Oct. 22, 1974",1974-10-22,1974-10-22_djvu.xml,,1974-10-22.pdf,106,253074,1a27f06646ac3bc79e5d57e1cf849489d37785f1bf7d2292aac71a3624e91f71,http://creativecommons.org/publicdomain/zero/1.0/,https://archive.org/details/19741022
19741031SPEC,"Special Council Meeting Minutes : Oct. 31, 1974",1974-10-31,1974-10-31_SPEC_djvu.xml,,1974-10-31_SPEC.pdf,6,12767,e65f16933591add48619e384947cb6e1a85d0d16a4d9827d8f84d66a97c92a05,http://creativecommons.org/publicdomain/zero/1.0/,https://archive.org/details/19741031SPEC
19741126SPEC,"Special Council Meeting Minutes : Nov. 26, 1974",1974-11,1974-11-26_SPEC_djvu.xml,,1974-11-26_SPEC.pdf,11,26026,34930c66fb90dfdca25babc7a93aeda3d4e209735af9ecda60e66d8e31fbe240,http://creativecommons.org/publicdomain/zero/1.0/,https://archive.org/details/19741126SPEC
19741105,"Council Meeting Minutes : Nov. 5, 1974",1974-11-05,1974-11-05_djvu.xml,,1974-11-05.pdf,52,117819,351a005c721807cb46a0aa88cd5f2f0cbfbf7c51d16d7948733747bcc19c095e,http://creativecommons.org/publicdomain/zero/1.0/,https://archive.org/details/19741105
19741112,"Council Meeting Minutes : Nov. 12, 1974",1974-11-12,1974-11-12_djvu.xml,,1974-11-12.pdf,51,113423,6cf5db5eb6deb6574fd91298e1c698fa9f3733d33221b1a8171972964df04476,http://creativecommons.org/publicdomain/zero/1.0/,https://archive.org/details/19741112
19741126,"Council Meeting Minutes : Nov. 26, 1974",1974-11-26,1974-11-26_djvu.xml,,1974-11-26.pdf,51,115714,120ad4a9cceb066ece8daece9035ccdb6e4dc5f385849f6cb45cbb3caf92c18a,http://creativecommons.org/publicdomain/zero/1.0/,https://archive.org/details/19741126
19741203,"Council Meeting Minutes : Dec. 3, 1974",1974-12-03,1974-12-03_djvu.xml,,1974-12-03.pdf,56,125570,1a27786e1f0863fe7f55cf389cefb45ccbeb818bea6acc9d2c6f5af00c0c6df5,http://creativecommons.org/publicdomain/zero/1.0/,https://archive.org/details/19741203
19741205SPEC,"Special Council Meeting Minutes : Dec. 5, 1974",1974-12-05,1974-12-05_SPEC_djvu.xml,,1974-12-05_SPEC.pdf,5,11018,4fe3104710d140e158a8c017e8b7022987042464cdcf2deb3abfc516f44d0c2a,http://creativecommons.org/publicdomain/zero/1.0/,https://archive.org/details/19741205SPEC
19741210,"Council Meeting Minutes : Dec. 10, 1974",1974-12-10,1974-12-10_djvu.xml,,1974-12-10.pdf,81,192559,3be98f2d4b3e6994191d04ef15bb74fbb9e24d37f7db848bc9e314cc4137aad4,http://creativecommons.org/publicdomain/zero/1.0/,https://archive.org/details/19741210
19741217,"Council Meeting Minutes : Dec. 17, 1974",1974-12-17,1974-12-17_djvu.xml,,1974-12-17.pdf,126,300802,fbb2ed41d725d401eb7207c1651cc1ef62c9a3fa7fe68f25ea8ba45e1c8ff18f,http://creativecommons.org/publicdomain/zero/1.0/,https://archive.org/details/19741217
19750108FIN,"Final Council Meeting Minutes : Jan. 8, 1975",1975-01-08,1975-01-08_FIN_djvu.xml,,1975-01-08_FIN.pdf,8,12736,415c9e3e561c5cdadd3d1fb22664d67b0112c40d84d17cfd9eda5786727b0024,http://creativecommons.org/publicdomain/zero/1.0/,https://archive.org/details/19750108FIN
19750108INAUG,"Inaugural Council Meeting Minutes : Jan. 8, 1975",1975-01-08,1975-01-08_INAUG_djvu.xml,,1975-01-08_INAUG.pdf,7,7173,560229d5fa9305c4f1cc1f91178bd00ea08d0844e05308768896de14c55d610a,http://creativecommons.org/publicdomain/zero/1.0/,https://archive.org/details/19750108INAUG
19750109SPEC,"Special Council Meeting Minutes : Jan. 9, 1975",1975-01-09,1975-01-09_SPEC_djvu.xml,,1975-01-09_SPEC.pdf,3,5562,3100f0cc229287a07a93f2fc7066cd0e1cfbe7d6086529871b06ccad5c5ff53a,http://creativecommons.org/publicdomain/zero/1.0/,https://archive.org/details/19750109SPEC
19750114,"Council Meeting Minutes : Jan. 14, 1975",1975-01-14,1975-01-14_djvu.xml,,1975-01-14.pdf,42,99830,e10dc024d59ef8eec64b8d64c5920f467040b15d15d12f3bf13232f0aa71843c,http://creativecommons.org/publicdomain/zero/1.0/,https://archive.org/details/19750114
19750121,"Council Meeting Minutes : Jan. 21, 1975",1975-01-21,1975-01-21_djvu.xml,,1975-01-21.pdf,39,87879,987ef4259d3dc3fa012dda90908675a5a8bc5c255d133e786e76695234d69fae,http://creativecommons.org/publicdomain/zero/1.0/,https://archive.org/details/19750121
19750128,"Council Meeting Minutes : Jan. 28, 1975",1975-01-28,1975-01-28_djvu.xml,,1975-01-28.pdf,47,104367,1e7fe4c26c15cd74300cacec59c8fa1f1c04b5fe6f712bcd5f9452eadc7af3ab,http://creativecommons.org/publicdomain/zero/1.0/,https://archive.org/details/19750128
19750128SPEC,"Special Council Meeting Minutes : Jan. 28, 1975",1975-01-28,1975-01-28_SPEC_djvu.xml,,1975-01-28_SPEC.pdf,2,3404,dd3e4de8942dbd8f333dc9c8dd8927bde0d6ca08145486171492662781483cbc,http://creativecommons.org/publicdomain/zero/1.0/,https://archive.org/details/19750128SPEC
19750211,"Council Meeting Minutes : Feb. 11, 1975",1975-02-11,1975-02-11_djvu.xml,,1975-02-11.pdf,80,181781,83895aa5f478d5fe0ca807805e56233e1df3ae302c25398ddeabaa3c36aa11ab,http://creativecommons.org/publicdomain/zero/1.0/,https://archive.org/details/19750211
19750218,"Council Meeting Minutes : Feb. 18, 1975",1975-02-18,1975-02-18_djvu.xml,,1975-02-18.pdf,37,84441,0d83149d34a0c45dfdf46ef89d2ed1a7a51b42926403a48f2f1d0a2cde8a00de,http://creativecommons.org/publicdomain/zero/1.0/,https://archive.org/details/19750218
19750220SPEC,"Special Council Meeting Minutes : Feb. 20, 1975",1975-02-20,1975-02-20_SPEC_djvu.xml,,1975-02-20_SPEC.pdf,5,8497,b44796f780e2759ab8cb27336a44d217a8b4fceaba927fb2364f1fb4b5637f1e,http://creativecommons.org/publicdomain/zero/1.0/,https://archive.org/details/19750220SPEC
19750225,"Council Meeting Minutes : Feb. 25, 1975",1975-02-25,1975-02-25_djvu.xml,,1975-02-25.pdf,48,104183,ac15f10a9512272371d419a06ba45bbe92ab8ecc0239096ff4c7fccb838225f4,http://creativecommons.org/publicdomain/zero/1.0/,https://archive.org/details/19750225
19750311,"Council Meeting Minutes : Mar. 11, 1975",1975-03-11,1975-03-11_djvu.xml,,1975-03-11.pdf,68,152300,c22de2d12822b8ad98edc2cbb793382caa348f73ef770447abaeddef1fd72d28,http://creativecommons.org/publicdomain/zero/1.0/,https://archive.org/details/19750311
19750313SPEC,"Special Council Meeting Minutes : Mar. 13, 1975",1975-03-13,1975-03-13_SPEC_djvu.xml,,1975-03-13_SPEC.pdf,3,6649,4067bdbbf456d27fa43cc324d3ac3d64ec090be0a2e2ecf5d511219d9b3e1a25,http://creativecommons.org/publicdomain/zero/1.0/,https://archive.org/details/19750313SPEC
19750318,"Council Meeting Minutes : Mar. 18, 1975",1975-03-18,1975-03-18_djvu.xml,,1975-03-18.pdf,60,137266,ccfad8e0a3eea63d77b868030655d286396041d97365a613bf7b7af68a97f441,http://creativecommons.org/publicdomain/zero/1.0/,https://archive.org/details/19750318
19750325,"Council Meeting Minutes : Mar. 25, 1975",1975-03-25,1975-03-25_djvu.xml,,1975-03-25.pdf,31,77520,481cfdfd1c69d40d4445812fe1859efb0671092c1a23d368d563ee9f15fabba9,http://creativecommons.org/publicdomain/zero/1.0/,https://archive.org/details/19750325
19750325SPEC,"Special Council Meeting Minutes : Mar. 25, 1975",1975-03-25,1975-03-25_SPEC_djvu.xml,,1975-03-25_SPEC.pdf,2,2953,ae02e9a8b1a45c67789136409575012bb7b91086aefcddcc9f6310617d411d9f,http://creativecommons.org/publicdomain/zero/1.0/,https://archive.org/details/19750325SPEC
19750408,"Council Meeting Minutes : Apr. 8, 1975",1975-04-08,1975-04-08_djvu.xml,,1975-04-08.pdf,78,178531,828b53baab0fc9146d7468a2e467a95ab2d7df5a0b6855e148233cc325c65d60,http://creativecommons.org/publicdomain/zero/1.0/,https://archive.org/details/19750408
19750415,"Council Meeting Minutes : Apr. 15, 1975",1975-04-15,1975-04-15_djvu.xml,,1975-04-15.pdf,40,99915,46a0d30d976b0fc9554e8c7129c0ee163072768702224be28af038644b099a25,http://creativecommons.org/publicdomain/zero/1.0/,https://archive.org/details/19750415
19750422,"Council Meeting Minutes : Apr. 22, 1975",1975-04-22,1975-04-22_djvu.xml,,1975-04-22.pdf,76,172166,e3adc4d3feb4dee8b2b30fb33605fe1c116ccfbdb848a2636eeaf9e27fa9b69a,http://creativecommons.org/publicdomain/zero/1.0/,https://archive.org/details/19750422
19750506,"Council Meeting Minutes : May 6, 1975",1975-05-06,1975-05-06_djvu.xml,,1975-05-06.pdf,27,58682,255206410475d5c9d1ca361ef0faffae3eba06da76dea64157ab019fd3d4102f,http://creativecommons.org/publicdomain/zero/1.0/,https://archive.org/details/19750506
19750506SPEC,"Special Council Meeting Minutes : May 6, 1975",1975-05-06,1975-05-06_SPEC_djvu.xml,,1975-05-06_SPEC.pdf,56,138026,7c2b8a6552b5bf1763d27e6bf4ebd6c367bfa8d719421db4305be433e3ca7332,http://creativecommons.org/publicdomain/zero/1.0/,https://archive.org/details/19750506SPEC
19750513,"Council Meeting Minutes : May 13, 1975",1975-05-13,1975-05-13_djvu.xml,,1975-05-13.pdf,75,161479,f4fcd293ba77a097f209c702b502d816be2a771c9e8aa3dfa8da853dedda854a,http://creativecommons.org/publicdomain/zero/1.0/,https://archive.org/details/19750513
19750515SPEC,"Special Council Meeting Minutes : May 15, 1975",1975-05-15,1975-05-15_SPEC_djvu.xml,,1975-05-15_SPEC.pdf,4,7629,3a92649ecaa927985ec25f730e429b2da8bf8f192868e8c162561b58076a23cf,http://creativecommons.org/publicdomain/zero/1.0/,https://archive.org/details/19750515SPEC
19750527,"Council Meeting Minutes : May 27, 1975",1975-05-27,1975-05-27_djvu.xml,,1975-05-27.pdf,102,229066,cc853d6ec28a91931a431efb8fd360661a647eb30898660fba18697dc5abd3db,http://creativecommons.org/publicdomain/zero/1.0/,https://archive.org/details/19750527
19750617,"Special Council Meeting Minutes : June 17, 1975",1975-06-17,1975-06-17_djvu.xml,,1975-06-17.pdf,106,246455,7403b138f95cab9fc646d9cfa660dbc5f06effa8618a2d544bd4864c1051192e,http://creativecommons.org/publicdomain/zero/1.0/,https://archive.org/details/19750617
19750617_201403,"Council Meeting Minutes : June 17, 1975",1975-06-17,1975-06-17_djvu.xml,,1975-06-17.pdf,106,246455,7403b138f95cab9fc646d9cfa660dbc5f06effa8618a2d544bd4864c1051192e,http://creativecommons.org/publicdomain/zero/1.0/,https://archive.org/details/19750617_201403
19750619SPEC,"Special Council Meeting Minutes : June 19, 1975",1975-06-19,1975-06-19_SPEC_djvu.xml,,1975-06-19_SPEC.pdf,4,6022,ef4c05780ccfbacdf6eb94d4fab2b00b993443ad18e0149be25834814dd3f101,http://creativecommons.org/publicdomain/zero/1.0/,https://archive.org/details/19750619SPEC
19750624,"Council Meeting Minutes : June 24, 1975",1975-06-24,1975-06-24_djvu.xml,,1975-06-24.pdf,83,191853,a3592e3d75029001fcd6e6827b6e185f8dba2cd6554bf7095ced784329efa599,http://creativecommons.org/publicdomain/zero/1.0/,https://archive.org/details/19750624
19750624SPEC,"Special Council Meeting Minutes : June 24, 1975",1975-06-24,1975-06-24_SPEC_djvu.xml,,1975-06-24_SPEC.pdf,3,6302,2037c6e173b7fafb41946e605af37bd0ce3ccd0135325b9414830a1131b462f3,http://creativecommons.org/publicdomain/zero/1.0/,https://archive.org/details/19750624SPEC
19750626SPEC,"Special Council Meeting Minutes : June 26, 1975",1975-06-26,1975-06-26_SPEC_djvu.xml,,1975-06-26_SPEC.pdf,4,9133,75517910a819bfb422091e777d6ab4db2dddec55561ddd6a686ad417876f1c35,http://creativecommons.org/publicdomain/zero/1.0/,https://archive.org/details/19750626SPEC
19750708,"Council Meeting Minutes : July 8, 1975",1975-07-08,1975-07-08_djvu.xml,,1975-07-08.pdf,78,175224,91f155a22f7bb38e02c746d4c0d256bd335837dff3b3e283fdcc0d45acbac968,http://creativecommons.org/publicdomain/zero/1.0/,https://archive.org/details/19750708
19750722,"Council Meeting Minutes : July 22, 1975",1975-07-22,1975-07-22_djvu.xml,,1975-07-22.pdf,97,212079,94f48404ba343c5a3b0027003e1145377b66ddd735dcced3feef18825e29d54b,http://creativecommons.org/publicdomain/zero/1.0/,https://archive.org/details/19750722
19750722SPEC,"Special Council Meeting Minutes : July 22, 1975",1975-07-22,1975-07-22_SPEC_djvu.xml,,1975-07-22_SPEC.pdf,5,11022,38d073220d82382532e6c39bce1ec69215830bacb5f90a11d60d1da06a505486,http://creativecommons.org/publicdomain/zero/1.0/,https://archive.org/details/19750722SPEC
19750729,"Council Meeting Minutes : July 29, 1975",1975-07-29,1975-07-29_djvu.xml,,1975-07-29.pdf,60,148762,30abb4d2b7e1d1c5d94f0f95380cfde0a6c3e7fe1beb43ac7ef26931d26711e4,http://creativecommons.org/publicdomain/zero/1.0/,https://archive.org/details/19750729
19750708_201403,"Special Council Meeting Minutes : Aug. 7, 1975",1975-08-07,1975-07-08_djvu.xml,,1975-07-08.pdf,78,175224,91f155a22f7bb38e02c746d4c0d256bd335837dff3b3e283fdcc0d45acbac968,http://creativecommons.org/publicdomain/zero/1.0/,https://archive.org/details/19750708_201403
19750812,"Council Meeting Minutes : Aug. 12, 1975",1975-08-12,1975-08-12_djvu.xml,,1975-08-12.pdf,108,245144,1b78e85462eb3f96c146c2a56117a1e6db605edff01b4326d80874f699c64d32,http://creativecommons.org/publicdomain/zero/1.0/,https://archive.org/details/19750812
19750826,"Council Meeting Minutes : Aug. 26, 1975",1975-08-26,1975-08-26_djvu.xml,,1975-08-26.pdf,62,140745,c9c025e12e2be0143607c42fadafd4350675d14a154c8cc0e0565b3f1b5d2121,http://creativecommons.org/publicdomain/zero/1.0/,https://archive.org/details/19750826
19750828SPEC,"Special Council Meeting Minutes : Aug. 28, 1975",1975-08-28,1975-08-28_SPEC_djvu.xml,,1975-08-28_SPEC.pdf,3,7178,a63d83be442c948de66c5816c51f1b7458885fbfc9de39d005ac4ff93ecdc426,http://creativecommons.org/publicdomain/zero/1.0/,https://archive.org/details/19750828SPEC
19750904SPEC,"Special Council Meeting Minutes : Sept. 4, 1975",1975-09-04,1975-09-04_SPEC_djvu.xml,,1975-09-04_SPEC.pdf,2,1966,709e04fb16a4fb9fe77005bddc925448207428d1469161ca0ca4974d21b236d2,http://creativecommons.org/publicdomain/zero/1.0/,https://archive.org/details/19750904SPEC
19750916,"Council Meeting Minutes : Sept. 16, 1975",1975-09-16,1975-09-16_djvu.xml,,1975-09-16.pdf,88,203628,ae8592ba5aeb99ee4c6bdadb1bcef6a9af1e4ade30e6d73f27130a15d363cd0a,http://creativecommons.org/publicdomain/zero/1.0/,https://archive.org/details/19750916
19750916SPEC,"Special Council Meeting Minutes : Sept. 16, 1975",1975-09-16,1975-09-16_SPEC_djvu.xml,,1975-09-16_SPEC.pdf,2,2608,07596623b223f5a5d516d81b8a60d0ef75a6ed48842ce43d8d27e6018d66779d,http://creativecommons.org/publicdomain/zero/1.0/,https://archive.org/details/19750916SPEC
19750923,"Council Meeting Minutes : Sept. 23, 1975",1975-09-23,1975-09-23_djvu.xml,,1975-09-23.pdf,43,102668,875f1a99100cb9d77a1dd24ecd63f3da8816e4791d7727c5400059ba08383953,http://creativecommons.org/publicdomain/zero/1.0/,https://archive.org/details/19750923
CVAN_1975-09-25_SPEC,"Special Council Meeting Minutes : Sept. 25, 1975",1975-09-25,1975-09-25_SPEC_djvu.xml,,1975-09-25_SPEC.pdf,6,14682,624082cd097301e3bd2a5c75203323a05ec1f34ee2fc3efb712d92e8429ddc91,http://creativecommons.org/licenses/by/3.0/,https://archive.org/details/CVAN_1975-09-25_SPEC
CVAN_1975-09-30,"Council Meeting Minutes : Sept. 30, 1975",1975-09-30,1975-09-30_djvu.xml,,1975-09-30.pdf,44,103776,020a2e65c53ef1a2e16e393d6a79e10c1a9e13bc3d18ee1ad35abdbeced1090b,http://creativecommons.org/licenses/by/3.0/,https://archive.org/details/CVAN_1975-09-30
CVAN_1975-10-07,"Council Meeting Minutes : Oct. 7, 1975",1975-10-07,1975-10-07_djvu.xml,,1975-10-07.pdf,51,115994,91011bc10823b234cec36ce8d63c01e7e51d3efc6b83f6f28e280e9a7ebc339c,http://creativecommons.org/licenses/by/3.0/,https://archive.org/details/CVAN_1975-10-07
CVAN_1975-10-21,"Council Meeting Minutes : Oct. 21, 1975",1975-10-21,1975-10-21_djvu.xml,,1975-10-21.pdf,103,235845,81558dde1462b67c1a2a6cbffba52825a5f859cccb58691d3cfb4ad6e46faabd,http://creativecommons.org/licenses/by/3.0/,https://archive.org/details/CVAN_1975-10-21
CVAN_1975-10-23_SPEC,"Special Council Meeting Minutes : Oct. 23, 1975",1975-10-23,1975-10-23_SPEC_djvu.xml,,1975-10-23_SPEC.pdf,4,5529,4133b4d2031d18342a204f1ad41ec70229f3fca508335cd16c50cff6de8d69ca,http://creativecommons.org/licenses/by/3.0/,https://archive.org/details/CVAN_1975-10-23_SPEC
CVAN_1975-10-23_SPEC_ADJ,"Special Council Meeting Minutes (adjourned from 1975-10-23 afternoon) : Oct. 23, 1975",1975-10-23,1975-10-23_SPEC_ADJ_djvu.xml,,1975-10-23_SPEC_ADJ.pdf,8,16757,0c2ac86e28243140545efdfa1f67ff14d8615cbc484506cc5cae56f60075c65f,http://creativecommons.org/licenses/by/3.0/,https://archive.org/details/CVAN_1975-10-23_SPEC_ADJ
CVAN_1975-10-28,"Council Meeting Minutes : Oct. 28, 1975",1975-10-28,1975-10-28_djvu.xml,,1975-10-28.pdf,29,61004,cf92303c583f6301ee18910a4695c9090e3854f57c666f20da1ffdae2f38e7d5,http://creativecommons.org/licenses/by/3.0/,https://archive.org/details/CVAN_1975-10-28
CVAN_1975-11-04,"Council Meeting Minutes : Nov. 4, 1975",1975-11-04,1975-11-04_djvu.xml,,1975-11-04.pdf,50,109048,b543b887efc2ef78f093178e902eb68d6796d25a016afaab9cb8de4090597b74,http://creativecommons.org/licenses/by/3.0/,https://archive.org/details/CVAN_1975-11-04
CVAN_1975-11-04_SPEC,"Special Council Meeting Minutes : Nov. 4, 1975",1975-11-04,1975-11-04_SPEC_djvu.xml,,1975-11-04_SPEC.pdf,2,3010,327df0178540b459f758f38ef4e585ab4b646bf45dc95dd64ec7894d8ae63d69,http://creativecommons.org/licenses/by/3.0/,https://archive.org/details/CVAN_1975-11-04_SPEC
CVAN_1975-11-12_SPEC,"Special Council Meeting Minutes : Nov. 12, 1975",1975-11-12,1975-11-12_SPEC_djvu.xml,,1975-11-12_SPEC.pdf,5,10469,05078b231deb6c8220a2421a7f64f4d32c57a4961f999bbc30fabca2b74a977d,http://creativecommons.org/licenses/by/3.0/,https://archive.org/details/CVAN_1975-11-12_SPEC
CVAN_1975-11-18,"Council Meeting Minutes : Nov. 18, 1975",1975-11-18,1975-11-18_djvu.xml,,1975-11-18.pdf,69,155724,3cb842107d9b2e48a207cb7707abcd6b385df4c2284ec6bd9a4608a07b7f82de,http://creativecommons.org/licenses/by/3.0/,https://archive.org/details/CVAN_1975-11-18
CVAN_1975-11-18_SPEC,"Special Council Meeting Minutes : Nov. 18, 1975",1975-11-18,1975-11-18_SPEC_djvu.xml,,1975-11-18_SPEC.pdf,2,2242,0134e5dbc2fe782afed0c0fd2b1d8f27daac7059a3e63a73706b06a536349163,http://creativecommons.org/licenses/by/3.0/,https://archive.org/details/CVAN_1975-11-18_SPEC
CVAN_1975-11-20_SPEC,"Special Council Meeting Minutes : Nov. 20, 1975",1975-11-20,1975-11-20_SPEC_djvu.xml,,1975-11-20_SPEC.pdf,6,12758,ee2aec98cec41da0860c227a31f542f66a91d78b82f4a959b1a33a9f2fa824be,http://creativecommons.org/licenses/by/3.0/,https://archive.org/details/CVAN_1975-11-20_SPEC
CVAN_1975-11-25,"Council Meeting Minutes : Nov. 25, 1975",1975-11-25,1975-11-25_djvu.xml,,1975-11-25.pdf,56,135997,157c8b66d68a4a2d20d1faf6dab89aeec526b2000026352acc16c9362d565c57,http://creativecommons.org/licenses/by/3.0/,https://archive.org/details/CVAN_1975-11-25
CVAN_1975-11-27_SPEC,"Special Council Meeting Minutes : Nov. 27, 1975",1975-11-25,1975-11-27_SPEC_djvu.xml,,1975-11-27_SPEC.pdf,4,8259,a357364ca4443fdb3d37ee060ae1d7061ca1a6da2db0a8bb7e43051b9e968269,http://creativecommons.org/licenses/by/3.0/,https://archive.org/details/CVAN_1975-11-27_SPEC
CVAN_1975-12-02,"Council Meeting Minutes : Dec. 2, 1975",1975-12-02,1975-12-02_djvu.xml,,1975-12-02.pdf,58,132359,eca2c92e9492942e4ab867e3032dc77b52dcb35cdf31eea9695782bb3c875798,http://creativecommons.org/licenses/by/3.0/,https://archive.org/details/CVAN_1975-12-02
CVAN_1975-12-04_SPEC,"Special Council Meeting Minutes : Dec. 4, 1975",1975-12-04,1975-12-04_SPEC_djvu.xml,,1975-12-04_SPEC.pdf,5,10100,2e5071a547cee10b0c65e82c777252ebbd9f12521ad6f77ed2a13526478357df,http://creativecommons.org/licenses/by/3.0/,https://archive.org/details/CVAN_1975-12-04_SPEC
CVAN_1975-12-09,"Council Meeting Minutes : Dec. 9, 1975",1975-12-09,1975-12-09_djvu.xml,,1975-12-09.pdf,55,129497,00a4eeb4ef3bbaa7d41559d5307c14f8021e1e56431dab7b3baaa43a61a64d53,http://creativecommons.org/licenses/by/3.0/,https://archive.org/details/CVAN_1975-12-09
CVAN_1975-12-09_SPEC,"Special Council Meeting Minutes : Dec. 9, 1975",1975-12-09,1975-12-09_SPEC_djvu.xml,,1975-12-09_SPEC.pdf,7,13672,6bb9b7c22cdbc544628ecad6450ed0fbe29933828d8d57733a05bcbf3a71aeb6,http://creativecommons.org/licenses/by/3.0/,https://archive.org/details/CVAN_1975-12-09_SPEC
CVAN_1975-12-11_SPEC,"Special Council Meeting Minutes : Dec. 11, 1975",1975-12-11,1975-12-11_SPEC_djvu.xml,,1975-12-11_SPEC.pdf,2,3434,3ac5f2c7541a9ef4bf5fc53980c17bafcee6bca33485ddba75101ff38d099188,http://creativecommons.org/licenses/by/3.0/,https://archive.org/details/CVAN_1975-12-11_SPEC
CVAN_1975-12-16,"Council Meeting Minutes : Dec. 16, 1975",1975-12-16,1975-12-16_djvu.xml,,1975-12-16.pdf,80,183993,4580ef93e5c52d8108f1fe15f666916648dabf68aeea189d7410f970fd27acdf,http://creativecommons.org/licenses/by/3.0/,https://archive.org/details/CVAN_1975-12-16
CVAN_1976-01-06,"Council Meeting Minutes : Jan. 6, 1976",1976-01-06,1976-01-06_djvu.xml,,1976-01-06.pdf,56,128319,eb6128d96b5b4cde4b1dc4c9894ce7386e5c1c3c376e13be197734aa0d6b0736,http://creativecommons.org/licenses/by/3.0/,https://archive.org/details/CVAN_1976-01-06
CVAN_1976-01-13,"Council Meeting Minutes : Jan. 13, 1976",1976-01-13,1976-01-13_djvu.xml,,1976-01-13.pdf,45,103452,ce3809385ea3df4db39aba7d5f3421ab2500e646489a6cc57ea3e36384ed0d33,http://creativecommons.org/licenses/by/3.0/,https://archive.org/details/CVAN_1976-01-13
CVAN_1976-01-21_SPEC,"Special Council Meeting Minutes : Jan. 21, 1976",1976-01-21,1976-01-21_SPEC_djvu.xml,,1976-01-21_SPEC.pdf,2,3853,2f7d445ea2afafb3633d5c6cd0d8b6eabbd9dde7577da8aa3a3b5995cbe5120f,http://creativecommons.org/licenses/by/3.0/,https://archive.org/details/CVAN_1976-01-21_SPEC
CVAN_1976-01-27,"Council Meeting Minutes : Jan. 27, 1976",1976-01-27,1976-01-27_djvu.xml,,1976-01-27.pdf,60,135183,d08012c81718299e5916fd4074ead92e5d2bccfd7109369bdcec6f074100d7c2,http://creativecommons.org/licenses/by/3.0/,https://archive.org/details/CVAN_1976-01-27
CVAN_1976-02-03,"Council Meeting Minutes : Feb. 3, 1976",1976-02-03,1976-02-03_djvu.xml,,1976-02-03.pdf,30,61763,4622734d3f169bd3c341905d54901ee5176514f4510d6b2a851dbf52e3f9d455,http://creativecommons.org/licenses/by/3.0/,https://archive.org/details/CVAN_1976-02-03
CVAN_1976-02-10,"Council Meeting Minutes : Feb. 10, 1976",1976-02-10,1976-02-10_djvu.xml,,1976-02-10.pdf,78,183893,d07342d901585b8856dbfe0700515ccb68dc64d2111a177bb38c97734554ea85,http://creativecommons.org/licenses/by/3.0/,https://archive.org/details/CVAN_1976-02-10
CVAN_1976-02-19_SPEC,"Special Council Meeting Minutes : Feb. 19, 1976",1976-02-19,1976-02-19_SPEC_djvu.xml,,1976-02-19_SPEC.pdf,3,4950,6a211398deebfd2913026539874a8b5434d0ad21dc1945f5fcba40bec8040e78,http://creativecommons.org/licenses/by/3.0/,https://archive.org/details/CVAN_1976-02-19_SPEC
CVAN_1976-02-24,"Council Meeting Minutes : Feb. 24, 1976",1976-02-24,1976-02-24_djvu.xml,,1976-02-24.pdf,82,191726,8cef4c367e8a52e7a2e9028b594b2c7bfbdad0e62da27f68044800f9efe7e7f1,http://creativecommons.org/licenses/by/3.0/,https://archive.org/details/CVAN_1976-02-24
CVAN_1976-02-26_SPEC,"Special Council Meeting Minutes : Feb. 26, 1976",1976-02-26,1976-02-26_SPEC_djvu.xml,,1976-02-26_SPEC.pdf,3,5998,f2fc625c4146c2063a50260f21e4c1877a21060c66f6f171498be42ee6b33c1e,http://creativecommons.org/licenses/by/3.0/,https://archive.org/details/CVAN_1976-02-26_SPEC
CVAN_1976-03-09,"Council Meeting Minutes : Mar. 9, 1976",1976-03-09,1976-03-09_djvu.xml,,1976-03-09.pdf,67,148281,d5c997a944cc2b2880c0d299f67c4f37f528f26d743120496cb335409d5b92df,http://creativecommons.org/licenses/by/3.0/,https://archive.org/details/CVAN_1976-03-09
CVAN_1976-03-09_SPEC,"Special Council Meeting Minutes : Mar. 9, 1976",1976-03-09,1976-03-09_SPEC_djvu.xml,,1976-03-09_SPEC.pdf,2,3466,28754d2be9c563c756c7931880ed0034c479df054581ae80707be58867fca9bf,http://creativecommons.org/licenses/by/3.0/,https://archive.org/details/CVAN_1976-03-09_SPEC
CVAN_1976-03-11_SPEC,"Special Council Meeting Minutes : Mar. 11, 1976",1976-03-11,1976-03-11_SPEC_djvu.xml,,1976-03-11_SPEC.pdf,5,10381,978a85b4d2958021a7b6ee3474d77f985ffc6d704e43b4e42913a280a0e15cd0,http://creativecommons.org/licenses/by/3.0/,https://archive.org/details/CVAN_1976-03-11_SPEC
CVAN_1976-03-16,"Council Meeting Minutes : Mar. 16, 1976",1976-03-13,1976-03-16_djvu.xml,,1976-03-16.pdf,46,107093,613eaa38d7d9079aa23274cbeb0f842063e0293581dcc54eae12ab5c584992ec,http://creativecommons.org/licenses/by/3.0/,https://archive.org/details/CVAN_1976-03-16
CVAN_1976-03-23,"Council Meeting Minutes : Mar. 23, 1976",1976-03-23,1976-03-23_djvu.xml,,1976-03-23.pdf,71,173429,8d5ac8f8caa4c005c7ae13c0bb6ed7087eca746531432b7d72afc94253b8d699,http://creativecommons.org/licenses/by/3.0/,https://archive.org/details/CVAN_1976-03-23
CVAN_1976-04-06,"Council Meeting Minutes : Apr. 6, 1976",1976-04-06,1976-04-06_djvu.xml,,1976-04-06.pdf,86,196665,64780d15fdfaaf85355e4a33b5f50209868e4f33ad7df20bb6f2770a584b00e0,http://creativecommons.org/licenses/by/3.0/,https://archive.org/details/CVAN_1976-04-06
CVAN_1976-04-06_SPEC,"Special Council Meeting Minutes : Apr. 6, 1976",1976-04-06,1976-04-06_SPEC_djvu.xml,,1976-04-06_SPEC.pdf,5,12186,c2fcae386ba325b7e81fab839f5c583cf0b3e62bd1c2d3dbcce25596022ceaf5,http://creativecommons.org/licenses/by/3.0/,https://archive.org/details/CVAN_1976-04-06_SPEC
CVAN_1976-04-13,"Council Meeting Minutes : Apr. 13, 1976",1976-04-13,1976-04-13_djvu.xml,,1976-04-13.pdf,56,120612,6541bbd1be36387c535443692a1ca7b2f35e607a225ee752a3f819ea94b3c4ec,http://creativecommons.org/licenses/by/3.0/,https://archive.org/details/CVAN_1976-04-13
CVAN_1976-04-27,"Council Meeting Minutes : Apr. 27, 1976",1976-04-27,1976-04-27_djvu.xml,,1976-04-27.pdf,94,219259,6bbcfd02a4a26e26e0fdb73f085d8aa229d0b6279c5a485fa9809147edf958b7,http://creativecommons.org/licenses/by/3.0/,https://archive.org/details/CVAN_1976-04-27
CVAN_1976-05-04,"Council Meeting Minutes : May 4, 1976",1976-05-04,1976-05-04_djvu.xml,,1976-05-04.pdf,42,91664,c934105fb70deae6c57ff2ffb1b865d5d8e907a6a859b8d5d8d52259d13422b6,http://creativecommons.org/licenses/by/3.0/,https://archive.org/details/CVAN_1976-05-04
CVAN_1976-05-04_SPEC,"Special Council Meeting Minutes : May 4, 1976",1976-05-04,1976-05-04_SPEC_djvu.xml,,1976-05-04_SPEC.pdf,2,3046,a273d50ba15c8ef8c33eb630565988a8e22d9fcd0e93c3bff295721e3b8b558f,http://creativecommons.org/licenses/by/3.0/,https://archive.org/details/CVAN_1976-05-04_SPEC
CVAN_1976-05-04_SPECPUB,"Special Council Meeting Minutes : May 4, 1976",1976-05-04,1976-05-04_SPECPUB_djvu.xml,,1976-05-04_SPECPUB.pdf,4,7065,ae2905e315286707e09411d5ba4278294b8a1914e598446422533a2e6f57c61b,http://creativecommons.org/licenses/by/3.0/,https://archive.org/details/CVAN_1976-05-04_SPECPUB
CVAN_1976-05-06_SPEC,"Special Council Meeting Minutes : May 6, 1976",1976-05-06,1976-05-06_SPEC_djvu.xml,,1976-05-06_SPEC.pdf,4,8779,ab7d8bae855cc1552590d667913b021d7025786fefbf1c0b75cad4808ed5b761,http://creativecommons.org/licenses/by/3.0/,https://archive.org/details/CVAN_1976-05-06_SPEC
CVAN_1976-05-11,"Council Meeting Minutes : May 11, 1976",1976-05-11,1976-05-11_djvu.xml,,1976-05-11.pdf,78,185890,e1fd0172711ef147a33725cd603f15bba009445a7ab6e9c06c653281d84374a1,http://creativecommons.org/licenses/by/3.0/,https://archive.org/details/CVAN_1976-05-11
CVAN_1976-05-13,"Council Meeting Minutes : May 18, 1976",1976-05-13,1976-05-13_djvu.xml,,1976-05-13.pdf,54,133934,43c33f335ee5d439d5a9382fcf536f8655620c0a5edbab113e275c09a3ff7955,http://creativecommons.org/licenses/by/3.0/,https://archive.org/details/CVAN_1976-05-13
CVAN_1976-05-13_SPEC,"Special Council Meeting Minutes : May 13, 1976",1976-05-13,1976-05-13_SPEC_djvu.xml,,1976-05-13_SPEC.pdf,7,11138,56a93059f00184790135fdee83588f685265dd1b360cdb5c59b67f43272ba5b8,http://creativecommons.org/licenses/by/3.0/,https://archive.org/details/CVAN_1976-05-13_SPEC
CVAN_1976-05-27_SPEC,"Special Council Meeting Minutes : May 27, 1976",1976-05-27,1976-05-27_SPEC_djvu.xml,,1976-05-27_SPEC.pdf,5,10522,80ca24f2d41d46d41a7b077e1fe19557ac09c62b08c6ca3d736de19f61340042,http://creativecommons.org/licenses/by/3.0/,https://archive.org/details/CVAN_1976-05-27_SPEC
CVAN_1976-06-01,"Council Meeting Minutes : June 1, 1976",1976-06-01,1976-06-01_djvu.xml,,1976-06-01.pdf,106,240722,139d153121b72da207c9d1c3ba5fbdc8b214907e5c3c2df6a4ecf51b181bfc21,http://creativecommons.org/licenses/by/3.0/,https://archive.org/details/CVAN_1976-06-01
CVAN_1976-06-15,"Council Meeting Minutes : June 15, 1976",1976-06-15,1976-06-15_djvu.xml,,1976-06-15.pdf,84,195459,3932d1c065159f6da6190d59dd9b27c4bcfba33816463b75887ad3fbe61f1e9b,http://creativecommons.org/licenses/by/3.0/,https://archive.org/details/CVAN_1976-06-15
CVAN_1976-06-22,"Council Meeting Minutes : June 22, 1976",1976-06-22,1976-06-22_djvu.xml,,1976-06-22.pdf,46,108164,beaba373f556b4def1bc77fa8eea854a7fe258d176398699a070c7939c5c1bb1,http://creativecommons.org/licenses/by/3.0/,https://archive.org/details/CVAN_1976-06-22
CVAN_1976-06-24_SPEC,"Special Council Meeting Minutes : June 24, 1976",1976-06-24,1976-06-24_SPEC_djvu.xml,,1976-06-24_SPEC.pdf,4,8927,df3ded3df198fc2098d729f5c4b52519aef4569520ad309cb56de77697802021,http://creativecommons.org/licenses/by/3.0/,https://archive.org/details/CVAN_1976-06-24_SPEC
CVAN_1976-06-29,"Council Meeting Minutes : June 29, 1976",1976-06-29,1976-06-29_djvu.xml,,1976-06-29.pdf,49,116713,c42c04b01165974d1c25b6a092f30d534a967c72719b7d83122669812a633316,http://creativecommons.org/licenses/by/3.0/,https://archive.org/details/CVAN_1976-06-29
CVAN_1976-07-13,"Council Meeting Minutes : July 13, 1976",1976-07-13,1976-07-13_djvu.xml,,1976-07-13.pdf,107,237390,8f7f0fd88b93a0dc960d69822d3f3a7232feb4689d59be1d7321ad7d595393f7,http://creativecommons.org/licenses/by/3.0/,https://archive.org/details/CVAN_1976-07-13
CVAN_1976-07-27,"Council Meeting Minutes : July 27, 1976",1976-07-27,1976-07-27_djvu.xml,,1976-07-27.pdf,111,257313,7e63dbdbc601866e8d616957d51544f9d1dc98168043b6f45402f899b975ac40,http://creativecommons.org/licenses/by/3.0/,https://archive.org/details/CVAN_1976-07-27
CVAN_1976-07-27_SPEC,"Special Council Meeting Minutes : July 27, 1976",1976-07-27,1976-07-27_SPEC_djvu.xml,,1976-07-27_SPEC.pdf,2,3388,11bc55eb1db523b506369702c3239480daec9959fb1be03f96f49c6bfa182278,http://creativecommons.org/licenses/by/3.0/,https://archive.org/details/CVAN_1976-07-27_SPEC
CVAN_1976-07-27_SPECPUB,"Special Council Meeting Minutes : July 27, 1976",1976-07-27,1976-07-27_SPECPUB_djvu.xml,,1976-07-27_SPECPUB.pdf,4,9534,77f47db14410a50b659f70bbea4959ccfe1f0384d96654e89c53d4bf31b58498,http://creativecommons.org/licenses/by/3.0/,https://archive.org/details/CVAN_1976-07-27_SPECPUB
CVAN_1976-08-10,"Council Meeting Minutes : Aug. 10, 1976",1976-08-10,1976-08-10_djvu.xml,,1976-08-10.pdf,84,199973,29683f7686ddbe37f6fac6936f1e48271dbc26d5a7bc2ec49c3aabaf183d4c73,http://creativecommons.org/licenses/by/3.0/,https://archive.org/details/CVAN_1976-08-10
CVAN_1976-08-10_SPEC,"Special Council Meeting Minutes : Aug. 10, 1976",1976-08-10,1976-08-10_SPEC_djvu.xml,,1976-08-10_SPEC.pdf,5,9770,fff1481b16fa513e12c128a5919a8bb492c3287dcc420a94674a76548ce94e5f,http://creativecommons.org/licenses/by/3.0/,https://archive.org/details/CVAN_1976-08-10_SPEC
CVAN_1976-08-12_SPEC,"Special Council Meeting Minutes : Aug. 12, 1976",1976-08-12,1976-08-12_SPEC_djvu.xml,,1976-08-12_SPEC.pdf,4,7678,026d489427f91593a4e00861965614e6bbab3ac9b736b4da197a31f9821f30f4,http://creativecommons.org/licenses/by/3.0/,https://archive.org/details/CVAN_1976-08-12_SPEC
CVAN_1976-08-12_SPEC_ZON,"Special Council Meeting Minutes : Aug. 12, 1976",1976-08-12,1976-08-12_SPEC_ZON_djvu.xml,,1976-08-12_SPEC_ZON.pdf,6,12691,41ae3238fc2dbb76ef4557d0eec03a01efce914ef0e0cc0dd4080a3ed77debfb,http://creativecommons.org/licenses/by/3.0/,https://archive.org/details/CVAN_1976-08-12_SPEC_ZON
CVAN_1976-08-24,"Council Meeting Minutes : Aug. 24, 1976",1976-08-24,1976-08-24_djvu.xml,,1976-08-24.pdf,94,238273,6371c2aa203ccbe412d398caaf0071e8e568e09b90d8601159587a39a7055348,http://creativecommons.org/licenses/by/3.0/,https://archive.org/details/CVAN_1976-08-24
CVAN_1976-08-25_SPEC,"Special Council Meeting Minutes : Aug. 25, 1976",1976-08-25,1976-08-25_SPEC_djvu.xml,,1976-08-25_SPEC.pdf,4,7017,806002779897dcd018c17a0e3af3dc8daf1ffd8813293a8859ae0d1198ccab63,http://creativecommons.org/licenses/by/3.0/,https://archive.org/details/CVAN_1976-08-25_SPEC
CVAN_1976-08-26_SPEC,"Special Council Meeting Minutes : Aug. 26, 1976",1976-08-26,1976-08-26_SPEC_djvu.xml,,1976-08-26_SPEC.pdf,4,7348,3f6d7dd07eab6cf4686071a7533124112c417f08b2130d0416141f85bf1ba86e,http://creativecommons.org/licenses/by/3.0/,https://archive.org/details/CVAN_1976-08-26_SPEC
CVAN_1976-08-31,"Council Meeting Minutes : Aug. 31, 1976",1976-08-31,1976-08-31_djvu.xml,,1976-08-31.pdf,47,100667,ab6d79f4b129359e027a802405d7c43a0777e9909fc328460e6b32743047fe54,http://creativecommons.org/licenses/by/3.0/,https://archive.org/details/CVAN_1976-08-31
CVAN_1976-09-02_SPEC,"Special Council Meeting Minutes : Sept. 2, 1976",1976-09-02,1976-09-02_SPEC_djvu.xml,,1976-09-02_SPEC.pdf,4,6446,026b07e3b2a9ffbb97d287ac2ccbab42f3358f9afe2e6c01a76e3b1448f62e35,http://creativecommons.org/licenses/by/3.0/,https://archive.org/details/CVAN_1976-09-02_SPEC
CVAN_1976-09-21,"Council Meeting Minutes : Sept. 21, 1976",1976-09-21,1976-09-21_djvu.xml,,1976-09-21.pdf,90,193481,2a7b8b2e53e4892bd1b1eceadcd8cb87871c6680d2aba96a38e72e76423ddc19,http://creativecommons.org/licenses/by/3.0/,https://archive.org/details/CVAN_1976-09-21
CVAN_1976-09-28,"Council Meeting Minutes : Sept. 28, 1976",1976-09-28,1976-09-28_djvu.xml,,1976-09-28.pdf,57,132264,300ecedce901448ff07712d5a57e9e0b75bdcbf630f55a2bd6965c7100143072,http://creativecommons.org/licenses/by/3.0/,https://archive.org/details/CVAN_1976-09-28
CVAN_1976-09-28_SPEC,"Special Council Meeting Minutes : Sept. 28, 1976",1976-09-28,1976-09-28_SPEC_djvu.xml,,1976-09-28_SPEC.pdf,4,6581,54ef9c710f62ffe021c7b9edcea4d974577392d4742add5850713a1ab7a54fbe,http://creativecommons.org/licenses/by/3.0/,https://archive.org/details/CVAN_1976-09-28_SPEC
CVAN_1976-10-05,"Council Meeting Minutes : Oct. 5, 1976",1976-10-05,1976-10-05_djvu.xml,,1976-10-05.pdf,54,126710,a212fdddbda9f231997cddc8d3e4cce2d53b88344a7ad50324f62d0aa1ed02a3,http://creativecommons.org/licenses/by/3.0/,https://archive.org/details/CVAN_1976-10-05
CVAN_1976-10-19,"Council Meeting Minutes : Oct. 19, 1976",1976-10-19,1976-10-19_djvu.xml,,1976-10-19.pdf,64,144513,c2220db553418577dd5b6906ae8db7b20ddcbd59c1a93919f170afde525bffe9,http://creativecommons.org/licenses/by/3.0/,https://archive.org/details/CVAN_1976-10-19
CVAN_1976-10-19_SPEC,"Special Council Meeting Minutes : Oct. 19, 1976",1976-10-19,1976-10-19_SPEC_djvu.xml,,1976-10-19_SPEC.pdf,3,6096,9c794a024025bd75a9e7d041f0df34216d1daf32940239e599289565f51f1211,http://creativecommons.org/licenses/by/3.0/,https://archive.org/details/CVAN_1976-10-19_SPEC
CVAN_1976-10-21_SPEC,"Special Council Meeting Minutes : Oct. 21, 1976",1976-10-21,1976-10-21_SPEC_djvu.xml,,1976-10-21_SPEC.pdf,5,10823,128498302ffeb107a67207318f68db1ba53434e2ce71d4b99c6fff043add9d63,http://creativecommons.org/licenses/by/3.0/,https://archive.org/details/CVAN_1976-10-21_SPEC
CVAN_1976-10-26,"Council Meeting Minutes : Oct. 26, 1976",1976-10-26,1976-10-26_djvu.xml,,1976-10-26.pdf,26,57806,1de3c7dde8d766f4c66eb213accaff2062a3a0e9844ac7dddea24aed8af5b9a2,http://creativecommons.org/licenses/by/3.0/,https://archive.org/details/CVAN_1976-10-26
CVAN_1976-10-26_SPEC,"Special Council Meeting Minutes : Oct. 26, 1976",1976-10-26,1976-10-26_SPEC_djvu.xml,,1976-10-26_SPEC.pdf,4,7345,e42cafd300d9375a7f873059f35586bab7238ff3a12019dd3c367c285cffea02,http://creativecommons.org/licenses/by/3.0/,https://archive.org/details/CVAN_1976-10-26_SPEC
CVAN_1976-10-28_SPEC,"Special Council Meeting Minutes : Oct. 28, 1976",1976-10-28,1976-10-28_SPEC_djvu.xml,,1976-10-28_SPEC.pdf,5,11102,082ca97adc106dc3ba49d174dd0775d520d33575e98d0eb77f1a96b7ac7e379a,http://creativecommons.org/licenses/by/3.0/,https://archive.org/details/CVAN_1976-10-28_SPEC
CVAN_1976-11-09,"Council Meeting Minutes : Nov. 9, 1976",1976-11-09,1976-11-09_djvu.xml,,1976-11-09.pdf,101,237350,c68443fbf8a1d50416c30020607edccc744d3e2ed5ec8b1b765b1a1864d6c6b3,http://creativecommons.org/licenses/by/3.0/,https://archive.org/details/CVAN_1976-11-09
CVAN_1976-11-09_SPEC,"Special Council Meeting Minutes : Nov. 9, 1976",1976-11-09,1976-11-09_SPEC_djvu.xml,,1976-11-09_SPEC.pdf,7,15643,ad955d814e7d99e4b21f3df60e42b1efcd6a441729abf05c9b0613c998a51928,http://creativecommons.org/licenses/by/3.0/,https://archive.org/details/CVAN_1976-11-09_SPEC
CVAN_1976-11-23,"Council Meeting Minutes : Nov. 23, 1976",1976-11-23,1976-11-23_djvu.xml,,1976-11-23.pdf,61,139793,4e1a8d5d640399a41b39835f280d0c132536e011beff165c5dd9fe70281a65ab,http://creativecommons.org/licenses/by/3.0/,https://archive.org/details/CVAN_1976-11-23
CVAN_1976-11-25_SPEC,"Special Council Meeting Minutes : Nov. 25, 1976",1976-11-25,1976-11-25_SPEC_djvu.xml,,1976-11-25_SPEC.pdf,4,7764,18057688fd670d5a8a25f92e5d1a7c7359db0ad224d4070a58e4ea0724b0390c,http://creativecommons.org/licenses/by/3.0/,https://archive.org/details/CVAN_1976-11-25_SPEC
CVAN_1976-11-30,"Council Meeting Minutes : Nov. 30, 1976",1976-11-30,1976-11-30_djvu.xml,,1976-11-30.pdf,45,94762,00897e99654d80a1ded7d521ecd746baf3192820b47c51c1d922046ef7c91d0a,http://creativecommons.org/licenses/by/3.0/,https://archive.org/details/CVAN_1976-11-30
CVAN_1976-12-07,"Council Meeting Minutes : Dec. 7, 1976",1976-12-07,1976-12-07_djvu.xml,,1976-12-07.pdf,46,104080,cd634a99cfb90ace5276c3b2cd0ca253c63d69a6ce022c03a611dacd8e9e93fe,http://creativecommons.org/licenses/by/3.0/,https://archive.org/details/CVAN_1976-12-07
CVAN_1976-12-14,"Council Meeting Minutes : Dec. 14, 1976",1976-12-14,1976-12-14_djvu.xml,,1976-12-14.pdf,96,222517,88323fb38b879f384313fc39444cb31825414dd4d2b456fce2ecfce21b05ef8c,http://creativecommons.org/licenses/by/3.0/,https://archive.org/details/CVAN_1976-12-14
CVAN_1976-12-14_SPEC,"Special Council Meeting Minutes : Dec. 14, 1976",1976-12-14,1976-12-14_SPEC_djvu.xml,,1976-12-14_SPEC.pdf,3,4555,ff03420454306b48a6b2b0ae11d030e5e44ac298d99a89ecfe4b056d7e908fff,http://creativecommons.org/licenses/by/3.0/,https://archive.org/details/CVAN_1976-12-14_SPEC
CVAN_1977-01-05_INAUG,"Inaugural Council Meeting Minutes : Jan. 5, 1977",1977-01-05,1977-01-05_INAUG_djvu.xml,,1977-01-05_INAUG.pdf,7,9399,ab4a3ddbd8966fa4917670c987eadd4fe8a08e0465f2d7d76776eccb7ba0653d,http://creativecommons.org/licenses/by/3.0/,https://archive.org/details/CVAN_1977-01-05_INAUG
CVAN_1977-01-11,"Council Meeting Minutes : Jan. 11, 1977",1977-01-11,1977-01-11_djvu.xml,,1977-01-11.pdf,38,90877,0bd2ca1b4c1568e3d88d8120f30278240db59f947b5d03e9003d16ea5c19b810,http://creativecommons.org/licenses/by/3.0/,https://archive.org/details/CVAN_1977-01-11
CVAN_1977-01-18,"Council Meeting Minutes : Jan. 18, 1977",1977-01-18,1977-01-18_djvu.xml,,1977-01-18.pdf,29,64495,a49a65d8a58d13c667d9abb04ec15f1fea8b54cbd8ca8f7381f1d97a72917dd6,http://creativecommons.org/licenses/by/3.0/,https://archive.org/details/CVAN_1977-01-18
CVAN_1977-01-24_SPEC,"Special Council Meeting Minutes : Jan. 24, 1977",1977-01-24,1977-01-24_SPEC_djvu.xml,,1977-01-24_SPEC.pdf,3,7277,bcd7fc827770f559637e6527414e974b20e6414147876a70fd497b96a0cc7600,http://creativecommons.org/licenses/by/3.0/,https://archive.org/details/CVAN_1977-01-24_SPEC
CVAN_1977-01-25,"Council Meeting Minutes : Jan. 25, 1977",1977-01-25,1977-01-25_djvu.xml,,1977-01-25.pdf,43,95934,16cb16caf0b7f62139adfc99765fcccca1c0a8673a5cf31aa03dc301323e682d,http://creativecommons.org/licenses/by/3.0/,https://archive.org/details/CVAN_1977-01-25
CVAN_1977-02-08,"Council Meeting Minutes : Feb. 8, 1977",1977-02-08,1977-02-08_djvu.xml,,1977-02-08.pdf,102,243802,5ab55b2fd3b38166c98a59bf0109c1b7be9fa5e1d691f6acae42bfbb60f15d11,http://creativecommons.org/licenses/by/3.0/,https://archive.org/details/CVAN_1977-02-08
CVAN_1977-02-15,"Council Meeting Minutes : Feb. 15, 1977",1977-02-15,1977-02-15_djvu.xml,,1977-02-15.pdf,35,76308,319473bb868dcac4c7950992c687643d4cb99d636e22d21079785947e4b93ffd,http://creativecommons.org/licenses/by/3.0/,https://archive.org/details/CVAN_1977-02-15
CVAN_1977-02-22,"Council Meeting Minutes : Feb. 22, 1977",1977-02-22,1977-02-22_djvu.xml,,1977-02-22.pdf,62,130707,a25202ad2c85bae0e295272b83a6cbe6728e59cbae5d6924bf994526d6bd68f3,http://creativecommons.org/licenses/by/3.0/,https://archive.org/details/CVAN_1977-02-22
CVAN_1977-02-22_SPEC,"Special Council Meeting Minutes : Feb. 22, 1977",1977-02-22,1977-02-22_SPEC_djvu.xml,,1977-02-22_SPEC.pdf,7,15454,e9cc6897165b8e021d984fe56aef8fa00acaaf0aac3f608967e44fcb4a2575b7,http://creativecommons.org/licenses/by/3.0/,https://archive.org/details/CVAN_1977-02-22_SPEC
CVAN_1977-02-24_SPEC,"Special Council Meeting Minutes : Feb. 24, 1977",1977-02-24,1977-02-24_SPEC_djvu.xml,,1977-02-24_SPEC.pdf,5,9467,c124991355da9929887ac6e7e8d1a5886eea242d3abdaf8d3c6819aa33bae7c9,http://creativecommons.org/licenses/by/3.0/,https://archive.org/details/CVAN_1977-02-24_SPEC
CVAN_1977-03-08,"Council Meeting Minutes : Mar. 8, 1977",1977-03-08,1977-03-08_djvu.xml,,1977-03-08.pdf,80,191425,aa82d5521e45cf215fa4476e18a0cd1c263becfb9651eeccce9540656ad8f476,http://creativecommons.org/licenses/by/3.0/,https://archive.org/details/CVAN_1977-03-08
CVAN_1977-03-15,"Council Meeting Minutes : Mar. 15, 1977",1977-03-15,1977-03-15_djvu.xml,,1977-03-15.pdf,42,91377,d98dc0f340de1986563cf4c6bb484db8e129d713941ed26036fe3fe27dce5c55,http://creativecommons.org/licenses/by/3.0/,https://archive.org/details/CVAN_1977-03-15
CVAN_1977-03-17_SPEC,"Special Council Meeting Minutes : Mar. 17, 1977",1977-03-17,1977-03-17_SPEC_djvu.xml,,1977-03-17_SPEC.pdf,3,6423,7e667090cf321652f0da84c1b68fbb96ab6f26d6f71504b3e1bdc41229d4b947,http://creativecommons.org/licenses/by/3.0/,https://archive.org/details/CVAN_1977-03-17_SPEC
CVAN_1977-03-22_SPEC,"Special Council Meeting Minutes : Mar. 22, 1977",1977-03-22,1977-03-22_SPEC_djvu.xml,,1977-03-22_SPEC.pdf,2,2969,6533079d16acbeb28613101eb373d02ac5d123f28dbf232bad8a4f0092baa364,http://creativecommons.org/licenses/by/3.0/,https://archive.org/details/CVAN_1977-03-22_SPEC
CVAN_1977-03-29,"Council Meeting Minutes : Mar. 29, 1977",1977-03-29,1977-03-29_djvu.xml,,1977-03-29.pdf,94,211155,70da97b8984a02d17d1361ecf1531b62f1116bc2294e47ecc203eb49433d01ea,http://creativecommons.org/licenses/by/3.0/,https://archive.org/details/CVAN_1977-03-29
CVAN_1977-04-05,"Council Meeting Minutes : Apr. 5, 1977",1977-04-05,1977-04-05_djvu.xml,,1977-04-05.pdf,56,127338,ed8a107424938621c154429c478c6da2a19dc60a019344e75c3ad0d0f092d4d1,http://creativecommons.org/licenses/by/3.0/,https://archive.org/details/CVAN_1977-04-05
CVAN_1977-04-19,"Council Meeting Minutes : Apr. 19, 1977",1977-04-19,1977-04-19_djvu.xml,,1977-04-19.pdf,67,152316,1484a8c750f9a2db83a13ea6e0b4e38bc41b102aa58303b19f9063030521e194,http://creativecommons.org/licenses/by/3.0/,https://archive.org/details/CVAN_1977-04-19
CVAN_1977-04-21_SPEC,"Special Council Meeting Minutes : Apr. 21, 1977",1977-04-21,1977-04-21_SPEC_djvu.xml,,1977-04-21_SPEC.pdf,6,11800,cf31c291368f9a093ce54f44e8130471212150ee648b91491d035cac50bc60d1,http://creativecommons.org/licenses/by/3.0/,https://archive.org/details/CVAN_1977-04-21_SPEC
CVAN_1977-04-26,"Council Meeting Minutes : Apr. 26, 1977",1977-04-26,1977-04-26_djvu.xml,,1977-04-26.pdf,55,115749,0302c6881948a04ed117cc24d22149fd4394c16bfc854f7c037a09bfecd2c540,http://creativecommons.org/licenses/by/3.0/,https://archive.org/details/CVAN_1977-04-26
CVAN_1977-04-28_SPEC,"Special Council Meeting Minutes : Apr. 28, 1977",1977-04-28,1977-04-28_SPEC_djvu.xml,,1977-04-28_SPEC.pdf,6,11538,1078c16d57f6b424b458d5fd619e44c2df3928ea0b9d26bbb8a8d307ac1a9240,http://creativecommons.org/licenses/by/3.0/,https://archive.org/details/CVAN_1977-04-28_SPEC
CVAN_1977-05-10,"Council Meeting Minutes : May 10, 1977",1977-05-10,1977-05-10_djvu.xml,,1977-05-10.pdf,96,234475,ede37d8bd2afce20c2d30cd6da46817d6208da6c79c5349e774e151d8569ab7d,http://creativecommons.org/licenses/by/3.0/,https://archive.org/details/CVAN_1977-05-10
CVAN_1977-05-10_SPEC,"Special Council Meeting Minutes : May 10, 1977",1977-05-10,1977-05-10_SPEC_djvu.xml,,1977-05-10_SPEC.pdf,3,5084,6d9de3d895da85cdf4daa929c33c2632d9fff3d518d9243114601bd2a484274d,http://creativecommons.org/licenses/by/3.0/,https://archive.org/details/CVAN_1977-05-10_SPEC
CVAN_1977-05-24,"Council Meeting Minutes : May 24, 1977",1977-05-24,1977-05-24_djvu.xml,,1977-05-24.pdf,117,274273,013d3488048c811fd242d311c3e8870771848bfe4f67b2fbcbda26e20f3a5565,http://creativecommons.org/licenses/by/3.0/,https://archive.org/details/CVAN_1977-05-24
CVAN_1977-05-26_SPEC,"Special Council Meeting Minutes : May 26, 1977",1977-05-26,1977-05-26_SPEC_djvu.xml,,1977-05-26_SPEC.pdf,4,7401,71b3d2d7771e02003e02c64e5d399b42d97335548612944fd30ebb15af740385,http://creativecommons.org/licenses/by/3.0/,https://archive.org/details/CVAN_1977-05-26_SPEC
CVAN_1977-05-31,"Council Meeting Minutes : May 31, 1977",1977-05-31,1977-05-31_djvu.xml,,1977-05-31.pdf,61,141002,2b0b4ec50b4124df403c2bc26a4a62a02336f146fc7901b674a32ad53f8fd0ab,http://creativecommons.org/licenses/by/3.0/,https://archive.org/details/CVAN_1977-05-31
CVAN_1977-05-31_SPEC,"Special Joint Meeting of Vancouver and Richmond Councils Minutes : May 31, 1977",1977-05-31,1977-05-31_SPEC_djvu.xml,,1977-05-31_SPEC.pdf,4,9320,fcbe7c8192219ec9afdae6281cb246a06f22696d95d0489a6fe5aa2ddcd86acc,http://creativecommons.org/licenses/by/3.0/,https://archive.org/details/CVAN_1977-05-31_SPEC
CVAN_1977-06-02_SPEC,"Special Joint Meeting of Vancouver and Burnaby Councils Minutes : June 2, 1977",1977-06-02,1977-06-02_SPEC_djvu.xml,,1977-06-02_SPEC.pdf,4,7664,2db07088d832a3c8b88b9c33637e4b2693f3e3bfaa7951ac6a5c1ea6289dd579,http://creativecommons.org/licenses/by/3.0/,https://archive.org/details/CVAN_1977-06-02_SPEC
CVAN_1977-06-14,"Council Meeting Minutes : June 14, 1977",1977-06-14,1977-06-14_djvu.xml,,1977-06-14.pdf,69,153232,43fe8106cb09c720d8424c8e0065721b4771d17ee23d4056bbc0fce15134b18c,http://creativecommons.org/licenses/by/3.0/,https://archive.org/details/CVAN_1977-06-14
CVAN_1977-06-14_SPEC,"Special Council Meeting Minutes : June 14, 1977",1977-06-14,1977-06-14_SPEC_djvu.xml,,1977-06-14_SPEC.pdf,3,4544,c602acb72d50008e5f1e3481c3b43185819e37237ae76e78e46f1cdd2d16a01c,http://creativecommons.org/licenses/by/3.0/,https://archive.org/details/CVAN_1977-06-14_SPEC
CVAN_1977-06-21,"Council Meeting Minutes : June 21, 1977",1977-06-21,1977-06-21_djvu.xml,,1977-06-21.pdf,42,91271,feeaea86d3ed80b47d3c134487f229310385bb3c59a7a53cef6d4611c3a51c91,http://creativecommons.org/licenses/by/3.0/,https://archive.org/details/CVAN_1977-06-21
CVAN_1977-06-28,"Council Meeting Minutes : June 28, 1977",1977-06-28,1977-06-28_djvu.xml,,1977-06-28.pdf,84,202358,1b26add43e86f80b596f8dc1db71bdfac6e30a8e28e9685f2013a5acad9cca49,http://creativecommons.org/licenses/by/3.0/,https://archive.org/details/CVAN_1977-06-28
CVAN_1977-07-12,"Council Meeting Minutes : July 12, 1977",1977-07-12,1977-07-12_djvu.xml,,1977-07-12.pdf,66,148632,d59b45b9a8de7ca360d41b51b22e2384d316e7cfb93dc788912c03ac67714153,http://creativecommons.org/licenses/by/3.0/,https://archive.org/details/CVAN_1977-07-12
CVAN_1977-07-26,"Council Meeting Minutes : July 26, 1977",1977-07-26,1977-07-26_djvu.xml,,1977-07-26.pdf,70,168908,3018e5904695148d6ed1239bff63e5d80e8ae07bb5e6a271cb3dbd5018e25b6e,http://creativecommons.org/licenses/by/3.0/,https://archive.org/details/CVAN_1977-07-26
CVAN_1977-07-26_SPEC,"Special Council Meeting Minutes : July 26, 1977",1977-07-26,1977-07-26_SPEC_djvu.xml,,1977-07-26_SPEC.pdf,4,6889,94f4d8497703abf55cc5ca86227d66cf7d3ca42dadcee9a83cecb655ea313f2d,http://creativecommons.org/licenses/by/3.0/,https://archive.org/details/CVAN_1977-07-26_SPEC
CVAN_1977-07-26_SPECPUB,"Special Council Meeting Minutes : July 26, 1977",1977-07-26,1977-07-26_SPECPUB_djvu.xml,,1977-07-26_SPECPUB.pdf,4,9569,db4850d6a9ed09f6eeb5882788a59a8b057ab4da052d1f30b7f2e9fccbeebb1e,http://creativecommons.org/licenses/by/3.0/,https://archive.org/details/CVAN_1977-07-26_SPECPUB
CVAN_1977-07-28_SPEC,"Council Special Information Meeting Minutes : July 28, 1977",1977-07-28,1977-07-28_SPEC_djvu.xml,,1977-07-28_SPEC.pdf,4,9369,3f3adacd9e88af3ada8a538a98ac42152d7826be8cd45a81b082e94bcc24ca9c,http://creativecommons.org/licenses/by/3.0/,https://archive.org/details/CVAN_1977-07-28_SPEC
CVAN_1977-08-09,"Special Council Meeting Minutes : Aug. 9, 1977",1977-08-09,1977-08-09_djvu.xml,,1977-08-09.pdf,48,115420,3bfaf4e05ca6b3711a3bb6f1c18de574700f9d7ce2267da2adbc30a3414661e8,http://creativecommons.org/licenses/by/3.0/,https://archive.org/details/CVAN_1977-08-09
CVAN_1977-08-23,"Council Meeting Minutes : Aug. 23, 1977",1977-08-23,1977-08-23_djvu.xml,,1977-08-23.pdf,74,169317,8fb115474ef6bf7f002970e44f86adb62827c6f39a3828d8714d2863f48c7e62,http://creativecommons.org/licenses/by/3.0/,https://archive.org/details/CVAN_1977-08-23
CVAN_1977-08-23_SPEC,"Special Council Meeting Minutes : Aug. 23, 1977",1977-08-23,1977-08-23_SPEC_djvu.xml,,1977-08-23_SPEC.pdf,2,2278,5a62f58414bb51a4319a17cdb5d2908a315fb63f032565c58118364609a49b9b,http://creativecommons.org/licenses/by/3.0/,https://archive.org/details/CVAN_1977-08-23_SPEC
CVAN_1977-09-13,"Council Meeting Minutes : Sept. 13, 1977",1977-09-13,1977-09-13_djvu.xml,,1977-09-13.pdf,129,314370,d79de45bdbb63aa2da127cb321b3f57dcfc259e1804144d75b1d09811bf8710b,http://creativecommons.org/licenses/by/3.0/,https://archive.org/details/CVAN_1977-09-13
CVAN_1977-09-27,"Council Meeting Minutes : Sept. 27, 1977",1977-09-27,1977-09-27_djvu.xml,,1977-09-27.pdf,74,175164,3c001d7b289a85cf7b3b4b9032ae9cfce3db6f3517b4bb7cd2e5d21aed191a9b,http://creativecommons.org/licenses/by/3.0/,https://archive.org/details/CVAN_1977-09-27
CVAN_1977-09-27_SPEC,"Special Council Meeting Minutes : Sept. 27, 1977",1977-09-27,1977-09-27_SPEC_djvu.xml,,1977-09-27_SPEC.pdf,9,21287,df1a43c3c455d1904ee702923c923ee98d9d652322751fae04541ede7fd17783,http://creativecommons.org/licenses/by/3.0/,https://archive.org/details/CVAN_1977-09-27_SPEC
CVAN_1977-10-04,"Council Meeting Minutes : Oct. 4, 1977",1977-10-04,1977-10-04_djvu.xml,,1977-10-04.pdf,46,108191,b1cdb5ec44229a7ce5da17343dfb7336a60117226bbcd2fb54bd3537e2546034,http://creativecommons.org/licenses/by/3.0/,https://archive.org/details/CVAN_1977-10-04
CVAN_1977-10-04_SPEC,"Special Council Meeting Minutes : Oct. 4, 1977",1977-10-04,1977-10-04_SPEC_djvu.xml,,1977-10-04_SPEC.pdf,3,2727,3eea2fa4391dc1edc5948fd687c9766784b6c307f1f63e3ef91868c5569a487c,http://creativecommons.org/licenses/by/3.0/,https://archive.org/details/CVAN_1977-10-04_SPEC
CVAN_1977-10-18,"Council Meeting Minutes : Oct. 18, 1977",1977-10-18,1977-10-18_djvu.xml,,1977-10-18.pdf,111,258151,c79749ba5bc22030f7e064cb6d8b7daf5e502304765b6d6f83a959f2859dc8ce,http://creativecommons.org/licenses/by/3.0/,https://archive.org/details/CVAN_1977-10-18
CVAN_1977-10-25,"Council Meeting Minutes : Oct. 25, 1977",1977-10-25,1977-10-25_djvu.xml,,1977-10-25.pdf,46,106095,a0cb187d9f82b020aea05e2df2bf8150bcf7163c68f644d1336560ee4b9d3ecc,http://creativecommons.org/licenses/by/3.0/,https://archive.org/details/CVAN_1977-10-25
CVAN_1977-11-01,"Council Meeting Minutes : Nov. 1, 1977",1977-11-01,1977-11-01_djvu.xml,,1977-11-01.pdf,56,127426,d96848e6ba590112a0942907619f69c49465542ca34155a6b5b4986c61fe0b57,http://creativecommons.org/licenses/by/3.0/,https://archive.org/details/CVAN_1977-11-01
CVAN_1977-11-08,"Council Meeting Minutes : Nov. 8, 1977",1977-11-08,1977-11-08_djvu.xml,,1977-11-08.pdf,55,119661,db59726951794885fc41310b9ec77a782f058a9a92e745abcb6a21beb8d97ae1,http://creativecommons.org/licenses/by/3.0/,https://archive.org/details/CVAN_1977-11-08
CVAN_1977-11-08_SPEC,"Special Council Meeting Minutes : Nov. 8, 1977",1977-11-08,1977-11-08_SPEC_djvu.xml,,1977-11-08_SPEC.pdf,6,14701,c248ba29f4735d4fda9d8d45f92711f85a3c2bd403a9a0ac16c336edc2b61a34,http://creativecommons.org/licenses/by/3.0/,https://archive.org/details/CVAN_1977-11-08_SPEC
CVAN_1977-11-08_SPECPUB,"Special Council Meeting Minutes : Nov. 8, 1977",1977-11-08,1977-11-08_SPECPUB_djvu.xml,,1977-11-08_SPECPUB.pdf,6,12537,b02cd27953b62e43fdf6690c139e6e1a266454c8ba70e0b9bb7ac8e1fe2fc6b5,http://creativecommons.org/licenses/by/3.0/,https://archive.org/details/CVAN_1977-11-08_SPECPUB
CVAN_1977-11-17_SPEC,"Special Council Meeting Minutes : Nov. 17, 1977",1977-11-17,1977-11-17_SPEC_djvu.xml,,1977-11-17_SPEC.pdf,4,8983,658438bb4c85e132bc4ab9f10e81b7a278e77f1520d0f3b959a263aa39e01616,http://creativecommons.org/licenses/by/3.0/,https://archive.org/details/CVAN_1977-11-17_SPEC
CVAN_1977-11-22,"Council Meeting Minutes : Nov. 22, 1977",1977-11-22,1977-11-22_djvu.xml,,1977-11-22.pdf,79,199352,0a847f2bdc578ccdfa6c92fc34b5d84d55b9e44df5a551aded2304c31b5b093d,http://creativecommons.org/licenses/by/3.0/,https://archive.org/details/CVAN_1977-11-22
CVAN_1977-11-22_SPEC,"Special Council Meeting Minutes : Nov. 22, 1977",1977-11-22,1977-11-22_SPEC_djvu.xml,,1977-11-22_SPEC.pdf,5,9098,61021e30cfe2eac297d41d90372eb1e70b9f8cef16332cd6e34b0d9e13f659e4,http://creativecommons.org/licenses/by/3.0/,https://archive.org/details/CVAN_1977-11-22_SPEC
CVAN_1977-11-22_SPEC_ZON,"Special Council Meeting Minutes : Nov. 22, 1977",1977-11-22,1977-11-22_SPEC_ZON_djvu.xml,,1977-11-22_SPEC_ZON.pdf,4,9392,c7295f0b4b4314d796bafe63b42946eb70c9d5989057cad0f75843c42f7c5f1f,http://creativecommons.org/licenses/by/3.0/,https://archive.org/details/CVAN_1977-11-22_SPEC_ZON
CVAN_1977-11-24_SPEC,"Special Council Meeting Minutes : Nov. 24, 1977",1977-11-24,1977-11-24_SPEC_djvu.xml,,1977-11-24_SPEC.pdf,3,4888,e192f9e37ad5e489257795bab9bbaedd9941ba1e86e3c4a97c00b9f83a1fb4f2,http://creativecommons.org/licenses/by/3.0/,https://archive.org/details/CVAN_1977-11-24_SPEC
CVAN_1977-11-29,"Council Meeting Minutes : Nov. 29, 1977",1977-11-29,1977-11-29_djvu.xml,,1977-11-29.pdf,45,104862,3f61b7fe195da0467bb51037d35243e81c671e9442ac2e277e5c0c5a2eed53d4,http://creativecommons.org/licenses/by/3.0/,https://archive.org/details/CVAN_1977-11-29
CVAN_1977-12-06,"Council Meeting Minutes : Dec. 6, 1977",1977-12-06,1977-12-06_djvu.xml,,1977-12-06.pdf,56,122872,de88eb3cb357260146e97ace939ea1ae5fb61143659fc6a4225d8f5900abf352,http://creativecommons.org/licenses/by/3.0/,https://archive.org/details/CVAN_1977-12-06
CVAN_1977-12-13,"Council Meeting Minutes : Dec. 13, 1977",1977-12-13,1977-12-13_djvu.xml,,1977-12-13.pdf,92,212051,ac10f937f30d99b8a7c6d5f3443371199ca73d7efb72b197bba8a1da93cdb2f9,http://creativecommons.org/licenses/by/3.0/,https://archive.org/details/CVAN_1977-12-13
CVAN_1978-01-10,"Council Meeting Minutes : Jan. 10, 1978",1978-01-10,1978-01-10_djvu.xml,,1978-01-10.pdf,60,131695,cb38733461f6c58c251c648edcb0b08da2c881eee4608d95ff8aebb24996138d,http://creativecommons.org/licenses/by/3.0/,https://archive.org/details/CVAN_1978-01-10
CVAN_1978-01-17,"Council Meeting Minutes : Jan. 17, 1978",1978-01-17,1978-01-17_djvu.xml,,1978-01-17.pdf,88,193158,6cfbee707b988ff139afeb25ea57927a0187b6b2117e94a348c9373845937601,http://creativecommons.org/licenses/by/3.0/,https://archive.org/details/CVAN_1978-01-17
CVAN_1978-01-26_SPEC,"Special Council Meeting Minutes : Jan. 26, 1978",1978-01-26,1978-01-26_SPEC_djvu.xml,,1978-01-26_SPEC.pdf,3,5001,350e79639e575dbc7b0c6bff95968ff54c6dd2b01150f62d37a310f8d54e8379,http://creativecommons.org/licenses/by/3.0/,https://archive.org/details/CVAN_1978-01-26_SPEC
CVAN_1978-02-07,"Council Meeting Minutes : Feb. 7, 1978",1978-02-07,1978-02-07_djvu.xml,,1978-02-07.pdf,69,159765,6a818ffa6085b70ce06f73efdf271cfcc96ed362e418282151eb9151101e1c6d,http://creativecommons.org/licenses/by/3.0/,https://archive.org/details/CVAN_1978-02-07
CVAN_1978-02-09_SPEC,"Special Council Meeting Minutes : Feb. 9, 1978",1978-02-09,1978-02-09_SPEC_djvu.xml,,1978-02-09_SPEC.pdf,3,5227,9e8d4aecb21cbfa6f203211a4f0b88976e9dd011578b2db54c2a6c450e47f3f7,http://creativecommons.org/licenses/by/3.0/,https://archive.org/details/CVAN_1978-02-09_SPEC
CVAN_1978-02-14,"Council Meeting Minutes : Feb. 14, 1978",1978-02-14,1978-02-14_djvu.xml,,1978-02-14.pdf,59,135282,9c0849867cbf2d1a2a10239b4a64f942e11f03a7287cafcfda033cb6f75bd3be,http://creativecommons.org/licenses/by/3.0/,https://archive.org/details/CVAN_1978-02-14
CVAN_1978-02-16_SPEC,"Special Council Meeting Minutes : Feb. 16, 1978",1978-02-16,1978-02-16_SPEC_djvu.xml,,1978-02-16_SPEC.pdf,5,12044,dcad20c5c107b0997a1e938ba913e0e17b52587dc7f8f02dd26db0a6c87344a1,http://creativecommons.org/licenses/by/3.0/,https://archive.org/details/CVAN_1978-02-16_SPEC
CVAN_1978-02-21,"Council Meeting Minutes : Feb. 21, 1978",1978-02-21,1978-02-21_djvu.xml,,1978-02-21.pdf,81,194886,7b0ab09df1d599eb6d443ab712ece0e3f34b2ac6efcf76665f1df1918343dfca,http://creativecommons.org/licenses/by/3.0/,https://archive.org/details/CVAN_1978-02-21
CVAN_1978-02-23_SPEC,"Special Council Meeting Minutes : Feb. 23, 1978",1978-02-23,1978-02-23_SPEC_djvu.xml,,1978-02-23_SPEC.pdf,5,10400,58d9b444aaace5f7a8b01f5adebd22525b53f3a33d340535e8d86de268022409,http://creativecommons.org/licenses/by/3.0/,https://archive.org/details/CVAN_1978-02-23_SPEC
CVAN_1978-02-28_SPEC,"Special Council Meeting Minutes : Feb. 28, 1978",1978-02-28,1978-02-28_SPEC_djvu.xml,,1978-02-28_SPEC.pdf,6,11919,66e0c6e20f5ec759b9a00174e991dba85e11d5c86f7f9ac18d1f57c5a1bbac91,http://creativecommons.org/licenses/by/3.0/,https://archive.org/details/CVAN_1978-02-28_SPEC
CVAN_1978-03-07,"Council Meeting Minutes : Mar. 7, 1978",1978-03-07,1978-03-07_djvu.xml,,1978-03-07.pdf,66,158202,56fff5408e287adb62d71ed85d5a090f1429d3145302b5acf07f3a7b818285be,http://creativecommons.org/licenses/by/3.0/,https://archive.org/details/CVAN_1978-03-07
CVAN_1978-03-14,"Council Meeting Minutes : Mar. 14, 1978",1978-03-14,1978-03-14_djvu.xml,,1978-03-14.pdf,50,109161,165d38523d2efe7faa0ae6ec53128a84fa0e7f842b85836dc6fb56ebe470dcbc,http://creativecommons.org/licenses/by/3.0/,https://archive.org/details/CVAN_1978-03-14
CVAN_1978-03-16_SPEC,"Special Council Meeting Minutes : Mar. 16, 1978",1978-03-16,1978-03-16_SPEC_djvu.xml,,1978-03-16_SPEC.pdf,8,16776,64a012c582ec78568dc27c737ba2633ebd80ea29fa63515bb1df121ba06789cb,http://creativecommons.org/licenses/by/3.0/,https://archive.org/details/CVAN_1978-03-16_SPEC
CVAN_1978-03-21,"Council Meeting Minutes : Mar. 21, 1978",1978-03-21,1978-03-21_djvu.xml,,1978-03-21.pdf,70,153150,0884bf715c513d4c34695dfb9df538e105c97af9f5f514f53029dc06a2f3338a,http://creativecommons.org/licenses/by/3.0/,https://archive.org/details/CVAN_1978-03-21
CVAN_1978-03-22_SPEC,"Special Council Meeting Minutes : Mar. 22, 1978",1978-03-22,1978-03-22_SPEC_djvu.xml,,1978-03-22_SPEC.pdf,1,1488,32ae0954a60509540bc82d737ab0a6e56e9d0302bbe0a18e936d80974d753786,http://creativecommons.org/licenses/by/3.0/,https://archive.org/details/CVAN_1978-03-22_SPEC
CVAN_1978-03-30_SPEC,"Special Council Meeting Minutes : Mar. 30, 1978",1978-03-30,1978-03-30_SPEC_djvu.xml,,1978-03-30_SPEC.pdf,7,12360,cd7df09923747fc2caa0d5732926fae5f2d4597650f1f9091e3174b6b14f8009,http://creativecommons.org/licenses/by/3.0/,https://archive.org/details/CVAN_1978-03-30_SPEC
CVAN_1978-04-04,"Council Meeting Minutes : Apr. 4, 1978",1978-04-04,1978-04-04_djvu.xml,,1978-04-04.pdf,86,199531,8b301d03c66cb02b3ff0c72915cc43acb31139997968274de3662d4c9f868c73,http://creativecommons.org/licenses/by/3.0/,https://archive.org/details/CVAN_1978-04-04
CVAN_1978-04-11,"Council Meeting Minutes : Apr. 11, 1978",1978-04-11,1978-04-11_djvu.xml,,1978-04-11.pdf,49,108357,c3b02465c07216b2451d93d819565aea1e3142e6412416f9ebd2be3d0e1b366d,http://creativecommons.org/licenses/by/3.0/,https://archive.org/details/CVAN_1978-04-11
CVAN_1978-04-15_SPEC,"Special Council Meeting Minutes : Apr. 15, 1978",1978-04-15,1978-04-15_SPEC_djvu.xml,,1978-04-15_SPEC.pdf,5,8267,777571d0fd61f2554a247e75684cd53245fb9a670c7d1baafa559db8d42bad63,http://creativecommons.org/licenses/by/3.0/,https://archive.org/details/CVAN_1978-04-15_SPEC
CVAN_1978-04-18,"Council Meeting Minutes : Apr. 18, 1978",1978-04-18,1978-04-18_djvu.xml,,1978-04-18.pdf,53,109461,549c0f2eaee40500f27d93a0181a008ad2a37d837dd355c3a4d3f08cb70dc471,http://creativecommons.org/licenses/by/3.0/,https://archive.org/details/CVAN_1978-04-18
CVAN_1978-04-20_SPEC,"Special Council Meeting Minutes : Apr. 20, 1978",1978-04-20,1978-04-20_SPEC_djvu.xml,,1978-04-20_SPEC.pdf,19,44919,f9e16f7709679ec2b8625c0247c523f5e585348d132544169229eff2c7d74a43,http://creativecommons.org/licenses/by/3.0/,https://archive.org/details/CVAN_1978-04-20_SPEC
CVAN_1978-04-20_SPECPUB,"Special Council Meeting Minutes : Apr. 20, 1978",1978-04-20,1978-04-20_SPECPUB_djvu.xml,,1978-04-20_SPECPUB.pdf,2,3175,f688ef1ed32f695fcf6ac7465a6b22c18d5f36362db2afbc66709a62306e635b,http://creativecommons.org/licenses/by/3.0/,https://archive.org/details/CVAN_1978-04-20_SPECPUB
CVAN_1978-05-02,"Council Meeting Minutes : May 2, 1978",1978-05-02,1978-05-02_djvu.xml,,1978-05-02.pdf,65,144019,cdc3de57676d81d4ec5915ded94b85dd98cb4cdbf0e726ed59eafd16688900e8,http://creativecommons.org/licenses/by/3.0/,https://archive.org/details/CVAN_1978-05-02
CVAN_1978-05-04_SPEC,"Special Council Meeting Minutes : May 4, 1978",1978-05-04,1978-05-04_SPEC_djvu.xml,,1978-05-04_SPEC.pdf,6,12925,aa057ef1a079f248c18f17991a170a7419c3a9dd8235752053aad8d3922ebdd2,http://creativecommons.org/licenses/by/3.0/,https://archive.org/details/CVAN_1978-05-04_SPEC
CVAN_1978-05-16,"Council Meeting Minutes : May 16, 1978",1978-05-16,1978-05-16_djvu.xml,,1978-05-16.pdf,73,166679,9afc207c00f20b15a83e18f5a3385969f0d00eb84fbcf17342993e5658c141da,http://creativecommons.org/licenses/by/3.0/,https://archive.org/details/CVAN_1978-05-16
CVAN_1978-05-16_SPEC,"Special Council Meeting Minutes : May 16, 1978",1978-05-16,1978-05-16_SPEC_djvu.xml,,1978-05-16_SPEC.pdf,3,3232,2ed32844c394c76448984dd0265b9198c26ad8568c81326da2d4b998da268a72,http://creativecommons.org/licenses/by/3.0/,https://archive.org/details/CVAN_1978-05-16_SPEC
CVAN_1978-05-18_SPEC,"Special Council Meeting Minutes : May 18, 1978",1978-05-18,1978-05-18_SPEC_djvu.xml,,1978-05-18_SPEC.pdf,5,8595,ed8272cf717cf8dcb065752670e4a279e5f803eb8b2388d110b85a0439e46369,http://creativecommons.org/licenses/by/3.0/,https://archive.org/details/CVAN_1978-05-18_SPEC
CVAN_1978-05-25_SPEC,"Special Council Meeting Minutes : May 25, 1978",1978-05-25,1978-05-25_SPEC_djvu.xml,,1978-05-25_SPEC.pdf,3,6554,bb9916b818d6274b07ead91f5492e6e6479faaacdbe81b935c783f08525c3706,http://creativecommons.org/licenses/by/3.0/,https://archive.org/details/CVAN_1978-05-25_SPEC
CVAN_1978-05-30,"Council Meeting Minutes : May 30, 1978",1978-05-30,1978-05-30_djvu.xml,,1978-05-30.pdf,81,185779,816ed240e415d9af41bb76a252b4aeb52d0d37915fab4aaf83ad6873faef052d,http://creativecommons.org/licenses/by/3.0/,https://archive.org/details/CVAN_1978-05-30
CVAN_1978-06-13,"Council Meeting Minutes : June 13, 1978",1978-06-13,1978-06-13_djvu.xml,,1978-06-13.pdf,99,238588,b0c3cc175dcb01e67006003adae9e114f2d49f0ec1b00d001e4c32a0c61d6060,http://creativecommons.org/licenses/by/3.0/,https://archive.org/details/CVAN_1978-06-13
CVAN_1978-06-20,"Council Meeting Minutes : June 20, 1978",1978-06-20,1978-06-20_djvu.xml,,1978-06-20.pdf,34,74744,950cc5bd3b2be75d92579e03b329b5fd65f320080f1eb4335cf827d9a2ef1ad5,http://creativecommons.org/licenses/by/3.0/,https://archive.org/details/CVAN_1978-06-20
CVAN_1978-06-22_SPEC,"Special Council Meeting Minutes : June 22, 1978",1978-06-22,1978-06-22_SPEC_djvu.xml,,1978-06-22_SPEC.pdf,4,7232,ff329f2bea9f24f45b9b6b38aa22598c1de2ab4c1ddd2f0383fc83c27eb4966c,http://creativecommons.org/licenses/by/3.0/,https://archive.org/details/CVAN_1978-06-22_SPEC
CVAN_1978-06-27,"Council Meeting Minutes : June 27, 1978",1978-06-27,1978-06-27_djvu.xml,,1978-06-27.pdf,97,234117,e1a13021abd865433e98021afa6a4bb7adb049ff2386825730ae93b003c5bca4,http://creativecommons.org/licenses/by/3.0/,https://archive.org/details/CVAN_1978-06-27
CVAN_1978-06-27_SPEC,"Special Council Meeting Minutes : June 27, 1978",1978-06-27,1978-06-27_SPEC_djvu.xml,,1978-06-27_SPEC.pdf,2,2775,aa0335c78f54a18ece72cb0f907a6fd35cf5b95e81849170128b033934bc9e21,http://creativecommons.org/licenses/by/3.0/,https://archive.org/details/CVAN_1978-06-27_SPEC
CVAN_1978-07-11,"Council Meeting Minutes : July 11, 1978",1978-07-11,1978-07-11_djvu.xml,,1978-07-11.pdf,78,171975,3e9fa5e5c537ecc6fa17379b27c04968e84e75138b737c384998757af7889104,http://creativecommons.org/licenses/by/3.0/,https://archive.org/details/CVAN_1978-07-11
CVAN_1978-07-11_SPEC,"Special Council Meeting Minutes : July 11, 1978",1978-07-11,1978-07-11_SPEC_djvu.xml,,1978-07-11_SPEC.pdf,4,9368,8c29292d91e756ed69717898090d3e38096a5d41580c32f83abd0f40a5336931,http://creativecommons.org/licenses/by/3.0/,https://archive.org/details/CVAN_1978-07-11_SPEC
CVAN_1978-07-11_SPECPUB,"Special Council Meeting Minutes : July 11, 1978",1978-07-11,1978-07-11_SPECPUB_djvu.xml,,1978-07-11_SPECPUB.pdf,3,6206,6e2592ca2316e11b944361f7abd75e945a863b9216d1199f54776d130c33bc2c,http://creativecommons.org/licenses/by/3.0/,https://archive.org/details/CVAN_1978-07-11_SPECPUB
CVAN_1978-07-12_SPEC,"Special Council Meeting Minutes : July 12, 1978",1978-07-12,1978-07-12_SPEC_djvu.xml,,1978-07-12_SPEC.pdf,2,2942,b07eff2a9f12503f44c5bbbd24f4d81757dedb31dbe22ca0edf47c9a04e1078d,http://creativecommons.org/licenses/by/3.0/,https://archive.org/details/CVAN_1978-07-12_SPEC
CVAN_1978-07-25,"Council Meeting Minutes : July 25, 1978",1978-07-25,1978-07-25_djvu.xml,,1978-07-25.pdf,101,230718,62ba463af89da2e3a8f80b37b84c11dd47ff329f77162b41924b1a441725a0f8,http://creativecommons.org/licenses/by/3.0/,https://archive.org/details/CVAN_1978-07-25
CVAN_1978-08-01,"Council Meeting Minutes : Aug. 1, 1978",1978-08-01,1978-08-01_djvu.xml,,1978-08-01.pdf,49,108584,fa3f38365fd1cd301fb55bd6ef95ac9213df5bb226ca965b11087c1cd9393584,http://creativecommons.org/licenses/by/3.0/,https://archive.org/details/CVAN_1978-08-01
CVAN_1978-08-15,"Council Meeting Minutes : Aug. 15, 1978",1978-08-15,1978-08-15_djvu.xml,,1978-08-15.pdf,98,225913,0f347592b50e8c37d6360613930eb486585a72321cee3df8556f7113c1f3f3a0,http://creativecommons.org/licenses/by/3.0/,https://archive.org/details/CVAN_1978-08-15
CVAN_1978-08-29,"Council Meeting Minutes : Aug. 29, 1978",1978-08-29,1978-08-29_djvu.xml,,1978-08-29.pdf,79,181466,9228835c9ceed3670e170aa663aaf8b3071dd7f1da443a95f1a1096e6e4452b2,http://creativecommons.org/licenses/by/3.0/,https://archive.org/details/CVAN_1978-08-29
CVAN_1978-09-12,"Council Meeting Minutes : Sept. 12, 1978",1978-09-12,1978-09-12_djvu.xml,,1978-09-12.pdf,76,182678,90fa04705363eb23392e68548dababd7fefa4765e44da0585ee058e7316c43ec,http://creativecommons.org/licenses/by/3.0/,https://archive.org/details/CVAN_1978-09-12
CVAN_1978-09-12_SPEC,"Special Council Meeting Minutes : Sept. 12, 1978",1978-09-12,1978-09-12_SPEC_djvu.xml,,1978-09-12_SPEC.pdf,3,4135,2646535ecd3876758526a9054a6b712dfa3dfa7448c5d0ace1cf653036e260f0,http://creativecommons.org/licenses/by/3.0/,https://archive.org/details/CVAN_1978-09-12_SPEC
CVAN_1978-09-13_SPEC,"Special Council Meeting Minutes : Sept. 13, 1978",1978-09-13,1978-09-13_SPEC_djvu.xml,,1978-09-13_SPEC.pdf,2,2700,00e2a75a7055cfc408717edd382e405afb593d9ddedf343d341c1d769803d991,http://creativecommons.org/licenses/by/3.0/,https://archive.org/details/CVAN_1978-09-13_SPEC
CVAN_1978-09-14_SPEC,"Special Council Meeting Minutes : Sept. 14, 1978",1978-09-14,1978-09-14_SPEC_djvu.xml,,1978-09-14_SPEC.pdf,6,12224,b9899d68ae1cbbec3d9d541b268760eb8fcf26784cc211db62093dfa8bd302cc,http://creativecommons.org/licenses/by/3.0/,https://archive.org/details/CVAN_1978-09-14_SPEC
CVAN_1978-09-26,"Council Meeting Minutes : Sept. 26, 1978",1978-09-26,1978-09-26_djvu.xml,,1978-09-26.pdf,80,187154,1cd79f8e56e19e654ae10c7b7b205e57ba04a0236128fd4e82ea5abc9a9b5f0f,http://creativecommons.org/licenses/by/3.0/,https://archive.org/details/CVAN_1978-09-26
CVAN_1978-10-03,"Council Meeting Minutes : Oct. 3, 1978",1978-10-03,1978-10-03_djvu.xml,,1978-10-03.pdf,33,73678,26dce6c7861e725384cb3c44864b5ca1ca7afa561151e733be835685f0fabbcd,http://creativecommons.org/licenses/by/3.0/,https://archive.org/details/CVAN_1978-10-03
CVAN_1978-10-17,"Council Meeting Minutes : Oct. 17, 1978",1978-10-17,1978-10-17_djvu.xml,,1978-10-17.pdf,109,268618,a8c9f16a6281c989715369a00c147b3de84c8c83e87a7ea732af5044f7d6c16f,http://creativecommons.org/licenses/by/3.0/,https://archive.org/details/CVAN_1978-10-17
CVAN_1978-10-17_SPEC,"Special Council Meeting Minutes : Oct. 17, 1978",1978-10-17,1978-10-17_SPEC_djvu.xml,,1978-10-17_SPEC.pdf,4,6243,bc262b5cf5efb6aec0d093f5896b4c71e94b11ec47d9762f77023c8b57c7c911,http://creativecommons.org/licenses/by/3.0/,https://archive.org/details/CVAN_1978-10-17_SPEC
CVAN_1978-10-19_SPEC,"Special Council Meeting Minutes : Oct. 19, 1978",1978-10-19,1978-10-19_SPEC_djvu.xml,,1978-10-19_SPEC.pdf,4,9166,b682ff35a6bad23e806205a593bb6b9f20ddaef178858efc43abcf5b2a368b86,http://creativecommons.org/licenses/by/3.0/,https://archive.org/details/CVAN_1978-10-19_SPEC
CVAN_1978-10-31,"Council Meeting Minutes : Oct. 31, 1978",1978-10-31,1978-10-31_djvu.xml,,1978-10-31.pdf,74,182334,a7eaba9d1b0eba25bc8b5b40430ed2359194c79abd284153f89f7afe43dad5d6,http://creativecommons.org/licenses/by/3.0/,https://archive.org/details/CVAN_1978-10-31
CVAN_1978-10-31_SPEC,"Special Council Meeting Minutes : Oct. 31, 1978",1978-10-31,1978-10-31_SPEC_djvu.xml,,1978-10-31_SPEC.pdf,4,8285,3281b1f4ab8592099fa601294112664649ce2862e71e12551c052ce7c4eb1bad,http://creativecommons.org/licenses/by/3.0/,https://archive.org/details/CVAN_1978-10-31_SPEC
CVAN_1978-11-07,"Council Meeting Minutes : Nov. 7, 1978",1978-11-07,1978-11-07_djvu.xml,,1978-11-07.pdf,45,109332,91d368ae7e401e48812dc2c9971ba80468a2eaca2a83bb1fff0ee17e91c3b36d,http://creativecommons.org/licenses/by/3.0/,https://archive.org/details/CVAN_1978-11-07
CVAN_1978-11-21,"Council Meeting Minutes : Nov. 21, 1978",1978-11-21,1978-11-21_djvu.xml,,1978-11-21.pdf,90,209470,ce31927609790c0c2f4ce7b8f707571d15710cd19e850e05f1099a6d4a22a63e,http://creativecommons.org/licenses/by/3.0/,https://archive.org/details/CVAN_1978-11-21
CVAN_1978-11-28,"Council Meeting Minutes : Nov. 28, 1978",1978-11-28,1978-11-28_djvu.xml,,1978-11-28.pdf,54,129387,bbbe17d510214b86bf3768fde1bb828ed42dd9dee684d2a722d037cdafd09225,http://creativecommons.org/licenses/by/3.0/,https://archive.org/details/CVAN_1978-11-28
CVAN_1978-12-07_SPEC,"Special Council Meeting Minutes : Dec. 7, 1978",1978-12-07,1978-12-07_SPEC_djvu.xml,,1978-12-07_SPEC.pdf,6,11568,b9ca6e1ef1ae4bde8afcf375a2b54ece65e9c6bade0c066fd5c9aeb91efbf552,http://creativecommons.org/licenses/by/3.0/,https://archive.org/details/CVAN_1978-12-07_SPEC
CVAN_1978-12-12,"Council Meeting Minutes : Dec. 12, 1978",1978-12-12,1978-12-12_djvu.xml,,1978-12-12.pdf,153,367152,5353a1d7159780221d96f712cabe15165a0c8ecd3d27c2e87c49522e6779cd26,http://creativecommons.org/licenses/by/3.0/,https://archive.org/details/CVAN_1978-12-12
CVAN_1978-12-12_SPEC,"Special Council Meeting Minutes : Dec. 12, 1978",1978-12-12,1978-12-12_SPEC_djvu.xml,,1978-12-12_SPEC.pdf,2,1654,040e3f7d70edd69b5e920622622ccce5db99c3c59cdf617665d2965fce73911c,http://creativecommons.org/licenses/by/3.0/,https://archive.org/details/CVAN_1978-12-12_SPEC
CVAN_1978-12-12_SPECPUB,"Special Council Meeting Minutes : Dec. 12, 1978",1978-12-12,1978-12-12_SPECPUB_djvu.xml,,1978-12-12_SPECPUB.pdf,4,6755,0f0bfb7d3049d1b9667bae232b85a3888fd3394a154dcae4b07a4b57720ab62a,http://creativecommons.org/licenses/by/3.0/,https://archive.org/details/CVAN_1978-12-12_SPECPUB
CVAN_1979-01-03,"Council Meeting Minutes : Jan. 3, 1979",1979-01-03,1979-01-03_djvu.xml,,1979-01-03.pdf,8,8728,351728aa43659fee18f622c4ac9e339162b0ed2c45d12b01c5e8a51f069c6e3f,http://creativecommons.org/licenses/by/3.0/,https://archive.org/details/CVAN_1979-01-03
CVAN_1979-01-03_SPEC,"Special Council Meeting Minutes : Jan. 3, 1979",1979-01-03,1979-01-03_SPEC_djvu.xml,,1979-01-03_SPEC.pdf,3,4064,77720171a95d65cbee3dfd6aafe54bef951c9d3407e195170ab2b95f043adf83,http://creativecommons.org/licenses/by/3.0/,https://archive.org/details/CVAN_1979-01-03_SPEC
CVAN_1979-01-09,"Council Meeting Minutes : Jan. 9, 1979",1979-01-09,1979-01-09_djvu.xml,,1979-01-09.pdf,42,95838,6a4be2adca285776cda3199e5f3530890172d578df93e82c4a8a4e00df474358,http://creativecommons.org/licenses/by/3.0/,https://archive.org/details/CVAN_1979-01-09
CVAN_1979-01-16,"Council Meeting Minutes : Jan. 16, 1979",1979-01-16,1979-01-16_djvu.xml,,1979-01-16.pdf,45,99030,52a6a4143cb4d0d5b00c0a2207c39dd4eb8dc2068ce71d85321ae1e0e3ada8e0,http://creativecommons.org/licenses/by/3.0/,https://archive.org/details/CVAN_1979-01-16
CVAN_1979-01-23,"Council Meeting Minutes : Jan. 23, 1979",1979-01-23,1979-01-23_djvu.xml,,1979-01-23.pdf,61,132971,ae7b50b3e951d96e738af180a5f60d0dd5925594a77968cddb700e9e17f56b56,http://creativecommons.org/licenses/by/3.0/,https://archive.org/details/CVAN_1979-01-23
CVAN_1979-02-06,"Council Meeting Minutes : Feb. 6, 1979",1979-02-06,1979-02-06_djvu.xml,,1979-02-06.pdf,66,137452,73299623c6a0fcc7b4130ee03e0735357fc4fef35cecc570f8bc50da7d57d0d7,http://creativecommons.org/licenses/by/3.0/,https://archive.org/details/CVAN_1979-02-06
CVAN_1979-02-08_SPEC,"Special Council Meeting Minutes : Feb. 8, 1979",1979-02-08,1979-02-08_SPEC_djvu.xml,,1979-02-08_SPEC.pdf,5,8181,88e393905ab9ad2dc3c21010e3816a40502c8f39faa0664c61a24c28dd0dab7b,http://creativecommons.org/licenses/by/3.0/,https://archive.org/details/CVAN_1979-02-08_SPEC
CVAN_1979-02-13,"Council Meeting Minutes : Feb. 13, 1979",1979-02-13,1979-02-13_djvu.xml,,1979-02-13.pdf,37,84768,19f4d46f112cd7f1505ec4a5c5584e2e31764c3910d137450d94be35a7c09c50,http://creativecommons.org/licenses/by/3.0/,https://archive.org/details/CVAN_1979-02-13
CVAN_1979-02-20,"Council Meeting Minutes : Feb. 20, 1979",1979-02-20,1979-02-20_djvu.xml,,1979-02-20.pdf,90,204032,41812f47fc9a16c609b81b3c16bed3f1214fb9aa5b8074537ae574fc8698280d,http://creativecommons.org/licenses/by/3.0/,https://archive.org/details/CVAN_1979-02-20
CVAN_1979-02-20_SPEC,"Special Council Meeting Minutes : Feb. 20, 1979",1979-02-20,1979-02-20_SPEC_djvu.xml,,1979-02-20_SPEC.pdf,2,2006,992ad003a3ea6099bacf0c3d2b031356b125f7628bc92f200032b6eda352b609,http://creativecommons.org/licenses/by/3.0/,https://archive.org/details/CVAN_1979-02-20_SPEC
CVAN_1979-03-06,"Council Meeting Minutes : Mar. 6, 1979",1979-03-06,1979-03-06_djvu.xml,,1979-03-06.pdf,95,222880,fda5413bd4406f47527bffa1c576651b58ad7f5cccbe6c9e0417dd4dd6807e11,http://creativecommons.org/licenses/by/3.0/,https://archive.org/details/CVAN_1979-03-06
CVAN_1979-03-13,"Council Meeting Minutes : Mar. 13, 1979",1979-03-13,1979-03-13_djvu.xml,,1979-03-13.pdf,47,103282,1ea9980fd594c16cab4292de6e07208db988734f28c3514801734869ed4f89ef,http://creativecommons.org/licenses/by/3.0/,https://archive.org/details/CVAN_1979-03-13
CVAN_1979-03-20,"Council Meeting Minutes : Mar. 20, 1979",1979-03-20,1979-03-20_djvu.xml,,1979-03-20.pdf,74,171720,558f6575d736f74866fa557aa016a73c9c58ceb365331c280e2b7a18e1fe6df4,http://creativecommons.org/licenses/by/3.0/,https://archive.org/details/CVAN_1979-03-20
CVAN_1979-04-03,"Council Meeting Minutes : Apr. 3, 1979",1979-04-03,1979-04-03_djvu.xml,,1979-04-03.pdf,96,241558,639b77f5654c20f765344467c027c70da1ab1b122df62b64f3bf9728ffa8d722,http://creativecommons.org/licenses/by/3.0/,https://archive.org/details/CVAN_1979-04-03
CVAN_1979-04-10,"Council Meeting Minutes : Apr. 10, 1979",1979-04-10,1979-04-10_djvu.xml,,1979-04-10.pdf,76,190124,e99f0df8e449b81bc7e5a922780df8fb3bf425e5460b4334a27eb6bf9236e8fb,http://creativecommons.org/licenses/by/3.0/,https://archive.org/details/CVAN_1979-04-10
CVAN_1979-04-12_SPEC,"Special Council Meeting (Court of Revision) Minutes : Apr. 12, 1979",1979-04-12,1979-04-12_SPEC_djvu.xml,,1979-04-12_SPEC.pdf,2,2115,e1b5360440257b67680cba1b0101b49e864fa3b87a7fcbf0bf610ee500475262,http://creativecommons.org/licenses/by/3.0/,https://archive.org/details/CVAN_1979-04-12_SPEC
CVAN_1979-04-24,"Council Meeting Minutes : Apr. 24, 1979",1979-04-24,1979-04-24_djvu.xml,,1979-04-24.pdf,65,135330,e97711410a0c6fa782bb3cae336b91adb4dfae89812824b59ff0f414d8b99c68,http://creativecommons.org/licenses/by/3.0/,https://archive.org/details/CVAN_1979-04-24
CVAN_1979-04-24_SPEC,"Special Council Meeting Minutes : Apr. 24, 1979",1979-04-24,1979-04-24_SPEC_djvu.xml,,1979-04-24_SPEC.pdf,2,2652,5b59a181b98971358f9c236858b5b6fb61dc2763d729b9882a68fd6c32e0d85f,http://creativecommons.org/licenses/by/3.0/,https://archive.org/details/CVAN_1979-04-24_SPEC
CVAN_1979-04-26_SPEC,"Special Council Meeting Minutes : Apr. 26, 1979",1979-04-26,1979-04-26_SPEC_djvu.xml,,1979-04-26_SPEC.pdf,4,8692,b473327cba9383b831ea12d72d33eeec184ad3efd70857965184157a4151a0a6,http://creativecommons.org/licenses/by/3.0/,https://archive.org/details/CVAN_1979-04-26_SPEC
CVAN_1979-05-01,"Council Meeting Minutes : May 1, 1979",1979-05-01,1979-05-01_djvu.xml,,1979-05-01.pdf,49,108116,2cb1ac62e82f1665a89aa929d79f85482c077b3c2c0b4cf8856b0ade9ba39c06,http://creativecommons.org/licenses/by/3.0/,https://archive.org/details/CVAN_1979-05-01
CVAN_1979-05-15,"Council Meeting Minutes : May 15, 1979",1979-05-15,1979-05-15_djvu.xml,,1979-05-15.pdf,120,274245,0f9247194209b0ce9bf7e1abcfe74bb09cb255d237baa261356c7d25650abe07,http://creativecommons.org/licenses/by/3.0/,https://archive.org/details/CVAN_1979-05-15
CVAN_1979-05-23_SPEC,"Special Council Meeting Minutes : May 23, 1979",1979-05-23,1979-05-23_SPEC_djvu.xml,,1979-05-23_SPEC.pdf,8,15168,5f57c53d74d5ad769b38a92f6902bbea3bbcdd17c970ed585b5f16ddd3a3e286,http://creativecommons.org/licenses/by/3.0/,https://archive.org/details/CVAN_1979-05-23_SPEC
CVAN_1979-05-29,"Council Meeting Minutes : May 29, 1979",1979-05-29,1979-05-29_djvu.xml,,1979-05-29.pdf,80,181597,b52782cce921b80d70f8f4006280bfab1288fe64d7fcf6ce07e1e0eab0485386,http://creativecommons.org/licenses/by/3.0/,https://archive.org/details/CVAN_1979-05-29
CVAN_1979-06-12,"Council Meeting Minutes : June 12, 1979",1979-06-12,1979-06-12_djvu.xml,,1979-06-12.pdf,98,223436,a46179a9ea55f825c38581150125324e8b4999a293c3f36e23bfe9d91b4cce92,http://creativecommons.org/licenses/by/3.0/,https://archive.org/details/CVAN_1979-06-12
CVAN_1979-06-14_SPEC,"Special Council Meeting Minutes : June 14, 1979",1979-06-14,1979-06-14_SPEC_djvu.xml,,1979-06-14_SPEC.pdf,4,6980,fbd15a4089f430aa3744c2dd67c4322d216627962267347e69ffdcdccb4cdef7,http://creativecommons.org/licenses/by/3.0/,https://archive.org/details/CVAN_1979-06-14_SPEC
CVAN_1979-06-19,"Council Meeting Minutes : June 19, 1979",1979-06-19,1979-06-19_djvu.xml,,1979-06-19.pdf,82,169270,a81e454424650cb4ac1397f9b2a68e3ce8a4d37b1c937c8b3f4d8b2bbbfba979,http://creativecommons.org/licenses/by/3.0/,https://archive.org/details/CVAN_1979-06-19
CVAN_1979-06-26,"Council Meeting Minutes : June 26, 1979",1979-06-26,1979-06-26_djvu.xml,,1979-06-26.pdf,68,146246,de66944b2980008d97b3d0d785ccf346cf718b46d71b424b6f72e0578640690e,http://creativecommons.org/licenses/by/3.0/,https://archive.org/details/CVAN_1979-06-26
CVAN_1979-06-28_SPEC,"Special Council Meeting Minutes : June 28, 1979",1979-06-28,1979-06-28_SPEC_djvu.xml,,1979-06-28_SPEC.pdf,8,15562,023cae4b7a95a51c1ce52546f17accbfde87ce2ec8a9eb9c2101bef432ece659,http://creativecommons.org/licenses/by/3.0/,https://archive.org/details/CVAN_1979-06-28_SPEC
CVAN_1979-07-10,"Council Meeting Minutes : July 10, 1979",1979-07-10,1979-07-10_djvu.xml,,1979-07-10.pdf,85,186799,90c09f3efe579153e905a2ec3bdaccfef6a976e02e5233dc518158ba17c56a03,http://creativecommons.org/licenses/by/3.0/,https://archive.org/details/CVAN_1979-07-10
CVAN_1979-07-10_SPEC,"Special Council Meeting Minutes : July 10, 1979",1979-07-10,1979-07-10_SPEC_djvu.xml,,1979-07-10_SPEC.pdf,2,3351,21c5737ad678b506dbbc69b229bb1e0ad42d5a0bb9d33905f1274c92a07e60b8,http://creativecommons.org/licenses/by/3.0/,https://archive.org/details/CVAN_1979-07-10_SPEC
CVAN_1979-07-24,"Council Meeting Minutes : July 24, 1979",1979-07-24,1979-07-24_djvu.xml,,1979-07-24.pdf,98,212890,85d1ec88d90674d3c723f4c44cc87eb34c206d0d907fc7851f50f25876bcd24e,http://creativecommons.org/licenses/by/3.0/,https://archive.org/details/CVAN_1979-07-24
CVAN_1979-08-14,"Council Meeting Minutes : Aug. 14, 1979",1979-08-14,1979-08-14_djvu.xml,,1979-08-14.pdf,90,218386,48551645e14a5cc0743ed506d53fec351a4ddd056a8606d613dc00fb013b24ba,http://creativecommons.org/licenses/by/3.0/,https://archive.org/details/CVAN_1979-08-14
CVAN_1979-08-28,"Council Meeting Minutes : Aug. 28, 1979",1979-08-28,1979-08-28_djvu.xml,,1979-08-28.pdf,115,277974,523ae57536fb800c817ee05dc01faf8d54873e870757ac155994853c2dfb8ed2,http://creativecommons.org/licenses/by/3.0/,https://archive.org/details/CVAN_1979-08-28
CVAN_1979-09-11,"Council Meeting Minutes : Sept. 11, 1979",1979-09-11,1979-09-11_djvu.xml,,1979-09-11.pdf,68,143692,345fc4463dcf28703248fa9c50373223c0f536bf976a185a963e82339ed0b96a,http://creativecommons.org/licenses/by/3.0/,https://archive.org/details/CVAN_1979-09-11
CVAN_1979-09-11_SPEC,"Special Council Meeting Minutes : Sept. 11, 1979",1979-09-11,1979-09-11_SPEC_djvu.xml,,1979-09-11_SPEC.pdf,4,5050,0787c14f95c1bd25d2c56e97efa2e49ea5eacb77e47c2e022fded9f8db74b990,http://creativecommons.org/licenses/by/3.0/,https://archive.org/details/CVAN_1979-09-11_SPEC
CVAN_1979-09-13_SPEC,"Special Council Meeting Minutes : Sept. 13, 1979",1979-09-13,1979-09-13_SPEC_djvu.xml,,1979-09-13_SPEC.pdf,5,9440,4774b3e1e8f148de6435b4c35b5abb10fe02d55baf43c3a68728b2b9b3526542,http://creativecommons.org/licenses/by/3.0/,https://archive.org/details/CVAN_1979-09-13_SPEC
CVAN_1979-09-18,"Council Meeting Minutes : Sept. 18, 1979",1979-09-18,1979-09-18_djvu.xml,,1979-09-18.pdf,37,80174,81adf74659ca6b9e02d2d3651d6eefabfc247eb3e62bab2db36aabc19be93d0e,http://creativecommons.org/licenses/by/3.0/,https://archive.org/details/CVAN_1979-09-18
CVAN_1979-09-25,"Council Meeting Minutes : Sept. 25, 1979",1979-09-25,1979-09-25_djvu.xml,,1979-09-25.pdf,31,67378,f4438c447d11e5bd55e8ee9f832876511059223f4ec16c5d3499a26b742dfc18,http://creativecommons.org/licenses/by/3.0/,https://archive.org/details/CVAN_1979-09-25
CVAN_1979-10-02,"Council Meeting Minutes : Oct. 2, 1979",1979-10-02,1979-10-02_djvu.xml,,1979-10-02.pdf,67,145738,9305a82c6e4169a37d0c321a56d30a402c16e7c63633bb183e0583671b769eec,http://creativecommons.org/licenses/by/3.0/,https://archive.org/details/CVAN_1979-10-02
CVAN_1979-10-16,"Council Meeting Minutes : Oct. 16, 1979",1979-10-16,1979-10-16_djvu.xml,,1979-10-16.pdf,63,145092,24598548367cd8c444104fdaca42fd0730d2ce7f8a4124065611d8496f4e31a5,http://creativecommons.org/licenses/by/3.0/,https://archive.org/details/CVAN_1979-10-16
CVAN_1979-10-30,"Council Meeting Minutes : Oct. 30, 1979",1979-10-30,1979-10-30_djvu.xml,,1979-10-30.pdf,76,179105,67d46feaff0a1aa3362bfe15ec0a7e1cff5677a46f2d1ac93bb4250f840b64ce,http://creativecommons.org/licenses/by/3.0/,https://archive.org/details/CVAN_1979-10-30
CVAN_1979-11-01_SPEC,"Special Council Meeting Minutes : Nov. 1, 1979",1979-11-01,1979-11-01_SPEC_djvu.xml,,1979-11-01_SPEC.pdf,3,3777,0bd661f24252b31f9f8a0d1110c10d4caeeaf0b653b4a1bd0f551dd43923769f,http://creativecommons.org/licenses/by/3.0/,https://archive.org/details/CVAN_1979-11-01_SPEC
CVAN_1979-11-06,"Council Meeting Minutes : Nov. 6, 1979",1979-11-06,1979-11-06_djvu.xml,,1979-11-06.pdf,39,91800,a3bf3c79a834152b77734c74d090fc1102ac226965e162b846b334ef772fc205,http://creativecommons.org/licenses/by/3.0/,https://archive.org/details/CVAN_1979-11-06
CVAN_1979-11-20,"Council Meeting Minutes : Nov. 20, 1979",1979-11-20,1979-11-20_djvu.xml,,1979-11-20.pdf,91,201543,c0a4405ada93c8dfa82f2f51c5e24d9cf540d225a977e6fad422d5c17bd8b787,http://creativecommons.org/licenses/by/3.0/,https://archive.org/details/CVAN_1979-11-20
CVAN_1979-11-22_SPEC,"Special Council Meeting Minutes : Nov. 22, 1979",1979-11-22,1979-11-22_SPEC_djvu.xml,,1979-11-22_SPEC.pdf,5,10435,4012e052cd0ad3b70059fb9e92d57c2d4ca5ee5d54424f0518bc74288e8c609c,http://creativecommons.org/licenses/by/3.0/,https://archive.org/details/CVAN_1979-11-22_SPEC
CVAN_1979-11-27,"Council Meeting Minutes : Nov. 27, 1979",1979-11-27,1979-11-27_djvu.xml,,1979-11-27.pdf,62,151610,7eee1a1de38efe2929757ed912e820b6849bcada7e2654cd1edcebbacb95886b,http://creativecommons.org/licenses/by/3.0/,https://archive.org/details/CVAN_1979-11-27
CVAN_1979-12-04,"Council Meeting Minutes : Dec. 4, 1979",1979-12-04,1979-12-04_djvu.xml,,1979-12-04.pdf,79,165525,0d96f96598bb7af6c83f9ca188c37c9988c58f47d21f1380d198827dfcb686a1,http://creativecommons.org/licenses/by/3.0/,https://archive.org/details/CVAN_1979-12-04
CVAN_1979-12-11,"Council Meeting Minutes : Dec. 11, 1979",1979-12-11,1979-12-11_djvu.xml,,1979-12-11.pdf,123,283598,03a532b88cf8af20308f96b660f26359737b67cfbad4044565115324f2d95261,http://creativecommons.org/licenses/by/3.0/,https://archive.org/details/CVAN_1979-12-11
