vendor,payee_slug,payee_name,core_key,merge_reason,is_curated
1 NEWHALL LLC,1-newhall-llc,1 Newhall LLC,1 NEWHALL,,false
1000 Sutter LLC,1000-sutter-llc,1000 Sutter LLC,1000 SUTTER,,false
101 NEW MONTGOMERY TIC,101-new-montgomery-tic,101 New Montgomery Tic,101 NEW MONTGOMERY TIC,,false
1030 POLK ASSOCIATES LP,1030-polk-associates-lp,1030 Polk Associates Lp,1030 POLK ASSOCIATES,,false
1035VETS LLC,1035vets-llc,1035vets LLC,1035VETS,,false
1036 MISSION ASSOCIATES LP,1036-mission-associates-lp,1036 Mission Associates Lp,1036 MISSION ASSOCIATES,,false
1064 Mission Homeless Services CenterLLC,1064-mission-homeless-services-centerllc,1064 Mission Homeless Services Centerllc,1064 MISSION HOMELESS SERVICES CENTERLLC,,false
1064 MISSION LP,1064-mission-lp,1064 Mission Lp,1064 MISSION,,false
1076 Howard Street LLC,1076-howard-street-llc,1076 Howard Street LLC,1076 HOWARD STREET,,false
1100 OCEAN AVENUE LIMITED PARTNERSHIP,1100-ocean-avenue-limited-partnership,1100 Ocean Avenue Limited Partnership,1100 OCEAN AVENUE LIMITED PARTNERSHIP,,false
1130 Filbert LLC,1130-filbert-llc,1130 Filbert LLC,1130 FILBERT,,false
1145 Market G2 LLC,1145-market-g2-llc,1145 Market G2 LLC,1145 MARKET G2,,false
1145 MARKET STREET LP,1145-market-street-lp,1145 Market Street Lp,1145 MARKET STREET,,false
1155 Ellis GP LLC,1155-ellis-gp-llc,1155 Ellis Gp LLC,1155 ELLIS GP,,false
1155 SF PARTNERS LLC,1155-sf-partners-llc,1155 SF Partners LLC,1155 SF PARTNERS,,false
120 14TH STREET LLC,120-14th-street-llc,120 14th Street LLC,120 14TH STREET,,false
1234 Great Highway LLC,1234-great-highway-llc,1234 Great Highway LLC,1234 GREAT HIGHWAY,,false
1234 Valencia Street LLC,1234-valencia-street-llc,1234 Valencia Street LLC,1234 VALENCIA STREET,,false
124 TURK ST LP,124-turk-st-lp,124 Turk St Lp,124 TURK ST,,false
124 TURK STREET LP,124-turk-street-lp,124 Turk Street Lp,124 TURK STREET,,false
1296 SHOTWELL HOUSING LP,1296-shotwell-housing-lp,1296 Shotwell Housing Lp,1296 SHOTWELL HOUSING,,false
1300 FOURTH STREET ASSOCIATES LP,1300-fourth-street-associates-lp,1300 Fourth Street Associates Lp,1300 FOURTH STREET ASSOCIATES,,false
1300 FOURTH STREET COMMERCIAL LLC,1300-fourth-street-commercial-llc,1300 Fourth Street Commercial LLC,1300 FOURTH STREET COMMERCIAL,,false
1303 Larkin Street LP,1303-larkin-street-lp,1303 Larkin Street Lp,1303 LARKIN STREET,,false
1415 16TH STREET ASSOCIATES LLC,1415-16th-street-associates-llc,1415 16th Street Associates LLC,1415 16TH STREET ASSOCIATES,,false
1440 HARRISON STREET DEVELOPMENT GROUP,1440-harrison-street-development-group,1440 Harrison Street Development Group,1440 HARRISON STREET DEVELOPMENT GROUP,,false
150 OTIS ASSOCIATES LP,150-otis-associates-lp,150 Otis Associates Lp,150 OTIS ASSOCIATES,,false
1500 PAGE STREET LLC,1500-page-street-llc,1500 Page Street LLC,1500 PAGE STREET,,false
1535 Jackson LLC,1535-jackson-llc,1535 Jackson LLC,1535 JACKSON,,false
160 Freelon Housing Partners LP,160-freelon-housing-partners-lp,160 Freelon Housing Partners Lp,160 FREELON HOUSING PARTNERS,,false
160 SOUTH VAN NESS VENTURE,160-south-van-ness-venture,160 South Van Ness Venture,160 SOUTH VAN NESS VENTURE,,false
1680 MISSION MANAGEMENT LLC,1680-mission-management-llc,1680 Mission Management LLC,1680 MISSION MANAGEMENT,,false
1750 MCALLISTER LP,1750-mcallister-lp,1750 Mcallister Lp,1750 MCALLISTER,,false
1760 BUSH LP,1760-bush-lp,1760 Bush Lp,1760 BUSH,,false
180 Jones Associates L.P.,180-jones-associates-l-p,180 Jones Associates L.p.,180 JONES ASSOCIATES L P,,false
1880 PINE LP,1880-pine-lp,1880 Pine Lp,1880 PINE,,false
1950 MISSION HOUSING ASSOCIATES LP,1950-mission-housing-associates-lp,1950 Mission Housing Associates Lp,1950 MISSION HOUSING ASSOCIATES,,false
1979 Mission Street Family Associates LP,1979-mission-street-family-associates-lp,1979 Mission Street Family Associates Lp,1979 MISSION STREET FAMILY ASSOCIATES,,false
1979 Mission Street PSH Associates LP,1979-mission-street-psh-associates-lp,1979 Mission Street Psh Associates Lp,1979 MISSION STREET PSH ASSOCIATES,,false
1990 FOLSOM HOUSING ASSOCIATES LP,1990-folsom-housing-associates-lp,1990 Folsom Housing Associates Lp,1990 FOLSOM HOUSING ASSOCIATES,,false
200 PAUL LLC,200-paul-llc,200 Paul LLC,200 PAUL,,false
2026 LOMBARD STREET LLC,2026-lombard-street-llc,2026 Lombard Street LLC,2026 LOMBARD STREET,,false
2060 FOLSOM HOUSING LP,2060-folsom-housing-lp,2060 Folsom Housing Lp,2060 FOLSOM HOUSING,,false
21 TECH,21-tech,21 Tech,21 TECH,,false
220 GOLDEN GATE ASSOCIATES LP,220-golden-gate-associates-lp,220 Golden Gate Associates Lp,220 GOLDEN GATE ASSOCIATES,,false
220 GOLDEN GATE CLINIC LLC,220-golden-gate-clinic-llc,220 Golden Gate Clinic LLC,220 GOLDEN GATE CLINIC,,false
220 GOLDEN GATE MASTER TENANT LP,220-golden-gate-master-tenant-lp,220 Golden Gate Master Tenant Lp,220 GOLDEN GATE MASTER TENANT,,false
246 MCALLISTER STREET LLC,246-mcallister-street-llc,246 Mcallister Street LLC,246 MCALLISTER STREET,,false
249 Pennsylvania Associates L.P.,249-pennsylvania-associates-l-p,249 Pennsylvania Associates L.p.,249 PENNSYLVANIA ASSOCIATES L P,,false
25 ESSEX LP,25-essex-lp,25 Essex Lp,25 ESSEX,,false
250 KEARNY STREET LLC,250-kearny-street-llc,250 Kearny Street LLC,250 KEARNY STREET,,false
250 Laguna Honda LLC,250-laguna-honda-llc,250 Laguna Honda LLC,250 LAGUNA HONDA,,false
2530 18th LLC,2530-18th-llc,2530 18th LLC,2530 18TH,,false
2550 Irving Associates LP,2550-irving-associates-lp,2550 Irving Associates Lp,2550 IRVING ASSOCIATES,,false
262 7th Street SF,262-7th-street-sf,262 7th Street SF,262 7TH STREET SF,,false
2698 CALIFORNIA LP,2698-california-lp,2698 California Lp,2698 CALIFORNIA,,false
270 Turk GP LLC,270-turk-gp-llc,270 Turk Gp LLC,270 TURK GP,,false
2712 MISSION PARTNERS LP,2712-mission-partners-lp,2712 Mission Partners Lp,2712 MISSION PARTNERS,,false
2725 Oakdale LLC,2725-oakdale-llc,2725 Oakdale LLC,2725 OAKDALE,,false
275 10TH STREET ASSOCIATES LP,275-10th-street-associates-lp,275 10th Street Associates Lp,275 10TH STREET ASSOCIATES,,false
2B Living Inc.,2b-living-inc,2b Living Inc.,2B LIVING,,false
30 VAN NESS DEVELOPMENT LLC,30-van-ness-development-llc,30 Van Ness Development LLC,30 VAN NESS DEVELOPMENT,,false
314E CORPORATION,314e-corporation,314e Corporation,314E,,false
3185 Mission LLC,3185-mission-llc,3185 Mission LLC,3185 MISSION,,false
33 Gough LLC,33-gough-llc,33 Gough LLC,33 GOUGH,,false
3300 Mission Partners L.P.,3300-mission-partners-l-p,3300 Mission Partners L.p.,3300 MISSION PARTNERS L P,,false
333 Valencia Building JV LLC,333-valencia-building-jv-llc,333 Valencia Building JV LLC,333 VALENCIA BUILDING JV,,false
333 Valencia Owner LLC,333-valencia-owner-llc,333 Valencia Owner LLC,333 VALENCIA OWNER,,false
345 ARGUELLO LP,345-arguello-lp,345 Arguello Lp,345 ARGUELLO,,false
345 TAYLOR OWNER LLC,345-taylor-owner-llc,345 Taylor Owner LLC,345 TAYLOR OWNER,,false
350 China Basin Partners LLC,350-china-basin-partners-llc,350 China Basin Partners LLC,350 CHINA BASIN PARTNERS,,false
350 Rhode Island Operating Company LLC,350-rhode-island-operating-company-llc,350 Rhode Island Operating Company LLC,350 RHODE ISLAND OPERATING,,false
365 FULTON LP,365-fulton-lp,365 Fulton Lp,365 FULTON,,false
3900 3RD STREET HOUSING LLC,3900-3rd-street-housing-llc,3900 3rd Street Housing LLC,3900 3RD STREET HOUSING,,false
3D INTERNATIONAL INC,3d-international-inc,3d International Inc,3D INTERNATIONAL,,false
3RD STREET YOUTH CENTER & CLINIC,3rd-street-youth-center-clinic,3rd Street Youth Center & Clinic,3RD STREET YOUTH CENTER AND CLINIC,,false
4200 Geary Associates L.P.,4200-geary-associates-l-p,4200 Geary Associates L.p.,4200 GEARY ASSOCIATES L P,,false
430 TURK ASSOCIATES LP,430-turk-associates-lp,430 Turk Associates Lp,430 TURK ASSOCIATES,,false
44 ENERGY TECHNOLOGIES INC,44-energy-technologies-inc,44 Energy Technologies Inc,44 ENERGY TECHNOLOGIES,,false
44 MCALLISTER ASSOCIATES LP,44-mcallister-associates-lp,44 Mcallister Associates Lp,44 MCALLISTER ASSOCIATES,,false
440 Geary LLC,440-geary-llc,440 Geary LLC,440 GEARY,,false
455 FELL LP,455-fell-lp,455 Fell Lp,455 FELL,,false
473 ELLIS LP,473-ellis-lp,473 Ellis Lp,473 ELLIS,,false
4840 MISSION HOUSING ASSOCIATES LP,4840-mission-housing-associates-lp,4840 Mission Housing Associates Lp,4840 MISSION HOUSING ASSOCIATES,,false
490 SVN HOUSING ASSOCIATES LP,490-svn-housing-associates-lp,490 Svn Housing Associates Lp,490 SVN HOUSING ASSOCIATES,,false
491 31ST AVE LP,491-31st-ave-lp,491 31st Ave Lp,491 31ST AVE,,false
4LEAF INC,4leaf-inc,4leaf Inc,4LEAF,,false
4th & Folsom Associates L.P.,4th-folsom-associates-l-p,4th & Folsom Associates L.p.,4TH AND FOLSOM ASSOCIATES L P,,false
528 Natoma LP,528-natoma-lp,528 Natoma Lp,528 NATOMA,,false
53 Colton L.P.,53-colton-l-p,53 Colton L.p.,53 COLTON L P,,false
544 GOLDEN GATE ASSOCIATE LLC,544-golden-gate-associate-llc,544 Golden Gate Associate LLC,544 GOLDEN GATE ASSOCIATE,,false
55 LAGUNA L P,55-laguna-l-p,55 Laguna L P,55 LAGUNA L P,,false
5th and Howard Associates L.P.,5th-and-howard-associates-l-p,5th and Howard Associates L.p.,5TH AND HOWARD ASSOCIATES L P,,false
629 Post LLC,629-post-llc,629 Post LLC,629 POST,,false
650 EDDY LP,650-eddy-lp,650 Eddy Lp,650 EDDY,,false
666 ELLIS LP,666-ellis-lp,666 Ellis Lp,666 ELLIS,,false
681 FLORIDA HOUSING ASSOCIATES LP,681-florida-housing-associates-lp,681 Florida Housing Associates Lp,681 FLORIDA HOUSING ASSOCIATES,,false
685 ELLIS LLC,685-ellis-llc,685 Ellis LLC,685 ELLIS,,false
70 OAK GROVE STREET PROPERTIES LLC,70-oak-grove-street-properties-llc,70 Oak Grove Street Properties LLC,70 OAK GROVE STREET PROPERTIES,,false
706 MISSION STREET CO LLC,706-mission-street-co-llc,706 Mission Street Co LLC,706 MISSION STREET,,false
730 Stanyan Associates L.P.,730-stanyan-associates-l-p,730 Stanyan Associates L.p.,730 STANYAN ASSOCIATES L P,,false
735 DAVIS SENIOR LP,735-davis-senior-lp,735 Davis Senior Lp,735 DAVIS SENIOR,,false
750 BRANNAN STREET PROPS LLC,750-brannan-street-props-llc,750 Brannan Street Props LLC,750 BRANNAN STREET PROPS,,false
826 VALENCIA,826-valencia,826 Valencia,826 VALENCIA,,false
833 Bryant L.P.,833-bryant-l-p,833 Bryant L.p.,833 BRYANT L P,,false
88 BROADWAY FAMILY LP,88-broadway-family-lp,88 Broadway Family Lp,88 BROADWAY FAMILY,,false
888 Post Street,888-post-street,888 Post Street,888 POST STREET,,false
911 Interpreters Inc,911-interpreters-inc,911 Interpreters Inc,911 INTERPRETERS,,false
936 Geary LP,936-geary-lp,936 Geary Lp,936 GEARY,,false
939 & 951 EDDY ASSOCIATES LP,939-951-eddy-associates-lp,939 & 951 Eddy Associates Lp,939 AND 951 EDDY ASSOCIATES,,false
967 Mission LP,967-mission-lp,967 Mission Lp,967 MISSION,,false
9X MEDIA INC,9x-media-inc,9x Media Inc,9X MEDIA,,false
A&A Health Services LLC,a-a-health-services-llc,A&a Health Services LLC,A AND A HEALTH SERVICES,,false
A & A Healthcare Facility Services JV,a-a-healthcare-facility-services-jv,A & a Healthcare Facility Services JV,A AND A HEALTHCARE FACILITY SERVICES JV,,false
A B B INC,a-b-b-inc,A B B Inc,A B B,,false
A B C PARKING,a-b-c-parking,A B C Parking,A B C PARKING,,false
A B C SECURITY SERVICE,a-b-c-security-service,A B C Security Service,A B C SECURITY SERVICE,,false
A & B CONSTRUCTION,a-b-construction,A & B Construction,A AND B CONSTRUCTION,,false
A B M ENGINEERING SERVICES,a-b-m-engineering-services,A B M Engineering Services,A B M ENGINEERING SERVICES,,false
A B SCIEX LLC,a-b-sciex-llc,A B Sciex LLC,A B SCIEX,,false
A BETTER WAY INC,a-better-way-inc,A Better Way Inc,A BETTER WAY,,false
A D BRAKES,a-d-brakes,A D Brakes,A D BRAKES,,false
A E C ALARMS,a-e-c-alarms,A E C Alarms,A E C ALARMS,,false
A & E GREEN SOLUTIONS,a-e-green-solutions,A & E Green Solutions,A AND E GREEN SOLUTIONS,,false
A E P C GROUP LLC,a-e-p-c-group-llc,A E P C Group LLC,A E P C GROUP,,false
A E W ENGINEERING INC,a-e-w-engineering-inc,A E W Engineering Inc,A E W ENGINEERING,,false
A G S INC,a-g-s-inc,A G S Inc,A G S,,false
A HOME AWAY FROM HOMELESSNESS,a-home-away-from-homelessness,A Home Away From Homelessness,A HOME AWAY FROM HOMELESSNESS,,false
A M B FUND III SPRUCE LLC,a-m-b-fund-iii-spruce-llc,A M B Fund Iii Spruce LLC,A M B FUND III SPRUCE,,false
A P I FOX PLAZA LLC,a-p-i-fox-plaza-llc,A P I Fox Plaza LLC,A P I FOX PLAZA,,false
A P X INC,a-p-x-inc,A P X Inc,A P X,,false
A PHILIP RANDOLPH INSTITUTE SF,a-philip-randolph-institute-sf,A Philip Randolph Institute SF,A PHILIP RANDOLPH INSTITUTE SF,,false
A R G CONSERVATION SERVICES,a-r-g-conservation-services,A R G Conservation Services,A R G CONSERVATION SERVICES,,false
A RUIZ CONSTRUCTION CO AND ASSOC INC,a-ruiz-construction-co-and-assoc-inc,A Ruiz Construction Co and Assoc Inc,A RUIZ CONSTRUCTION CO AND ASSOC,,false
A S D SPECIALTY HEALTHCARE INC,a-s-d-specialty-healthcare-inc,A S D Specialty Healthcare Inc,A S D SPECIALTY HEALTHCARE,,false
A T C/VANCOM INC,a-t-c-vancom-inc,A T C/vancom Inc,A T C VANCOM,,false
A T I SYSTEMS,a-t-i-systems,A T I Systems,A T I SYSTEMS,,false
A T & T,a-t-t,A T & T,A T AND T,,false
A T & T CAPITAL SERVICES INC,a-t-t-capital-services-inc,A T & T Capital Services Inc,A T AND T CAPITAL SERVICES,,false
A T & T DATACOMM,a-t-t-datacomm,A T & T Datacomm,A T AND T DATACOMM,,false
A T & T LONG DISTANCE,a-t-t-long-distance,A T & T Long Distance,A T AND T LONG DISTANCE,,false
A X A ROSENBERG INVESTMENT MGMT LLC,a-x-a-rosenberg-investment-mgmt-llc,A X a Rosenberg Investment Mgmt LLC,A X A ROSENBERG INVESTMENT MGMT,,false
A-Z BUS SALES INC,a-z-bus-sales-inc,A-z Bus Sales Inc,A Z BUS SALES,,false
A. Zahner Company,a-zahner-company,A. Zahner Company,A ZAHNER,,false
A1 PROTECTIVE SERVICES INC,a1-protective-services-inc,A1 Protective Services Inc,A1 PROTECTIVE SERVICES,,false
A2LA,a2la,A2la,A2LA,,false
AAA CONSTRUCTION GROUP INC,aaa-construction-group-inc,Aaa Construction Group Inc,AAA CONSTRUCTION GROUP,,false
ABA Protection Inc,aba-protection-inc,Aba Protection Inc,ABA PROTECTION,,false
ABADA CAPOEIRA SAN FRANCISCO,abada-capoeira-san-francisco,Abada Capoeira San Francisco,ABADA CAPOEIRA SAN FRANCISCO,,false
ABADJIS SYSTEMS LTD,abadjis-systems-ltd,Abadjis Systems Ltd,ABADJIS SYSTEMS,,false
ABAG FINANCE ATHRTY FOR NONPROFIT CORPS,abag-finance-athrty-for-nonprofit-corps,Abag Finance Athrty for Nonprofit Corps,ABAG FINANCE ATHRTY FOR NONPROFIT CORPS,,false
ABBE & ASSOCIATES LLC,abbe-associates-llc,Abbe & Associates LLC,ABBE AND ASSOCIATES,,false
ABBETT ELECTRIC CORP,abbett-electric-corp,Abbett Electric Corp,ABBETT ELECTRIC,,false
ABBEY PARTY RENTS,abbey-party-rents,Abbey Party Rents,ABBEY PARTY RENTS,,false
ABBOTT LABORATORIES INC,abbott-laboratories-inc,Abbott Laboratories Inc,ABBOTT LABORATORIES,,false
ABC VALVE AND TOOL,abc-valve-and-tool,Abc Valve and Tool,ABC VALVE AND TOOL,,false
ABCO MECHANICAL CONTRACTORS INC,abco-mechanical-contractors-inc,Abco Mechanical Contractors Inc,ABCO MECHANICAL CONTRACTORS,,false
ABERDEEN ASSET MANAGEMENT INC,aberdeen-asset-management-inc,Aberdeen Asset Management Inc,ABERDEEN ASSET MANAGEMENT,,false
Abode Property Management,abode-property-management,Abode Property Management,ABODE PROPERTY MANAGEMENT,,false
ABODE SERVICES,abode-services,Abode Services,ABODE SERVICES,,false
ABSOLUT CONSTRUCTION CORP,absolut-construction-corp,Absolut Construction Corp,ABSOLUT CONSTRUCTION,,false
ACCELA-21 TECH LLC (JV),accela-21-tech-llc-jv,Accela-21 Tech LLC (jv),ACCELA 21 TECH LLC JV,,false
ACCELA INC,accela-inc,Accela Inc,ACCELA,,false
Accend Networks,accend-networks,Accend Networks,ACCEND NETWORKS,,false
ACCENTURE LLP,accenture-llp,Accenture Llp,ACCENTURE,,false
ACCESSAIR SYSTEMS INC,accessair-systems-inc,Accessair Systems Inc,ACCESSAIR SYSTEMS,,false
ACCO ENGINEERED SYSTEMS INC,acco-engineered-systems-inc,Acco Engineered Systems Inc,ACCO ENGINEERED SYSTEMS,,false
ACCORDIS INC,accordis-inc,Accordis Inc,ACCORDIS,,false
ACCURATE C&S SERVICES INC,accurate-c-s-services-inc,Accurate C&s Services Inc,ACCURATE C AND S SERVICES,,false
ACE COURIER EXPRESS INC,ace-courier-express-inc,Ace Courier Express Inc,ACE COURIER EXPRESS,,false
ACE PARKING MANAGEMENT INC,ace-parking-management-inc,Ace Parking Management Inc,ACE PARKING MANAGEMENT,,false
ACF TECHNOLOGIES INC,acf-technologies-inc,Acf Technologies Inc,ACF TECHNOLOGIES,,false
ACI-NA /AIRPORTS COUNCIL,aci-na-airports-council,Aci-na /airports Council,ACI NA AIRPORTS COUNCIL,,false
ACJV,acjv,Acjv,ACJV,,false
ACKERLEY LDA ARCHITECTURE JV,ackerley-lda-architecture-jv,Ackerley Lda Architecture JV,ACKERLEY LDA ARCHITECTURE JV,,false
ACLARA TECHNOLOGIES LLC,aclara-technologies-llc,Aclara Technologies LLC,ACLARA TECHNOLOGIES,,false
ACME RIGGING COMPANY INC,acme-rigging-company-inc,Acme Rigging Company Inc,ACME RIGGING,,false
ACME SURPLUS STORE,acme-surplus-store,Acme Surplus Store,ACME SURPLUS STORE,,false
Acme Workwear,acme-workwear,Acme Workwear,ACME WORKWEAR,,false
ACTNET ADVANCED TECHNOLOGY CORP,actnet-advanced-technology-corp,Actnet Advanced Technology Corp,ACTNET ADVANCED TECHNOLOGY,,false
ACUMEN FISCAL AGENT LLC,acumen-fiscal-agent-llc,Acumen Fiscal Agent LLC,ACUMEN FISCAL AGENT,,false
ADAM-HILL CO,adam-hill-co,Adam-hill Co,ADAM HILL,,false
ADAMSON POLICE PRODUCTS,adamson-police-products,Adamson Police Products,ADAMSON POLICE PRODUCTS,,false
ADANTE HOTEL,adante-hotel,Adante Hotel,ADANTE HOTEL,,false
ADDICTION RESEARCH & TREATMENT INC,addiction-research-treatment-inc,Addiction Research & Treatment Inc,ADDICTION RESEARCH AND TREATMENT,,false
ADVANCE AUTO CARE LLC,advance-auto-care-llc,Advance Auto Care LLC,ADVANCE AUTO CARE,,false
ADVANCE RECRUITMENT SOLUTIONS,advance-recruitment-solutions,Advance Recruitment Solutions,ADVANCE RECRUITMENT SOLUTIONS,,false
ADVANCED DATA PROCESSING INC,advanced-data-processing-inc,Advanced Data Processing Inc,ADVANCED DATA PROCESSING,,false
ADVANCED PRINTING,advanced-printing,Advanced Printing,ADVANCED PRINTING,,false
Advanced Sterilization Products Services,advanced-sterilization-products-services,Advanced Sterilization Products Services,ADVANCED STERILIZATION PRODUCTS SERVICES,,false
ADVANCED TRAFFIC PRODUCTS INC,advanced-traffic-products-inc,Advanced Traffic Products Inc,ADVANCED TRAFFIC PRODUCTS,,false
ADVANTAGE FITNESS PRODUCTS,advantage-fitness-products,Advantage Fitness Products,ADVANTAGE FITNESS PRODUCTS,,false
ADVANTEL INC,advantel-inc,Advantel Inc,ADVANTEL,,false
ADVANTEL NETWORKS,advantel-networks,Advantel Networks,ADVANTEL NETWORKS,,false
ADVENT CAPITAL MANAGEMENT LLC,advent-capital-management-llc,Advent Capital Management LLC,ADVENT CAPITAL MANAGEMENT,,false
Adventist Health St Helena,adventist-health-st-helena,Adventist Health St Helena,ADVENTIST HEALTH ST HELENA,,false
Advocates For Human Potential Inc.,advocates-for-human-potential-inc,Advocates for Human Potential Inc.,ADVOCATES FOR HUMAN POTENTIAL,,false
AE3 PARTNERS INC,ae3-partners-inc,Ae3 Partners Inc,AE3 PARTNERS,,false
AECOM/AGS JV,aecom-ags-jv,Aecom/ags JV,AECOM AGS JV,,false
AECOM - EMS JV A JOINT VENTURE,aecom-ems-jv-a-joint-venture,Aecom - Ems JV a Joint Venture,AECOM EMS JV A JOINT VENTURE,,false
AECOM/FEJA JV,aecom-feja-jv,Aecom/feja JV,AECOM FEJA JV,,false
AECOM - LOTUS A JOINT VENTURE,aecom-lotus-a-joint-venture,Aecom - Lotus a Joint Venture,AECOM LOTUS A JOINT VENTURE,,false
AECOM/PARSONS JV,aecom-parsons-jv,Aecom/parsons JV,AECOM PARSONS JV,,false
AECOM TECH SVC INC/WATER RESRC ENG JV,aecom-tech-svc-inc-water-resrc-eng-jv,Aecom Tech Svc Inc/water Resrc Eng JV,AECOM TECH SVC INC WATER RESRC ENG JV,,false
AECOM TECHNICAL SERVICES INC,aecom-technical-services-inc,Aecom Technical Services Inc,AECOM TECHNICAL SERVICES,,false
AECOM USA INC,aecom-usa-inc,Aecom USA Inc,AECOM USA,,false
AERIS INC,aeris-inc,Aeris Inc,AERIS,,false
AEROSCOUT INC,aeroscout-inc,Aeroscout Inc,AEROSCOUT,,false
AESCULAP INC,aesculap-inc,Aesculap Inc,AESCULAP,,false
AETNA LIFE INSURANCE CO,aetna-life-insurance-co,Aetna Life Insurance Co,AETNA LIFE INSURANCE,,false
AFFINITY RESOURCES CO INC,affinity-resources-co-inc,Affinity Resources Co Inc,AFFINITY RESOURCES,,false
AFLAC,aflac,Aflac,AFLAC,,false
AFRICAN AMERICAN ART & CULTURE COMPLEX,african-american-art-culture-complex,African American Art & Culture Complex,AFRICAN AMERICAN ART AND CULTURE COMPLEX,,false
AFRICAN AMERICAN SHAKESPEARE CO,african-american-shakespeare-co,African American Shakespeare Co,AFRICAN AMERICAN SHAKESPEARE,,false
AGFA CORP,agfa-corp,Agfa Corp,AGFA,,false
AGFA HEALTHCARE CORPORATION,agfa-healthcare-corporation,Agfa Healthcare Corporation,AGFA HEALTHCARE,,false
AGILENT TECHNOLOGIES INC,agilent-technologies-inc,Agilent Technologies Inc,AGILENT TECHNOLOGIES,,false
AGILITI HEALTH INC.,agiliti-health-inc,Agiliti Health Inc.,AGILITI HEALTH,,false
Agiloft Inc.,agiloft-inc,Agiloft Inc.,AGILOFT,,false
AGUILAS INC,aguilas-inc,Aguilas Inc,AGUILAS,,false
AGURTO CORPORATION DBA PESTEC,agurto-corporation-dba-pestec,Agurto Corporation DBA Pestec,AGURTO CORPORATION DBA PESTEC,,false
Ahearn Greene Associates LLC,ahearn-greene-associates-llc,Ahearn Greene Associates LLC,AHEARN GREENE ASSOCIATES,,false
Ahsing Solutions LLC,ahsing-solutions-llc,Ahsing Solutions LLC,AHSING SOLUTIONS,,false
AidKit Inc.,aidkit-inc,Aidkit Inc.,AIDKIT,,false
AIDS 2020,aids-2020,Aids 2020,AIDS 2020,,false
AIDS EMERGENCY FUND,aids-emergency-fund,Aids Emergency Fund,AIDS EMERGENCY FUND,,false
AIDS HOUSING ALLIANCE SF,aids-housing-alliance-sf,Aids Housing Alliance SF,AIDS HOUSING ALLIANCE SF,,false
AIDS LEGAL REFERRAL PANEL OF THE S F BAY,aids-legal-referral-panel-of-the-s-f-bay,Aids Legal Referral Panel of the S F Bay,AIDS LEGAL REFERRAL PANEL OF THE S F BAY,,false
AIM HIGH FOR HIGH SCHOOL,aim-high-for-high-school,Aim High for High School,AIM HIGH FOR HIGH SCHOOL,,false
AIM TO PLEASE JANITORIAL,aim-to-please-janitorial-inc,Aim to Please Janitorial Inc,AIM TO PLEASE JANITORIAL,,false
AIM TO PLEASE JANITORIAL INC,aim-to-please-janitorial-inc,Aim to Please Janitorial Inc,AIM TO PLEASE JANITORIAL,,false
AIM TO PLEASE JANITORIAL SERVICES INC,aim-to-please-janitorial-services-inc,Aim to Please Janitorial Services Inc,AIM TO PLEASE JANITORIAL SERVICES,,false
AIM TWO,aim-two,Aim Two,AIM TWO,,false
AIR FILTER SUPPLY INC,air-filter-supply-inc,Air Filter Supply Inc,AIR FILTER SUPPLY,,false
AIR & LUBE SYSTEMS INC,air-lube-systems-inc,Air & Lube Systems Inc,AIR AND LUBE SYSTEMS,,false
AIR WEST FILTRATION,air-west-filtration,Air West Filtration,AIR WEST FILTRATION,,false
Air West Filtration,air-west-filtration,Air West Filtration,AIR WEST FILTRATION,,false
AIRCRAFT DEMOLITION LLC,aircraft-demolition-llc,Aircraft Demolition LLC,AIRCRAFT DEMOLITION,,false
AIRGAS NCN INC,airgas-ncn-inc,Airgas Ncn Inc,AIRGAS NCN,,false
AIRGAS USA LLC,airgas-usa-llc,Airgas USA LLC,AIRGAS USA,,false
AIRGAS USA LLC AIRGAS NAT'L CARBONATION,airgas-usa-llc-airgas-nat-l-carbonation,Airgas USA LLC Airgas Nat'l Carbonation,AIRGAS USA LLC AIRGAS NAT L CARBONATION,,false
AIRPORT & AVIATION PROFESSIONALS INC.,airport-aviation-professionals-inc,Airport & Aviation Professionals Inc.,AIRPORT AND AVIATION PROFESSIONALS,,false
AIRPORT RESEARCH & DEVELOPMENT FNDTN,airport-research-development-fndtn,Airport Research & Development Fndtn,AIRPORT RESEARCH AND DEVELOPMENT FNDTN,,false
AIRPORTS COUNCIL INTERNATIONAL,airports-council-international,Airports Council International,AIRPORTS COUNCIL INTERNATIONAL,,false
AIXTEK DBA EATON & ASSOCIATES,aixtek-dba-eaton-associates,Aixtek DBA Eaton & Associates,AIXTEK DBA EATON AND ASSOCIATES,,false
ALABAMA STREET HOUSING ASSOCIATES,alabama-street-housing-associates,Alabama Street Housing Associates,ALABAMA STREET HOUSING ASSOCIATES,,false
ALABAMA STREET HOUSING LLC,alabama-street-housing-llc,Alabama Street Housing LLC,ALABAMA STREET HOUSING,,false
ALABAMA STREET SENIOR HOUSING ASSOC LP,alabama-street-senior-housing-assoc-lp,Alabama Street Senior Housing Assoc Lp,ALABAMA STREET SENIOR HOUSING ASSOC,,false
ALAMEDA CO FLOOD CTL & WATER CNSVTN DIST,alameda-co-flood-ctl-water-cnsvtn-dist,Alameda Co Flood Ctl & Water Cnsvtn Dist,ALAMEDA CO FLOOD CTL AND WATER CNSVTN DIST,,false
ALAMEDA COUNTY,alameda-county,Alameda County,ALAMEDA COUNTY,,false
ALAMEDA COUNTY HEALTH CARE SERVICE AGNCY,alameda-county-health-care-service-agncy,Alameda County Health Care Service Agncy,ALAMEDA COUNTY HEALTH CARE SERVICE AGNCY,,false
ALAMEDA COUNTY RESOURCE CONSERVE DIST,alameda-county-resource-conserve-dist,Alameda County Resource Conserve Dist,ALAMEDA COUNTY RESOURCE CONSERVE DIST,,false
ALAMEDA COUNTY SHF'S OFC REGNL TRNG CTR,alameda-county-shf-s-ofc-regnl-trng-ctr,Alameda County Shf's Ofc Regnl Trng Ctr,ALAMEDA COUNTY SHF S OFC REGNL TRNG CTR,,false
ALAMEDA COUNTY/TAX COLLECTOR,alameda-county-tax-collector,Alameda County/tax Collector,ALAMEDA COUNTY TAX COLLECTOR,,false
Alameda County Transportation Commission,alameda-county-transportation-commission,Alameda County Transportation Commission,ALAMEDA COUNTY TRANSPORTATION COMMISSION,,false
ALAMEDA COUNTY WATER DISTRICT,alameda-county-water-district,Alameda County Water District,ALAMEDA COUNTY WATER DISTRICT,,false
ALAMEDA ELECTRICAL DISTRIBUTORS INC,alameda-electrical-distributors-inc,Alameda Electrical Distributors Inc,ALAMEDA ELECTRICAL DISTRIBUTORS,,false
ALANA CHEYENNE EDELSTEIN-KOPKE,alana-cheyenne-edelstein-kopke,Alana Cheyenne Edelstein-kopke,ALANA CHEYENNE EDELSTEIN KOPKE,,false
"ALASKA AIRLINES, INC",alaska-airlines-inc,"Alaska Airlines, Inc",ALASKA AIRLINES,,false
Alatus Capital Ltd,alatus-capital-ltd,Alatus Capital Ltd,ALATUS CAPITAL,,false
ALBERT ELECTRIC,albert-electric,Albert Electric,ALBERT ELECTRIC,,false
ALBION POWER CO INC,albion-power-co-inc,Albion Power Co Inc,ALBION POWER,,false
ALCATEL USA MARKETING INC,alcatel-usa-marketing-inc,Alcatel USA Marketing Inc,ALCATEL USA MARKETING,,false
ALCON VISION LLC,alcon-vision-llc,Alcon Vision LLC,ALCON VISION,,false
ALDRAN CHEMICAL INC,aldran-chemical-inc,Aldran Chemical Inc,ALDRAN CHEMICAL,,false
ALEMANY HOUSING ASSOCIATES LP,alemany-housing-associates-lp,Alemany Housing Associates Lp,ALEMANY HOUSING ASSOCIATES,,false
ALEXIS APARTMENTS OF ST PATRICK'S PARISH,alexis-apartments-of-st-patrick-s-parish,Alexis Apartments of St Patrick's Parish,ALEXIS APARTMENTS OF ST PATRICK S PARISH,,false
ALICE GRIFFITH PHASE 1 LP,alice-griffith-phase-1-lp,Alice Griffith Phase 1 Lp,ALICE GRIFFITH PHASE 1,,false
ALICE GRIFFITH PHASE 2 LP,alice-griffith-phase-2-lp,Alice Griffith Phase 2 Lp,ALICE GRIFFITH PHASE 2,,false
ALICE GRIFFITH PHASE 3A LP,alice-griffith-phase-3a-lp,Alice Griffith Phase 3a Lp,ALICE GRIFFITH PHASE 3A,,false
ALICE GRIFFITH PHASE 3B LP,alice-griffith-phase-3b-lp,Alice Griffith Phase 3b Lp,ALICE GRIFFITH PHASE 3B,,false
ALICE GRIFFITH PHASE 4 LP,alice-griffith-phase-4-lp,Alice Griffith Phase 4 Lp,ALICE GRIFFITH PHASE 4,,false
ALIVE & FREE,alive-free,Alive & Free,ALIVE AND FREE,,false
All Commercial Fence Inc,all-commercial-fence-inc,All Commercial Fence Inc,ALL COMMERCIAL FENCE,,false
ALLANA BUICK & BERS INC,allana-buick-bers-inc,Allana Buick & Bers Inc,ALLANA BUICK AND BERS,,false
ALLEN GP LLC-AVILA & ASSO CNSLTNG ENG JV,allen-gp-llc-avila-asso-cnsltng-eng-jv,Allen Gp Llc-avila & Asso Cnsltng Eng JV,ALLEN GP LLC AVILA AND ASSO CNSLTNG ENG JV,,false
ALLEN GP LLC/TOWNSEND MGT/COOPER PUGEDA,allen-gp-llc-townsend-mgt-cooper-pugeda,Allen Gp Llc/townsend Mgt/cooper Pugeda,ALLEN GP LLC TOWNSEND MGT COOPER PUGEDA,,false
ALLEN GROUP LLC-COOPER PUGEDA MGT INC JV,allen-group-llc-cooper-pugeda-mgt-inc-jv,Allen Group Llc-cooper Pugeda Mgt Inc JV,ALLEN GROUP LLC COOPER PUGEDA MGT INC JV,,false
Allen Group LLC-Hollins Consulting JV,allen-group-llc-hollins-consulting-jv,Allen Group Llc-hollins Consulting JV,ALLEN GROUP LLC HOLLINS CONSULTING JV,,false
ALLEN TRANSIT SERVICES,allen-transit-services,Allen Transit Services,ALLEN TRANSIT SERVICES,,false
ALLEN TRANSIT SERVICES LLC,allen-transit-services,Allen Transit Services,ALLEN TRANSIT SERVICES,,false
ALLIANCE WELDING SUPPLIES INC,alliance-welding-supplies-inc,Alliance Welding Supplies Inc,ALLIANCE WELDING SUPPLIES,,false
ALLIANT FOODSERVICE INC DBA US FOODSERVI,alliant-foodservice-inc-dba-us-foodservi,Alliant Foodservice Inc DBA US Foodservi,ALLIANT FOODSERVICE INC DBA US FOODSERVI,,false
ALLIANT INSURANCE SERVICES INC,alliant-insurance-services-inc,Alliant Insurance Services Inc,ALLIANT INSURANCE SERVICES,,false
ALLIED FLUID PRODUCTS CORP,allied-fluid-products-corp,Allied Fluid Products Corp,ALLIED FLUID PRODUCTS,,false
ALLIED MANAGED CARE INC,allied-managed-care-inc,Allied Managed Care Inc,ALLIED MANAGED CARE,,false
Allied Propane Service Inc,allied-propane-service-inc,Allied Propane Service Inc,ALLIED PROPANE SERVICE,,false
ALLIED UNIVERSAL  SECURITY SERVICES,allied-universal-security-services,Allied Universal Security Services,ALLIED UNIVERSAL SECURITY SERVICES,,false
ALLSTAR FIRE EQUIPMENT INC,allstar-fire-equipment-inc,Allstar Fire Equipment Inc,ALLSTAR FIRE EQUIPMENT,,false
ALLTECH AUTOMOTIVE LLC,alltech-automotive-llc,Alltech Automotive LLC,ALLTECH AUTOMOTIVE,,false
ALLTECH ENGINEERING CORP,alltech-engineering-corp,Alltech Engineering Corp,ALLTECH ENGINEERING,,false
ALLUMA,alluma,Alluma,ALLUMA,,false
ALPHA BAY BUILDERS INC.,alpha-bay-builders-inc,Alpha Bay Builders Inc.,ALPHA BAY BUILDERS,,false
Alphatec Spine Inc.,alphatec-spine-inc,Alphatec Spine Inc.,ALPHATEC SPINE,,false
ALPINE AWARDS,alpine-awards,Alpine Awards,ALPINE AWARDS,,false
ALPINE COUNTY SHERIFF'S OFFICE,alpine-county-sheriff-s-office,Alpine County Sheriff's Office,ALPINE COUNTY SHERIFF S OFFICE,,false
ALSCO INC,alsco-inc,Alsco Inc,ALSCO,,false
ALSTOM POWER INC,alstom-power-inc,Alstom Power Inc,ALSTOM POWER,,false
Alstom Transport USA Inc,alstom-transport-usa-inc,Alstom Transport USA Inc,ALSTOM TRANSPORT USA,,false
ALSTOM TRANSPORTATION INC,alstom-transportation-inc,Alstom Transportation Inc,ALSTOM TRANSPORTATION,,false
ALTA ENGINEERING GROUP INC,alta-engineering-group-inc,Alta Engineering Group Inc,ALTA ENGINEERING GROUP,,false
ALTA GROUP INC.,alta-group-inc,Alta Group Inc.,ALTA GROUP,,false
ALTAMONT HOTEL ASSOCIATES,altamont-hotel-associates,Altamont Hotel Associates,ALTAMONT HOTEL ASSOCIATES,,false
ALTEC INDUSTRIES INC,altec-industries-inc,Altec Industries Inc,ALTEC INDUSTRIES,,false
ALTEN CONSTRUCTION INC,alten-construction-inc,Alten Construction Inc,ALTEN CONSTRUCTION,,false
ALTERNATE CHOICE LLC,alternate-choice-llc,Alternate Choice LLC,ALTERNATE CHOICE,,false
ALTERNATIVE FAMILY SVCS INC,alternative-family-svcs-inc,Alternative Family Svcs Inc,ALTERNATIVE FAMILY SVCS,,false
AM ONE CORP,am-one-corp,Am One Corp,AM ONE,,false
AM WEST MECHANICAL INC,am-west-mechanical-inc,Am West Mechanical Inc,AM WEST MECHANICAL,,false
AMB PIER ONE LLC,amb-pier-one-llc,Amb Pier One LLC,AMB PIER ONE,,false
Ambassador Ritz 4 Percent LP,ambassador-ritz-4-percent-lp,Ambassador Ritz 4 Percent Lp,AMBASSADOR RITZ 4 PERCENT,,false
AMEC FOSTER WHEELER-SONIKA CORP JV,amec-foster-wheeler-sonika-corp-jv,Amec Foster Wheeler-sonika Corp JV,AMEC FOSTER WHEELER SONIKA CORP JV,,false
AMERGIS HEALTHCARE STAFFING INC,amergis-healthcare-staffing-inc,Amergis Healthcare Staffing Inc,AMERGIS HEALTHCARE STAFFING,,false
AMERICA'S BEST LOCAL CHARITIES,america-s-best-local-charities,America's Best Local Charities,AMERICA S BEST LOCAL CHARITIES,,false
AMERICA'S CUP EVENT AUTHORITY LLC,america-s-cup-event-authority-llc,America's Cup Event Authority LLC,AMERICA S CUP EVENT AUTHORITY,,false
AMERICA SCORES BAY AREA,america-scores-bay-area,America Scores Bay Area,AMERICA SCORES BAY AREA,,false
AMERICAN AIRLINES INC,american-airlines-inc,American Airlines Inc,AMERICAN AIRLINES,,false
AMERICAN ASPHALT REPAIR & RESURFACING CO,american-asphalt-repair-resurfacing-co,American Asphalt Repair & Resurfacing Co,AMERICAN ASPHALT REPAIR AND RESURFACING,,false
AMERICAN ASSOCIATION OF AIRPORT EXECUTIV,american-association-of-airport-executiv,American Association of Airport Executiv,AMERICAN ASSOCIATION OF AIRPORT EXECUTIV,,false
American Bridge Company,american-bridge-company,American Bridge Company,AMERICAN BRIDGE,,false
AMERICAN CIVIL CONSTRUCTORS WEST CST INC,american-civil-constructors-west-cst-inc,American Civil Constructors West Cst Inc,AMERICAN CIVIL CONSTRUCTORS WEST CST,,false
AMERICAN CONSERVATORY THEATRE,american-conservatory-theatre,American Conservatory Theatre,AMERICAN CONSERVATORY THEATRE,,false
AMERICAN CONSTRUCTION & SUPPLY INC,american-construction-supply-inc,American Construction & Supply Inc,AMERICAN CONSTRUCTION AND SUPPLY,,false
AMERICAN EXPRESS CO,american-express-co,American Express Co,AMERICAN EXPRESS,,false
AMERICAN HYDRAULICS & SUPPLY LLC,american-hydraulics-supply-llc,American Hydraulics & Supply LLC,AMERICAN HYDRAULICS AND SUPPLY,,false
American Institutes for Research,american-institutes-for-research,American Institutes for Research,AMERICAN INSTITUTES FOR RESEARCH,,false
AMERICAN MECHANICAL INC,american-mechanical-inc,American Mechanical Inc,AMERICAN MECHANICAL,,false
AMERICAN MEDIBANC,american-medibanc,American Medibanc,AMERICAN MEDIBANC,,false
AMERICAN MEDICAL DEPOT,american-medical-depot,American Medical Depot,AMERICAN MEDICAL DEPOT,,false
AMERICAN MEDICAL RESPONSE-WEST,american-medical-response-west,American Medical Response-west,AMERICAN MEDICAL RESPONSE WEST,,false
AMERICAN MESSAGING,american-messaging,American Messaging,AMERICAN MESSAGING,,false
AMERICAN MOVING PARTS LLC,american-moving-parts-llc,American Moving Parts LLC,AMERICAN MOVING PARTS,,false
American Piledriving Equipment Inc,american-piledriving-equipment-inc,American Piledriving Equipment Inc,AMERICAN PILEDRIVING EQUIPMENT,,false
AMERICAN PUBLIC TRANSPORTATION ASSOC,american-public-transportation-assoc,American Public Transportation Assoc,AMERICAN PUBLIC TRANSPORTATION ASSOC,,false
AMERICAN RED CROSS BAY AREA CHAPTER,american-red-cross-bay-area-chapter,American Red Cross Bay Area Chapter,AMERICAN RED CROSS BAY AREA CHAPTER,,false
AMERICAN TOWERS LLC,american-towers-llc,American Towers LLC,AMERICAN TOWERS,,false
AMERICAN TRAFFIC SOLUTIONS INC,american-traffic-solutions-inc,American Traffic Solutions Inc,AMERICAN TRAFFIC SOLUTIONS,,false
AMERICAN WATER WORKS ASSOC,american-water-works-assoc,American Water Works Assoc,AMERICAN WATER WORKS ASSOC,,false
AMERICANIA HOTEL,americania-hotel,Americania Hotel,AMERICANIA HOTEL,,false
AMERICHOICE,americhoice,Americhoice,AMERICHOICE,,false
AMERICHOICE CORP DBA UNITEDHEALTHCARE,americhoice-corp-dba-unitedhealthcare,Americhoice Corp DBA Unitedhealthcare,AMERICHOICE CORP DBA UNITEDHEALTHCARE,,false
AMERITECH COMPUTER SERVICES INC,ameritech-computer-services-inc,Ameritech Computer Services Inc,AMERITECH COMPUTER SERVICES,,false
AMERITON PROPERTIES INC,ameriton-properties-inc,Ameriton Properties Inc,AMERITON PROPERTIES,,false
AMPCO SYSTEM PARKING,ampco-system-parking,Ampco System Parking,AMPCO SYSTEM PARKING,,false
AMY T WATT PHD,amy-t-watt-phd,Amy T Watt Phd,AMY T WATT PHD,,false
ANCHOR BREWING COMPANY LLC,anchor-brewing-company-llc,Anchor Brewing Company LLC,ANCHOR BREWING,,false
ANCHOR QEA LLC,anchor-qea-lp,Anchor Qea Lp,ANCHOR QEA,,false
ANCHOR QEA LP,anchor-qea-lp,Anchor Qea Lp,ANCHOR QEA,,false
ANDEE WRIGHT PROMOTIONS,andee-wright-promotions,Andee Wright Promotions,ANDEE WRIGHT PROMOTIONS,,false
ANDERSON CARPET & LINOLEUM SALE CO INC,anderson-carpet-linoleum-sale-co-inc,Anderson Carpet & Linoleum Sale Co Inc,ANDERSON CARPET AND LINOLEUM SALE,,false
ANDERSON COMMERCIAL FLOORING,anderson-commercial-flooring,Anderson Commercial Flooring,ANDERSON COMMERCIAL FLOORING,,false
ANDERSON PACIFIC ENGINEERING CONSTRUCT I,anderson-pacific-engineering-construct-i,Anderson Pacific Engineering Construct I,ANDERSON PACIFIC ENGINEERING CONSTRUCT I,,false
ANDRE BOUDIN BAKERIES INC,andre-boudin-bakeries-inc,Andre Boudin Bakeries Inc,ANDRE BOUDIN BAKERIES,,false
ANDREW J WONG INC,andrew-j-wong-inc,Andrew J Wong Inc,ANDREW J WONG,,false
ANDRITZ HYDRO CORP,andritz-hydro-corp,Andritz Hydro Corp,ANDRITZ HYDRO,,false
ANGELES INVESTMENT ADVISORS LLC,angeles-investment-advisors-llc,Angeles Investment Advisors LLC,ANGELES INVESTMENT ADVISORS,,false
ANGELICA TEXTILE SERVICES,angelica-textile-services,Angelica Textile Services,ANGELICA TEXTILE SERVICES,,false
ANGOTTI & REILLY INC,angotti-reilly-inc,Angotti & Reilly Inc,ANGOTTI AND REILLY,,false
ANIL VERMA ASSOCIATES INC,anil-verma-associates-inc,Anil Verma Associates Inc,ANIL VERMA ASSOCIATES,,false
ANSALDOBREDA S P A,ansaldobreda-s-p-a,Ansaldobreda S P a,ANSALDOBREDA S P A,,false
ANSHEN&ALLEN/G H CHONG PRTNS LAGUNA HOND,anshen-allen-g-h-chong-prtns-laguna-hond,Anshen&allen/g H Chong Prtns Laguna Hond,ANSHEN AND ALLEN G H CHONG PRTNS LAGUNA HOND,,false
ANSHEN&ALLEN/STANTEC LAGUNA HONDA JV ARC,anshen-allen-stantec-laguna-honda-jv-arc,Anshen&allen/stantec Laguna Honda JV Arc,ANSHEN AND ALLEN STANTEC LAGUNA HONDA JV ARC,,false
Anthony Alexander Russell,anthony-alexander-russell,Anthony Alexander Russell,ANTHONY ALEXANDER RUSSELL,,false
ANVIL BUILDERS INC,anvil-builders-inc,Anvil Builders Inc,ANVIL BUILDERS,,false
AON BERMUDA LTD,aon-bermuda-ltd,Aon Bermuda Ltd,AON BERMUDA,,false
AON CONSULTING & INSURANCE SERVICES,aon-consulting-insurance-services,Aon Consulting & Insurance Services,AON CONSULTING AND INSURANCE SERVICES,,false
AON RISK INSURANCE SERVICES WEST INC,aon-risk-insurance-services-west-inc,Aon Risk Insurance Services West Inc,AON RISK INSURANCE SERVICES WEST,,false
AON SERVICE CORPORATION,aon-service-corporation,Aon Service Corporation,AON SERVICE,,false
APA FAMILY SUPPORT SERVICES,apa-family-support-services,Apa Family Support Services,APA FAMILY SUPPORT SERVICES,,false
APADANA ENGINEERING INC,apadana-engineering-inc,Apadana Engineering Inc,APADANA ENGINEERING,,false
APEX INDUSTRIAL,apex-industrial,Apex Industrial,APEX INDUSTRIAL,,false
Apis Technology,apis-technology,Apis Technology,APIS TECHNOLOGY,,false
APPLIED AIR FILTERS,applied-air-filters,Applied Air Filters,APPLIED AIR FILTERS,,false
APPLIED BIOSYSTEMS,applied-biosystems,Applied Biosystems,APPLIED BIOSYSTEMS,,false
Applied GeoDynamics Inc.,applied-geodynamics-inc,Applied Geodynamics Inc.,APPLIED GEODYNAMICS,,false
Applied River Sciences,applied-river-sciences,Applied River Sciences,APPLIED RIVER SCIENCES,,false
Applied Statistics & Management Inc.,applied-statistics-management-inc,Applied Statistics & Management Inc.,APPLIED STATISTICS AND MANAGEMENT,,false
APPLIED TECHNOLOGY COUNCIL,applied-technology-council,Applied Technology Council,APPLIED TECHNOLOGY COUNCIL,,false
APPLIED TECHNOLOGY & SCIENCE A-T-S,applied-technology-science-a-t-s,Applied Technology & Science A-t-s,APPLIED TECHNOLOGY AND SCIENCE A T S,,false
AQR CAPITAL MANAGEMENT LLC,aqr-capital-management-llc,Aqr Capital Management LLC,AQR CAPITAL MANAGEMENT,,false
AQUA NOVA ENGINEERING PLC,aqua-nova-engineering-plc,Aqua Nova Engineering Plc,AQUA NOVA ENGINEERING PLC,,false
AQUA SIERRA CONTROLS INC,aqua-sierra-controls-inc,Aqua Sierra Controls Inc,AQUA SIERRA CONTROLS,,false
AQUA TECHNOLOGY,aqua-technology,Aqua Technology,AQUA TECHNOLOGY,,false
AQUATIC ENVIRONMENTS INC,aquatic-environments-inc,Aquatic Environments Inc,AQUATIC ENVIRONMENTS,,false
ARA ENGINEERING GROUP DBA ALI ALTAHA,ara-engineering-group-dba-ali-altaha,Ara Engineering Group DBA Ali Altaha,ARA ENGINEERING GROUP DBA ALI ALTAHA,,false
ARAB CULTURAL & COMMUNITY CENTER,arab-cultural-community-center,Arab Cultural & Community Center,ARAB CULTURAL AND COMMUNITY CENTER,,false
ARALON PROPERTIES,aralon-properties,Aralon Properties,ARALON PROPERTIES,,false
Aramark Correctional Services LLC,aramark-correctional-services-llc,Aramark Correctional Services LLC,ARAMARK CORRECTIONAL SERVICES,,false
ARAMARK CORRECTIONAL SVCS LLC,aramark-correctional-svcs-llc,Aramark Correctional Svcs LLC,ARAMARK CORRECTIONAL SVCS,,false
ARAMARK UNIFORM SERVICES,aramark-uniform-services,Aramark Uniform Services,ARAMARK UNIFORM SERVICES,,false
ARANA GROUP INC,arana-group-inc,Arana Group Inc,ARANA GROUP,,false
ARBORIST NOW INC,arborist-now-inc,Arborist Now Inc,ARBORIST NOW,,false
ARBORWELL INC,arborwell-inc,Arborwell Inc,ARBORWELL,,false
ARC DOCUMENT SOLUTIONS LLC,arc-document-solutions-llc,Arc Document Solutions LLC,ARC DOCUMENT SOLUTIONS,,false
ARC ECOLOGY,arc-ecology,Arc Ecology,ARC ECOLOGY,,false
ARCADIA STAFF RESOURCES,arcadia-staff-resources,Arcadia Staff Resources,ARCADIA STAFF RESOURCES,,false
Arcadio's Produce Inc,arcadio-s-produce-inc,Arcadio's Produce Inc,ARCADIO S PRODUCE,,false
Arcadis/Lotus Water Joint Venture,arcadis-lotus-water-joint-venture,Arcadis/lotus Water Joint Venture,ARCADIS LOTUS WATER JOINT VENTURE,,false
ARCADIS U.S. INC,arcadis-u-s-inc,Arcadis U.s. Inc,ARCADIS U S,,false
ARCHER ENERGY SOLUTIONS,archer-energy-solutions,Archer Energy Solutions,ARCHER ENERGY SOLUTIONS,,false
ARCHITECTURAL GENERAL CONSTRUCTION INC,architectural-general-construction-inc,Architectural General Construction Inc,ARCHITECTURAL GENERAL CONSTRUCTION,,false
ARCHITECTURAL RESOURCES GROUP,architectural-resources-group,Architectural Resources Group,ARCHITECTURAL RESOURCES GROUP,,false
ARCONAS CORPORATION,arconas-corporation,Arconas Corporation,ARCONAS,,false
ARENDT HOUSE LP,arendt-house-lp,Arendt House Lp,ARENDT HOUSE,,false
Argo Construction Inc.,argo-construction-inc,Argo Construction Inc.,ARGO CONSTRUCTION,,false
ARGUELLO CATERING CO,arguello-catering-co,Arguello Catering Co,ARGUELLO CATERING,,false
ARINC INC,arinc-inc,Arinc Inc,ARINC,,false
ARJO INC,arjo-inc,Arjo Inc,ARJO,,false
ARK OF REFUGE INC,ark-of-refuge-inc,Ark of Refuge Inc,ARK OF REFUGE,,false
ARLINGTON HOTEL LIMITED PARTNERS INC,arlington-hotel-limited-partners-inc,Arlington Hotel Limited Partners Inc,ARLINGTON HOTEL LIMITED PARTNERS,,false
ARMOUR FENCE,armour-fence,Armour Fence,ARMOUR FENCE,,false
ARMSTRONG SHAW ASSOCIATES INC,armstrong-shaw-associates-inc,Armstrong Shaw Associates Inc,ARMSTRONG SHAW ASSOCIATES,,false
ARNTZ BUILDERS INC,arntz-builders-inc,Arntz Builders Inc,ARNTZ BUILDERS,,false
ARRIBA JUNTOS - IAL,arriba-juntos-ial,Arriba Juntos - Ial,ARRIBA JUNTOS IAL,,false
ARROWSTREET CAPITAL LP,arrowstreet-capital-lp,Arrowstreet Capital Lp,ARROWSTREET CAPITAL,,false
ARTHUR J GALLAGHER & CO INS BRK OF CALIF,arthur-j-gallagher-co-ins-brk-of-calif,Arthur J Gallagher & Co Ins Brk of Calif,ARTHUR J GALLAGHER AND CO INS BRK OF CALIF,,false
Arthur J. Gallagher Risk Mgmt Svcs LLC,arthur-j-gallagher-risk-mgmt-svcs-llc,Arthur J. Gallagher Risk Mgmt Svcs LLC,ARTHUR J GALLAGHER RISK MGMT SVCS,,false
ARTIO GLOBAL MANAGEMENT LLC,artio-global-management-llc,Artio Global Management LLC,ARTIO GLOBAL MANAGEMENT,,false
Arup Advisory Inc.,arup-advisory-inc,Arup Advisory Inc.,ARUP ADVISORY,,false
ARUP BRIERLEY ASSOCIATES JV,arup-brierley-associates-jv,Arup Brierley Associates JV,ARUP BRIERLEY ASSOCIATES JV,,false
ARUP LABORATORIES INC,arup-laboratories-inc,Arup Laboratories Inc,ARUP LABORATORIES,,false
ARUP NORTH AMERICA LIMITED,arup-north-america-limited,Arup North America Limited,ARUP NORTH AMERICA LIMITED,,false
ARUP RY CHEW GEOTECH JOINT VENTURE,arup-ry-chew-geotech-joint-venture,Arup Ry Chew Geotech Joint Venture,ARUP RY CHEW GEOTECH JOINT VENTURE,,false
Arup / Sage JV,arup-sage-jv,Arup / Sage JV,ARUP SAGE JV,,false
Arup US Inc.,arup-us-inc,Arup US Inc.,ARUP US,,false
ARUP US SAGE JV,arup-us-sage-jv,Arup US Sage JV,ARUP US SAGE JV,,false
ASBESTOS MANAGEMENT GROUP OF CALIF INC,asbestos-management-group-of-calif-inc,Asbestos Management Group of Calif Inc,ASBESTOS MANAGEMENT GROUP OF CALIF,,false
ASCENT ELEVATOR SERVICES INC,ascent-elevator-services-inc,Ascent Elevator Services Inc,ASCENT ELEVATOR SERVICES,,false
ASD Specialty Healthcare LLC,asd-specialty-healthcare-llc,Asd Specialty Healthcare LLC,ASD SPECIALTY HEALTHCARE,,false
ASERETH MEDICAL SERVICES INC,asereth-medical-services-inc,Asereth Medical Services Inc,ASERETH MEDICAL SERVICES,,false
ASHBURY GENERAL CONTRACTING & ENGRG INC,ashbury-general-contracting-engrg-inc,Ashbury General Contracting & Engrg Inc,ASHBURY GENERAL CONTRACTING AND ENGRG,,false
"ASHBURY HOMES,INC/O'GRADY PAVING,INC.",ashbury-homes-inc-o-grady-paving-inc,"Ashbury Homes,inc/o'grady Paving,inc.",ASHBURY HOMES INC O GRADY PAVING,,false
ASHMORE INVESTMENT MANAGEMENT LTD,ashmore-investment-management-ltd,Ashmore Investment Management Ltd,ASHMORE INVESTMENT MANAGEMENT,,false
ASIAN AMER ADVNCNG JSTC-ASIAN LAW CAUCUS,asian-amer-advncng-jstc-asian-law-caucus,Asian Amer Advncng Jstc-asian Law Caucus,ASIAN AMER ADVNCNG JSTC ASIAN LAW CAUCUS,,false
ASIAN AMERICAN RECOVERY SERVICES INC,asian-american-recovery-services-inc,Asian American Recovery Services Inc,ASIAN AMERICAN RECOVERY SERVICES,,false
ASIAN ART MUSEUM FOUNDATION,asian-art-museum-foundation,Asian Art Museum Foundation,ASIAN ART MUSEUM FOUNDATION,,false
ASIAN LAW CAUCUS,asian-law-caucus,Asian Law Caucus,ASIAN LAW CAUCUS,,false
ASIAN NEIGHBORHOOD DESIGN,asian-neighborhood-design,Asian Neighborhood Design,ASIAN NEIGHBORHOOD DESIGN,,false
ASIAN PACIFIC AMERICAN COMMUNITY CENTER,asian-pacific-american-community-center,Asian Pacific American Community Center,ASIAN PACIFIC AMERICAN COMMUNITY CENTER,,false
ASIAN & PACIFIC ISLANDER WELLNESS CENTER,asian-pacific-islander-wellness-center,Asian & Pacific Islander Wellness Center,ASIAN AND PACIFIC ISLANDER WELLNESS CENTER,,false
ASIAN WOMEN'S SHELTER,asian-women-s-shelter,Asian Women's Shelter,ASIAN WOMEN S SHELTER,,false
ASIANWEEK FOUNDATION,asianweek-foundation,Asianweek Foundation,ASIANWEEK FOUNDATION,,false
ASPIRANET,aspiranet,Aspiranet,ASPIRANET,,false
ASSA ABLOY ENTRANCE SYSTEMS,assa-abloy-entrance-systems,Assa Abloy Entrance Systems,ASSA ABLOY ENTRANCE SYSTEMS,,false
ASSOCIATED RIGHT OF WAY SERVICES INC,associated-right-of-way-services-inc,Associated Right of Way Services Inc,ASSOCIATED RIGHT OF WAY SERVICES,,false
ASSOCIATION OF BAY AREA GOVERNMENTS,association-of-bay-area-governments,Association of Bay Area Governments,ASSOCIATION OF BAY AREA GOVERNMENTS,,false
AT&T CORP,at-t-corp,At&t Corp,AT AND T,,false
AT&T MOBILITY,at-t-mobility,At&t Mobility,AT AND T MOBILITY,,false
AT THE CROSSROADS,at-the-crossroads,At the Crossroads,AT THE CROSSROADS,,false
ATKINS NORTH AMERICA INC,atkins-north-america-inc,Atkins North America Inc,ATKINS NORTH AMERICA,,false
AtkinsRealis USA Inc.,atkinsrealis-usa-inc,Atkinsrealis USA Inc.,ATKINSREALIS USA,,false
ATLAS TOWING SERVICES INC,atlas-towing-services-inc,Atlas Towing Services Inc,ATLAS TOWING SERVICES,,false
ATPAC,atpac,Atpac,ATPAC,,false
ATTHOWE FINE ARTS SERVICES,atthowe-fine-arts-services,Atthowe Fine Arts Services,ATTHOWE FINE ARTS SERVICES,,false
AURIGA CORPORATION,auriga-corporation,Auriga Corporation,AURIGA,,false
AURORA BHVRL HEALTHCARE-SANTA ROSA LLC,aurora-bhvrl-healthcare-santa-rosa-llc,Aurora Bhvrl Healthcare-santa Rosa LLC,AURORA BHVRL HEALTHCARE SANTA ROSA,,false
AUSTIN WEBCOR JV,austin-webcor-jv,Austin Webcor JV,AUSTIN WEBCOR JV,,false
AUTHENTIC 415,authentic-415,Authentic 415,AUTHENTIC 415,,false
AUTO EXPRESS TOWING & RECOVERY LLC,auto-express-towing-recovery-llc,Auto Express Towing & Recovery LLC,AUTO EXPRESS TOWING AND RECOVERY,,false
AUTO SOUND PERFORMANCE,auto-sound-performance,Auto Sound Performance,AUTO SOUND PERFORMANCE,,false
AUTOMED TECHNOLOGIES INC,automed-technologies-inc,Automed Technologies Inc,AUTOMED TECHNOLOGIES,,false
AUTOMON LLC,automon-llc,Automon LLC,AUTOMON,,false
Ava Community Energy Authority,ava-community-energy-authority,Ava Community Energy Authority,AVA COMMUNITY ENERGY AUTHORITY,,false
AvAirPros Inc.,avairpros-inc,Avairpros Inc.,AVAIRPROS,,false
AVALON TENT & PARTY CORPORATION,avalon-tent-party-corporation,Avalon Tent & Party Corporation,AVALON TENT AND PARTY,,false
AVALOS FOR MAYOR 2011,avalos-for-mayor-2011,Avalos for Mayor 2011,AVALOS FOR MAYOR 2011,,false
AVANGRID RENEWABLES LLC,avangrid-renewables-llc,Avangrid Renewables LLC,AVANGRID RENEWABLES,,false
Avangrid Renewables LLC,avangrid-renewables-llc,Avangrid Renewables LLC,AVANGRID RENEWABLES,,false
AVAYA INC,avaya-inc,Avaya Inc,AVAYA,,false
AVIAT US INC,aviat-us-inc,Aviat US Inc,AVIAT US,,false
AVILA & ASSOC CONSULTING ENGINEERS INC,avila-assoc-consulting-engineers-inc,Avila & Assoc Consulting Engineers Inc,AVILA AND ASSOC CONSULTING ENGINEERS,,false
Axelliant LLC,axelliant-llc,Axelliant LLC,AXELLIANT,,false
AXON ENTERPRISE INC,axon-enterprise-inc,Axon Enterprise Inc.,AXON ENTERPRISE,,false
AXON ENTERPRISE INC.,axon-enterprise-inc,Axon Enterprise Inc.,AXON ENTERPRISE,,false
AYA HEALTHCARE INC,aya-healthcare-inc,Aya Healthcare Inc,AYA HEALTHCARE,,false
AZCO SUPPLY INC,azco-supply-inc,Azco Supply Inc,AZCO SUPPLY,,false
AZUL WORKS INC,azul-works-inc,Azul Works Inc,AZUL WORKS,,false
B C H MFG CO INC,b-c-h-mfg-co-inc,B C H Mfg Co Inc,B C H MFG,,false
B C M JV,b-c-m-jv,B C M JV,B C M JV,,false
B K F ENGINEERS,b-k-f-engineers,B K F Engineers,B K F ENGINEERS,,false
B M I IMAGING SYSTEMS,b-m-i-imaging-systems,B M I Imaging Systems,B M I IMAGING SYSTEMS,,false
B & V/A G S JV,b-v-a-g-s-jv,B & V/a G S JV,B AND V A G S JV,,false
B&V/AVILA JV,b-v-avila-jv,B&v/avila JV,B AND V AVILA JV,,false
BAART BEHAVIORAL HEALTH SERVICES INC,baart-behavioral-health-services-inc,Baart Behavioral Health Services Inc,BAART BEHAVIORAL HEALTH SERVICES,,false
BAART COMMUNITY HEALTHCARE (BCH),baart-community-healthcare-bch,Baart Community Healthcare (bch),BAART COMMUNITY HEALTHCARE BCH,,false
Babylon Burning Screen Printing Inc.,babylon-burning-screen-printing-inc,Babylon Burning Screen Printing Inc.,BABYLON BURNING SCREEN PRINTING,,false
BACK FIRST,back-first,Back First,BACK FIRST,,false
BACKSTAGE LIBRARY WORKS INC,backstage-library-works-inc,Backstage Library Works Inc,BACKSTAGE LIBRARY WORKS,,false
BACKSTROM MCCARLEY BERRY & CO LLC,backstrom-mccarley-berry-co-llc,Backstrom Mccarley Berry & Co LLC,BACKSTROM MCCARLEY BERRY AND,,false
BADGER METER INC,badger-meter-inc,Badger Meter Inc,BADGER METER,,false
BAIN CAPITAL CREDIT LP,bain-capital-credit-lp,Bain Capital Credit Lp,BAIN CAPITAL CREDIT,,false
BAKER PLACES GROVE STREET LLC,baker-places-grove-street-llc,Baker Places Grove Street LLC,BAKER PLACES GROVE STREET,,false
BAKER PLACES INC,baker-places-inc,Baker Places Inc,BAKER PLACES,,false
BAKER & TAYLOR CO,baker-taylor-llc,Baker & Taylor LLC,BAKER AND TAYLOR,,false
BAKER & TAYLOR LLC,baker-taylor-llc,Baker & Taylor LLC,BAKER AND TAYLOR,,false
Balboa Gateway LP,balboa-gateway-lp,Balboa Gateway Lp,BALBOA GATEWAY,,false
Balboa Lee Avenue L.P.,balboa-lee-avenue-l-p,Balboa Lee Avenue L.p.,BALBOA LEE AVENUE L P,,false
Balboa Park Housing Partners LP,balboa-park-housing-partners-lp,Balboa Park Housing Partners Lp,BALBOA PARK HOUSING PARTNERS,,false
BALFOUR BEATTY INFRASTRUCTURE INC,balfour-beatty-infrastructure-inc,Balfour Beatty Infrastructure Inc,BALFOUR BEATTY INFRASTRUCTURE,,false
BALFOUR BEATTY RAIL INC,balfour-beatty-rail-inc,Balfour Beatty Rail Inc,BALFOUR BEATTY RAIL,,false
BANC OF AMERICA LEASING & CAPITAL LLC,banc-of-america-leasing-capital-llc,Banc of America Leasing & Capital LLC,BANC OF AMERICA LEASING AND CAPITAL,,false
BANK OF AMERICA,bank-of-america-na,Bank of America Na,BANK OF AMERICA,,false
BANK OF AMERICA NA,bank-of-america-na,Bank of America Na,BANK OF AMERICA,,false
BANK OF AMERICA NT & SA,bank-of-america-nt-sa,Bank of America Nt & Sa,BANK OF AMERICA NT AND SA,,false
BANK OF MARIN,bank-of-marin,Bank of Marin,BANK OF MARIN,,false
THE BANK OF NEW YORK,bank-of-new-york-mellon,Bank of New York Mellon,BANK OF NEW YORK MELLON,Bank of New York (pre-Mellon merger) spelling,true
THE BANK OF NEW YORK CO INC,bank-of-new-york-mellon,Bank of New York Mellon,BANK OF NEW YORK MELLON,Bank of New York (pre-Mellon merger) spelling,true
THE BANK OF NEW YORK MELLON,bank-of-new-york-mellon,Bank of New York Mellon,BANK OF NEW YORK MELLON,Bank of New York Mellon,true
BANK OF SACRAMENTO,bank-of-sacramento,Bank of Sacramento,BANK OF SACRAMENTO,,false
BANK OF SAN FRANCISCO,bank-of-san-francisco,Bank of San Francisco,BANK OF SAN FRANCISCO,,false
BANK OF THE WEST,bank-of-the-west,Bank of the West,BANK OF THE WEST,,false
BANNER BANK,banner-bank,Banner Bank,BANNER BANK,,false
BANNER UNIFORM CENTER,banner-uniform-center,Banner Uniform Center,BANNER UNIFORM CENTER,,false
BAR ASSOCIATION OF SAN FRANCISCO,bar-association-of-san-francisco,Bar Association of San Francisco,BAR ASSOCIATION OF SAN FRANCISCO,,false
BARAK D JOLISH,barak-d-jolish,Barak D Jolish,BARAK D JOLISH,,false
BARCLAYS BANK PLC,barclays-bank-plc,Barclays Bank Plc,BARCLAYS BANK PLC,,false
BARKER PACIFIC GROUP INC,barker-pacific-group-inc,Barker Pacific Group Inc,BARKER PACIFIC GROUP,,false
BARNARD IMPREGILO HEALY JV,barnard-impregilo-healy-jv,Barnard Impregilo Healy JV,BARNARD IMPREGILO HEALY JV,,false
BASELINE ENVIRONMENTAL CONSULTING,baseline-environmental-consulting,Baseline Environmental Consulting,BASELINE ENVIRONMENTAL CONSULTING,,false
BASIC CHEMICAL SOLUTIONS,basic-chemical-solutions-llc,Basic Chemical Solutions LLC,BASIC CHEMICAL SOLUTIONS,,false
BASIC CHEMICAL SOLUTIONS LLC,basic-chemical-solutions-llc,Basic Chemical Solutions LLC,BASIC CHEMICAL SOLUTIONS,,false
Basset Engineering,basset-engineering,Basset Engineering,BASSET ENGINEERING,,false
BATTERIES U S A INC,batteries-u-s-a-inc,Batteries U S a Inc,BATTERIES U S A,,false
BATTERY SYSTEMS INC,battery-systems-inc,Battery Systems Inc,BATTERY SYSTEMS,,false
BAUER COMPRESSORS,bauer-compressors,Bauer Compressors,BAUER COMPRESSORS,,false
BAUMAN LANDSCAPE & CONSTRUCTION INC,bauman-landscape-construction-inc,Bauman Landscape & Construction Inc,BAUMAN LANDSCAPE AND CONSTRUCTION,,false
BAUMAN LANDSCAPE/MCGUIRE & HESTER JV,bauman-landscape-mcguire-hester-jv,Bauman Landscape/mcguire & Hester JV,BAUMAN LANDSCAPE MCGUIRE AND HESTER JV,,false
BAXTER HEALTHCARE CORP,baxter-healthcare-corp,Baxter Healthcare Corp,BAXTER HEALTHCARE,,false
BAY ALARM CO,bay-alarm-co,Bay Alarm Co,BAY ALARM,,false
BAY AREA AIR QUALITY MANAGEMENT DISTRICT,bay-area-air-quality-management-district,Bay Area Air Quality Management District,BAY AREA AIR QUALITY MANAGEMENT DISTRICT,,false
BAY AREA ARBORIST COOPERATIVE INC,bay-area-arborist-cooperative-inc,Bay Area Arborist Cooperative Inc,BAY AREA ARBORIST COOPERATIVE,,false
BAY AREA CLEAN WATER AGENCIES,bay-area-clean-water-agencies,Bay Area Clean Water Agencies,BAY AREA CLEAN WATER AGENCIES,,false
BAY AREA COMMUNICATION ACCESS,bay-area-communication-access,Bay Area Communication Access,BAY AREA COMMUNICATION ACCESS,,false
BAY AREA COMMUNITY RESOURCES,bay-area-community-resources,Bay Area Community Resources,BAY AREA COMMUNITY RESOURCES,,false
Bay Area Community Services,bay-area-community-services,Bay Area Community Services,BAY AREA COMMUNITY SERVICES,,false
Bay Area Computer Service,bay-area-computer-service,Bay Area Computer Service,BAY AREA COMPUTER SERVICE,,false
Bay Area Gators,bay-area-gators,Bay Area Gators,BAY AREA GATORS,,false
BAY AREA LEGAL AID,bay-area-legal-aid,Bay Area Legal Aid,BAY AREA LEGAL AID,,false
BAY AREA LIGHTWORKS INC,bay-area-lightworks-inc,Bay Area Lightworks Inc,BAY AREA LIGHTWORKS,,false
BAY AREA MEDICAL ACADEMY,bay-area-medical-academy,Bay Area Medical Academy,BAY AREA MEDICAL ACADEMY,,false
Bay Area Outreach and Recreation Program,bay-area-outreach-and-recreation-program,Bay Area Outreach and Recreation Program,BAY AREA OUTREACH AND RECREATION PROGRAM,,false
BAY AREA PL SERVICES,bay-area-pl-services,Bay Area Pl Services,BAY AREA PL SERVICES,,false
BAY AREA SYST & SLTNS INC DBA BASS ELEC,bay-area-syst-sltns-inc-dba-bass-elec,Bay Area Syst & Sltns Inc DBA Bass Elec,BAY AREA SYST AND SLTNS INC DBA BASS ELEC,,false
BAY AREA TOLL AUTHORITY,bay-area-toll-authority,Bay Area Toll Authority,BAY AREA TOLL AUTHORITY,,false
BAY AREA TREE SPECIALISTS,bay-area-tree-specialists,Bay Area Tree Specialists,BAY AREA TREE SPECIALISTS,,false
BAY AREA VIDEO COALITION,bay-area-video-coalition,Bay Area Video Coalition,BAY AREA VIDEO COALITION,,false
BAY AREA WATER SUPPLY & CONSERVE AGENCY,bay-area-water-supply-conserve-agency,Bay Area Water Supply & Conserve Agency,BAY AREA WATER SUPPLY AND CONSERVE AGENCY,,false
BAY CITIES PRODUCE CO INC,bay-cities-produce-co-inc,Bay Cities Produce Co Inc,BAY CITIES PRODUCE,,false
BAY CITY BOILER & ENGINEERING CO INC,bay-city-boiler-engineering-co-inc,Bay City Boiler & Engineering Co Inc,BAY CITY BOILER AND ENGINEERING,,false
BAY MEDICAL CO INC,bay-medical-co-inc,Bay Medical Co Inc,BAY MEDICAL,,false
BAY METALS,bay-metals,Bay Metals,BAY METALS,,false
Bay Pro,bay-pro,Bay Pro,BAY PRO,,false
BAY STREET LP,bay-street-lp,Bay Street Lp,BAY STREET,,false
BAYANIHAN EQUITY CENTER,bayanihan-equity-center,Bayanihan Equity Center,BAYANIHAN EQUITY CENTER,,false
BAYCAT,baycat,Baycat,BAYCAT,,false
BAYER HEALTHCARE LLC,bayer-healthcare-llc,Bayer Healthcare LLC,BAYER HEALTHCARE,,false
BAYSHORE INTERNATIONAL,bayshore-international,Bayshore International,BAYSHORE INTERNATIONAL,,false
BAYSHORE METALS INC,bayshore-metals-inc,Bayshore Metals Inc,BAYSHORE METALS,,false
BAYSIDE BOATWORKS INC,bayside-boatworks-inc,Bayside Boatworks Inc,BAYSIDE BOATWORKS,,false
BAYSUBWAY AIRPORT,baysubway-airport,Baysubway Airport,BAYSUBWAY AIRPORT,,false
BAYVIEW ASSOCIATION FOR YOUTH,bayview-association-for-youth,Bayview Association for Youth,BAYVIEW ASSOCIATION FOR YOUTH,,false
BAYVIEW HUNTERS POINT HERC,bayview-hunters-point-herc,Bayview Hunters Point Herc,BAYVIEW HUNTERS POINT HERC,,false
BAYVIEW HUNTERS PT COMMUNITY ADVOCTS INC,bayview-hunters-pt-community-advocts-inc,Bayview Hunters Pt Community Advocts Inc,BAYVIEW HUNTERS PT COMMUNITY ADVOCTS,,false
BAYVIEW HUNTERS PT FNDTN FOR COMM IMPROV,bayview-hunters-pt-fndtn-for-comm-improv,Bayview Hunters Pt Fndtn for Comm Improv,BAYVIEW HUNTERS PT FNDTN FOR COMM IMPROV,,false
BAYVIEW HUNTERS PT MULTIPURPOSE SR SVC,bayview-hunters-pt-multipurpose-sr-svc,Bayview Hunters Pt Multipurpose Sr Svc,BAYVIEW HUNTERS PT MULTIPURPOSE SR SVC,,false
BAYVIEW OPERA HOUSE,bayview-opera-house,Bayview Opera House,BAYVIEW OPERA HOUSE,,false
BAYVIEW PLAZA LLC,bayview-plaza-llc,Bayview Plaza LLC,BAYVIEW PLAZA,,false
BAYVIEW SUPPORTIVE HOUSING LLC,bayview-supportive-housing-llc,Bayview Supportive Housing LLC,BAYVIEW SUPPORTIVE HOUSING,,false
BAYVIEW TRANSPORTATION CONSULTANTS LLC,bayview-transportation-consultants-llc,Bayview Transportation Consultants LLC,BAYVIEW TRANSPORTATION CONSULTANTS,,false
BBI CONSTRUCTION,bbi-construction,Bbi Construction,BBI CONSTRUCTION,,false
BBJ ELECTRIC INC,bbj-electric-inc,Bbj Electric Inc,BBJ ELECTRIC,,false
BC-Lotus JV,bc-lotus-jv,Bc-lotus JV,BC LOTUS JV,,false
BCCI CONSTRUCTION CO,bcci-construction-co,Bcci Construction Co,BCCI CONSTRUCTION,,false
BE THE CHANGE CONSULTING LLC,be-the-change-consulting-llc,Be the Change Consulting LLC,BE THE CHANGE CONSULTING,,false
BEARING AGENCIES INC,bearing-agencies-inc,Bearing Agencies Inc,BEARING AGENCIES,,false
BEARING ENGINEERING CO,bearing-engineering-co,Bearing Engineering Co,BEARING ENGINEERING,,false
BEARINGPOINT INC,bearingpoint-inc,Bearingpoint Inc,BEARINGPOINT,,false
BECK ELECTRIC SUPPLY,beck-electric-supply,Beck Electric Supply,BECK ELECTRIC SUPPLY,,false
BECK'S SHOES INC,beck-s-shoes-inc,Beck's Shoes Inc,BECK S SHOES,,false
BECKER ELECTRIC INC,becker-electric-inc,Becker Electric Inc,BECKER ELECTRIC,,false
BECTON DICKINSON & CO,becton-dickinson-co,Becton Dickinson & Co,BECTON DICKINSON AND,,false
BEHAVIORAL RECOGNITION SYSTEMS INC,behavioral-recognition-systems-inc,Behavioral Recognition Systems Inc,BEHAVIORAL RECOGNITION SYSTEMS,,false
BELFOR USA GROUP INC,belfor-usa-group-inc,Belfor USA Group Inc,BELFOR USA GROUP,,false
BELKORP AG LLC,belkorp-ag-llc,Belkorp Ag LLC,BELKORP AG,,false
BELL AND HOWELL LLC,bell-and-howell-llc,Bell and Howell LLC,BELL AND HOWELL,,false
BELMONT INSTRUMENT LLC,belmont-instrument-llc,Belmont Instrument LLC,BELMONT INSTRUMENT,,false
BEN'S ROOFING INC,ben-s-roofing-inc,Ben's Roofing Inc,BEN S ROOFING,,false
BERKELEY FARMS,berkeley-farms,Berkeley Farms,BERKELEY FARMS,,false
BERKELEY FARMS / JCS MARKETING,berkeley-farms-jcs-marketing,Berkeley Farms / Jcs Marketing,BERKELEY FARMS JCS MARKETING,,false
BERLIN & BEYOND,berlin-beyond,Berlin & Beyond,BERLIN AND BEYOND,,false
BERNAL HEIGHTS HOUSING CORP,bernal-heights-housing-corp,Bernal Heights Housing Corp,BERNAL HEIGHTS HOUSING,,false
BERNAL HEIGHTS NEIGHBORHOOD CENTER,bernal-heights-neighborhood-center,Bernal Heights Neighborhood Center,BERNAL HEIGHTS NEIGHBORHOOD CENTER,,false
BERNAL HOMES L.P.,bernal-homes-l-p,Bernal Homes L.p.,BERNAL HOMES L P,,false
BERNSTEIN REALTY INC,bernstein-realty-inc,Bernstein Realty Inc,BERNSTEIN REALTY,,false
BERONIO LUMBER CO,beronio-lumber-co,Beronio Lumber Co,BERONIO LUMBER,,false
BEST AUTO BODY,best-auto-body,Best Auto Body,BEST AUTO BODY,,false
Best Communication Networks,best-communication-networks,Best Communication Networks,BEST COMMUNICATION NETWORKS,,false
BEST CONTRACTING SERVICES INC,best-contracting-services-inc,Best Contracting Services Inc,BEST CONTRACTING SERVICES,,false
BEST DOCTORS INC,best-doctors-inc,Best Doctors Inc,BEST DOCTORS,,false
BEST WESTERN RED COACH INN,best-western-red-coach-inn,Best Western Red Coach Inn,BEST WESTERN RED COACH INN,,false
BETA ENGINEERING CALIFORNIA LP,beta-engineering-california-lp,Beta Engineering California Lp,BETA ENGINEERING CALIFORNIA,,false
BETA NINETIES COMPUTER INC,beta-nineties-computer-inc,Beta Nineties Computer Inc,BETA NINETIES COMPUTER,,false
BETHEL AME CHURCH,bethel-ame-church,Bethel Ame Church,BETHEL AME CHURCH,,false
BETTER WORLD ADVERTISING,better-world-advertising,Better World Advertising,BETTER WORLD ADVERTISING,,false
BETTS SPRING CO,betts-spring-co,Betts Spring Co,BETTS SPRING,,false
BEUMER CORPORATION,beumer-corporation,Beumer Corporation,BEUMER,,false
BEUMER Lifecycle Management LLC,beumer-lifecycle-management-llc,Beumer Lifecycle Management LLC,BEUMER LIFECYCLE MANAGEMENT,,false
BEVAN DUFTY CAMPAIGN FOR MAYOR 2011,bevan-dufty-campaign-for-mayor-2011,Bevan Dufty Campaign for Mayor 2011,BEVAN DUFTY CAMPAIGN FOR MAYOR 2011,,false
BEVERIDGE & DIAMOND P.C.,beveridge-diamond-p-c,Beveridge & Diamond P.c.,BEVERIDGE AND DIAMOND P C,,false
BGCA MANAGEMENT LLC,bgca-management-llc,Bgca Management LLC,BGCA MANAGEMENT,,false
BHC Balboa Builders LLC,bhc-balboa-builders-llc,Bhc Balboa Builders LLC,BHC BALBOA BUILDERS,,false
BI-RITE CATERING LLC,bi-rite-catering-llc,Bi-rite Catering LLC,BI RITE CATERING,,false
BIBLIOTHECA LLC,bibliotheca-llc,Bibliotheca LLC,BIBLIOTHECA,,false
BIEDERMAN REDEVELOPMENT VENTURES CORP,biederman-redevelopment-ventures-corp,Biederman Redevelopment Ventures Corp,BIEDERMAN REDEVELOPMENT VENTURES,,false
BIG DOG CITY CORPORATION,big-dog-city-corporation,Big Dog City Corporation,BIG DOG CITY,,false
BIG VALLEY ELECTRIC,big-valley-electric,Big Valley Electric,BIG VALLEY ELECTRIC,,false
Biggs Cardosa / Bello JV,biggs-cardosa-bello-jv,Biggs Cardosa / Bello JV,BIGGS CARDOSA BELLO JV,,false
BILINGVA LLC,bilingva-llc,Bilingva LLC,BILINGVA,,false
BIOSOLAR GROUP,biosolar-group,Biosolar Group,BIOSOLAR GROUP,,false
BIRITE FOOD SERVICE DISTRIBUTORS,birite-food-service-distributors,Birite Food Service Distributors,BIRITE FOOD SERVICE DISTRIBUTORS,,false
BIT90 LLC,bit90-llc,Bit90 LLC,BIT90,,false
BITFOCUS INC,bitfocus-inc,Bitfocus Inc,BITFOCUS,,false
BIVIUM CAPITAL PARTNERS LLC,bivium-capital-partners-llc,Bivium Capital Partners LLC,BIVIUM CAPITAL PARTNERS,,false
BLACK BEAR SECURITY SERVICES INC,black-bear-security-services-inc,Black Bear Security Services Inc,BLACK BEAR SECURITY SERVICES,,false
Black Box Safety Inc,black-box-safety-inc,Black Box Safety Inc,BLACK BOX SAFETY,,false
BLACK & VEATCH CORPORATION,black-veatch-corporation,Black & Veatch Corporation,BLACK AND VEATCH,,false
BLACKROCK INSTITUTIONAL TRUST CO NA,blackrock-institutional-trust-co-na,Blackrock Institutional Trust Co Na,BLACKROCK INSTITUTIONAL TRUST,,false
Blackstreet Holdings LLC,blackstreet-holdings-llc,Blackstreet Holdings LLC,BLACKSTREET HOLDINGS,,false
BLACKWELL'S BOOK SERVICES,blackwell-s-book-services,Blackwell's Book Services,BLACKWELL S BOOK SERVICES,,false
BLAISDELL'S BUSINESS PRODUCTS,blaisdell-s-business-products,Blaisdell's Business Products,BLAISDELL S BUSINESS PRODUCTS,,false
Blaze Consulting Group LLC,blaze-consulting-group-llc,Blaze Consulting Group LLC,BLAZE CONSULTING GROUP,,false
BLOCKA CONSTRUCTION INC,blocka-construction-inc,Blocka Construction Inc,BLOCKA CONSTRUCTION,,false
BLOEMENDAL CONSTRUCTION CO,bloemendal-construction-co,Bloemendal Construction Co,BLOEMENDAL CONSTRUCTION,,false
BLOOD CENTERS OF THE PACIFIC,blood-centers-of-the-pacific,Blood Centers of the Pacific,BLOOD CENTERS OF THE PACIFIC,,false
BLOSSOM FOODS LLC,blossom-foods-llc,Blossom Foods LLC,BLOSSOM FOODS,,false
BLUE SHIELD OF CALIF,blue-shield-of-calif,Blue Shield of Calif,BLUE SHIELD OF CALIF,,false
BlueCrest,bluecrest,Bluecrest,BLUECREST,,false
BlueTriton Brands Inc,bluetriton-brands-inc,Bluetriton Brands Inc,BLUETRITON BRANDS,,false
BLUEWATER ENVIRONMENTAL SERVICES INC,bluewater-environmental-services-inc,Bluewater Environmental Services Inc,BLUEWATER ENVIRONMENTAL SERVICES,,false
Blythe Solar IV LLC,blythe-solar-iv-llc,Blythe Solar Iv LLC,BLYTHE SOLAR IV,,false
BMO Bank N.A.,bmo-bank-n-a,Bmo Bank N.a.,BMO BANK N A,,false
BNP ASSOCIATES INC,bnp-associates-inc,Bnp Associates Inc,BNP ASSOCIATES,,false
BNP PARIBAS,bnp-paribas,Bnp Paribas,BNP PARIBAS,,false
BOB BARKER CO INC,bob-barker-co-inc,Bob Barker Co Inc,BOB BARKER,,false
BOB WONDRIES FORD/WONDRIES FLEET GROUP,bob-wondries-ford-wondries-fleet-group,Bob Wondries Ford/wondries Fleet Group,BOB WONDRIES FORD WONDRIES FLEET GROUP,,false
BODE CONCRETE LLC,bode-concrete-llc,Bode Concrete LLC,BODE CONCRETE,,false
BOLLINGER ATELIER,bollinger-atelier,Bollinger Atelier,BOLLINGER ATELIER,,false
BOMBARDIER TRANSPRTN (HOLDINGS) USA INC,bombardier-transprtn-holdings-usa-inc,Bombardier Transprtn (holdings) USA Inc,BOMBARDIER TRANSPRTN HOLDINGS USA,,false
BOOK WHOLESALERS INC,book-wholesalers-inc,Book Wholesalers Inc,BOOK WHOLESALERS,,false
BOOKER T WASHINGTON COMMUNITY SVCS CTR,booker-t-washington-community-svcs-ctr,Booker T Washington Community Svcs Ctr,BOOKER T WASHINGTON COMMUNITY SVCS CTR,,false
BOOMERANG HOUSING CORPORATION,boomerang-housing-corporation,Boomerang Housing Corporation,BOOMERANG HOUSING,,false
BOOZ ALLEN HAMILTON INC,booz-allen-hamilton-inc,Booz Allen Hamilton Inc,BOOZ ALLEN HAMILTON,,false
BORDEN DECAL,borden-decal,Borden Decal,BORDEN DECAL,,false
Border Youth Tennis Exchange Inc,border-youth-tennis-exchange-inc,Border Youth Tennis Exchange Inc,BORDER YOUTH TENNIS EXCHANGE,,false
BOREL PRIVATE BANK & TRUST CO,borel-private-bank-trust-co,Borel Private Bank & Trust Co,BOREL PRIVATE BANK AND TRUST,,false
BOSTON PRIVATE BANK & TRUST CO,boston-private-bank-trust-co,Boston Private Bank & Trust Co,BOSTON PRIVATE BANK AND TRUST,,false
BOSTON SCIENTIFIC CORP & SUBSIDIARIES,boston-scientific-corp-subsidiaries,Boston Scientific Corp & Subsidiaries,BOSTON SCIENTIFIC CORP AND SUBSIDIARIES,,false
BOTTOM LINE UTILITY SOLUTIONS INC,bottom-line-utility-solutions-inc,Bottom Line Utility Solutions Inc,BOTTOM LINE UTILITY SOLUTIONS,,false
BOUND TREE MEDICAL LLC,bound-tree-medical-llc,Bound Tree Medical LLC,BOUND TREE MEDICAL,,false
Box Shop Inc,box-shop-inc,Box Shop Inc,BOX SHOP,,false
BOYS & GIRLS CLUBS OF SAN FRANCISCO,boys-girls-clubs-of-san-francisco,Boys & Girls Clubs of San Francisco,BOYS AND GIRLS CLUBS OF SAN FRANCISCO,,false
BRADLEY & ASSOCIATES,bradley-associates,Bradley & Associates,BRADLEY AND ASSOCIATES,,false
BRAINLAB INC,brainlab-inc,Brainlab Inc,BRAINLAB,,false
BRANDES INVESTMENT PARTNERS LLC,brandes-investment-partners-llc,Brandes Investment Partners LLC,BRANDES INVESTMENT PARTNERS,,false
BRAUN NORTHWEST INC,braun-northwest-inc,Braun Northwest Inc,BRAUN NORTHWEST,,false
BRAVA FOR THE WOMEN IN THE ARTS,brava-for-the-women-in-the-arts,Brava for the Women in the Arts,BRAVA FOR THE WOMEN IN THE ARTS,,false
BRCP 1390 MARKET LLC,brcp-1390-market-llc,Brcp 1390 Market LLC,BRCP 1390 MARKET,,false
BREALL & BREALL LLP,breall-breall-llp,Breall & Breall Llp,BREALL AND BREALL,,false
BRENNTAG PACIFIC INC,brenntag-pacific-inc,Brenntag Pacific Inc,BRENNTAG PACIFIC,,false
BRENTON SAFETY SOLUTIONS DIV OF MALLORY,brenton-safety-solutions-div-of-mallory,Brenton Safety Solutions Div of Mallory,BRENTON SAFETY SOLUTIONS DIV OF MALLORY,,false
BRIDGE HOUSING CORP,bridge-housing-corp,Bridge Housing Corp,BRIDGE HOUSING,,false
BRIDGE HOUSING VENTURES INC,bridge-housing-ventures-inc,Bridge Housing Ventures Inc,BRIDGE HOUSING VENTURES,,false
BRIDGE MICRO,bridge-micro,Bridge Micro,BRIDGE MICRO,,false
BRIDGE POTRERO COMMUNITY ASSOCIATES LLC,bridge-potrero-community-associates-llc,Bridge Potrero Community Associates LLC,BRIDGE POTRERO COMMUNITY ASSOCIATES,,false
BRIDGES FROM SCHOOL TO WORK INC.,bridges-from-school-to-work-inc,Bridges From School to Work Inc.,BRIDGES FROM SCHOOL TO WORK,,false
BRIDGESTONE AMERICAS TIRE OPERATIONS LLC,bridgestone-americas-tire-operations-llc,Bridgestone Americas Tire Operations LLC,BRIDGESTONE AMERICAS TIRE OPERATIONS,,false
BRIDGETON 945 BRYANT PROPERTY LLC,bridgeton-945-bryant-property-llc,Bridgeton 945 Bryant Property LLC,BRIDGETON 945 BRYANT PROPERTY,,false
BRIDGEWATER ASSOCIATES INC,bridgewater-associates-inc,Bridgewater Associates Inc,BRIDGEWATER ASSOCIATES,,false
BRILLIANT CORNERS,brilliant-corners,Brilliant Corners,BRILLIANT CORNERS,,false
BRISBANE RECYCLING CO,brisbane-recycling-co,Brisbane Recycling Co,BRISBANE RECYCLING,,false
BRITTON STREET ASSOCIATES,britton-street-associates,Britton Street Associates,BRITTON STREET ASSOCIATES,,false
BROADWAY SANSOME ASSOCIATES LP,broadway-sansome-associates-lp,Broadway Sansome Associates Lp,BROADWAY SANSOME ASSOCIATES,,false
BROCK SOLUTIONS U S INC,brock-solutions-u-s-inc,Brock Solutions U S Inc,BROCK SOLUTIONS U S,,false
Brock Solutions US Systems LLC,brock-solutions-us-systems-llc,Brock Solutions US Systems LLC,BROCK SOLUTIONS US SYSTEMS,,false
BRODART CO,brodart-co,Brodart Co,BRODART,,false
BRODERICK & BASCOM ROPE CO,broderick-bascom-rope-co,Broderick & Bascom Rope Co,BRODERICK AND BASCOM ROPE,,false
BROOKVILLE EQUIPMENT CORP,brookville-equipment-corp,Brookville Equipment Corp,BROOKVILLE EQUIPMENT,,false
BROTHERS AGAINST GUNS INC,brothers-against-guns-inc,Brothers Against Guns Inc,BROTHERS AGAINST GUNS,,false
BROWN & CALDWELL,brown-caldwell,Brown & Caldwell,BROWN AND CALDWELL,,false
BROWN & CALDWELL - GTC JV,brown-caldwell-gtc-jv,Brown & Caldwell - Gtc JV,BROWN AND CALDWELL GTC JV,,false
BROWN & CALDWELL-SRT JV,brown-caldwell-srt-jv,Brown & Caldwell-srt JV,BROWN AND CALDWELL SRT JV,,false
BROWN VENCE & ASSOCIATES INC,brown-vence-associates-inc,Brown Vence & Associates Inc,BROWN VENCE AND ASSOCIATES,,false
BRUEL & KJAER EMS INC,bruel-kjaer-ems-inc,Bruel & Kjaer Ems Inc,BRUEL AND KJAER EMS,,false
BTW HOUSING PARTNERS LP,btw-housing-partners-lp,Btw Housing Partners Lp,BTW HOUSING PARTNERS,,false
BUCHANAN AUTO ELECTRIC INC,buchanan-auto-electric-inc,Buchanan Auto Electric Inc,BUCHANAN AUTO ELECTRIC,,false
BUCHANAN HOTEL,buchanan-hotel,Buchanan Hotel,BUCHANAN HOTEL,,false
BUCHER MUNICIPAL NORTH AMERICA INC,bucher-municipal-north-america-inc,Bucher Municipal North America Inc,BUCHER MUNICIPAL NORTH AMERICA,,false
BUCKLES-SMITH ELECTRIC CO,buckles-smith-electric-co,Buckles-smith Electric Co,BUCKLES SMITH ELECTRIC,,false
BUDGET ANALYST - A JOINT VENTURE,budget-analyst-a-joint-venture,Budget Analyst - a Joint Venture,BUDGET ANALYST A JOINT VENTURE,,false
BUDGET AND LEGISLATIVE ANALYST JV,budget-and-legislative-analyst-jv,Budget and Legislative Analyst JV,BUDGET AND LEGISLATIVE ANALYST JV,,false
Budtenders,budtenders,Budtenders,BUDTENDERS,,false
BUENA VISTA CHILD CARE INC,buena-vista-child-care-inc,Buena Vista Child Care Inc,BUENA VISTA CHILD CARE,,false
BUENA VISTA MOTOR INN,buena-vista-motor-inn,Buena Vista Motor Inn,BUENA VISTA MOTOR INN,,false
BUHLER COMMERCIAL,buhler-commercial,Buhler Commercial,BUHLER COMMERCIAL,,false
BUILD GROUP INC.,build-group-inc,Build Group Inc.,BUILD GROUP,,false
BUILD PUBLIC INC,build-public-inc,Build Public Inc,BUILD PUBLIC,,false
BURGER JOINT INC,burger-joint-inc,Burger Joint Inc,BURGER JOINT,,false
BURSON-MARSTELLER LLC,burson-marsteller-llc,Burson-marsteller LLC,BURSON MARSTELLER,,false
BUSWEST LLC,buswest-llc,Buswest LLC,BUSWEST,,false
BUTLER'S UNIFORMS/DICK BRUHN INC,butler-s-uniforms-dick-bruhn-inc,Butler's Uniforms/dick Bruhn Inc,BUTLER S UNIFORMS DICK BRUHN,,false
BYD Coach & Bus LLC,byd-coach-bus-llc,Byd Coach & Bus LLC,BYD COACH AND BUS,,false
BYRON EPP INC,byron-epp-inc,Byron Epp Inc,BYRON EPP,,false
C B S OUTDOOR,c-b-s-outdoor,C B S Outdoor,C B S OUTDOOR,,false
C & C SCIENTIFIC INTERNATIONAL INC,c-c-scientific-international-inc,C & C Scientific International Inc,C AND C SCIENTIFIC INTERNATIONAL,,false
C D X BUILDERS INC,c-d-x-builders-inc,C D X Builders Inc,C D X BUILDERS,,false
C E S CONTROLLED ENVIRONMENTAL SERVICES,c-e-s-controlled-environmental-services,C E S Controlled Environmental Services,C E S CONTROLLED ENVIRONMENTAL SERVICES,,false
C H 2 M HILL,c-h-2-m-hill,C H 2 M Hill,C H 2 M HILL,,false
C KELL-SMITH & ASSOCIATES INC,c-kell-smith-associates-inc,C Kell-smith & Associates Inc,C KELL SMITH AND ASSOCIATES,,false
C L W BUILDERS INC,c-l-w-builders-inc,C L W Builders Inc,C L W BUILDERS,,false
C M CHIANG CONSTRUCTION INC,c-m-chiang-construction-inc,C M Chiang Construction Inc,C M CHIANG CONSTRUCTION,,false
C M PROS,c-m-pros,C M Pros,C M PROS,,false
C M S C,c-m-s-c,C M S C,C M S C,,false
C OVERAA & CO,c-overaa-co,C Overaa & Co,C OVERAA AND,,false
C R BARD INC,c-r-bard-inc,C R Bard Inc,C R BARD,,false
C S G ADVISORS INC,c-s-g-advisors-inc,C S G Advisors Inc,C S G ADVISORS,,false
C S I PAINT,c-s-i-paint,C S I Paint,C S I PAINT,,false
C S U FOUNDATION,c-s-u-foundation,C S U Foundation,C S U FOUNDATION,,false
C T I CONTROLTECH,c-t-i-controltech,C T I Controltech,C T I CONTROLTECH,,false
C V E INC,c-v-e-inc,C V E Inc,C V E,,false
C2PM,c2pm,C2pm,C2PM,,false
CA dept of Tax & Fee Admin (BOE),ca-dept-of-tax-fee-admin-boe,Ca Dept of Tax & Fee Admin (boe),CA DEPT OF TAX AND FEE ADMIN BOE,,false
CA DEPT OF TAX & FEE ADMINISTRATION,ca-dept-of-tax-fee-administration,Ca Dept of Tax & Fee Administration,CA DEPT OF TAX AND FEE ADMINISTRATION,,false
CA STATEWIDE COMMUNITIES DEVELOPMENT AUT,ca-statewide-communities-development-aut,Ca Statewide Communities Development Aut,CA STATEWIDE COMMUNITIES DEVELOPMENT AUT,,false
CADUCEUS OUTREACH SERVICES,caduceus-outreach-services,Caduceus Outreach Services,CADUCEUS OUTREACH SERVICES,,false
CAGE PROFESSIONAL SERVICES INC,cage-professional-services-inc,Cage Professional Services Inc,CAGE PROFESSIONAL SERVICES,,false
CAL ASSOC OF PUBLIC HOSPITALS & HLTH SYS,cal-assoc-of-public-hospitals-hlth-sys,Cal Assoc of Public Hospitals & Hlth Sys,CAL ASSOC OF PUBLIC HOSPITALS AND HLTH SYS,,false
CAL-LINE EQUIPMENT INC,cal-line-equipment-inc,Cal-line Equipment Inc,CAL LINE EQUIPMENT,,false
CAL MOBILE X-RAY & EKG,cal-mobile-x-ray-ekg,Cal Mobile X-ray & Ekg,CAL MOBILE X RAY AND EKG,,false
CAL STATE CONSTRUCTORS INC,cal-state-constructors-inc,Cal State Constructors Inc,CAL STATE CONSTRUCTORS,,false
CAL-STEAM A WOLSELEY COMPANY,cal-steam-a-wolseley-company,Cal-steam a Wolseley Company,CAL STEAM A WOLSELEY,,false
CAL-STEAM SUPPLY,cal-steam-supply,Cal-steam Supply,CAL STEAM SUPPLY,,false
CalibreScientific US Inc.,calibrescientific-us-inc,Calibrescientific US Inc.,CALIBRESCIENTIFIC US,,false
CALIF DEPT OF FORESTRY & FIRE PROTECTION,calif-dept-of-forestry-fire-protection,Calif Dept of Forestry & Fire Protection,CALIF DEPT OF FORESTRY AND FIRE PROTECTION,,false
CALIFA GROUP,califa-group,Califa Group,CALIFA GROUP,,false
CALIFORNIA ACADEMY OF SCIENCES,california-academy-of-sciences,California Academy of Sciences,CALIFORNIA ACADEMY OF SCIENCES,,false
CALIFORNIA BANK OF COMMERCE,california-bank-of-commerce,California Bank of Commerce,CALIFORNIA BANK OF COMMERCE,,false
California Choice Energy Authority,california-choice-energy-authority,California Choice Energy Authority,CALIFORNIA CHOICE ENERGY AUTHORITY,,false
CALIFORNIA COMMUNITY DISPUTE SERVICES,california-community-dispute-services,California Community Dispute Services,CALIFORNIA COMMUNITY DISPUTE SERVICES,,false
California Community Power,california-community-power,California Community Power,CALIFORNIA COMMUNITY POWER,,false
CALIFORNIA DEPARTMENT OF PARK AND REC,california-department-of-park-and-rec,California Department of Park and Rec,CALIFORNIA DEPARTMENT OF PARK AND REC,,false
CALIFORNIA DEPARTMENT OF PUBLIC HEALTH,california-department-of-public-health,California Department of Public Health,CALIFORNIA DEPARTMENT OF PUBLIC HEALTH,,false
CALIFORNIA DEPARTMENT OF WATER RESOURCES,california-department-of-water-resources,California Department of Water Resources,CALIFORNIA DEPARTMENT OF WATER RESOURCES,,false
CALIFORNIA DEPT OF FISH & WILDLIFE,california-dept-of-fish-wildlife,California Dept of Fish & Wildlife,CALIFORNIA DEPT OF FISH AND WILDLIFE,,false
CALIFORNIA EMERGENCY MANAGEMENT AGENCY,california-emergency-management-agency,California Emergency Management Agency,CALIFORNIA EMERGENCY MANAGEMENT AGENCY,,false
CALIFORNIA ENVIRONMENTAL DEWATERING,california-environmental-dewatering,California Environmental Dewatering,CALIFORNIA ENVIRONMENTAL DEWATERING,,false
CALIFORNIA FIRST AID & SAFETY INC,california-first-aid-safety-inc,California First Aid & Safety Inc,CALIFORNIA FIRST AID AND SAFETY,,false
CALIFORNIA GREEN BUSINESS NETWORK,california-green-business-network,California Green Business Network,CALIFORNIA GREEN BUSINESS NETWORK,,false
CALIFORNIA HOMESTEAD ASSOCIATION,california-homestead-association,California Homestead Association,CALIFORNIA HOMESTEAD ASSOCIATION,,false
CALIFORNIA HOSPITAL ASSOCIATION,california-hospital-association,California Hospital Association,CALIFORNIA HOSPITAL ASSOCIATION,,false
CALIFORNIA ISO,california-iso,California Iso,CALIFORNIA ISO,,false
CALIFORNIA LAWYERS FOR THE ARTS,california-lawyers-for-the-arts,California Lawyers for the Arts,CALIFORNIA LAWYERS FOR THE ARTS,,false
CALIFORNIA MENTAL HEALTH SVCS AUTHORITY,california-mental-health-svcs-authority,California Mental Health Svcs Authority,CALIFORNIA MENTAL HEALTH SVCS AUTHORITY,,false
CALIFORNIA NEWSPAPER SERVICE BUREAU INC,california-newspaper-service-bureau-inc,California Newspaper Service Bureau Inc,CALIFORNIA NEWSPAPER SERVICE BUREAU,,false
CALIFORNIA PACIFIC MEDICAL CENTER,california-pacific-medical-center,California Pacific Medical Center,CALIFORNIA PACIFIC MEDICAL CENTER,,false
California Printing Consultants,california-printing-consultants,California Printing Consultants,CALIFORNIA PRINTING CONSULTANTS,,false
CALIFORNIA RADIOGRAPHICS INC,california-radiographics-inc,California Radiographics Inc,CALIFORNIA RADIOGRAPHICS,,false
California Rebuilding Fund LLC,california-rebuilding-fund-llc,California Rebuilding Fund LLC,CALIFORNIA REBUILDING FUND,,false
CALIFORNIA SCHOOL-AGE CONSORTIUM,california-school-age-consortium,California School-age Consortium,CALIFORNIA SCHOOL AGE CONSORTIUM,,false
CALIFORNIA STATE ASSOCIATION OF COUNTIES,california-state-association-of-counties,California State Association of Counties,CALIFORNIA STATE ASSOCIATION OF COUNTIES,,false
CALIFORNIA STATE COASTAL CONSERVANCY,california-state-coastal-conservancy,California State Coastal Conservancy,CALIFORNIA STATE COASTAL CONSERVANCY,,false
CALIFORNIA STATE PARKS FOUNDATION,california-state-parks-foundation,California State Parks Foundation,CALIFORNIA STATE PARKS FOUNDATION,,false
CALIFORNIA STATE UNIVERSITY SACRAMENTO,california-state-university-sacramento,California State University Sacramento,CALIFORNIA STATE UNIVERSITY SACRAMENTO,,false
CALIFORNIA TRANSPLANT SERVICES INC,california-transplant-services-inc,California Transplant Services Inc,CALIFORNIA TRANSPLANT SERVICES,,false
CALIFORNIA URBAN WATER CONSERVATION CNCL,california-urban-water-conservation-cncl,California Urban Water Conservation Cncl,CALIFORNIA URBAN WATER CONSERVATION CNCL,,false
CALIFORNIA WATER SERVICE CO,california-water-service-co,California Water Service Co,CALIFORNIA WATER SERVICE,,false
CALITHO,calitho,Calitho,CALITHO,,false
CALLAN LLC,callan-llc,Callan LLC,CALLAN,,false
CALMHSA,calmhsa,Calmhsa,CALMHSA,,false
CALPERS,calpers,Calpers,CALPERS,,false
Calpine Community Energy LLC,calpine-community-energy-llc,Calpine Community Energy LLC,CALPINE COMMUNITY ENERGY,,false
CALPINE ENERGY SERVICES LP,calpine-energy-services-lp,Calpine Energy Services Lp,CALPINE ENERGY SERVICES,,false
CALPINE ENERGY SOLUTIONS LLC,calpine-energy-solutions-llc,Calpine Energy Solutions LLC,CALPINE ENERGY SOLUTIONS,,false
CALSTEAM A WOLSELEY CO,calsteam-a-wolseley-co,Calsteam a Wolseley Co,CALSTEAM A WOLSELEY,,false
CALTRANS,caltrans,Caltrans,CALTRANS,,false
CALVIN Y LOUIE DBA: LOUIE & PAK LLP,calvin-y-louie-dba-louie-pak-llp,Calvin Y Louie Dba: Louie & Pak Llp,CALVIN Y LOUIE DBA LOUIE AND PAK,,false
CAMBRIDGE ASSOCIATES LLC,cambridge-associates-llc,Cambridge Associates LLC,CAMBRIDGE ASSOCIATES,,false
CAMBRIDGE CM INC,cambridge-cm-inc,Cambridge Cm Inc,CAMBRIDGE CM,,false
CAMERON BRUCE ASSOCIATES,cameron-bruce-associates,Cameron Bruce Associates,CAMERON BRUCE ASSOCIATES,,false
CAMPBELL GRADING INC,campbell-grading-inc,Campbell Grading Inc,CAMPBELL GRADING,,false
CAMPUS LAUNDRY,campus-laundry,Campus Laundry,CAMPUS LAUNDRY,,false
CANAUDIT INC,canaudit-inc,Canaudit Inc,CANAUDIT,,false
Candlestick 10A Associates L.P.,candlestick-10a-associates-l-p,Candlestick 10a Associates L.p.,CANDLESTICK 10A ASSOCIATES L P,,false
CANDLESTICK POINT 11A A CALIFORNIA LP,candlestick-point-11a-a-california-lp,Candlestick Point 11a a California Lp,CANDLESTICK POINT 11A A CALIFORNIA,,false
CANON KIP ASSOCIATES II A CALIFORNIA LP,canon-kip-associates-ii-a-california-lp,"Canon Kip Associates Ii, a California Lp",CANON KIP ASSOCIATES II A CALIFORNIA,,false
"CANON KIP ASSOCIATES II, A CALIFORNIA LP",canon-kip-associates-ii-a-california-lp,"Canon Kip Associates Ii, a California Lp",CANON KIP ASSOCIATES II A CALIFORNIA,,false
CANON SOLUTIONS AMERICA INC,canon-solutions-america-inc,Canon Solutions America Inc,CANON SOLUTIONS AMERICA,,false
CANON USA INC,canon-usa-inc,Canon USA Inc,CANON USA,,false
CAPAX GROUP INC,capax-group-inc,Capax Group Inc,CAPAX GROUP,,false
CAPITAL GUARDIAN TRUST CO,capital-guardian-trust-co,Capital Guardian Trust Co,CAPITAL GUARDIAN TRUST,,false
CAPITAL INTERNATIONAL INC,capital-international-inc,Capital International Inc,CAPITAL INTERNATIONAL,,false
Capital Transit,capital-transit,Capital Transit,CAPITAL TRANSIT,,false
Capo Enterprises LLC,capo-enterprises-llc,Capo Enterprises LLC,CAPO ENTERPRISES,,false
CAPTURE TECHNOLOGIES INC,capture-technologies-inc,Capture Technologies Inc,CAPTURE TECHNOLOGIES,,false
CARAHSOFT TECHNOLOGY CORP,carahsoft-technology-corp,Carahsoft Technology Corp,CARAHSOFT TECHNOLOGY,,false
CARBON ACTIVATED CORP,carbon-activated-corp,Carbon Activated Corp,CARBON ACTIVATED,,false
Cardea Health,cardea-health,Cardea Health,CARDEA HEALTH,,false
CARDINALHEALTH MEDICAL PRODUCTS & SVCS,cardinalhealth-medical-products-svcs,Cardinalhealth Medical Products & Svcs,CARDINALHEALTH MEDICAL PRODUCTS AND SVCS,,false
CARECEN,carecen,Carecen,CARECEN,,false
CARESTREAM HEALTH INC,carestream-health-inc,Carestream Health Inc,CARESTREAM HEALTH,,false
CAREY & CO INC,carey-co-inc,Carey & Co Inc,CAREY AND,,false
CARIBOU PUBLIC RELATIONS,caribou-public-relations,Caribou Public Relations,CARIBOU PUBLIC RELATIONS,,false
CARITAS MANAGEMENT CORP,caritas-management-corp,Caritas Management Corp,CARITAS MANAGEMENT,,false
CARL ZEISS MEDITEC INC,carl-zeiss-meditec-inc,Carl Zeiss Meditec Inc,CARL ZEISS MEDITEC,,false
CARLOS GUZMAN INC,carlos-guzman-inc,Carlos Guzman Inc,CARLOS GUZMAN,,false
CAROLINE SALVADOR-MOSES PSYD,caroline-salvador-moses-psyd,Caroline Salvador-moses Psyd,CAROLINE SALVADOR MOSES PSYD,,false
Carollo Eng /  Water Resources Eng JV,carollo-eng-water-resources-eng-jv,Carollo Eng / Water Resources Eng JV,CAROLLO ENG WATER RESOURCES ENG JV,,false
CAROLLO ENGINEERS INC-LEE INC JV,carollo-engineers-inc-lee-inc-jv,Carollo Engineers Inc-lee Inc JV,CAROLLO ENGINEERS INC LEE INC JV,,false
CAROLLO ENGINEERS PC,carollo-engineers-pc,Carollo Engineers Pc,CAROLLO ENGINEERS,,false
CAROLLO - PME JV,carollo-pme-jv,Carollo - Pme JV,CAROLLO PME JV,,false
CARRIER CORP,carrier-corp,Carrier Corp,CARRIER,,false
CARROLL AVENUE SENIOR HOMES LP,carroll-avenue-senior-homes-lp,Carroll Avenue Senior Homes Lp,CARROLL AVENUE SENIOR HOMES,,false
CASA ADELANTE HOUSING LLC,casa-adelante-housing-llc,Casa Adelante Housing LLC,CASA ADELANTE HOUSING,,false
Casa Adelante SVN Housing L.P.,casa-adelante-svn-housing-l-p,Casa Adelante Svn Housing L.p.,CASA ADELANTE SVN HOUSING L P,,false
CASE POWER & EQUIPMENT LLC,case-power-equipment-llc,Case Power & Equipment LLC,CASE POWER AND EQUIPMENT,,false
CASSANDRA COE,cassandra-coe,Cassandra Coe,CASSANDRA COE,,false
CASTRO UPPER MARKET CMNTY BENEFIT DIST,castro-upper-market-cmnty-benefit-dist,Castro Upper Market Cmnty Benefit Dist,CASTRO UPPER MARKET CMNTY BENEFIT DIST,,false
Catalynt Solutions Inc,catalynt-solutions-inc,Catalynt Solutions Inc,CATALYNT SOLUTIONS,,false
CATALYST CONSULTING GROUP INC,catalyst-consulting-group-inc,Catalyst Consulting Group Inc,CATALYST CONSULTING GROUP,,false
CATELLUS URBAN CONSTRUCTION,catellus-urban-construction,Catellus Urban Construction,CATELLUS URBAN CONSTRUCTION,,false
CATERED TOO,catered-too,Catered Too,CATERED TOO,,false
CATHOLIC CHARITIES,catholic-charities,Catholic Charities,CATHOLIC CHARITIES,,false
CATHOLIC HLTHCR WST DBA ST MARYS MED CTR,catholic-hlthcr-wst-dba-st-marys-med-ctr,Catholic Hlthcr Wst DBA St Marys Med Ctr,CATHOLIC HLTHCR WST DBA ST MARYS MED CTR,,false
CATHOLIC YOUTH ORG - ARCHDIOCESE OF S F,catholic-youth-org-archdiocese-of-s-f,Catholic Youth Org - Archdiocese of S F,CATHOLIC YOUTH ORG ARCHDIOCESE OF S F,,false
CAUSA JUSTA: JUST CAUSE,causa-justa-just-cause,Causa Justa: Just Cause,CAUSA JUSTA JUST CAUSE,,false
CAUSEWAY CAPITAL MANAGEMENT LLC,causeway-capital-management-llc,Causeway Capital Management LLC,CAUSEWAY CAPITAL MANAGEMENT,,false
CAZADORO CONSTRUCTION INC,cazadoro-construction-inc,Cazadoro Construction Inc,CAZADORO CONSTRUCTION,,false
CB&I GOVERNMENT SOLUTIONS INC,cb-i-government-solutions-inc,Cb&i Government Solutions Inc,CB AND I GOVERNMENT SOLUTIONS,,false
CBH CONSULTING INC,cbh-consulting-inc,Cbh Consulting Inc,CBH CONSULTING,,false
CBRE CLARION SECURITIES LLC,cbre-clarion-securities-llc,Cbre Clarion Securities LLC,CBRE CLARION SECURITIES,,false
CCDC SMALL SITES LLC,ccdc-small-sites-llc,Ccdc Small Sites LLC,CCDC SMALL SITES,,false
CCDC Throughline LLC,ccdc-throughline-llc,Ccdc Throughline LLC,CCDC THROUGHLINE,,false
CCS Global Tech,ccs-global-tech,Ccs Global Tech,CCS GLOBAL TECH,,false
CCSF DPH CHIP PROGRAM,ccsf-dph-chip-program,Ccsf Dph Chip Program,CCSF DPH CHIP PROGRAM,,false
CCSF HRD WORKERS COMP DIVISION,ccsf-hrd-workers-comp-division,Ccsf Hrd Workers Comp Division,CCSF HRD WORKERS COMP DIVISION,,false
CCSF/MTA WORKERS' COMP/INTERCARE INS SVC,ccsf-mta-workers-comp-intercare-ins-svc,Ccsf/mta Workers' Comp/intercare Ins Svc,CCSF MTA WORKERS COMP INTERCARE INS SVC,,false
CCSF TPA WORKERS COMP DIVISION,ccsf-tpa-workers-comp-division,Ccsf Tpa Workers Comp Division,CCSF TPA WORKERS COMP DIVISION,,false
CD & POWER,cd-power,Cd & Power,CD AND POWER,,false
CDF Labor Law LLP,cdf-labor-law-llp,Cdf Labor Law Llp,CDF LABOR LAW,,false
CDIM ENGINEERING INC.,cdim-engineering-inc,Cdim Engineering Inc.,CDIM ENGINEERING,,false
CDM SMITH & A-T-S JV,cdm-smith-a-t-s-jv,Cdm Smith & A-t-s JV,CDM SMITH AND A T S JV,,false
CDM SMITH INC,cdm-smith-inc,Cdm Smith Inc,CDM SMITH,,false
CDPH GENETIC DISEASE SCREENING PROGRAM,cdph-genetic-disease-screening-program,Cdph Genetic Disease Screening Program,CDPH GENETIC DISEASE SCREENING PROGRAM,,false
CDW GOVERNMENT LLC,cdw-government-llc,Cdw Government LLC,CDW GOVERNMENT,,false
CELERITY CONSULTING GROUP INC,celerity-consulting-group-inc,Celerity Consulting Group Inc,CELERITY CONSULTING GROUP,,false
CELLEBRITE INC,cellebrite-inc,Cellebrite Inc,CELLEBRITE,,false
CENTENNIAL DISTRIBUTORS INC,centennial-distributors-inc,Centennial Distributors Inc,CENTENNIAL DISTRIBUTORS,,false
CENTER FOR CULTURAL INNOVATION,center-for-cultural-innovation,Center for Cultural Innovation,CENTER FOR CULTURAL INNOVATION,,false
CENTER FOR NEW MUSIC SAN FRANCISCO INC,center-for-new-music-san-francisco-inc,Center for New Music San Francisco Inc,CENTER FOR NEW MUSIC SAN FRANCISCO,,false
CENTER FOR OPEN RECOVERY,center-for-open-recovery,Center for Open Recovery,CENTER FOR OPEN RECOVERY,,false
CENTER FOR YOUNG WOMEN'S DEVELOPMENT,center-for-young-women-s-development,Center for Young Women's Development,CENTER FOR YOUNG WOMEN S DEVELOPMENT,,false
CENTER HARDWARE CO INC,center-hardware-co-inc,Center Hardware Co Inc,CENTER HARDWARE,,false
CENTER ON JUVENILE & CRIMINAL JUSTICE,center-on-juvenile-criminal-justice,Center On Juvenile & Criminal Justice,CENTER ON JUVENILE AND CRIMINAL JUSTICE,,false
CENTER POINT INC,center-point-inc,Center Point Inc,CENTER POINT,,false
Centers for Equity and Success Inc,centers-for-equity-and-success-inc,Centers for Equity and Success Inc,CENTERS FOR EQUITY AND SUCCESS,,false
CENTERS FOR MEDICARE & MEDICAID SERVICES,centers-for-medicare-medicaid-services,Centers for Medicare & Medicaid Services,CENTERS FOR MEDICARE AND MEDICAID SERVICES,,false
CENTRAL BUILDERS SUPPLY,central-builders-supply,Central Builders Supply,CENTRAL BUILDERS SUPPLY,,false
CENTRAL CITY HOSPITALITY HOUSE,central-city-hospitality-house,Central City Hospitality House,CENTRAL CITY HOSPITALITY HOUSE,,false
CENTRAL COMPUTERS INC,central-computers-inc,Central Computers Inc,CENTRAL COMPUTERS,,false
CENTRAL CONCRETE SUPPLY CO INC,central-concrete-supply-co-inc,Central Concrete Supply Co Inc,CENTRAL CONCRETE SUPPLY,,false
CENTRAL FENCE CO,central-fence-co,Central Fence Co,CENTRAL FENCE,,false
CENTRAL MARKET COMMUNITY BENEFIT DIST,central-market-community-benefit-dist,Central Market Community Benefit Dist,CENTRAL MARKET COMMUNITY BENEFIT DIST,,false
CENTRAL SIERRA ELECTRIC CO INC,central-sierra-electric-co-inc,Central Sierra Electric Co Inc,CENTRAL SIERRA ELECTRIC,,false
CENTRAL SUBWAY DESIGN GROUP,central-subway-design-group,Central Subway Design Group,CENTRAL SUBWAY DESIGN GROUP,,false
CENTRAL SUBWAY PARTNERSHIP,central-subway-partnership,Central Subway Partnership,CENTRAL SUBWAY PARTNERSHIP,,false
CENTRAL SUBWAY PARTNERSHIP A JV,central-subway-partnership-a-jv,Central Subway Partnership a JV,CENTRAL SUBWAY PARTNERSHIP A JV,,false
CentralSquare Technologies LLC,centralsquare-technologies-llc,Centralsquare Technologies LLC,CENTRALSQUARE TECHNOLOGIES,,false
CENTRIC CONSTRUCTION INC,centric-construction-inc,Centric Construction Inc,CENTRIC CONSTRUCTION,,false
CENTRO DEL PUEBLO,centro-del-pueblo,Centro Del Pueblo,CENTRO DEL PUEBLO,,false
CENTRO LATINO DE SAN FRANCISCO INC,centro-latino-de-san-francisco-inc,Centro Latino de San Francisco Inc,CENTRO LATINO DE SAN FRANCISCO,,false
CENVEO,cenveo,Cenveo,CENVEO,,false
CEPHEID,cepheid,Cepheid,CEPHEID,,false
CERNER HEALTH SERVICES INC,cerner-health-services-inc,Cerner Health Services Inc,CERNER HEALTH SERVICES,,false
CF CONTRACTING INC,cf-contracting-inc,Cf Contracting Inc,CF CONTRACTING,,false
CG MOVING COMPANY INC,cg-moving-company-inc,Cg Moving Company Inc,CG MOVING,,false
CH2M HILL ENGINEERS INC,ch2m-hill-engineers-inc,Ch2m Hill Engineers Inc,CH2M HILL ENGINEERS,,false
CH2MHILL/AVILA JOINT VENTURE,ch2mhill-avila-joint-venture,Ch2mhill/avila Joint Venture,CH2MHILL AVILA JOINT VENTURE,,false
CHAPTER THREE INC,chapter-three-inc,Chapter Three Inc,CHAPTER THREE,,false
CHARGEPOINT INC,chargepoint-inc,Chargepoint Inc,CHARGEPOINT,,false
CHARITY CULTURAL SERVICES CENTER,charity-cultural-services-center,Charity Cultural Services Center,CHARITY CULTURAL SERVICES CENTER,,false
CHARLES PANKOW BUILDERS LTD,charles-pankow-builders-ltd,Charles Pankow Builders Ltd,CHARLES PANKOW BUILDERS,,false
CHAUDHARY & ASSOC INC,chaudhary-assoc-inc,Chaudhary & Assoc Inc,CHAUDHARY AND ASSOC,,false
CHAVES & ASSOCIATES,chaves-associates,Chaves & Associates,CHAVES AND ASSOCIATES,,false
CHEFABLES,chefables,Chefables,CHEFABLES,,false
CHEIRON INC,cheiron-inc,Cheiron Inc,CHEIRON,,false
CHERRYROAD TECHNOLOGIES INC,cherryroad-technologies-inc,Cherryroad Technologies Inc,CHERRYROAD TECHNOLOGIES,,false
CHIANG C.M. CONSTRUCTION INC,chiang-c-m-construction-inc,Chiang C.m. Construction Inc,CHIANG C M CONSTRUCTION,,false
CHICAGO TITLE COMPANY,chicago-title-company,Chicago Title Company,CHICAGO TITLE,,false
CHILD & FAMILY POLICY INSTITUTE OF CALIF,child-family-policy-institute-of-calif,Child & Family Policy Institute of Calif,CHILD AND FAMILY POLICY INSTITUTE OF CALIF,,false
Child Trends Incorporated,child-trends-incorporated,Child Trends Incorporated,CHILD TRENDS,,false
CHILDREN'S AFTER SCHOOL ARTS,children-s-after-school-arts,Children's After School Arts,CHILDREN S AFTER SCHOOL ARTS,,false
CHILDREN'S COUNCIL OF SAN FRANCISCO,children-s-council-of-san-francisco,Children's Council of San Francisco,CHILDREN S COUNCIL OF SAN FRANCISCO,,false
CHILDREN'S CREATIVITY MUSEUM,children-s-creativity-museum,Children's Creativity Museum,CHILDREN S CREATIVITY MUSEUM,,false
CHILDREN'S PLUS INC,children-s-plus-inc,Children's Plus Inc,CHILDREN S PLUS,,false
CHINATOWN COMMUNITY DEVELOPMENT CENTER,chinatown-community-development-center,Chinatown Community Development Center,CHINATOWN COMMUNITY DEVELOPMENT CENTER,,false
Chinatown SROs LLC,chinatown-sros-llc,Chinatown Sros LLC,CHINATOWN SROS,,false
CHINESE CULTURE FOUNDATION OF SF,chinese-culture-foundation-of-sf,Chinese Culture Foundation of SF,CHINESE CULTURE FOUNDATION OF SF,,false
CHINESE FOR AFFIRMATIVE ACTION,chinese-for-affirmative-action,Chinese for Affirmative Action,CHINESE FOR AFFIRMATIVE ACTION,,false
CHINESE HISTORICAL SOCIETY OF AMERICA,chinese-historical-society-of-america,Chinese Historical Society of America,CHINESE HISTORICAL SOCIETY OF AMERICA,,false
CHINESE HOSPITAL ASSOCIATION,chinese-hospital-association,Chinese Hospital Association,CHINESE HOSPITAL ASSOCIATION,,false
CHINESE NEWCOMERS SERVICE CENTER,chinese-newcomers-service-center,Chinese Newcomers Service Center,CHINESE NEWCOMERS SERVICE CENTER,,false
CHINESE PROGRESSIVE ASSOCIATION,chinese-progressive-association,Chinese Progressive Association,CHINESE PROGRESSIVE ASSOCIATION,,false
CHP SCOTT STREET LLC,chp-scott-street-lp,Chp Scott Street Lp,CHP SCOTT STREET,,false
CHP SCOTT STREET LP,chp-scott-street-lp,Chp Scott Street Lp,CHP SCOTT STREET,,false
Christine L Frazita LCSW,christine-l-frazita-lcsw,Christine L Frazita Lcsw,CHRISTINE L FRAZITA LCSW,,false
CHRISTOPHER A JOSEPH & ASSOCIATES,christopher-a-joseph-associates,Christopher a Joseph & Associates,CHRISTOPHER A JOSEPH AND ASSOCIATES,,false
cHSS INC,chss-inc,Chss Inc,CHSS,,false
CIBER INC,ciber-inc,Ciber Inc,CIBER,,false
CINCHEM LLC,cinchem-llc,Cinchem LLC,CINCHEM,,false
CINGULAR WIRELESS,cingular-wireless,Cingular Wireless,CINGULAR WIRELESS,,false
CIOX HEALTH LLC,ciox-health-llc,Ciox Health LLC,CIOX HEALTH,,false
CIP PARTNERS JV,cip-partners-jv,Cip Partners JV,CIP PARTNERS JV,,false
CIPPLANNER CORP,cipplanner-corp,Cipplanner Corp,CIPPLANNER,,false
CIRCLEPOINT,circlepoint,Circlepoint,CIRCLEPOINT,,false
CIRCUS CENTER,circus-center,Circus Center,CIRCUS CENTER,,false
CITIBANK NA,citibank-na,Citibank Na,CITIBANK,,false
CITIGROUP ENERGY INC,citigroup-energy-inc,Citigroup Energy Inc,CITIGROUP ENERGY,,false
CITIZEN FILM INC,citizen-film-inc,Citizen Film Inc,CITIZEN FILM,,false
CITIZEN GROUP,citizen-group,Citizen Group,CITIZEN GROUP,,false
CITY AUTO SUPPLY,city-auto-supply,City Auto Supply,CITY AUTO SUPPLY,,false
City Auto Supply LLC,city-auto-supply,City Auto Supply,CITY AUTO SUPPLY,,false
CITY BUILDING INC,city-building-inc,City Building Inc,CITY BUILDING,,false
CITY COLLEGE OF SAN FRANCISCO,city-college-of-san-francisco,City College of San Francisco,CITY COLLEGE OF SAN FRANCISCO,,false
CITY & COUNTY OF SAN FRANCISCO,city-county-of-san-francisco,City & County of San Francisco,CITY AND COUNTY OF SAN FRANCISCO,,false
City Gardens Bridge LLC,city-gardens-bridge-llc,City Gardens Bridge LLC,CITY GARDENS BRIDGE,,false
City Health A Medical Corporation,city-health-a-medical-corporation,City Health a Medical Corporation,CITY HEALTH A MEDICAL,,false
CITY MECHANICAL INC,city-mechanical-inc,City Mechanical Inc,CITY MECHANICAL,,false
CITY NATIONAL BANK,city-national-bank,City National Bank,CITY NATIONAL BANK,,false
CITY OF BERKELEY,city-of-berkeley,City of Berkeley,CITY OF BERKELEY,,false
CITY OF BURLINGAME,city-of-burlingame,City of Burlingame,CITY OF BURLINGAME,,false
CITY OF DALY CITY,city-of-daly-city,City of Daly City,CITY OF DALY CITY,,false
CITY OF FREMONT,city-of-fremont,City of Fremont,CITY OF FREMONT,,false
CITY OF HAYWARD,city-of-hayward,City of Hayward,CITY OF HAYWARD,,false
CITY OF MILLBRAE,city-of-millbrae,City of Millbrae,CITY OF MILLBRAE,,false
CITY OF OAKLAND,city-of-oakland,City of Oakland,CITY OF OAKLAND,,false
City of Roseville,city-of-roseville,City of Roseville,CITY OF ROSEVILLE,,false
CITY OF SAN BRUNO,city-of-san-bruno,City of San Bruno,CITY OF SAN BRUNO,,false
CITY OF SAN JOSE,city-of-san-jose,City of San Jose,CITY OF SAN JOSE,,false
CITY OF SO SAN FRANCISCO,city-of-so-san-francisco,City of So San Francisco,CITY OF SO SAN FRANCISCO,,false
City Surf Project Inc,city-surf-project-inc,City Surf Project Inc,CITY SURF PROJECT,,false
CITY YOUTH NOW,city-youth-now,City Youth Now,CITY YOUTH NOW,,false
CityBase Inc.,citybase-inc,Citybase Inc.,CITYBASE,,false
CITYGATE ASSOCIATES LLC,citygate-associates-llc,Citygate Associates LLC,CITYGATE ASSOCIATES,,false
CITYSPAN TECHNOLOGIES,cityspan-technologies-llc,Cityspan Technologies LLC,CITYSPAN TECHNOLOGIES,,false
CITYSPAN TECHNOLOGIES LLC,cityspan-technologies-llc,Cityspan Technologies LLC,CITYSPAN TECHNOLOGIES,,false
Civic,civic,Civic,CIVIC,,false
CIVIC CENTER COMM BENEFITS DISTRICT INC,civic-center-comm-benefits-district-inc,Civic Center Comm Benefits District Inc,CIVIC CENTER COMM BENEFITS DISTRICT,,false
CIVIC EDGE CONSULTING,civic-edge-consulting,Civic Edge Consulting,CIVIC EDGE CONSULTING,,false
CIVIC EDGE CONSULTING LLC,civic-edge-consulting,Civic Edge Consulting,CIVIC EDGE CONSULTING,,false
CIVITIUM LLC,civitium-llc,Civitium LLC,CIVITIUM,,false
CLA-VAL,cla-val,Cla-val,CLA VAL,,false
CLAIRE A SPENCER SURVIVING TRUSTEE,claire-a-spencer-surviving-trustee,Claire a Spencer Surviving Trustee,CLAIRE A SPENCER SURVIVING TRUSTEE,,false
CLAREMONT BEHAVIORAL SERVICES,claremont-behavioral-services,Claremont Behavioral Services,CLAREMONT BEHAVIORAL SERVICES,,false
Clariti Cloud Inc,clariti-cloud-inc,Clariti Cloud Inc,CLARITI CLOUD,,false
Clarity Social Research Group,clarity-social-research-group,Clarity Social Research Group,CLARITY SOCIAL RESEARCH GROUP,,false
CLARK CONSTRUCTION GROUP - CALIF LP,clark-construction-group-calif-lp,Clark Construction Group - Calif Lp,CLARK CONSTRUCTION GROUP CALIF,,false
CLASSIC GRAPHICS,classic-graphics,Classic Graphics,CLASSIC GRAPHICS,,false
CLEAN-A-RAMA MAINTENANCE SERVICE,clean-a-rama-maintenance-service,Clean-a-rama Maintenance Service,CLEAN A RAMA MAINTENANCE SERVICE,,false
CLEAN ENERGY CAPITAL SECURITIES LLC,clean-energy-capital-securities-llc,Clean Energy Capital Securities LLC,CLEAN ENERGY CAPITAL SECURITIES,,false
CLEAN HARBORS ENVIRONMENTAL SERVICES INC,clean-harbors-environmental-services-inc,Clean Harbors Environmental Services Inc,CLEAN HARBORS ENVIRONMENTAL SERVICES,,false
CLEAN SOURCE,clean-source,Clean Source,CLEAN SOURCE,,false
CLEARY BROS LANDSCAPE INC,cleary-bros-landscape-inc,Cleary Bros Landscape Inc,CLEARY BROS LANDSCAPE,,false
Clecha,clecha,Clecha,CLECHA,,false
CLEMCO PROPERTIES LLC,clemco-properties-llc,Clemco Properties LLC,CLEMCO PROPERTIES,,false
Clinic By The Bay,clinic-by-the-bay,Clinic By the Bay,CLINIC BY THE BAY,,false
CMG LANDSCAPE ARCHITECTURE,cmg-landscape-architecture,Cmg Landscape Architecture,CMG LANDSCAPE ARCHITECTURE,,false
CML Security LLC,cml-security-llc,Cml Security LLC,CML SECURITY,,false
COAST COUNTIES TRUCK & EQUIPMENT CO,coast-counties-truck-equipment-co,Coast Counties Truck & Equipment Co,COAST COUNTIES TRUCK AND EQUIPMENT,,false
COAST & HARBOR ENGINEERING INC,coast-harbor-engineering-inc,Coast & Harbor Engineering Inc,COAST AND HARBOR ENGINEERING,,false
COAST MARINE & INDUSTRIAL SUPPLY INC,coast-marine-industrial-supply-inc,Coast Marine & Industrial Supply Inc,COAST MARINE AND INDUSTRIAL SUPPLY,,false
Coast to Coast Computer Products Inc.,coast-to-coast-computer-products-inc,Coast to Coast Computer Products Inc.,COAST TO COAST COMPUTER PRODUCTS,,false
COASTSIDE COMMUNICATIONS INC,coastside-communications-inc,Coastside Communications Inc,COASTSIDE COMMUNICATIONS,,false
COBUS INDUSTRIES LP,cobus-industries-lp,Cobus Industries Lp,COBUS INDUSTRIES,,false
COCHRAN MARINE LLC,cochran-marine-llc,Cochran Marine LLC,COCHRAN MARINE,,false
CODA OCTOPUS PRODUCTS INC,coda-octopus-products-inc,Coda Octopus Products Inc,CODA OCTOPUS PRODUCTS,,false
COGENT CONSTRUCTION AND CONSULTING INC,cogent-construction-and-consulting-inc,Cogent Construction and Consulting Inc,COGENT CONSTRUCTION AND CONSULTING,,false
COGENT ENERGY INC,cogent-energy-inc,Cogent Energy Inc,COGENT ENERGY,,false
COGNOS CORP,cognos-corp,Cognos Corp,COGNOS,,false
COGNYTE SOFTWARE LP,cognyte-software-lp,Cognyte Software Lp,COGNYTE SOFTWARE,,false
COIT SERVICE INC,coit-service-inc,Coit Service Inc,COIT SERVICE,,false
COLE CLEANERS TOO,cole-cleaners-too,Cole Cleaners Too,COLE CLEANERS TOO,,false
COLE FOX HARDWARE,cole-fox-hardware,Cole Fox Hardware,COLE FOX HARDWARE,,false
COLE HARDWARE,cole-hardware,Cole Hardware,COLE HARDWARE,,false
COLE SUPPLY CO INC,cole-supply-co-inc,Cole Supply Co Inc,COLE SUPPLY,,false
Coleman Advocates for Children & Youth,coleman-advocates-for-children-youth,Coleman Advocates for Children & Youth,COLEMAN ADVOCATES FOR CHILDREN AND YOUTH,,false
Collaborative Creative Connections,collaborative-creative-connections,Collaborative Creative Connections,COLLABORATIVE CREATIVE CONNECTIONS,,false
COLLECTION SOLUTIONS SOFTWARE INC,collection-solutions-software-inc,Collection Solutions Software Inc,COLLECTION SOLUTIONS SOFTWARE,,false
COLLECTIVE IMPACT,collective-impact,Collective Impact,COLLECTIVE IMPACT,,false
COLOR HEALTH INC.,color-health-inc,Color Health Inc.,COLOR HEALTH,,false
COLUMBIA TELECOMMUNICATIONS CORP,columbia-telecommunications-corp,Columbia Telecommunications Corp,COLUMBIA TELECOMMUNICATIONS,,false
COLUMBIA ULTIMATE BUSINESS SYSTEMS,columbia-ultimate-business-systems,Columbia Ultimate Business Systems,COLUMBIA ULTIMATE BUSINESS SYSTEMS,,false
COMCAST CABLE COMMUNICATIONS MANAGEMENT,comcast-cable-communications-management,Comcast Cable Communications Management,COMCAST CABLE COMMUNICATIONS MANAGEMENT,,false
COMEDY CELEBRATION DAY INC,comedy-celebration-day-inc,Comedy Celebration Day Inc,COMEDY CELEBRATION DAY,,false
COMERICA BANK-CALIFORNIA,comerica-bank-california,Comerica Bank-california,COMERICA BANK CALIFORNIA,,false
COMMERCIAL TIRE CO OF SF INC,commercial-tire-co-of-sf-inc,Commercial Tire Co of SF Inc,COMMERCIAL TIRE CO OF SF,,false
COMMONWEALTH LAND TITLE COMPANY,commonwealth-land-title-company,Commonwealth Land Title Company,COMMONWEALTH LAND TITLE,,false
COMMONWEALTH LAND TITLE INSURANCE COMPAN,commonwealth-land-title-insurance-compan,Commonwealth Land Title Insurance Compan,COMMONWEALTH LAND TITLE INSURANCE COMPAN,,false
COMMUNICATION & CONTROL INC,communication-control-inc,Communication & Control Inc,COMMUNICATION AND CONTROL,,false
COMMUNICATION SERVICES INC,communication-services-inc,Communication Services Inc,COMMUNICATION SERVICES,,false
COMMUNITY ARTS STABLIZATION TRUST,community-arts-stablization-trust,Community Arts Stablization Trust,COMMUNITY ARTS STABLIZATION TRUST,,false
COMMUNITY AWARENESS RESOURCES ENTITY,community-awareness-resources-entity,Community Awareness Resources Entity,COMMUNITY AWARENESS RESOURCES ENTITY,,false
COMMUNITY AWARENESS & TREATMENT SVCS INC,community-awareness-treatment-svcs-inc,Community Awareness & Treatment Svcs Inc,COMMUNITY AWARENESS AND TREATMENT SVCS,,false
Community Education Partnerships,community-education-partnerships,Community Education Partnerships,COMMUNITY EDUCATION PARTNERSHIPS,,false
COMMUNITY EDUCATIONAL SERVICES,community-educational-services,Community Educational Services,COMMUNITY EDUCATIONAL SERVICES,,false
COMMUNITY FORWARD SF,community-forward-sf,Community Forward SF,COMMUNITY FORWARD SF,,false
COMMUNITY HOUSING PARTNERSHIP,community-housing-partnership,Community Housing Partnership,COMMUNITY HOUSING PARTNERSHIP,,false
COMMUNITY INITIATIVES,community-initiatives,Community Initiatives,COMMUNITY INITIATIVES,,false
COMMUNITY LIVING CAMPAIGN,community-living-campaign,Community Living Campaign,COMMUNITY LIVING CAMPAIGN,,false
COMMUNITY MUSIC CENTER,community-music-center,Community Music Center,COMMUNITY MUSIC CENTER,,false
COMMUNITY UNITED AGAINST VIOLENCE,community-united-against-violence,Community United Against Violence,COMMUNITY UNITED AGAINST VIOLENCE,,false
COMMUNITY VISION CAPITAL & CONSULTING,community-vision-capital-consulting,Community Vision Capital & Consulting,COMMUNITY VISION CAPITAL AND CONSULTING,,false
COMMUNITY WORKS,community-works,Community Works,COMMUNITY WORKS,,false
COMMUNITY WORKS WEST INC,community-works-west-inc,Community Works West Inc,COMMUNITY WORKS WEST,,false
COMMUNITY YOUTH CENTER SAN FRANCISCO,community-youth-center-san-francisco,Community Youth Center San Francisco,COMMUNITY YOUTH CENTER SAN FRANCISCO,,false
COMPASS FAMILY SERVICES,compass-family-services,Compass Family Services,COMPASS FAMILY SERVICES,,false
COMPLETE COACH WORKS,complete-coach-works,Complete Coach Works,COMPLETE COACH WORKS,,false
COMPREHENSIVE DRUG TESTING INC,comprehensive-drug-testing-inc,Comprehensive Drug Testing Inc,COMPREHENSIVE DRUG TESTING,,false
COMPREHENSIVE SECURITY SERVICES INC,comprehensive-security-services-inc,Comprehensive Security Services Inc,COMPREHENSIVE SECURITY SERVICES,,false
ComPsych Corporation,compsych-corporation,Compsych Corporation,COMPSYCH,,false
ComputerLand of Silicon Valley,computerland-of-silicon-valley,Computerland of Silicon Valley,COMPUTERLAND OF SILICON VALLEY,,false
COMPUTERLAND SILICON VALLEY,computerland-silicon-valley,Computerland Silicon Valley,COMPUTERLAND SILICON VALLEY,,false
COMTEL SYSTEMS TECHNOLOGY INC,comtel-systems-technology-inc,Comtel Systems Technology Inc,COMTEL SYSTEMS TECHNOLOGY,,false
CON-QUEST ABBETT ELECTRICAL A JV,con-quest-abbett-electrical-a-jv,Con-quest Abbett Electrical a JV,CON QUEST ABBETT ELECTRICAL A JV,,false
CON-QUEST CONTRACTORS INC,con-quest-contractors-inc,Con-quest Contractors Inc,CON QUEST CONTRACTORS,,false
CONARD DORE LLC,conard-dore-llc,Conard Dore LLC,CONARD DORE,,false
Conard House Florida Street LLC,conard-house-florida-street-llc,Conard House Florida Street LLC,CONARD HOUSE FLORIDA STREET,,false
CONARD HOUSE INC,conard-house-inc,Conard House Inc,CONARD HOUSE,,false
Conard Post LLC,conard-post-llc,Conard Post LLC,CONARD POST,,false
CONDUENT STATE & LOCAL SOLUTIONS INC,conduent-state-local-solutions-inc,Conduent State & Local Solutions Inc,CONDUENT STATE AND LOCAL SOLUTIONS,,false
CONDUENT TRANSPORT SOLUTIONS INC.,conduent-transport-solutions-inc,Conduent Transport Solutions Inc.,CONDUENT TRANSPORT SOLUTIONS,,false
CONNECTED BITS LLC,connected-bits-llc,Connected Bits LLC,CONNECTED BITS,,false
CONNECTION,connection,Connection,CONNECTION,,false
ConnectionsCA - San Francisco,connectionsca-san-francisco,Connectionsca - San Francisco,CONNECTIONSCA SAN FRANCISCO,,false
Conrad Metlizky Kane LLP,conrad-metlizky-kane-llp,Conrad Metlizky Kane Llp,CONRAD METLIZKY KANE,,false
CONSILIENCE SOFTWARE INC,consilience-software-inc,Consilience Software Inc,CONSILIENCE SOFTWARE,,false
CONSOLIDATED PRINTERS INC,consolidated-printers-inc,Consolidated Printers Inc,CONSOLIDATED PRINTERS,,false
Consor-Avila Joint Venture,consor-avila-joint-venture,Consor-avila Joint Venture,CONSOR AVILA JOINT VENTURE,,false
Consor-CM Pros JV,consor-cm-pros-jv,Consor-cm Pros JV,CONSOR CM PROS JV,,false
CONSOR PMCM INC.,consor-pmcm-inc,Consor Pmcm Inc.,CONSOR PMCM,,false
Consor-Salimi JV,consor-salimi-jv,Consor-salimi JV,CONSOR SALIMI JV,,false
CONSTANT & ASSOCIATES INC,constant-associates-inc,Constant & Associates Inc,CONSTANT AND ASSOCIATES,,false
Constellation Energy Generation LLC,constellation-energy-generation-llc,Constellation Energy Generation LLC,CONSTELLATION ENERGY GENERATION,,false
CONSTELLATION JUSTICE SYSTEMS,constellation-justice-systems,Constellation Justice Systems,CONSTELLATION JUSTICE SYSTEMS,,false
CONSTRUCT ICON CORP,construct-icon-corp,Construct Icon Corp,CONSTRUCT ICON,,false
CONSTRUCTION TESTING SERVICES INC,construction-testing-services-inc,Construction Testing Services Inc,CONSTRUCTION TESTING SERVICES,,false
CONSUMER CREDIT COUNSELING SERVICE,consumer-credit-counseling-service,Consumer Credit Counseling Service,CONSUMER CREDIT COUNSELING SERVICE,,false
CONSUMER CREDIT COUNSELING SERVICE OF SF,consumer-credit-counseling-service-of-sf,Consumer Credit Counseling Service of SF,CONSUMER CREDIT COUNSELING SERVICE OF SF,,false
CONTEC DECANTER INC,contec-decanter-inc,Contec Decanter Inc,CONTEC DECANTER,,false
CONTINENTAL GOLF INC,continental-golf-inc,Continental Golf Inc,CONTINENTAL GOLF,,false
CONTRA COSTA COUNTY- OFF OF THE SHERIFF,contra-costa-county-off-of-the-sheriff,Contra Costa County- Off of the Sheriff,CONTRA COSTA COUNTY OFF OF THE SHERIFF,,false
Contra Costa Water District,contra-costa-water-district,Contra Costa Water District,CONTRA COSTA WATER DISTRICT,,false
CONTRACT OFFICE GROUP INC,contract-office-group-inc,Contract Office Group Inc,CONTRACT OFFICE GROUP,,false
CONTRI CONSTRUCTION CO,contri-construction-co,Contri Construction Co,CONTRI CONSTRUCTION,,false
CONTROLCO,controlco,Controlco,CONTROLCO,,false
CONVENIENT PARKING LLC,convenient-parking-llc,Convenient Parking LLC,CONVENIENT PARKING,,false
ConvergeOne Inc.,convergeone-inc,Convergeone Inc.,CONVERGEONE,,false
COOK MEDICAL INC,cook-medical-inc,Cook Medical Inc,COOK MEDICAL,,false
COOLEY LLP,cooley-llp,Cooley Llp,COOLEY,,false
COOPER PUGEDA MANAGEMENT INC,cooper-pugeda-management-inc,Cooper Pugeda Management Inc,COOPER PUGEDA MANAGEMENT,,false
CORDAY POWERS INC,corday-powers-inc,Corday Powers Inc,CORDAY POWERS,,false
CORE LINEN SERVICES INC.,core-linen-services-inc,Core Linen Services Inc.,CORE LINEN SERVICES,,false
Core & Main LP,core-main-lp,Core & Main Lp,CORE AND MAIN,,false
COREY CANAPARY & GALANIS,corey-canapary-galanis,Corey Canapary & Galanis,COREY CANAPARY AND GALANIS,,false
CORGAN-LDA ARCHITECTS JV,corgan-lda-architects-jv,Corgan-lda Architects JV,CORGAN LDA ARCHITECTS JV,,false
CORNELL DUBILIER MARKETING INC,cornell-dubilier-marketing-inc,Cornell Dubilier Marketing Inc,CORNELL DUBILIER MARKETING,,false
CORNELL UNIVERSITY,cornell-university,Cornell University,CORNELL UNIVERSITY,,false
CORNELY CO,cornely-co,Cornely Co,CORNELY,,false
CORNER OFFICE,corner-office,Corner Office,CORNER OFFICE,,false
CORNERSTONE CONSULTING & TECHNOLOGY,cornerstone-consulting-technology,Cornerstone Consulting & Technology,CORNERSTONE CONSULTING AND TECHNOLOGY,,false
CORNERSTONE SYSTEMS INC,cornerstone-systems-inc,Cornerstone Systems Inc,CORNERSTONE SYSTEMS,,false
CORNERSTONE TECHNOLOGY PARTNERS II JV,cornerstone-technology-partners-ii-jv,Cornerstone Technology Partners Ii JV,CORNERSTONE TECHNOLOGY PARTNERS II JV,,false
CORNERSTONE TECHNOLOGY PARTNERS JV,cornerstone-technology-partners-jv,Cornerstone Technology Partners JV,CORNERSTONE TECHNOLOGY PARTNERS JV,,false
CORO NORTHERN CALIFORNIA,coro-northern-california,Coro Northern California,CORO NORTHERN CALIFORNIA,,false
CORPORATE EXPRESS,corporate-express,Corporate Express,CORPORATE EXPRESS,,false
CORPORATION FOR SUPPORTIVE HOUSING,corporation-for-supportive-housing,Corporation for Supportive Housing,CORPORATION FOR SUPPORTIVE HOUSING,,false
CORPORATION OF THE FINE ARTS MUSEUMS,corporation-of-the-fine-arts-museums,Corporation of the Fine Arts Museums,CORPORATION OF THE FINE ARTS MUSEUMS,,false
CORRPRO COMPANIES INC,corrpro-companies-inc,Corrpro Companies Inc,CORRPRO COMPANIES,,false
CORT FAMILY LIVING TRUST VERA CORT TTE,cort-family-living-trust-vera-cort-tte,Cort Family Living Trust Vera Cort Tte,CORT FAMILY LIVING TRUST VERA CORT TTE,,false
"CORT FAMILY LIVING TRUST, VERA CORT TTE",cort-family-living-trust-vera-cort-tte,Cort Family Living Trust Vera Cort Tte,CORT FAMILY LIVING TRUST VERA CORT TTE,,false
COSCO FIRE PROTECTION INC,cosco-fire-protection-inc,Cosco Fire Protection Inc,COSCO FIRE PROTECTION,,false
COTCHETT PITRE & MCCARTHY,cotchett-pitre-mccarthy,Cotchett Pitre & Mccarthy,COTCHETT PITRE AND MCCARTHY,,false
COUNTY OF ALAMEDA,county-of-alameda,County of Alameda,COUNTY OF ALAMEDA,,false
COUNTY OF MARIN,county-of-marin,County of Marin,COUNTY OF MARIN,,false
COUNTY OF MARIN AIDS OFFICE,county-of-marin-aids-office,County of Marin Aids Office,COUNTY OF MARIN AIDS OFFICE,,false
COUNTY OF PLUMAS,county-of-plumas,County of Plumas,COUNTY OF PLUMAS,,false
COUNTY OF SAN BERNARDINO,county-of-san-bernardino,County of San Bernardino,COUNTY OF SAN BERNARDINO,,false
COUNTY OF SAN MATEO,county-of-san-mateo,County of San Mateo,COUNTY OF SAN MATEO,,false
COUNTY OF SAN MATEO/COUNTY GOV'T CENTER,county-of-san-mateo-county-gov-t-center,County of San Mateo/county Gov't Center,COUNTY OF SAN MATEO COUNTY GOV T CENTER,,false
COUNTY OF SAN MATEO SHERIFF DEPARTMENT,county-of-san-mateo-sheriff-department,County of San Mateo Sheriff Department,COUNTY OF SAN MATEO SHERIFF DEPARTMENT,,false
COUNTY OF SANTA CLARA,county-of-santa-clara,County of Santa Clara,COUNTY OF SANTA CLARA,,false
COUNTY OF SONOMA,county-of-sonoma,County of Sonoma,COUNTY OF SONOMA,,false
COUNTY OF TUOLUMNE,county-of-tuolumne,County of Tuolumne,COUNTY OF TUOLUMNE,,false
COUNTY OF VENTURA,county-of-ventura,County of Ventura,COUNTY OF VENTURA,,false
COVA HOTEL,cova-hotel,Cova Hotel,COVA HOTEL,,false
COVELLOS PACIFIC AIRCARE INC,covellos-pacific-aircare-inc,Covellos Pacific Aircare Inc,COVELLOS PACIFIC AIRCARE,,false
COVENANT AVIATION SECURITY LLC,covenant-aviation-security-llc,Covenant Aviation Security LLC,COVENANT AVIATION SECURITY,,false
Covenant Aviation Security LLC,covenant-aviation-security-llc,Covenant Aviation Security LLC,COVENANT AVIATION SECURITY,,false
COVIDIEN SALES LLC,covidien-sales-llc,Covidien Sales LLC,COVIDIEN SALES,,false
COW PALACE,cow-palace,Cow Palace,COW PALACE,,false
COWHEY PACIFIC DRILLING INC,cowhey-pacific-drilling-inc,Cowhey Pacific Drilling Inc,COWHEY PACIFIC DRILLING,,false
COWI OLMM JV,cowi-olmm-jv,Cowi Olmm JV,COWI OLMM JV,,false
COWI - RJSD - JV,cowi-rjsd-jv,Cowi - Rjsd - JV,COWI RJSD JV,,false
COWI - TECI JV,cowi-teci-jv,Cowi - Teci JV,COWI TECI JV,,false
COWI-TERRA Joint Venture,cowi-terra-joint-venture,Cowi-terra Joint Venture,COWI TERRA JOINT VENTURE,,false
COYLE REPRODUCTIONS INC,coyle-reproductions-inc,Coyle Reproductions Inc,COYLE REPRODUCTIONS,,false
CP DEVELOPMENT CO LP,cp-development-co-lp,Cp Development Co Lp,CP DEVELOPMENT,,false
CPM-AGS JV,cpm-ags-jv,Cpm-ags JV,CPM AGS JV,,false
CPM-ALTA JV,cpm-alta-jv,Cpm-alta JV,CPM ALTA JV,,false
CPM-Carlson Joint Venture,cpm-carlson-joint-venture,Cpm-carlson Joint Venture,CPM CARLSON JOINT VENTURE,,false
CPM-MC JV,cpm-mc-jv,Cpm-mc JV,CPM MC JV,,false
CPM-SALIMI JV,cpm-salimi-jv,Cpm-salimi JV,CPM SALIMI JV,,false
CPMA-CM Pros JV,cpma-cm-pros-jv,Cpma-cm Pros JV,CPMA CM PROS JV,,false
CPS HR CONSULTING,cps-hr-consulting,Cps Hr Consulting,CPS HR CONSULTING,,false
CRATUS INC,cratus-inc,Cratus Inc,CRATUS,,false
CREATIVE MARKETING CONCEPTS,creative-marketing-concepts,Creative Marketing Concepts,CREATIVE MARKETING CONCEPTS,,false
CREATIVE OFFICE,creative-office,Creative Office,CREATIVE OFFICE,,false
CREEGAN & D'ANGELO,creegan-d-angelo,Creegan & D'angelo,CREEGAN AND D ANGELO,,false
CREEGAN & D'ANGELO/AGS INC JV,creegan-d-angelo-ags-inc-jv,Creegan & D'angelo/ags Inc JV,CREEGAN AND D ANGELO AGS INC JV,,false
CREEGAN & D'ANGELO FE JORDAN JV,creegan-d-angelo-fe-jordan-jv,Creegan & D'angelo Fe Jordan JV,CREEGAN AND D ANGELO FE JORDAN JV,,false
CRESCO EQUIPMENT RENTALS,cresco-equipment-rentals,Cresco Equipment Rentals,CRESCO EQUIPMENT RENTALS,,false
Crestmark Equipment Finance Inc.,crestmark-equipment-finance-inc,Crestmark Equipment Finance Inc.,CRESTMARK EQUIPMENT FINANCE,,false
CRESTWOOD BEHAVIORAL HEALTH INC,crestwood-behavioral-health-inc,Crestwood Behavioral Health Inc,CRESTWOOD BEHAVIORAL HEALTH,,false
CRITERION SYSTEMS INC,criterion-systems-inc,Criterion Systems Inc,CRITERION SYSTEMS,,false
CROOK LOGGING INC,crook-logging-inc,Crook Logging Inc,CROOK LOGGING,,false
CROSS COUNTRY STAFFING,cross-country-staffing,Cross Country Staffing,CROSS COUNTRY STAFFING,,false
CROSS CULTURAL FAMILY CENTER,cross-cultural-family-center,Cross Cultural Family Center,CROSS CULTURAL FAMILY CENTER,,false
CROTHALL LAUNDRY SERVICES INC,crothall-laundry-services-inc,Crothall Laundry Services Inc,CROTHALL LAUNDRY SERVICES,,false
CROUSE-HINDS AIRPORT LIGHTING DIVISION,crouse-hinds-airport-lighting-division,Crouse-hinds Airport Lighting Division,CROUSE HINDS AIRPORT LIGHTING DIVISION,,false
CROWE LLP,crowe-llp,Crowe Llp,CROWE,,false
Crown Global Biotech Inc,crown-global-biotech-inc,Crown Global Biotech Inc,CROWN GLOBAL BIOTECH,,false
CROWN WORLDWIDE MOVING AND STORAGE LLC,crown-worldwide-moving-and-storage-llc,Crown Worldwide Moving and Storage LLC,CROWN WORLDWIDE MOVING AND STORAGE,,false
CRUSADER FENCE CO INC,crusader-fence-co-inc,Crusader Fence Co Inc,CRUSADER FENCE,,false
CSDA DESIGN GROUP,csda-design-group,Csda Design Group,CSDA DESIGN GROUP,,false
CSI HEALTHCARE IT,csi-healthcare-it,Csi Healthcare It,CSI HEALTHCARE IT,,false
CUBIC TRANSPORTATION SYSTEMS INC,cubic-transportation-systems-inc,Cubic Transportation Systems Inc,CUBIC TRANSPORTATION SYSTEMS,,false
Cultura Y Arte Nativa De Las Americas,cultura-y-arte-nativa-de-las-americas,Cultura Y Arte Nativa de Las Americas,CULTURA Y ARTE NATIVA DE LAS AMERICAS,,false
CUMMING MANAGEMENT GROUP INC,cumming-management-group-inc,Cumming Management Group Inc,CUMMING MANAGEMENT GROUP,,false
Cummins Inc,cummins-inc,Cummins Inc,CUMMINS,,false
CUMMINS PACIFIC LLC,cummins-pacific-llc,Cummins Pacific LLC,CUMMINS PACIFIC,,false
CUMMINS-WEST INC,cummins-west-inc,Cummins-west Inc,CUMMINS WEST,,false
CUOF IV PATSON 1155 LLC,cuof-iv-patson-1155-llc,Cuof Iv Patson 1155 LLC,CUOF IV PATSON 1155,,false
CUPERTINO ELECTRIC INC,cupertino-electric-inc,Cupertino Electric Inc,CUPERTINO ELECTRIC,,false
CURASCRIPT SPECIALTY DISTRIBUTION,curascript-specialty-distribution,Curascript Specialty Distribution,CURASCRIPT SPECIALTY DISTRIBUTION,,false
CURE Biomedical LLC,cure-biomedical-llc,Cure Biomedical LLC,CURE BIOMEDICAL,,false
CURRY SENIOR CENTER,curry-senior-center,Curry Senior Center,CURRY SENIOR CENTER,,false
CUSTOM TRUCK & BODY WORKS INC,custom-truck-body-works-inc,Custom Truck & Body Works Inc,CUSTOM TRUCK AND BODY WORKS,,false
CUTTING EDGE DRAPERY,cutting-edge-drapery,Cutting Edge Drapery,CUTTING EDGE DRAPERY,,false
CW HOTEL,cw-hotel,Cw Hotel,CW HOTEL,,false
CYPRESS ENGINEERING,cypress-engineering,Cypress Engineering,CYPRESS ENGINEERING,,false
CYPRESS SECURITY LLC,cypress-security-llc,Cypress Security LLC,CYPRESS SECURITY,,false
D L D LUMBER CO INC,d-l-d-lumber-co-inc,D L D Lumber Co Inc,D L D LUMBER,,false
D L FALK CONSTRUCTION INC,d-l-falk-construction-inc,D L Falk Construction Inc,D L FALK CONSTRUCTION,,false
"D O I, NATIONAL PARK SERVICE",d-o-i-national-park-service,"D O I, National Park Service",D O I NATIONAL PARK SERVICE,,false
D W NICHOLSON CORP,d-w-nicholson-corp,D W Nicholson Corp,D W NICHOLSON,,false
DABRI INC,dabri-inc,Dabri Inc,DABRI,,false
DAHL-BECK ELECTRIC CO,dahl-beck-electric-co,Dahl-beck Electric Co,DAHL BECK ELECTRIC,,false
DAIFUKU SERVICES AMERICA CORPORATION,daifuku-services-america-corporation,Daifuku Services America Corporation,DAIFUKU SERVICES AMERICA,,false
DAILY JOURNAL CORPORATION,daily-journal-corporation,Daily Journal Corporation,DAILY JOURNAL,,false
DAIMLER BUSES NORTH AMERICA INC,daimler-buses-north-america-inc,Daimler Buses North America Inc,DAIMLER BUSES NORTH AMERICA,,false
DAJA INTERNATIONAL LLC,daja-international-llc,Daja International LLC,DAJA INTERNATIONAL,,false
DANCE BRIGADE,dance-brigade,Dance Brigade,DANCE BRIGADE,,false
THE DANCE BRIGADE,dance-brigade,Dance Brigade,DANCE BRIGADE,,false
DANIELS SHARPSMART INC,daniels-sharpsmart-inc,Daniels Sharpsmart Inc,DANIELS SHARPSMART,,false
DANIELS WOOD LAND INC,daniels-wood-land-inc,Daniels Wood Land Inc,DANIELS WOOD LAND,,false
DARCY & HARTY CONSTR INC,darcy-harty-constr-inc,Darcy & Harty Constr Inc,DARCY AND HARTY CONSTR,,false
DARYL OWEN ASSOCIATES INC,daryl-owen-associates-inc,Daryl Owen Associates Inc,DARYL OWEN ASSOCIATES,,false
DATAMARS INC,datamars-inc,Datamars Inc,DATAMARS,,false
DATAWAY,dataway,Dataway,DATAWAY,,false
DATAWAY INC,dataway,Dataway,DATAWAY,,false
Dataway US,dataway-us,Dataway US,DATAWAY US,,false
DATAWORKS PLUS LLC,dataworks-plus-llc,Dataworks Plus LLC,DATAWORKS PLUS,,false
DATEX-OHMEDA,datex-ohmeda,Datex-ohmeda,DATEX OHMEDA,,false
Dave Bang Associates Inc. of California,dave-bang-associates-inc-of-california,Dave Bang Associates Inc. of California,DAVE BANG ASSOCIATES INC OF CALIFORNIA,,false
Davey Coach Sales LLC,davey-coach-sales-llc,Davey Coach Sales LLC,DAVEY COACH SALES,,false
DAVID CHIU FOR MAYOR 2011,david-chiu-for-mayor-2011,David Chiu for Mayor 2011,DAVID CHIU FOR MAYOR 2011,,false
DAVID DONN CONSULTING INC,david-donn-consulting-inc,David Donn Consulting Inc,DAVID DONN CONSULTING,,false
DAVID H HOWARD,david-h-howard,David H Howard,DAVID H HOWARD,,false
DAVID ZWIRNER INC,david-zwirner-inc,David Zwirner Inc,DAVID ZWIRNER,,false
DAVIS & ASSOCIATES COMMUNICATIONS INC,davis-associates-communications-inc,Davis & Associates Communications Inc,DAVIS AND ASSOCIATES COMMUNICATIONS,,false
DAVIS Y JA & ASSOCIATES INC,davis-y-ja-associates-inc,Davis Y Ja & Associates Inc,DAVIS Y JA AND ASSOCIATES,,false
DAY WIRELESS SYSTEMS,day-wireless-systems,Day Wireless Systems,DAY WIRELESS SYSTEMS,,false
Daylight Foods,daylight-foods,Daylight Foods,DAYLIGHT FOODS,,false
DAYS INN SAN FRANCISCO,days-inn-san-francisco,Days Inn San Francisco,DAYS INN SAN FRANCISCO,,false
DEBRUIN CONSTRUCTION INC,debruin-construction-inc,Debruin Construction Inc,DEBRUIN CONSTRUCTION,,false
DECCAN INTERNATIONAL,deccan-international,Deccan International,DECCAN INTERNATIONAL,,false
DECOLLISION AUTOBODY CENTER,decollision-autobody-center,Decollision Autobody Center,DECOLLISION AUTOBODY CENTER,,false
DECORATIVE FINISHES,decorative-finishes,Decorative Finishes,DECORATIVE FINISHES,,false
DELANCEY STREET FOUNDATION,delancey-street-foundation,Delancey Street Foundation,DELANCEY STREET FOUNDATION,,false
Deliverex LLC,deliverex-llc,Deliverex LLC,DELIVEREX,,false
DELL MARKETING LP,dell-marketing-lp,Dell Marketing Lp,DELL MARKETING,,false
DELLNER COUPLERS INC,dellner-couplers-inc,Dellner Couplers Inc,DELLNER COUPLERS,,false
DELOITTE CONSULTING LLP,deloitte-consulting-llp,Deloitte Consulting Llp,DELOITTE CONSULTING,,false
DELTA COMPUTER SOLUTIONS INC,delta-computer-solutions-inc,Delta Computer Solutions Inc,DELTA COMPUTER SOLUTIONS,,false
DELTA CONSTRUCTION CO INC,delta-construction-co-inc,Delta Construction Co Inc,DELTA CONSTRUCTION,,false
DELTA DENTAL PLAN OF CALIFORNIA,delta-dental-plan-of-california,Delta Dental Plan of California,DELTA DENTAL PLAN OF CALIFORNIA,,false
Delta Scientific Corporation,delta-scientific-corporation,Delta Scientific Corporation,DELTA SCIENTIFIC,,false
DELTA STAR INC,delta-star-inc,Delta Star Inc,DELTA STAR,,false
Delve Underground,delve-underground,Delve Underground,DELVE UNDERGROUND,,false
Delve Underground - Joe Hill Co JV,delve-underground-joe-hill-co-jv,Delve Underground - Joe Hill Co JV,DELVE UNDERGROUND JOE HILL CO JV,,false
Delve Underground-Stantec JV,delve-underground-stantec-jv,Delve Underground-stantec JV,DELVE UNDERGROUND STANTEC JV,,false
DENALI WATER SOLUTIONS LLC,denali-water-solutions-llc,Denali Water Solutions LLC,DENALI WATER SOLUTIONS,,false
DENNIS HERRERA FOR MAYOR 2011,dennis-herrera-for-mayor-2011,Dennis Herrera for Mayor 2011,DENNIS HERRERA FOR MAYOR 2011,,false
DENTONI'S WELDING WORKS INC,dentoni-s-welding-works-inc,Dentoni's Welding Works Inc,DENTONI S WELDING WORKS,,false
DENVER SOLUTIONS LLC,denver-solutions-llc,Denver Solutions LLC,DENVER SOLUTIONS,,false
DENVER TEST SYSTEMS,denver-test-systems,Denver Test Systems,DENVER TEST SYSTEMS,,false
DEPARTMENT OF GENERAL SERVICES,department-of-general-services,Department of General Services,DEPARTMENT OF GENERAL SERVICES,,false
DEPARTMENT OF HEALTH AND HUMAN SERVICES,department-of-health-and-human-services,Department of Health and Human Services,DEPARTMENT OF HEALTH AND HUMAN SERVICES,,false
Department of Health Care Access and Inf,department-of-health-care-access-and-inf,Department of Health Care Access and Inf,DEPARTMENT OF HEALTH CARE ACCESS AND INF,,false
DEPARTMENT OF SOCIAL SERVICES,department-of-social-services,Department of Social Services,DEPARTMENT OF SOCIAL SERVICES,,false
DEPARTMENT OF THE INTERIOR-NPS,department-of-the-interior-nps,Department of the Interior-nps,DEPARTMENT OF THE INTERIOR NPS,,false
DEPARTMENT OF TRANSPORTATION,department-of-transportation,Department of Transportation,DEPARTMENT OF TRANSPORTATION,,false
DEPT BOATING & WATERWAYS,dept-boating-waterways,Dept Boating & Waterways,DEPT BOATING AND WATERWAYS,,false
DEPT OF WATER RESOURCES STATE OF CALIF,dept-of-water-resources-state-of-calif,Dept of Water Resources State of Calif,DEPT OF WATER RESOURCES STATE OF CALIF,,false
DEPTARTMENT OF HEALTH SERVICES,deptartment-of-health-services,Deptartment of Health Services,DEPTARTMENT OF HEALTH SERVICES,,false
DEPUY ORTHOPAEDICS INC,depuy-orthopaedics-inc,Depuy Orthopaedics Inc,DEPUY ORTHOPAEDICS,,false
DEPUY SYNTHES SALES INC,depuy-synthes-sales-inc,Depuy Synthes Sales Inc,DEPUY SYNTHES SALES,,false
DEPUY SYNTHES SPINE,depuy-synthes-spine,Depuy Synthes Spine,DEPUY SYNTHES SPINE,,false
DEREK SILVA COMMUNITY,derek-silva-community,Derek Silva Community,DEREK SILVA COMMUNITY,,false
DESIGN-BUILD SOLUTIONS INC,design-build-solutions-inc,Design-build Solutions Inc,DESIGN BUILD SOLUTIONS,,false
DESIGN & CONSTRUCTION MANAGEMENT SVCS,design-construction-management-svcs,Design & Construction Management Svcs,DESIGN AND CONSTRUCTION MANAGEMENT SVCS,,false
DESIGN SPACE MODULAR BUILDINGS INC,design-space-modular-buildings-inc,Design Space Modular Buildings Inc,DESIGN SPACE MODULAR BUILDINGS,,false
DEUTSCHE BANK NATIONAL TRUST CO,deutsche-bank-national-trust-co,Deutsche Bank National Trust Co,DEUTSCHE BANK NATIONAL TRUST,,false
Devaney Engineering Inc.,devaney-engineering-inc,Devaney Engineering Inc.,DEVANEY ENGINEERING,,false
DEVIL MOUNTAIN WHOLESALE NURSERY LLC,devil-mountain-wholesale-nursery-llc,Devil Mountain Wholesale Nursery LLC,DEVIL MOUNTAIN WHOLESALE NURSERY,,false
DEXIA CREDIT LOCAL NEW YORK BRANCH,dexia-credit-local-new-york-branch,Dexia Credit Local New York Branch,DEXIA CREDIT LOCAL NEW YORK BRANCH,,false
DHS CUSTOMS & BORDER PROTECTION BUREAU,dhs-customs-border-protection-bureau,Dhs Customs & Border Protection Bureau,DHS CUSTOMS AND BORDER PROTECTION BUREAU,,false
DIAMOND TECHNOLOGY INC,diamond-technology-inc,Diamond Technology Inc,DIAMOND TECHNOLOGY,,false
DIASPORIC VIETNAMESE ARTISTS NETWORK,diasporic-vietnamese-artists-network,Diasporic Vietnamese Artists Network,DIASPORIC VIETNAMESE ARTISTS NETWORK,,false
DIESEL EMISSIONS SERVICE,diesel-emissions-service,Diesel Emissions Service,DIESEL EMISSIONS SERVICE,,false
DIGITAL GADGETS,digital-gadgets,Digital Gadgets,DIGITAL GADGETS,,false
DIGITAL RECORDERS,digital-recorders,Digital Recorders,DIGITAL RECORDERS,,false
DIGNITY HEALTH DBA ST MARY'S MEDICAL CTR,dignity-health-dba-st-mary-s-medical-ctr,Dignity Health DBA St Mary's Medical Ctr,DIGNITY HEALTH DBA ST MARY S MEDICAL CTR,,false
DILWORTH ELIOT STUDIO INC,dilworth-eliot-studio-inc,Dilworth Eliot Studio Inc,DILWORTH ELIOT STUDIO,,false
DIMENSIONAL FUND ADVISORS LP,dimensional-fund-advisors-lp,Dimensional Fund Advisors Lp,DIMENSIONAL FUND ADVISORS,,false
DIRECT MAIL CENTER,direct-mail-center,Direct Mail Center,DIRECT MAIL CENTER,,false
DIRECTORS OF PUBLIC HEALTH NURSING(DPHN),directors-of-public-health-nursing-dphn,Directors of Public Health Nursing(dphn),DIRECTORS OF PUBLIC HEALTH NURSING DPHN,,false
DIRECTV INC,directv-inc,Directv Inc,DIRECTV,,false
DISCOUNT BUILDERS SUPPLY,discount-builders-supply,Discount Builders Supply,DISCOUNT BUILDERS SUPPLY,,false
Discover Polk Community Benefit District,discover-polk-community-benefit-district,Discover Polk Community Benefit District,DISCOVER POLK COMMUNITY BENEFIT DISTRICT,,false
DISH SF,dish-sf,Dish SF,DISH SF,,false
DISNEY CONSTRUCTION INC,disney-construction-inc,Disney Construction Inc,DISNEY CONSTRUCTION,,false
DIXON MARINE SERVICES INC,dixon-marine-services-inc,Dixon Marine Services Inc,DIXON MARINE SERVICES,,false
DLR GROUP INC. A CALIFORNIA CORPORATION,dlr-group-inc-a-california-corporation,Dlr Group Inc. a California Corporation,DLR GROUP INC A CALIFORNIA,,false
DLT SOLUTIONS,dlt-solutions,Dlt Solutions,DLT SOLUTIONS,,false
DLXSF Retail,dlxsf-retail,Dlxsf Retail,DLXSF RETAIL,,false
DMZ BUILDERS,dmz-builders,Dmz Builders,DMZ BUILDERS,,false
DOC BAILEY CONSTRUCTION EQUIPMENT INC,doc-bailey-construction-equipment-inc,Doc Bailey Construction Equipment Inc,DOC BAILEY CONSTRUCTION EQUIPMENT,,false
DOCKWISE USA LLC,dockwise-usa-llc,Dockwise USA LLC,DOCKWISE USA,,false
DOCUMENT FULFILLMENT SERVICES,document-fulfillment-services,Document Fulfillment Services,DOCUMENT FULFILLMENT SERVICES,,false
DOCUSIGN INC,docusign-inc,Docusign Inc,DOCUSIGN,,false
DOGPATCH & NW POTRERO HILL GRN BNFT DIST,dogpatch-nw-potrero-hill-grn-bnft-dist,Dogpatch & Nw Potrero Hill Grn Bnft Dist,DOGPATCH AND NW POTRERO HILL GRN BNFT DIST,,false
DOLORES HOTEL LLC,dolores-hotel-llc,Dolores Hotel LLC,DOLORES HOTEL,,false
DOLORES STREET COMMUNITY SERVICES INC,dolores-street-community-services-inc,Dolores Street Community Services Inc,DOLORES STREET COMMUNITY SERVICES,,false
DOMA TITLE OF CALIFORNIA INC,doma-title-of-california-inc,Doma Title of California Inc,DOMA TITLE OF CALIFORNIA,,false
DOMINION VOTING SYSTEMS INC,dominion-voting-systems-inc,Dominion Voting Systems Inc,DOMINION VOTING SYSTEMS,,false
DON PEDRO RECREATION AGENCY,don-pedro-recreation-agency,Don Pedro Recreation Agency,DON PEDRO RECREATION AGENCY,,false
DONALDINA CAMERON HOUSE,donaldina-cameron-house,Donaldina Cameron House,DONALDINA CAMERON HOUSE,,false
DONOVAN'S PEST CONTROL INC,donovan-s-pest-control-inc,Donovan's Pest Control Inc,DONOVAN S PEST CONTROL,,false
Door Four LLC,door-four-llc,Door Four LLC,DOOR FOUR,,false
DORON PRECISION SYSTEMS INC,doron-precision-systems-inc,Doron Precision Systems Inc,DORON PRECISION SYSTEMS,,false
DOUBLE ROCK VENTURES LLC,double-rock-ventures-llc,Double Rock Ventures LLC,DOUBLE ROCK VENTURES,,false
DOWNTOWN COMMUNITY BENEFIT DISTRICT,downtown-community-benefit-district,Downtown Community Benefit District,DOWNTOWN COMMUNITY BENEFIT DISTRICT,,false
DOWNTOWN STREETS INC,downtown-streets-inc,Downtown Streets Inc,DOWNTOWN STREETS,,false
DPP Tech Inc.,dpp-tech-inc,Dpp Tech Inc.,DPP TECH,,false
DPR CONSTRUCTION,dpr-construction,Dpr Construction,DPR CONSTRUCTION,,false
DPR CONSTRUCTION A GENERAL PARTNERSHIP,dpr-construction-a-general-partnership,Dpr Construction a General Partnership,DPR CONSTRUCTION A GENERAL PARTNERSHIP,,false
DRAEGER INC,draeger-inc,Draeger Inc,DRAEGER,,false
DRAGADOS USA/FLATIRON WEST/SUKUT CNST JV,dragados-usa-flatiron-west-sukut-cnst-jv,Dragados Usa/flatiron West/sukut Cnst JV,DRAGADOS USA FLATIRON WEST SUKUT CNST JV,,false
DRILL TECH DRILLING & SHORING INC,drill-tech-drilling-shoring-inc,Drill Tech Drilling & Shoring Inc,DRILL TECH DRILLING AND SHORING,,false
DS WATERS OF AMER LP SIERRA SPG ALHAMBRA,ds-waters-of-amer-lp-sierra-spg-alhambra,Ds Waters of Amer Lp Sierra Spg Alhambra,DS WATERS OF AMER LP SIERRA SPG ALHAMBRA,,false
DS WATERS OF AMERICA INC DBA ALHAMBRA,ds-waters-of-america-inc-dba-alhambra,Ds Waters of America Inc DBA Alhambra,DS WATERS OF AMERICA INC DBA ALHAMBRA,,false
DSI VID SYS LLC DBA DIVERSIFIED SYSTEMS,dsi-vid-sys-llc-dba-diversified-systems,Dsi Vid Sys LLC DBA Diversified Systems,DSI VID SYS LLC DBA DIVERSIFIED SYSTEMS,,false
DTA/NBA JOINT VENTURE,dta-nba-joint-venture,Dta/nba Joint Venture,DTA NBA JOINT VENTURE,,false
DTE ENERGY TRADING INC.,dte-energy-trading-inc,Dte Energy Trading Inc.,DTE ENERGY TRADING,,false
DTG OPERATIONS INC DBA THRIFTY CAR RNTL,dtg-operations-inc-dba-thrifty-car-rntl,Dtg Operations Inc DBA Thrifty Car Rntl,DTG OPERATIONS INC DBA THRIFTY CAR RNTL,,false
DUCKS UNLIMITED INC,ducks-unlimited-inc,Ducks Unlimited Inc,DUCKS UNLIMITED,,false
DUDLEY PERKINS HARLEY DAVIDSON,dudley-perkins-harley-davidson,Dudley Perkins Harley Davidson,DUDLEY PERKINS HARLEY DAVIDSON,,false
DUECK DEFENSE INC,dueck-defense-inc,Dueck Defense Inc,DUECK DEFENSE,,false
DUNN-EDWARDS CORP,dunn-edwards-corp,Dunn-edwards Corp,DUNN EDWARDS,,false
DUSHAN MEDAN CONSTRUCTION,dushan-medan-construction,Dushan Medan Construction,DUSHAN MEDAN CONSTRUCTION,,false
DUSTYS' FISHING WELL,dustys-fishing-well,Dustys' Fishing Well,DUSTYS FISHING WELL,,false
DUTRA CONSTRUCTION CO INC,dutra-construction-co-inc,Dutra Construction Co Inc,DUTRA CONSTRUCTION,,false
DUTRA DREDGING CO,dutra-dredging-co,Dutra Dredging Co,DUTRA DREDGING,,false
DWU CONSULTING LLC,dwu-consulting-llc,Dwu Consulting LLC,DWU CONSULTING,,false
DXC Eclipse,dxc-eclipse,Dxc Eclipse,DXC ECLIPSE,,false
DXC Technology Services LLC,dxc-technology-services-llc,Dxc Technology Services LLC,DXC TECHNOLOGY SERVICES,,false
DYNAMIC SYSTEMS INC,dynamic-systems-inc,Dynamic Systems Inc,DYNAMIC SYSTEMS,,false
Dynasty Power Inc,dynasty-power-inc,Dynasty Power Inc,DYNASTY POWER,,false
E & E AVILA AGS CONSULTING SERVICES,e-e-avila-ags-consulting-services,E & E Avila Ags Consulting Services,E AND E AVILA AGS CONSULTING SERVICES,,false
E F BRETT & COMPANY INC,e-f-brett-company-inc,E F Brett & Company Inc,E F BRETT AND,,false
E K HEALTH SERVICES INC,e-k-health-services-inc,E K Health Services Inc,E K HEALTH SERVICES,,false
E & M ELECTRIC & MACHINERY INC,e-m-electric-machinery-inc,E & M Electric & Machinery Inc,E AND M ELECTRIC AND MACHINERY,,false
E MICHAEL LINSCHEID,e-michael-linscheid,E Michael Linscheid,E MICHAEL LINSCHEID,,false
"E P C CONSULTANTS, INC.",e-p-c-consultants-inc,"E P C Consultants, Inc.",E P C CONSULTANTS,,false
EAN VIZZI,ean-vizzi,Ean Vizzi,EAN VIZZI,,false
Early Childhood Education STEP,early-childhood-education-step,Early Childhood Education Step,EARLY CHILDHOOD EDUCATION STEP,,false
EARN INC,earn-inc,Earn Inc,EARN,,false
EARTH ISLAND INSTITUTE,earth-island-institute,Earth Island Institute,EARTH ISLAND INSTITUTE,,false
EARTHQUAKE SAFETY EMERGNCY RESP PROG JV,earthquake-safety-emergncy-resp-prog-jv,Earthquake Safety Emergncy Resp Prog JV,EARTHQUAKE SAFETY EMERGNCY RESP PROG JV,,false
Earthscape Play Inc.,earthscape-play-inc,Earthscape Play Inc.,EARTHSCAPE PLAY,,false
EASESF,easesf,Easesf,EASESF,,false
EAST BAY AGENCY FOR CHILDREN,east-bay-agency-for-children,East Bay Agency for Children,EAST BAY AGENCY FOR CHILDREN,,false
EAST BAY MUNICIPAL UTILITIES DISTRICT,east-bay-municipal-utilities-district,East Bay Municipal Utilities District,EAST BAY MUNICIPAL UTILITIES DISTRICT,,false
EAST BAY REGIONAL COMMS SYS AUTHY,east-bay-regional-comms-sys-authy,East Bay Regional Comms Sys Authy,EAST BAY REGIONAL COMMS SYS AUTHY,,false
EAST BAY REGIONAL PARK DISTRICT,east-bay-regional-park-district,East Bay Regional Park District,EAST BAY REGIONAL PARK DISTRICT,,false
EAST BAY TIRE CO,east-bay-tire-co,East Bay Tire Co,EAST BAY TIRE,,false
EAST WEST BANK,east-west-bank,East West Bank,EAST WEST BANK,,false
EBSCO Information Services LLC,ebsco-information-services-llc,Ebsco Information Services LLC,EBSCO INFORMATION SERVICES,,false
EBSCO PUBLISHING,ebsco-publishing,Ebsco Publishing,EBSCO PUBLISHING,,false
EBSCO SUBSCRIPTION SERV,ebsco-subscription-serv,Ebsco Subscription Serv,EBSCO SUBSCRIPTION SERV,,false
ECHO CONSULTING SERVICES OF CALIF INC,echo-consulting-services-of-calif-inc,Echo Consulting Services of Calif Inc,ECHO CONSULTING SERVICES OF CALIF,,false
ECLINICALWORKS LLC,eclinicalworks-llc,Eclinicalworks LLC,ECLINICALWORKS,,false
ECO PLEXUS INC,eco-plexus-inc,Eco Plexus Inc,ECO PLEXUS,,false
ECOLOGY ACTION,ecology-action,Ecology Action,ECOLOGY ACTION,,false
ECONOLITE CONTROL PRODUCTS INC,econolite-control-products-inc,Econolite Control Products Inc,ECONOLITE CONTROL PRODUCTS,,false
Economic Development on Third,economic-development-on-third,Economic Development On Third,ECONOMIC DEVELOPMENT ON THIRD,,false
ECONOMIC OPPORTUNITY COUNCIL OF S F INC,economic-opportunity-council-of-s-f-inc,Economic Opportunity Council of S F Inc,ECONOMIC OPPORTUNITY COUNCIL OF S F,,false
ECONOMIC & PLANNING SYSTEMS INC,economic-planning-systems-inc,Economic & Planning Systems Inc,ECONOMIC AND PLANNING SYSTEMS,,false
ECONOMY RESTAURANT FIXTURES INC,economy-restaurant-fixtures-inc,Economy Restaurant Fixtures Inc,ECONOMY RESTAURANT FIXTURES,,false
ECOSYS MANAGEMENT LLC,ecosys-management-llc,Ecosys Management LLC,ECOSYS MANAGEMENT,,false
ECS-DCMS JV,ecs-dcms-jv,Ecs-dcms JV,ECS DCMS JV,,false
EDAW INC,edaw-inc,Edaw Inc,EDAW,,false
EDAW-TALAVERA & RICHARDSON JV,edaw-talavera-richardson-jv,Edaw-talavera & Richardson JV,EDAW TALAVERA AND RICHARDSON JV,,false
EDAW & TURNSTONE CONSULTING JV,edaw-turnstone-consulting-jv,Edaw & Turnstone Consulting JV,EDAW AND TURNSTONE CONSULTING JV,,false
EDDY & TAYLOR ASSOCIATES LP,eddy-taylor-associates-lp,Eddy & Taylor Associates Lp,EDDY AND TAYLOR ASSOCIATES,,false
EDELSTEIN GILBERT ROBSON & SMITH LLC,edelstein-gilbert-robson-smith-llc,Edelstein Gilbert Robson & Smith LLC,EDELSTEIN GILBERT ROBSON AND SMITH,,false
EDF TRADING NORTH AMERICA LLC,edf-trading-north-america-llc,Edf Trading North America LLC,EDF TRADING NORTH AMERICA,,false
EDF Trading North America LLC,edf-trading-north-america-llc,Edf Trading North America LLC,EDF TRADING NORTH AMERICA,,false
Edgemoor Infrastrcuture & Real Estate LL,edgemoor-infrastrcuture-real-estate-ll,Edgemoor Infrastrcuture & Real Estate Ll,EDGEMOOR INFRASTRCUTURE AND REAL ESTATE LL,,false
EDGEWOOD CENTER FOR CHILDREN AND FAMILES,edgewood-center-for-children-and-familes,Edgewood Center for Children and Familes,EDGEWOOD CENTER FOR CHILDREN AND FAMILES,,false
EDVANCE,edvance,Edvance,EDVANCE,,false
EDWARD R BACON CO INC,edward-r-bacon-co-inc,Edward R Bacon Co Inc,EDWARD R BACON,,false
EFI GLOBAL INC,efi-global-inc,Efi Global Inc,EFI GLOBAL,,false
EFUEL LLC,efuel-llc,Efuel LLC,EFUEL,,false
EG&G TECHNICAL SERVICES INC,eg-g-technical-services-inc,Eg&g Technical Services Inc,EG AND G TECHNICAL SERVICES,,false
EIGHTCLOUD LLC,eightcloud-llc,Eightcloud LLC,EIGHTCLOUD,,false
EII REALTY SECURITIES INC,eii-realty-securities-inc,Eii Realty Securities Inc,EII REALTY SECURITIES,,false
EIP Holdings II LLC,eip-holdings-ii-llc,Eip Holdings Ii LLC,EIP HOLDINGS II,,false
EL CAMINO CHARTERS,el-camino-charters,El Camino Charters,EL CAMINO CHARTERS,,false
EL CORAZON GALLERY INC,el-corazon-gallery-inc,El Corazon Gallery Inc,EL CORAZON GALLERY,,false
El Dorado Apartments LP,el-dorado-apartments-lp,El Dorado Apartments Lp,EL DORADO APARTMENTS,,false
EL DORADO BUS SALES,el-dorado-bus-sales,El Dorado Bus Sales,EL DORADO BUS SALES,,false
EL DORADO SEPTIC SERVICE,el-dorado-septic-service,El Dorado Septic Service,EL DORADO SEPTIC SERVICE,,false
ELATION SYSTEMS INC,elation-systems-inc,Elation Systems Inc,ELATION SYSTEMS,,false
ELECTION SYSTEMS & SOFTWARE,election-systems-software,Election Systems & Software,ELECTION SYSTEMS AND SOFTWARE,,false
ELECTRIC & GAS INDUSTRIES ASSOCIATION,electric-gas-industries-association,Electric & Gas Industries Association,ELECTRIC AND GAS INDUSTRIES ASSOCIATION,,false
ELECTRIC TRANSIT INC,electric-transit-inc,Electric Transit Inc,ELECTRIC TRANSIT,,false
ELECTRICAL DESIGN TECHNOLOGY INC,electrical-design-technology-inc,Electrical Design Technology Inc,ELECTRICAL DESIGN TECHNOLOGY,,false
ELECTRO SCAN INC,electro-scan-inc,Electro Scan Inc,ELECTRO SCAN,,false
ELECTROMECHANICAL TECHNOLOGIES INC,electromechanical-technologies-inc,Electromechanical Technologies Inc,ELECTROMECHANICAL TECHNOLOGIES,,false
ELECTRONIC DATA MAGNETICS INC,electronic-data-magnetics-inc,Electronic Data Magnetics Inc,ELECTRONIC DATA MAGNETICS,,false
"ELITE REPROGRAPHICS OF THE BAY AREA, INC",elite-reprographics-of-the-bay-area-inc,"Elite Reprographics of the Bay Area, Inc",ELITE REPROGRAPHICS OF THE BAY AREA,,false
ELITE SUPPLY SOURCE INC,elite-supply-source-inc,Elite Supply Source Inc,ELITE SUPPLY SOURCE,,false
Elk Hills Power LLC,elk-hills-power-llc,Elk Hills Power LLC,ELK HILLS POWER,,false
ELLA HILL HUTCH COMMUNITY CENTER,ella-hill-hutch-community-center,Ella Hill Hutch Community Center,ELLA HILL HUTCH COMMUNITY CENTER,,false
ELLIS 350 ASSOCIATES LP,ellis-350-associates-lp,Ellis 350 Associates Lp,ELLIS 350 ASSOCIATES,,false
ELLIS BROOKS CHEVROLET-NISSAN-GEO,ellis-brooks-chevrolet-nissan-geo,Ellis Brooks Chevrolet-nissan-geo,ELLIS BROOKS CHEVROLET NISSAN GEO,,false
ELS-KRA JOINT VENTURE,els-kra-joint-venture,Els-kra Joint Venture,ELS KRA JOINT VENTURE,,false
EMBARCADERO SYSTEMS CORP,embarcadero-systems-corp,Embarcadero Systems Corp,EMBARCADERO SYSTEMS,,false
EMCOR ENERGY SERVICES,emcor-energy-services,Emcor Energy Services,EMCOR ENERGY SERVICES,,false
EMCOR SERVICE/MESA ENERGY SYSTEMS INC,emcor-service-mesa-energy-systems-inc,Emcor Service/mesa Energy Systems Inc,EMCOR SERVICE MESA ENERGY SYSTEMS,,false
EMERALD TEXTILE SERVICES NORCAL LLC,emerald-textile-services-norcal-llc,Emerald Textile Services Norcal LLC,EMERALD TEXTILE SERVICES NORCAL,,false
EMERGENCY VEHICLE SOLUTIONS INC,emergency-vehicle-solutions-inc,Emergency Vehicle Solutions Inc,EMERGENCY VEHICLE SOLUTIONS,,false
EMERSON PROCESS MGMT POWER & WATER SOL,emerson-process-mgmt-power-water-sol,Emerson Process Mgmt Power & Water Sol,EMERSON PROCESS MGMT POWER AND WATER SOL,,false
EMISSIONS RETROFIT GROUP,emissions-retrofit-group,Emissions Retrofit Group,EMISSIONS RETROFIT GROUP,,false
EMPIRE ELEVATOR CO INC,empire-elevator-co-inc,Empire Elevator Co Inc,EMPIRE ELEVATOR,,false
EMPIRE ENGINEERING & CONSTRUCTION INC,empire-engineering-construction-inc,Empire Engineering & Construction Inc,EMPIRE ENGINEERING AND CONSTRUCTION,,false
EMPIRE LANDSCAPING INC,empire-landscaping-inc,Empire Landscaping Inc,EMPIRE LANDSCAPING,,false
EMPLOYMENT DEVELOPMENT DEPT,employment-development-dept,Employment Development Dept,EMPLOYMENT DEVELOPMENT DEPT,,false
EMPRESS HOTEL,empress-hotel,Empress Hotel,EMPRESS HOTEL,,false
EMQ FAMILIESFIRST INC,emq-familiesfirst-inc,Emq Familiesfirst Inc,EMQ FAMILIESFIRST,,false
EMS BRUEL & KJAER INC,ems-bruel-kjaer-inc,Ems Bruel & Kjaer Inc,EMS BRUEL AND KJAER,,false
EMSYSTEM LLC,emsystem-llc,Emsystem LLC,EMSYSTEM,,false
EMUNA SUPPLY COMPANY,emuna-supply-company,Emuna Supply Company,EMUNA SUPPLY,,false
EN POINTE TECHNOLOGIES SALES INC,en-pointe-technologies-sales-inc,En Pointe Technologies Sales Inc,EN POINTE TECHNOLOGIES SALES,,false
EN POINTE TECHNOLOGIES SALES LLC,en-pointe-technologies-sales-inc,En Pointe Technologies Sales Inc,EN POINTE TECHNOLOGIES SALES,,false
En2action Inc.,en2action-inc,En2action Inc.,EN2ACTION,,false
ENERGY CENTER SAN FRANCISCO LLC,energy-center-san-francisco-llc,Energy Center San Francisco LLC,ENERGY CENTER SAN FRANCISCO,,false
ENERGY RESOURCES CONSERVATION & DEV COMM,energy-resources-conservation-dev-comm,Energy Resources Conservation & Dev Comm,ENERGY RESOURCES CONSERVATION AND DEV COMM,,false
ENERGY SYSTEMS,energy-systems,Energy Systems,ENERGY SYSTEMS,,false
ENERNOC INC,enernoc-inc,Enernoc Inc,ENERNOC,,false
ENGEO INC,engeo-inc,Engeo Inc,ENGEO,,false
ENGEO INCORPORATED & CM PROS INC JV,engeo-incorporated-cm-pros-inc-jv,Engeo Incorporated & Cm Pros Inc JV,ENGEO INCORPORATED AND CM PROS INC JV,,false
ENGINEERED ARRESTING SYSTEMS CORPORATION,engineered-arresting-systems-corporation,Engineered Arresting Systems Corporation,ENGINEERED ARRESTING SYSTEMS,,false
ENGINEERING/REMEDIATION RESOURCES GROUP,engineering-remediation-resources-group,Engineering/remediation Resources Group,ENGINEERING REMEDIATION RESOURCES GROUP,,false
ENLIGHT ENERGY EFFICIENT LIGHTING INC,enlight-energy-efficient-lighting-inc,Enlight Energy Efficient Lighting Inc,ENLIGHT ENERGY EFFICIENT LIGHTING,,false
ENNIS FLINT INC,ennis-flint-inc,Ennis Flint Inc,ENNIS FLINT,,false
ENNIS PAINT INC,ennis-paint-inc,Ennis Paint Inc,ENNIS PAINT,,false
ENOVITY INC,enovity-inc,Enovity Inc,ENOVITY,,false
ENTERPRISE COMMUNITY LOAN FUND,enterprise-community-loan-fund,Enterprise Community Loan Fund,ENTERPRISE COMMUNITY LOAN FUND,,false
ENTERPRISE FOR HIGH SCHOOL STUDENTS,enterprise-for-high-school-students,Enterprise for High School Students,ENTERPRISE FOR HIGH SCHOOL STUDENTS,,false
ENTERPRISE FOR YOUTH,enterprise-for-youth,Enterprise for Youth,ENTERPRISE FOR YOUTH,,false
ENTERPRISE HOLDINGS INC,enterprise-holdings-inc,Enterprise Holdings Inc,ENTERPRISE HOLDINGS,,false
ENTERPRISE RENT-A-CAR COMPANY OF SF LLC,enterprise-rent-a-car-company-of-sf-llc,Enterprise Rent-a-car Company of SF LLC,ENTERPRISE RENT A CAR COMPANY OF SF,,false
ENTERPRISE SERVICES LLC,enterprise-services-llc,Enterprise Services LLC,ENTERPRISE SERVICES,,false
Enterprise Solutions Consulting LLC,enterprise-solutions-consulting-llc,Enterprise Solutions Consulting LLC,ENTERPRISE SOLUTIONS CONSULTING,,false
ENTRIX/MSE JV,entrix-mse-jv,Entrix/mse JV,ENTRIX MSE JV,,false
ENTRIX/WARD JV,entrix-ward-jv,Entrix/ward JV,ENTRIX WARD JV,,false
ENVIRONMENTAL & CONSTRUCTION SLTNS INC,environmental-construction-sltns-inc,Environmental & Construction Sltns Inc,ENVIRONMENTAL AND CONSTRUCTION SLTNS,,false
ENVIRONMENTAL LOGISTICS INC,environmental-logistics-inc,Environmental Logistics Inc,ENVIRONMENTAL LOGISTICS,,false
ENVIRONMENTAL SCIENCE ASSOCIATES INC,environmental-science-associates-inc,Environmental Science Associates Inc,ENVIRONMENTAL SCIENCE ASSOCIATES,,false
ENVIRONMENTAL SYSTEMS RESEARCH INSTITUTE,environmental-systems-research-institute,Environmental Systems Research Institute,ENVIRONMENTAL SYSTEMS RESEARCH INSTITUTE,,false
EPC-AVILA JOINT VENTURE LLC,epc-avila-joint-venture-llc,Epc-avila Joint Venture LLC,EPC AVILA JOINT VENTURE,,false
EPC-CM WEST JV,epc-cm-west-jv,Epc-cm West JV,EPC CM WEST JV,,false
Epic State and Local Government LLC,epic-state-and-local-government-llc,Epic State and Local Government LLC,EPIC STATE AND LOCAL GOVERNMENT,,false
EPISCOPAL COMMUNITY SVCS OF S F INC,episcopal-community-svcs-of-s-f-inc,Episcopal Community Svcs of S F Inc,EPISCOPAL COMMUNITY SVCS OF S F,,false
ERA HEALTH LLC DBA VETERANS HEALTH,era-health-llc-dba-veterans-health,Era Health LLC DBA Veterans Health,ERA HEALTH LLC DBA VETERANS HEALTH,,false
ERBE USA INC,erbe-usa-inc,Erbe USA Inc,ERBE USA,,false
ERWIN F FREDRICH,erwin-f-fredrich,Erwin F Fredrich,ERWIN F FREDRICH,,false
ESA CDIM Joint Venture,esa-cdim-joint-venture,Esa Cdim Joint Venture,ESA CDIM JOINT VENTURE,,false
ESA/ORION JOINT VENTURE,esa-orion-joint-venture,Esa/orion Joint Venture,ESA ORION JOINT VENTURE,,false
ESI ACQUISITION INC,esi-acquisition-inc,Esi Acquisition Inc,ESI ACQUISITION,,false
ESQUIVEL GRADING & PAVING INC,esquivel-grading-paving-inc,Esquivel Grading & Paving Inc,ESQUIVEL GRADING AND PAVING,,false
ETC INSTITUTE,etc-institute,Etc Institute,ETC INSTITUTE,,false
Euna Solutions Inc.,euna-solutions-inc,Euna Solutions Inc.,EUNA SOLUTIONS,,false
EUROFINS DRINKING WATER AND WASTEWATER W,eurofins-drinking-water-and-wastewater-w,Eurofins Drinking Water and Wastewater W,EUROFINS DRINKING WATER AND WASTEWATER W,,false
EUROFINS EATON ANALYTICAL INC,eurofins-eaton-analytical-inc,Eurofins Eaton Analytical Inc,EUROFINS EATON ANALYTICAL,,false
EVANS BROTHERS INC,evans-brothers-inc,Evans Brothers Inc,EVANS BROTHERS,,false
Evans Consoles Incorporated,evans-consoles-incorporated,Evans Consoles Incorporated,EVANS CONSOLES,,false
EVANTEC CORP,evantec-corp,Evantec Corp,EVANTEC,,false
EVERGREEN FIRE & SECURITY,evergreen-fire-security,Evergreen Fire & Security,EVERGREEN FIRE AND SECURITY,,false
EVICTION DEFENSE COLLABORATIVE INC,eviction-defense-collaborative-inc,Eviction Defense Collaborative Inc,EVICTION DEFENSE COLLABORATIVE,,false
EVOKED POTENTIAL ASSOCIATES LLC,evoked-potential-associates-llc,Evoked Potential Associates LLC,EVOKED POTENTIAL ASSOCIATES,,false
EVRA CONSTRUCTION,evra-construction,Evra Construction,EVRA CONSTRUCTION,,false
EWING IRRIGATION PRODUCTS INC,ewing-irrigation-products-inc,Ewing Irrigation Products Inc,EWING IRRIGATION PRODUCTS,,false
EXARO TECHNOLOGIES CORP,exaro-technologies-corp,Exaro Technologies Corp,EXARO TECHNOLOGIES,,false
EXCEL PLUMBING SUPPLY & SHOWROOM,excel-plumbing-supply-showroom,Excel Plumbing Supply & Showroom,EXCEL PLUMBING SUPPLY AND SHOWROOM,,false
Excelsior Action Group,excelsior-action-group,Excelsior Action Group,EXCELSIOR ACTION GROUP,,false
Executive Hotel Vintage Court LLC,executive-hotel-vintage-court-llc,Executive Hotel Vintage Court LLC,EXECUTIVE HOTEL VINTAGE COURT,,false
EXELIS INC,exelis-inc,Exelis Inc,EXELIS,,false
EXELON GENERATION COMPANY LLC,exelon-generation-company-llc,Exelon Generation Company LLC,EXELON GENERATION,,false
Exelon Generation Company LLC,exelon-generation-company-llc,Exelon Generation Company LLC,EXELON GENERATION,,false
EXIGIS LLC,exigis-llc,Exigis LLC,EXIGIS,,false
Experian Health Inc,experian-health-inc,Experian Health Inc,EXPERIAN HEALTH,,false
EXPRESS OVERNITE,express-overnite,Express Overnite,EXPRESS OVERNITE,,false
ExtraFood,extrafood,Extrafood,EXTRAFOOD,,false
Extreme Pizza,extreme-pizza,Extreme Pizza,EXTREME PIZZA,,false
EXYGY INC,exygy-inc,Exygy Inc,EXYGY,,false
F C S GROUP INC,f-c-s-group-inc,F C S Group Inc,F C S GROUP,,false
F D C CONSTRUCTION INC,f-d-c-construction-inc,F D C Construction Inc,F D C CONSTRUCTION,,false
F D THOMAS INC,f-d-thomas-inc,F D Thomas Inc,F D THOMAS,,false
F E JORDAN ASSOCIATES INC,f-e-jordan-associates-inc,F E Jordan Associates Inc,F E JORDAN ASSOCIATES,,false
F3 & ASSOCIATES INC,f3-associates-inc,F3 & Associates Inc,F3 AND ASSOCIATES,,false
FACENTE CONSULTING LLC,facente-consulting-llc,Facente Consulting LLC,FACENTE CONSULTING,,false
FACES SF,faces-sf,Faces SF,FACES SF,,false
Facility Optimization Solutions LLC,facility-optimization-solutions-llc,Facility Optimization Solutions LLC,FACILITY OPTIMIZATION SOLUTIONS,,false
FADF Community Arts Inc,fadf-community-arts-inc,Fadf Community Arts Inc,FADF COMMUNITY ARTS,,false
FAIRFIELD-SUISUN SEWER DISTRICT,fairfield-suisun-sewer-district,Fairfield-suisun Sewer District,FAIRFIELD SUISUN SEWER DISTRICT,,false
FAITH GROUP LLC,faith-group-llc,Faith Group LLC,FAITH GROUP,,false
Faith Group PMCM2 Joint Venture,faith-group-pmcm2-joint-venture,Faith Group Pmcm2 Joint Venture,FAITH GROUP PMCM2 JOINT VENTURE,,false
FALCON INDUSTRIAL SUPPLY,falcon-industrial-supply,Falcon Industrial Supply,FALCON INDUSTRIAL SUPPLY,,false
FAMILY BUILDERS BY ADOPTION,family-builders-by-adoption,Family Builders By Adoption,FAMILY BUILDERS BY ADOPTION,,false
FAMILY CAREGIVER ALLIANCE,family-caregiver-alliance,Family Caregiver Alliance,FAMILY CAREGIVER ALLIANCE,,false
FAMILY SUPPORT SERVICES,family-support-services,Family Support Services,FAMILY SUPPORT SERVICES,,false
Fanta Deluxe Cleaners,fanta-deluxe-cleaners,Fanta Deluxe Cleaners,FANTA DELUXE CLEANERS,,false
Farming Hope,farming-hope,Farming Hope,FARMING HOPE,,false
FARO WORLD INC,faro-world-inc,Faro World Inc,FARO WORLD,,false
FARWEST SANITATION & STORAGE INC,farwest-sanitation-storage-inc,Farwest Sanitation & Storage Inc,FARWEST SANITATION AND STORAGE,,false
Fastenal Company,fastenal-company,Fastenal Company,FASTENAL,,false
FAVOUR PC,favour-pc,Favour Pc,FAVOUR,,false
FC Pier 70 LLC,fc-pier-70-llc,Fc Pier 70 LLC,FC PIER 70,,false
FDI PLANNING CONSULTANTS INC,fdi-planning-consultants-inc,Fdi Planning Consultants Inc,FDI PLANNING CONSULTANTS,,false
FEDERAL AVIATION ADMINISTRATION,federal-aviation-administration,Federal Aviation Administration,FEDERAL AVIATION ADMINISTRATION,,false
FEDERAL ENGINEERING INC,federal-engineering-inc,Federal Engineering Inc,FEDERAL ENGINEERING,,false
FEHR & PEERS ASSOCIATES,fehr-peers-associates,Fehr & Peers Associates,FEHR AND PEERS ASSOCIATES,,false
FELTON INSTITUTE,felton-institute,Felton Institute,FELTON INSTITUTE,,false
FERGUSON ENTERPRISES INC,ferguson-enterprises-inc,Ferguson Enterprises Inc,FERGUSON ENTERPRISES,,false
Ferguson Enterprises LLC,ferguson-enterprises-inc,Ferguson Enterprises Inc,FERGUSON ENTERPRISES,,false
FERGUSON WATERWORKS,ferguson-waterworks,Ferguson Waterworks,FERGUSON WATERWORKS,,false
FERMA CORPORATION,ferma-corporation,Ferma Corporation,FERMA,,false
FERNO WASHINGTON INC,ferno-washington-inc,Ferno Washington Inc,FERNO WASHINGTON,,false
FERRARA FIRE APPARATUS INC,ferrara-fire-apparatus-inc,Ferrara Fire Apparatus Inc,FERRARA FIRE APPARATUS,,false
FERRIS HOIST AND REPAIR,ferris-hoist-and-repair,Ferris Hoist and Repair,FERRIS HOIST AND REPAIR,,false
FIAM LLC,fiam-llc,Fiam LLC,FIAM,,false
FIDATO,fidato,Fidato,FIDATO,,false
FIDELITY INSTITUTIONAL ASSET MGMT TRUST,fidelity-institutional-asset-mgmt-trust,Fidelity Institutional Asset Mgmt Trust,FIDELITY INSTITUTIONAL ASSET MGMT TRUST,,false
FIDELITY MANAGEMENT TRUST CO.,fidelity-management-trust-co,Fidelity Management Trust Co.,FIDELITY MANAGEMENT TRUST,,false
FIDELITY NATIONAL TITLE COMPANY,fidelity-national-title-company,Fidelity National Title Company,FIDELITY NATIONAL TITLE,,false
Fidelity National Title Company,fidelity-national-title-company,Fidelity National Title Company,FIDELITY NATIONAL TITLE,,false
FIDELITY NATIONAL TITLE INSURANCE COMPAN,fidelity-national-title-insurance-compan,Fidelity National Title Insurance Compan,FIDELITY NATIONAL TITLE INSURANCE COMPAN,,false
FIELD PAOLI/JOSEPH CHOW & ASSOCIATES,field-paoli-joseph-chow-associates,Field Paoli/joseph Chow & Associates,FIELD PAOLI JOSEPH CHOW AND ASSOCIATES,,false
FIELDTURF USA INC,fieldturf-usa-inc,Fieldturf USA Inc,FIELDTURF USA,,false
FIELDWARE LLC,fieldware-llc,Fieldware LLC,FIELDWARE,,false
FILIPINO-AMERICAN DEVELOPMENT FOUNDATION,filipino-american-development-foundation,Filipino-american Development Foundation,FILIPINO AMERICAN DEVELOPMENT FOUNDATION,,false
FILLER SECURITY STRATEGIES INC,filler-security-strategies-inc,Filler Security Strategies Inc,FILLER SECURITY STRATEGIES,,false
FINE ARTS MUSEUMS FOUNDATION,fine-arts-museums-foundation,Fine Arts Museums Foundation,FINE ARTS MUSEUMS FOUNDATION,,false
FINE LINE CONSTRUCTION,fine-line-construction,Fine Line Construction,FINE LINE CONSTRUCTION,,false
Fire Apparatus Solutions,fire-apparatus-solutions,Fire Apparatus Solutions,FIRE APPARATUS SOLUTIONS,,false
FIRST AMERICAN TITLE COMPANY,first-american-title-company,First American Title Company,FIRST AMERICAN TITLE,,false
FIRST AMERICAN TITLE INSURANCE COMPANY,first-american-title-insurance-company,First American Title Insurance Company,FIRST AMERICAN TITLE INSURANCE,,false
First American TrustFSB,first-american-trustfsb,First American Trustfsb,FIRST AMERICAN TRUSTFSB,,false
FIRST AUTOMOTIVE DISTRIBUTORS,first-automotive-distributors,First Automotive Distributors,FIRST AUTOMOTIVE DISTRIBUTORS,,false
FIRST CALIFORNIA INVESTMENTS,first-california-investments,First California Investments,FIRST CALIFORNIA INVESTMENTS,,false
First Data Merchant Services LLC,first-data-merchant-services-llc,First Data Merchant Services LLC,FIRST DATA MERCHANT SERVICES,,false
FIRST NATIONAL INSURANCE CO OF AMERICA,first-national-insurance-co-of-america,First National Insurance Co of America,FIRST NATIONAL INSURANCE CO OF AMERICA,,false
FIRST PLACE FOR YOUTH,first-place-for-youth,First Place for Youth,FIRST PLACE FOR YOUTH,,false
FIRST REGIONAL BANK,first-regional-bank,First Regional Bank,FIRST REGIONAL BANK,,false
FIRSTWATCH,firstwatch,Firstwatch,FIRSTWATCH,,false
FIS CAPITAL MARKETS US LLC,fis-capital-markets-us-llc,Fis Capital Markets US LLC,FIS CAPITAL MARKETS US,,false
FISCAL MANAGEMENT ASSOCIATES LLC,fiscal-management-associates-llc,Fiscal Management Associates LLC,FISCAL MANAGEMENT ASSOCIATES,,false
FISCHER FRANCIS TREES & WATTS INC,fischer-francis-trees-watts-inc,Fischer Francis Trees & Watts Inc,FISCHER FRANCIS TREES AND WATTS,,false
FISHER DEVELOPMENT INC.,fisher-development-inc,Fisher Development Inc.,FISHER DEVELOPMENT,,false
FISHER HEALTHCARE,fisher-healthcare,Fisher Healthcare,FISHER HEALTHCARE,,false
FISHERMAN'S WHARF ASSOCIATION OF SF,fisherman-s-wharf-association-of-sf,Fisherman's Wharf Association of SF,FISHERMAN S WHARF ASSOCIATION OF SF,,false
FIVE KEYS SCHOOLS AND PROGRAMS,five-keys-schools-and-programs,Five Keys Schools and Programs,FIVE KEYS SCHOOLS AND PROGRAMS,,false
FIVE STAR PARKING/ELITE PARKING J/V,five-star-parking-elite-parking-j-v,Five Star Parking/elite Parking J/v,FIVE STAR PARKING ELITE PARKING J V,,false
FIVEPATHS LLC,fivepaths-llc,Fivepaths LLC,FIVEPATHS,,false
FLAME - SF FIRE DEPT (74),flame-sf-fire-dept-74,Flame - SF Fire Dept (74),FLAME SF FIRE DEPT 74,,false
FLATIRON WEST INC,flatiron-west-inc,Flatiron West Inc,FLATIRON WEST,,false
Fleetworks Inc.,fleetworks-inc,Fleetworks Inc.,FLEETWORKS,,false
FLINT TRADING INC,flint-trading-inc,Flint Trading Inc,FLINT TRADING,,false
FLIR SYSTEMS INC,flir-systems-inc,Flir Systems Inc,FLIR SYSTEMS,,false
FLOCK SAFETY,flock-safety,Flock Safety,FLOCK SAFETY,,false
FLOORTRENDS INC,floortrends-inc,Floortrends Inc,FLOORTRENDS,,false
FLORA GRUBB GARDENS,flora-grubb-gardens,Flora Grubb Gardens,FLORA GRUBB GARDENS,,false
FLORENCE CRITTENTON SERVICES,florence-crittenton-services,Florence Crittenton Services,FLORENCE CRITTENTON SERVICES,,false
Flowbird America Inc,flowbird-america-inc,Flowbird America Inc,FLOWBIRD AMERICA,,false
FLOYD S SALSER JR & ASSOC DBA MARS CO,floyd-s-salser-jr-assoc-dba-mars-co,Floyd S Salser Jr & Assoc DBA Mars Co,FLOYD S SALSER JR AND ASSOC DBA MARS,,false
FLUID GAUGE COMPANY,fluid-gauge-company,Fluid Gauge Company,FLUID GAUGE,,false
FLUORESCO LIGHTING-SIGN MAINTENANCE CORP,fluoresco-lighting-sign-maintenance-corp,Fluoresco Lighting-sign Maintenance Corp,FLUORESCO LIGHTING SIGN MAINTENANCE,,false
FLYNN RESOURCE CONSULTANTS INC,flynn-resource-consultants-inc,Flynn Resource Consultants Inc,FLYNN RESOURCE CONSULTANTS,,false
FOCIL-MB LLC,focil-mb-llc,Focil-mb LLC,FOCIL MB,,false
Follett Products LLC,follett-products-llc,Follett Products LLC,FOLLETT PRODUCTS,,false
FONG BROTHERS PRINTING INC,fong-brothers-printing-inc,Fong Brothers Printing Inc,FONG BROTHERS PRINTING,,false
FONG & CHAN AND AVIVA LITMAN CLEPER ARCH,fong-chan-and-aviva-litman-cleper-arch,Fong & Chan and Aviva Litman Cleper Arch,FONG AND CHAN AND AVIVA LITMAN CLEPER ARCH,,false
FONG & CHAN ARCHITECTS,fong-chan-architects,Fong & Chan Architects,FONG AND CHAN ARCHITECTS,,false
FONTENOY ENGINEERING INC,fontenoy-engineering-inc,Fontenoy Engineering Inc,FONTENOY ENGINEERING,,false
FORENSIC ANALYTICAL SCIENCES INC,forensic-analytical-sciences-inc,Forensic Analytical Sciences Inc,FORENSIC ANALYTICAL SCIENCES,,false
FORESITE ENGINEERING SURVEYS INC,foresite-engineering-surveys-inc,Foresite Engineering Surveys Inc,FORESITE ENGINEERING SURVEYS,,false
"FORM WHOM PRODUCTIONS, LLC",form-whom-productions-llc,"Form Whom Productions, LLC",FORM WHOM PRODUCTIONS,,false
FORT HELP LLC,fort-help-llc,Fort Help LLC,FORT HELP,,false
Fort Help Mission Inc.,fort-help-mission-inc,Fort Help Mission Inc.,FORT HELP MISSION,,false
FOUR FIFTY TOLAND LLC,four-fifty-toland-llc,Four Fifty Toland LLC,FOUR FIFTY TOLAND,,false
FOUR RIVERS SOFTWARE SYSTEMS INC,four-rivers-software-systems-inc,Four Rivers Software Systems Inc,FOUR RIVERS SOFTWARE SYSTEMS,,false
FRANCHESCA G CALLEJO,franchesca-g-callejo,Franchesca G Callejo,FRANCHESCA G CALLEJO,,false
FRANCISCAN TOWERS ASSOCIATES LP,franciscan-towers-associates-lp,Franciscan Towers Associates Lp,FRANCISCAN TOWERS ASSOCIATES,,false
FRANK A OLSEN CO,frank-a-olsen-co,Frank a Olsen Co,FRANK A OLSEN,,false
FREEDOM FORWARD,freedom-forward,Freedom Forward,FREEDOM FORWARD,,false
Freedom West Senior Partners LP,freedom-west-senior-partners-lp,Freedom West Senior Partners Lp,FREEDOM WEST SENIOR PARTNERS,,false
FREGOSI & COMPANY PAINTS INC,fregosi-company-paints-inc,Fregosi & Company Paints Inc,FREGOSI AND COMPANY PAINTS,,false
FREMONT BANK,fremont-bank,Fremont Bank,FREMONT BANK,,false
Fremont Hospital,fremont-hospital,Fremont Hospital,FREMONT HOSPITAL,,false
FRESENIUS USA INC,fresenius-usa-inc,Fresenius USA Inc,FRESENIUS USA,,false
FRESHPOINT SAN FRANCISCO,freshpoint-san-francisco,Freshpoint San Francisco,FRESHPOINT SAN FRANCISCO,,false
FRIAS TRANSPORTATION INFRASTRUCTURE LLC,frias-transportation-infrastructure-llc,Frias Transportation Infrastructure LLC,FRIAS TRANSPORTATION INFRASTRUCTURE,,false
FRIENDS OF THE URBAN FOREST,friends-of-the-urban-forest,Friends of the Urban Forest,FRIENDS OF THE URBAN FOREST,,false
FRIENDSHIP HOUSE ASSOC OF AMERICAN INDIA,friendship-house-assoc-of-american-india,Friendship House Assoc of American India,FRIENDSHIP HOUSE ASSOC OF AMERICAN INDIA,,false
FRINGE BENEFITS MANAGEMENT CO,fringe-benefits-management-co,Fringe Benefits Management Co,FRINGE BENEFITS MANAGEMENT,,false
Front Porch Communities Foundation,front-porch-communities-foundation,Front Porch Communities Foundation,FRONT PORCH COMMUNITIES FOUNDATION,,false
FRONTIER CONSTRUCTION COMPANY INC,frontier-construction-company-inc,Frontier Construction Company Inc,FRONTIER CONSTRUCTION,,false
Frontier Energy Inc.,frontier-energy-inc,Frontier Energy Inc.,FRONTIER ENERGY,,false
FSP PPM MANAGEMENT LLC,fsp-ppm-management-llc,Fsp Ppm Management LLC,FSP PPM MANAGEMENT,,false
FUGRO WEST INC,fugro-west-inc,Fugro West Inc,FUGRO WEST,,false
FUJIFILM SONOSITE INC,fujifilm-sonosite-inc,Fujifilm Sonosite Inc,FUJIFILM SONOSITE,,false
FUSEIDEAS/EIS DESIGN,fuseideas-eis-design,Fuseideas/eis Design,FUSEIDEAS EIS DESIGN,,false
FUSIONSTORM,fusionstorm,Fusionstorm,FUSIONSTORM,,false
Future Chevrolet of Sacramento,future-chevrolet-of-sacramento,Future Chevrolet of Sacramento,FUTURE CHEVROLET OF SACRAMENTO,,false
FX CONCEPTS LLC,fx-concepts-llc,Fx Concepts LLC,FX CONCEPTS,,false
G B K ENTERPRISES,g-b-k-enterprises,G B K Enterprises,G B K ENTERPRISES,,false
G-C LUBRICANTS COMPANY,g-c-lubricants-company,G-c Lubricants Company,G C LUBRICANTS,,false
G E CHEN CONSTRUCTION INC,g-e-chen-construction-inc,G E Chen Construction Inc,G E CHEN CONSTRUCTION,,false
G&E/GTC JV,g-e-gtc-jv,G&e/gtc JV,G AND E GTC JV,,false
G E HYDRO POWER INC,g-e-hydro-power-inc,G E Hydro Power Inc,G E HYDRO POWER,,false
G E I CONSULTANTS INC.,g-e-i-consultants-inc,G E I Consultants Inc.,G E I CONSULTANTS,,false
G&G BUILDERS INC,g-g-builders-inc,G&g Builders Inc,G AND G BUILDERS,,false
G & G SPECIALTY CONTRACTORS INC,g-g-specialty-contractors-inc,G & G Specialty Contractors Inc,G AND G SPECIALTY CONTRACTORS,,false
G & I MISSION LLC,g-i-mission-llc,G & I Mission LLC,G AND I MISSION,,false
G M G JANITORIAL INC,g-m-g-janitorial-inc,G M G Janitorial Inc,G M G JANITORIAL,,false
G.Y. ENGINEERING CO,g-y-engineering-co,G.y. Engineering Co,G Y ENGINEERING,,false
G4S JUSTICE SERVICES LLC,g4s-justice-services-llc,G4s Justice Services LLC,G4S JUSTICE SERVICES,,false
G4S SECURE INTEGRATION LLC,g4s-secure-integration-llc,G4s Secure Integration LLC,G4S SECURE INTEGRATION,,false
G4S TECHNOLOGY LIMITED PARTNERSHIP,g4s-technology-limited-partnership,G4s Technology Limited Partnership,G4S TECHNOLOGY LIMITED PARTNERSHIP,,false
Gaetani Real Estate,gaetani-real-estate,Gaetani Real Estate,GAETANI REAL ESTATE,,false
GALERIA DE LA RAZA/STUDIO 24,galeria-de-la-raza-studio-24,Galeria de La Raza/studio 24,GALERIA DE LA RAZA STUDIO 24,,false
GALINDO INSTALLATION & MOVING SERVICES,galindo-installation-moving-services,Galindo Installation & Moving Services,GALINDO INSTALLATION AND MOVING SERVICES,,false
GALLIERA INC DBA TRICO CONSTRUCTION,galliera-inc-dba-trico-construction,Galliera Inc DBA Trico Construction,GALLIERA INC DBA TRICO CONSTRUCTION,,false
GALLS LLC,galls-llc,Galls LLC,GALLS,,false
GALLS LLC QUARTERMASTER LLC,galls-llc-quartermaster-llc,Galls LLC Quartermaster LLC,GALLS LLC QUARTERMASTER,,false
GALLS/LONG BEACH UNIFORM,galls-long-beach-uniform,Galls/long Beach Uniform,GALLS LONG BEACH UNIFORM,,false
GANNETT FLEMING INC,gannett-fleming-inc,Gannett Fleming Inc,GANNETT FLEMING,,false
GARCIA SALES LLC,garcia-sales-llc,Garcia Sales LLC,GARCIA SALES,,false
GARRATT-CALLAHAN COMPANY,garratt-callahan-company,Garratt-callahan Company,GARRATT CALLAHAN,,false
GARRY A PRENETA ATTORNEY AT LAW,garry-a-preneta-attorney-at-law,Garry a Preneta Attorney at Law,GARRY A PRENETA ATTORNEY AT LAW,,false
GARTNER INC,gartner-inc,Gartner Inc.,GARTNER,,false
Gartner Inc.,gartner-inc,Gartner Inc.,GARTNER,,false
GASHOUSE COVE MARINA INC,gashouse-cove-marina-inc,Gashouse Cove Marina Inc,GASHOUSE COVE MARINA,,false
GCS ENVIRONMENTAL EQUIPMENT SERVICES INC,gcs-environmental-equipment-services-inc,Gcs Environmental Equipment Services Inc,GCS ENVIRONMENTAL EQUIPMENT SERVICES,,false
GE HEALTHCARE,ge-healthcare,Ge Healthcare,GE HEALTHCARE,,false
GE PACKAGED POWER INC,ge-packaged-power-inc,Ge Packaged Power Inc,GE PACKAGED POWER,,false
GE Renewables US LLC,ge-renewables-us-llc,Ge Renewables US LLC,GE RENEWABLES US,,false
GE TRANSPORTATION PARTS LLC,ge-transportation-parts-llc,Ge Transportation Parts LLC,GE TRANSPORTATION PARTS,,false
GEARY HOUSING PARTNERS LP,geary-housing-partners-lp,Geary Housing Partners Lp,GEARY HOUSING PARTNERS,,false
GEARY SENIOR HOUSING INC,geary-senior-housing-inc,Geary Senior Housing Inc,GEARY SENIOR HOUSING,,false
GEARY ST. MOTEL INVESTMENTS INC,geary-st-motel-investments-inc,Geary St. Motel Investments Inc,GEARY ST MOTEL INVESTMENTS,,false
GECMS Inc,gecms-inc,Gecms Inc,GECMS,,false
GEMALTO COGENT INC,gemalto-cogent-inc,Gemalto Cogent Inc,GEMALTO COGENT,,false
GEN-PROBE SLS & SVC INC(SUB HOLOGIC INC),gen-probe-sls-svc-inc-sub-hologic-inc,Gen-probe Sls & Svc Inc(sub Hologic Inc),GEN PROBE SLS AND SVC INC SUB HOLOGIC,,false
GENERAL ELECTRIC COMPANY,general-electric-company,General Electric Company,GENERAL ELECTRIC,,false
GENERAL ELECTRIC INTERNATION INC,general-electric-internation-inc,General Electric Internation Inc,GENERAL ELECTRIC INTERNATION,,false
Generation Investment Management US LLP,generation-investment-management-us-llp,Generation Investment Management US Llp,GENERATION INVESTMENT MANAGEMENT US,,false
GENEX SERVICES INC,genex-services-inc,Genex Services Inc,GENEX SERVICES,,false
GENFARE,genfare,Genfare,GENFARE,,false
Genfare LLC,genfare,Genfare,GENFARE,,false
Gensigma LLC,gensigma-llc,Gensigma LLC,GENSIGMA,,false
GENTLE PARKING LLC,gentle-parking-llc,Gentle Parking LLC,GENTLE PARKING,,false
GEORGE E SANSOUCY PE LLC,george-e-sansoucy-pe-llc,George E Sansoucy Pe LLC,GEORGE E SANSOUCY PE,,false
GEORGE V LAZARUS ATTORNEY AT LAW,george-v-lazarus-attorney-at-law,George V Lazarus Attorney at Law,GEORGE V LAZARUS ATTORNEY AT LAW,,false
GEORGE W BORGES ATTY-AT-LAW,george-w-borges-atty-at-law,George W Borges Atty-at-law,GEORGE W BORGES ATTY AT LAW,,false
GEOSTABILIZATION INTERNATIONAL LLC,geostabilization-international-llc,Geostabilization International LLC,GEOSTABILIZATION INTERNATIONAL,,false
Geotab USA Inc.,geotab-usa-inc,Geotab USA Inc.,GEOTAB USA,,false
GEOTECHNICAL CONSULTANTS INC,geotechnical-consultants-inc,Geotechnical Consultants Inc,GEOTECHNICAL CONSULTANTS,,false
GERALDINE O'BRIEN,geraldine-o-brien,Geraldine O'brien,GERALDINE O BRIEN,,false
GERSON/OVERSTREET ARCHITECTS,gerson-overstreet-architects,Gerson/overstreet Architects,GERSON OVERSTREET ARCHITECTS,,false
GERWICK-SDE JV,gerwick-sde-jv,Gerwick-sde JV,GERWICK SDE JV,,false
GETINGE USA INC,getinge-usa-inc,Getinge USA Inc,GETINGE USA,,false
Getinge USA Sales LLC,getinge-usa-sales-llc,Getinge USA Sales LLC,GETINGE USA SALES,,false
GHD-AGS JOINT VENTURE,ghd-ags-joint-venture,Ghd-ags Joint Venture,GHD AGS JOINT VENTURE,,false
GHD-GTC JV,ghd-gtc-jv,Ghd-gtc JV,GHD GTC JV,,false
GHD HCI JV,ghd-hci-jv,Ghd Hci JV,GHD HCI JV,,false
GHD INC & TELAMON ENGINEERING CNSLTS JV,ghd-inc-telamon-engineering-cnslts-jv,Ghd Inc & Telamon Engineering Cnslts JV,GHD INC AND TELAMON ENGINEERING CNSLTS JV,,false
GHD STRUCTUS JV,ghd-structus-jv,Ghd Structus JV,GHD STRUCTUS JV,,false
GHILOTTI BROS INC,ghilotti-bros-inc,Ghilotti Bros Inc,GHILOTTI BROS,,false
GIAMPOLINI & CO PAINTING CONTRACTORS,giampolini-co-painting-contractors,Giampolini & Co Painting Contractors,GIAMPOLINI AND CO PAINTING CONTRACTORS,,false
GILLIG LLC,gillig-llc,Gillig LLC,GILLIG,,false
GILMORE SERVICES,gilmore-services,Gilmore Services,GILMORE SERVICES,,false
Girls on The Run of The Bay Area,girls-on-the-run-of-the-bay-area,Girls On the Run of the Bay Area,GIRLS ON THE RUN OF THE BAY AREA,,false
GIRON CONSTRUCTION,giron-construction,Giron Construction,GIRON CONSTRUCTION,,false
GIVE SOMETHING BACK INC,give-something-back-inc,Give Something Back Inc,GIVE SOMETHING BACK,,false
GLAXOSMITHKLINE,glaxosmithkline,Glaxosmithkline,GLAXOSMITHKLINE,,false
GLBT HISTORICAL SOCIETY,glbt-historical-society,Glbt Historical Society,GLBT HISTORICAL SOCIETY,,false
GLEN PARK MARKET PLACE HOA,glen-park-market-place-hoa,Glen Park Market Place Hoa,GLEN PARK MARKET PLACE HOA,,false
GLENEAGLES GOLF PARTNERS LP,gleneagles-golf-partners-lp,Gleneagles Golf Partners Lp,GLENEAGLES GOLF PARTNERS,,false
GLIDE COMMUNITY HOUSING INC,glide-community-housing-inc,Glide Community Housing Inc,GLIDE COMMUNITY HOUSING,,false
GLIDE ECONOMIC DEVELOPMENT CORP,glide-economic-development-corp,Glide Economic Development Corp,GLIDE ECONOMIC DEVELOPMENT,,false
GLIDE FOUNDATION,glide-foundation,Glide Foundation,GLIDE FOUNDATION,,false
GLIDE MEMORIAL UNITED METHODIST CHURCH,glide-memorial-united-methodist-church,Glide Memorial United Methodist Church,GLIDE MEMORIAL UNITED METHODIST CHURCH,,false
GLOBAL EXCHANGE,global-exchange,Global Exchange,GLOBAL EXCHANGE,,false
GLOBAL INDUSTRIES INC,global-industries-inc,Global Industries Inc,GLOBAL INDUSTRIES,,false
GLOBE ELECTRIC CO,globe-electric-co,Globe Electric Co,GLOBE ELECTRIC,,false
GLOBE TICKET,globe-ticket,Globe Ticket,GLOBE TICKET,,false
GLOBE TRANSPORTATION GRAPHICS,globe-transportation-graphics,Globe Transportation Graphics,GLOBE TRANSPORTATION GRAPHICS,,false
GOLD SPRING CONSTRUCTION CO,gold-spring-construction-co,Gold Spring Construction Co,GOLD SPRING CONSTRUCTION,,false
GOLDEN BAY FENCE PLUS IRONWORKS INC,golden-bay-fence-plus-ironworks-inc,Golden Bay Fence Plus Ironworks Inc,GOLDEN BAY FENCE PLUS IRONWORKS,,false
GOLDEN BEAR ASSOCIATES,golden-bear-associates,Golden Bear Associates,GOLDEN BEAR ASSOCIATES,,false
GOLDEN GATE BANK,golden-gate-bank,Golden Gate Bank,GOLDEN GATE BANK,,false
GOLDEN GATE BRIDGE HWY & TRNSPRTN DIST,golden-gate-bridge-hwy-trnsprtn-dist,Golden Gate Bridge Hwy & Trnsprtn Dist,GOLDEN GATE BRIDGE HWY AND TRNSPRTN DIST,,false
Golden Gate Cannabis Company,golden-gate-cannabis-company,Golden Gate Cannabis Company,GOLDEN GATE CANNABIS,,false
GOLDEN GATE CONSTRUCTORS,golden-gate-constructors,Golden Gate Constructors,GOLDEN GATE CONSTRUCTORS,,false
Golden Gate Park Band,golden-gate-park-band,Golden Gate Park Band,GOLDEN GATE PARK BAND,,false
GOLDEN GATE PARK GOLF COURSE,golden-gate-park-golf-course,Golden Gate Park Golf Course,GOLDEN GATE PARK GOLF COURSE,,false
GOLDEN GATE PETROLEUM,golden-gate-petroleum,Golden Gate Petroleum,GOLDEN GATE PETROLEUM,,false
GOLDEN GATE SENIOR SRVS,golden-gate-senior-srvs,Golden Gate Senior Srvs,GOLDEN GATE SENIOR SRVS,,false
GOLDEN GATE TRUCK CENTER,golden-gate-truck-center,Golden Gate Truck Center,GOLDEN GATE TRUCK CENTER,,false
GOLDEN GATEWAY CENTER SPE LLC,golden-gateway-center-spe-llc,Golden Gateway Center Spe LLC,GOLDEN GATEWAY CENTER SPE,,false
GOLDEN STATE CARPET SERVICE INC,golden-state-carpet-service-inc,Golden State Carpet Service Inc,GOLDEN STATE CARPET SERVICE,,false
GOLDEN STATE PORTABLES LLC,golden-state-portables-llc,Golden State Portables LLC,GOLDEN STATE PORTABLES,,false
GOLDENGATE DOOR & WINDOW INC,goldengate-door-window-inc,Goldengate Door & Window Inc,GOLDENGATE DOOR AND WINDOW,,false
GOLDMAN SACHS ASSET MANAGEMENT LP,goldman-sachs-asset-management-lp,Goldman Sachs Asset Management Lp,GOLDMAN SACHS ASSET MANAGEMENT,,false
Good Guard Security Inc.,good-guard-security-inc,Good Guard Security Inc.,GOOD GUARD SECURITY,,false
GOOD SAMARITAN FAMILY RESOURCE CTR INC,good-samaritan-family-resource-ctr-inc,Good Samaritan Family Resource Ctr Inc,GOOD SAMARITAN FAMILY RESOURCE CTR,,false
GOOD SAMARITAN FAMILY RESOURCE CTR OF SF,good-samaritan-family-resource-ctr-of-sf,Good Samaritan Family Resource Ctr of SF,GOOD SAMARITAN FAMILY RESOURCE CTR OF SF,,false
Goodfellow Bros. California LLC,goodfellow-bros-california-llc,Goodfellow Bros. California LLC,GOODFELLOW BROS CALIFORNIA,,false
GOODWILL INDUST OF S F SAN MATEO & MARIN,goodwill-indust-of-s-f-san-mateo-marin,Goodwill Indust of S F San Mateo & Marin,GOODWILL INDUST OF S F SAN MATEO AND MARIN,,false
GOODWILL OF THE SAN FRANCISCO BAY,goodwill-of-the-san-francisco-bay,Goodwill of the San Francisco Bay,GOODWILL OF THE SAN FRANCISCO BAY,,false
Goodwill SF Urban Development LLC,goodwill-sf-urban-development-llc,Goodwill SF Urban Development LLC,GOODWILL SF URBAN DEVELOPMENT,,false
GORDON-CREED KELLEY HOLL & SUGARMAN LL,gordon-creed-kelley-holl-sugarman-ll,Gordon-creed Kelley Holl & Sugarman Ll,GORDON CREED KELLEY HOLL AND SUGARMAN LL,,false
GORDON N BALL INC,gordon-n-ball-inc,Gordon N Ball Inc,GORDON N BALL,,false
GORDON N BALL INC/YERBA BUENA ENGRG JV,gordon-n-ball-inc-yerba-buena-engrg-jv,Gordon N Ball Inc/yerba Buena Engrg JV,GORDON N BALL INC YERBA BUENA ENGRG JV,,false
GORDON PROPERTY MANAGEMENT,gordon-property-management,Gordon Property Management,GORDON PROPERTY MANAGEMENT,,false
GOUGH CLUB LLC,gough-club-llc,Gough Club LLC,GOUGH CLUB,,false
GOVERNMENT SCIENTIFIC SOURCE,government-scientific-source,Government Scientific Source,GOVERNMENT SCIENTIFIC SOURCE,,false
GOVERNMENT SCIENTIFIC SOURCE INC,government-scientific-source,Government Scientific Source,GOVERNMENT SCIENTIFIC SOURCE,,false
GOW SUPPLY COMPANY,gow-supply-company,Gow Supply Company,GOW SUPPLY,,false
GP TODCO-A INC,gp-todco-a-inc,Gp Todco-a Inc,GP TODCO A,,false
GPS INSIGHT LLC,gps-insight-llc,Gps Insight LLC,GPS INSIGHT,,false
GRAINGER,grainger,Grainger,GRAINGER,,false
Granite Construction Company,granite-construction-company,Granite Construction Company,GRANITE CONSTRUCTION,,false
"GRANITE EXCAVATION & DEMOLITION, INC.",granite-excavation-demolition-inc,"Granite Excavation & Demolition, Inc.",GRANITE EXCAVATION AND DEMOLITION,,false
GRANITE ROCK CO,granite-rock-co,Granite Rock Co,GRANITE ROCK,,false
Grant Street Group Inc,grant-street-group-inc,Grant Street Group Inc,GRANT STREET GROUP,,false
GRAPHIX LAB LLC.,graphix-lab-llc,Graphix Lab Llc.,GRAPHIX LAB,,false
GREATER BAY TRUST COMPANY,greater-bay-trust-company,Greater Bay Trust Company,GREATER BAY TRUST,,false
GREATER FARALLONES ASSOCIATION,greater-farallones-association,Greater Farallones Association,GREATER FARALLONES ASSOCIATION,,false
GREEN DREAM INTERNATIONAL LLC,green-dream-international-llc,Green Dream International LLC,GREEN DREAM INTERNATIONAL,,false
Green Field Management Corp,green-field-management-corp,Green Field Management Corp,GREEN FIELD MANAGEMENT,,false
GREENE RADOVSKY MALONEY SHARE & HENNIGH,greene-radovsky-maloney-share-hennigh,Greene Radovsky Maloney Share & Hennigh,GREENE RADOVSKY MALONEY SHARE AND HENNIGH,,false
Greenprint Partners,greenprint-partners,Greenprint Partners,GREENPRINT PARTNERS,,false
GREGORY ELECTRIC INC,gregory-electric-inc,Gregory Electric Inc,GREGORY ELECTRIC,,false
GRID ONE SOLUTIONS INC,grid-one-solutions-inc,Grid One Solutions Inc,GRID ONE SOLUTIONS,,false
GRID SUBJECT MATTER EXPERTS (GRIDSME),grid-subject-matter-experts-gridsme,Grid Subject Matter Experts (gridsme),GRID SUBJECT MATTER EXPERTS GRIDSME,,false
GRM INFORMATION MANAGEMENT SERVICES,grm-information-management-services,Grm Information Management Services,GRM INFORMATION MANAGEMENT SERVICES,,false
GROENIGER & COMPANY,groeniger-company,Groeniger & Company,GROENIGER AND,,false
Ground Control inc.,ground-control-inc,Ground Control Inc.,GROUND CONTROL,,false
Grove Street Development LP,grove-street-development-lp,Grove Street Development Lp,GROVE STREET DEVELOPMENT,,false
GROWTH & LEARNING OPPORTUNITIES,growth-learning-opportunities,Growth & Learning Opportunities,GROWTH AND LEARNING OPPORTUNITIES,,false
GSW Construction Inc.,gsw-construction-inc,Gsw Construction Inc.,GSW CONSTRUCTION,,false
GUARDSMARK,guardsmark,Guardsmark,GUARDSMARK,,false
GUM MOON RESIDENCE HALL,gum-moon-residence-hall,Gum Moon Residence Hall,GUM MOON RESIDENCE HALL,,false
GUZMAN SPORT SHOP,guzman-sport-shop,Guzman Sport Shop,GUZMAN SPORT SHOP,,false
GYM PRECISION,gym-precision,Gym Precision,GYM PRECISION,,false
H D R ENGINEERING INC,h-d-r-engineering-inc,H D R Engineering Inc,H D R ENGINEERING,,false
H & L INTERNATIONAL INC,h-l-international-inc,H & L International Inc,H AND L INTERNATIONAL,,false
H N T B CORP,h-n-t-b-corp,H N T B Corp,H N T B,,false
H R N SERVICES INC,h-r-n-services-inc,H R N Services Inc,H R N SERVICES,,false
H2O Water Company,h2o-water-company,H2o Water Company,H2O WATER,,false
H3 SUPPLIES,h3-supplies,H3 Supplies,H3 SUPPLIES,,false
Habitat Potential,habitat-potential,Habitat Potential,HABITAT POTENTIAL,,false
HACH COMPANY,hach-company,Hach Company,HACH,,false
HAGENSEN PACIFIC CONSTRUCTION INC,hagensen-pacific-construction-inc,Hagensen Pacific Construction Inc,HAGENSEN PACIFIC CONSTRUCTION,,false
HAIGHT ASHBURY NEIGHBORHOOD COUNCIL,haight-ashbury-neighborhood-council,Haight Ashbury Neighborhood Council,HAIGHT ASHBURY NEIGHBORHOOD COUNCIL,,false
HAIGHT STREET SENIOR HOUSING INC,haight-street-senior-housing-inc,Haight Street Senior Housing Inc,HAIGHT STREET SENIOR HOUSING,,false
HALEY & ALDRICH INC,haley-aldrich-inc,Haley & Aldrich Inc,HALEY AND ALDRICH,,false
HALLMARK AVIATION SERVICES LP,hallmark-aviation-services-lp,Hallmark Aviation Services Lp,HALLMARK AVIATION SERVICES,,false
HAMILTON & AITKEN ARCHITECTS,hamilton-aitken-architects,Hamilton & Aitken Architects,HAMILTON AND AITKEN ARCHITECTS,,false
Hamilton Company,hamilton-company,Hamilton Company,HAMILTON,,false
HAMILTON FAMILIES,hamilton-families,Hamilton Families,HAMILTON FAMILIES,,false
HAMILTON FAMILY CENTER,hamilton-family-center,Hamilton Family Center,HAMILTON FAMILY CENTER,,false
Hamlin Hotel L.P.,hamlin-hotel-l-p,Hamlin Hotel L.p.,HAMLIN HOTEL L P,,false
HANSEL FORD INC,hansel-ford-inc,Hansel Ford Inc,HANSEL FORD,,false
HANSEL TOYOTA,hansel-toyota,Hansel Toyota,HANSEL TOYOTA,,false
HANSON AGGREGATES MID-PACIFIC INC,hanson-aggregates-mid-pacific-inc,Hanson Aggregates Mid-pacific Inc,HANSON AGGREGATES MID PACIFIC,,false
Happy Pier LLC,happy-pier-llc,Happy Pier LLC,HAPPY PIER,,false
HARDER & COMPANY COMMUNITY RESEARCH,harder-company-community-research,Harder & Company Community Research,HARDER AND COMPANY COMMUNITY RESEARCH,,false
HARLEY ELLIS DEVEREAUX CORP,harley-ellis-devereaux-corp,Harley Ellis Devereaux Corp,HARLEY ELLIS DEVEREAUX,,false
HARM REDUCTION COALITION,harm-reduction-coalition,Harm Reduction Coalition,HARM REDUCTION COALITION,,false
HARM REDUCTION THERAPY CENTER,harm-reduction-therapy-center,Harm Reduction Therapy Center,HARM REDUCTION THERAPY CENTER,,false
HARMONY HEALTHCARE IT,harmony-healthcare-it,Harmony Healthcare It,HARMONY HEALTHCARE IT,,false
HARNEY PROPERTIES,harney-properties,Harney Properties,HARNEY PROPERTIES,,false
HARRIS B TABACK,harris-b-taback,Harris B Taback,HARRIS B TABACK,,false
HARRIS CORPORATION,harris-corporation,Harris Corporation,HARRIS,,false
Harris Corrections Solutions Inc.,harris-corrections-solutions-inc,Harris Corrections Solutions Inc.,HARRIS CORRECTIONS SOLUTIONS,,false
HARRISON ASSETS LLC,harrison-assets-llc,Harrison Assets LLC,HARRISON ASSETS,,false
HARRISON & BONINI INC,harrison-bonini-inc,Harrison & Bonini Inc,HARRISON AND BONINI,,false
HARRISON FREMONT LLC,harrison-fremont-llc,Harrison Fremont LLC,HARRISON FREMONT,,false
Harsco Metro Rail LLC,harsco-metro-rail-llc,Harsco Metro Rail LLC,HARSCO METRO RAIL,,false
Hartford Life and Accident Insurance,hartford-life-and-accident-insurance,Hartford Life and Accident Insurance,HARTFORD LIFE AND ACCIDENT INSURANCE,,false
HARTY PIPELINE INC,harty-pipeline-inc,Harty Pipeline Inc,HARTY PIPELINE,,false
HARVEY M ROSE ASSOCIATES LLC,harvey-m-rose-associates-llc,Harvey M Rose Associates LLC,HARVEY M ROSE ASSOCIATES,,false
HASA INC,hasa-inc,Hasa Inc,HASA,,false
HATCH ASSOCIATES CONSULTANTS INC,hatch-associates-consultants-inc,Hatch Associates Consultants Inc,HATCH ASSOCIATES CONSULTANTS,,false
HATCHUEL TABERNIK & ASSOCIATES INC,hatchuel-tabernik-associates-inc,Hatchuel Tabernik & Associates Inc,HATCHUEL TABERNIK AND ASSOCIATES,,false
Haus of Dewo,haus-of-dewo,Haus of Dewo,HAUS OF DEWO,,false
HAWAII PACIFIC INTERNATIONAL,hawaii-pacific-international,Hawaii Pacific International,HAWAII PACIFIC INTERNATIONAL,,false
Hayes Valley III L.P.,hayes-valley-iii-l-p,Hayes Valley Iii L.p.,HAYES VALLEY III L P,,false
Hayes Valley IV L.P.,hayes-valley-iv-l-p,Hayes Valley Iv L.p.,HAYES VALLEY IV L P,,false
Hazel Eddy Woolsey LLC,hazel-eddy-woolsey-llc,Hazel Eddy Woolsey LLC,HAZEL EDDY WOOLSEY,,false
HAZEN AND SAWYER,hazen-and-sawyer,Hazen and Sawyer,HAZEN AND SAWYER,,false
HAZEN AND SAWYER - AVILA JV,hazen-and-sawyer-avila-jv,Hazen and Sawyer - Avila JV,HAZEN AND SAWYER AVILA JV,,false
Hazen-Avila-Dabri JV,hazen-avila-dabri-jv,Hazen-avila-dabri JV,HAZEN AVILA DABRI JV,,false
Hazen-LEE JV,hazen-lee-jv,Hazen-lee JV,HAZEN LEE JV,,false
hbaileygroup,hbaileygroup,Hbaileygroup,HBAILEYGROUP,,false
HCI Advisory Group,hci-advisory-group,Hci Advisory Group,HCI ADVISORY GROUP,,false
HEADWORKS INC,headworks-inc,Headworks Inc,HEADWORKS,,false
HEALTH ADVOCATES LLC,health-advocates-llc,Health Advocates LLC,HEALTH ADVOCATES,,false
HEALTH INITIATIVES FOR YOUTH,health-initiatives-for-youth,Health Initiatives for Youth,HEALTH INITIATIVES FOR YOUTH,,false
HEALTH MANAGEMENT ASSOCIATES INC,health-management-associates-inc,Health Management Associates Inc,HEALTH MANAGEMENT ASSOCIATES,,false
Health Net,health-net,Health Net,HEALTH NET,,false
Health Services Advisory Group Inc,health-services-advisory-group-inc,Health Services Advisory Group Inc,HEALTH SERVICES ADVISORY GROUP,,false
HEALTHCARE DESIGN SOLUTIONS,healthcare-design-solutions,Healthcare Design Solutions,HEALTHCARE DESIGN SOLUTIONS,,false
HEALTHCARE IT LEADERS LLC,healthcare-it-leaders-llc,Healthcare It Leaders LLC,HEALTHCARE IT LEADERS,,false
HEALTHRIGHT 360,healthright-360,Healthright 360,HEALTHRIGHT 360,,false
Heather Hill Riding Center LLC,heather-hill-riding-center-llc,Heather Hill Riding Center LLC,HEATHER HILL RIDING CENTER,,false
HEAVY EQUIPMENT PARTS INC,heavy-equipment-parts-inc,Heavy Equipment Parts Inc,HEAVY EQUIPMENT PARTS,,false
HELIOS HEALTHCARE LLC,helios-healthcare-llc,Helios Healthcare LLC,HELIOS HEALTHCARE,,false
HELLMUTH OBATA & KASSABAUM INC,hellmuth-obata-kassabaum-inc,Hellmuth Obata & Kassabaum Inc,HELLMUTH OBATA AND KASSABAUM,,false
HELLMUTH OBATA + KASSABAUM INC,hellmuth-obata-kassabaum-inc,Hellmuth Obata + Kassabaum Inc,HELLMUTH OBATA KASSABAUM,,false
Help a Mother Out,help-a-mother-out,Help a Mother Out,HELP A MOTHER OUT,,false
HELUNA HEALTH,heluna-health,Heluna Health,HELUNA HEALTH,,false
Hemostasis LLC,hemostasis-llc,Hemostasis LLC,HEMOSTASIS,,false
HENRY BROS ELECTRONICS,henry-bros-electronics,Henry Bros Electronics,HENRY BROS ELECTRONICS,,false
HENRY J KAISER FAMILY FOUNDATION,henry-j-kaiser-family-foundation,Henry J Kaiser Family Foundation,HENRY J KAISER FAMILY FOUNDATION,,false
Henry's Auto Supply,henry-s-auto-supply,Henry's Auto Supply,HENRY S AUTO SUPPLY,,false
HENRY SCHEIN INC,henry-schein-inc,Henry Schein Inc,HENRY SCHEIN,,false
HENSEL PHELPS CONSTRUCTION CO,hensel-phelps-construction-co,Hensel Phelps Construction Co,HENSEL PHELPS CONSTRUCTION,,false
HERC RENTALS INC,herc-rentals-inc,Herc Rentals Inc,HERC RENTALS,,false
HERIOT INVESTIGATIONS,heriot-investigations,Heriot Investigations,HERIOT INVESTIGATIONS,,false
HERITAGE LANDSCAPE SUPPLY GROUP INC,heritage-landscape-supply-group-inc,Heritage Landscape Supply Group Inc,HERITAGE LANDSCAPE SUPPLY GROUP,,false
HERITAGE SYSTEMS INC,heritage-systems-inc,Heritage Systems Inc,HERITAGE SYSTEMS,,false
HERTZ CORPORATION THE,hertz-corporation-the,Hertz Corporation the,HERTZ CORPORATION THE,,false
Hetchy CM Partners JV,hetchy-cm-partners-jv,Hetchy Cm Partners JV,HETCHY CM PARTNERS JV,,false
HEWLETT-PACKARD CO,hewlett-packard-co,Hewlett-packard Co,HEWLETT PACKARD,,false
HEWLETT-PACKARD FINANCIAL SERVICES,hewlett-packard-financial-services,Hewlett-packard Financial Services,HEWLETT PACKARD FINANCIAL SERVICES,,false
HI-TECH EMERGENCY VEHICLE SERVICE INC,hi-tech-emergency-vehicle-service-inc,Hi-tech Emergency Vehicle Service Inc,HI TECH EMERGENCY VEHICLE SERVICE,,false
HICKLIN ENGINEERING DBA SUPERFLOW,hicklin-engineering-dba-superflow,Hicklin Engineering DBA Superflow,HICKLIN ENGINEERING DBA SUPERFLOW,,false
HICO AMERICA SALES & TECHNOLOGY INC,hico-america-sales-technology-inc,Hico America Sales & Technology Inc,HICO AMERICA SALES AND TECHNOLOGY,,false
HID GLOBAL SAFE INC,hid-global-safe-inc,Hid Global Safe Inc,HID GLOBAL SAFE,,false
High Desert Power Project LLC,high-desert-power-project-llc,High Desert Power Project LLC,HIGH DESERT POWER PROJECT,,false
HILL INTERNATIONAL INC,hill-international-inc,Hill International Inc,HILL INTERNATIONAL,,false
HILL+KNOWLTON STRATEGIES,hill-knowlton-strategies-llc,Hill + Knowlton Strategies LLC,HILL KNOWLTON STRATEGIES,,false
Hill + Knowlton Strategies LLC,hill-knowlton-strategies-llc,Hill + Knowlton Strategies LLC,HILL KNOWLTON STRATEGIES,,false
HILL-ROM CO INC,hill-rom-co-inc,Hill-rom Co Inc,HILL ROM,,false
HILL-ROM COMPANY INC,hill-rom-co-inc,Hill-rom Co Inc,HILL ROM,,false
Hillard Heintze LLC,hillard-heintze-llc,Hillard Heintze LLC,HILLARD HEINTZE,,false
HILTON SONOMA WINE COUNTRY,hilton-sonoma-wine-country,Hilton Sonoma Wine Country,HILTON SONOMA WINE COUNTRY,,false
HISTORIC PIER 70 LLC,historic-pier-70-llc,Historic Pier 70 LLC,HISTORIC PIER 70,,false
HITACHI RAIL GTS USA INC,hitachi-rail-gts-usa-inc,Hitachi Rail Gts USA Inc,HITACHI RAIL GTS USA,,false
HITACHI RAIL USA INC,hitachi-rail-usa-inc,Hitachi Rail USA Inc,HITACHI RAIL USA,,false
HKS ARCHITECTS INC,hks-architects-inc,Hks Architects Inc,HKS ARCHITECTS,,false
HNTB - B&C JOINT VENTURE,hntb-b-c-joint-venture,Hntb - B&c Joint Venture,HNTB B AND C JOINT VENTURE,,false
HNTB - TSE JOINT VENTURE,hntb-tse-joint-venture,Hntb - Tse Joint Venture,HNTB TSE JOINT VENTURE,,false
HOBART SERVICE,hobart-service,Hobart Service,HOBART SERVICE,,false
HOK/MCA JV,hok-mca-jv,Hok/mca JV,HOK MCA JV,,false
HOLLAND & KNIGHT LLP,holland-knight-llp,Holland & Knight Llp,HOLLAND AND KNIGHT,,false
HOLLINS CONSULTING INC,hollins-consulting-inc,Hollins Consulting Inc,HOLLINS CONSULTING,,false
HOLME ROBERTS & OWEN LLP,holme-roberts-owen-llp,Holme Roberts & Owen Llp,HOLME ROBERTS AND OWEN,,false
HOLOGIC INC,hologic-inc,Hologic Inc,HOLOGIC,,false
Hologic Sales and Service LLC,hologic-sales-and-service-llc,Hologic Sales and Service LLC,HOLOGIC SALES AND SERVICE,,false
HOLY FAMILY DAY HOME INC,holy-family-day-home-inc,Holy Family Day Home Inc,HOLY FAMILY DAY HOME,,false
HOLZMUELLER CORP,holzmueller-corp,Holzmueller Corp,HOLZMUELLER,,false
HOMEBASE THE CTR FOR COMMON CONCERNS INC,homebase-the-ctr-for-common-concerns-inc,Homebase the Ctr for Common Concerns Inc,HOMEBASE THE CTR FOR COMMON CONCERNS,,false
HOMEBRIDGE INC,homebridge-inc,Homebridge Inc,HOMEBRIDGE,,false
HOMELESS CHILDREN'S NETWORK,homeless-children-s-network,Homeless Children's Network,HOMELESS CHILDREN S NETWORK,,false
HOMELESS PRENATAL PROGRAM,homeless-prenatal-program,Homeless Prenatal Program,HOMELESS PRENATAL PROGRAM,,false
HOMEOWNERSHIP SAN FRANCISCO,homeownership-san-francisco,Homeownership San Francisco,HOMEOWNERSHIP SAN FRANCISCO,,false
HOMEY,homey,Homey,HOMEY,,false
HON'S CONSTRUCTION INC,hon-s-construction-inc,Hon's Construction Inc,HON S CONSTRUCTION,,false
HONEYWELL BUILDING SOLUTIONS,honeywell-building-solutions,Honeywell Building Solutions,HONEYWELL BUILDING SOLUTIONS,,false
Horizon Services Inc,horizon-services-inc,Horizon Services Inc,HORIZON SERVICES,,false
HORIZONS UNLIMITED OF SF,horizons-unlimited-of-sf,Horizons Unlimited of SF,HORIZONS UNLIMITED OF SF,,false
HortScience|Bartlett Consulting,hortscience-bartlett-consulting,Hortscience|bartlett Consulting,HORTSCIENCE BARTLETT CONSULTING,,false
HOSELEY CORPORATION,hoseley-corporation,Hoseley Corporation,HOSELEY,,false
HOSPIRA WORLDWIDE INC,hospira-worldwide-inc,Hospira Worldwide Inc,HOSPIRA WORLDWIDE,,false
HOSPITAL ASSOCIATES,hospital-associates,Hospital Associates,HOSPITAL ASSOCIATES,,false
HOSPITAL COUNCIL OF NORTHERN & CNTRL CAL,hospital-council-of-northern-cntrl-cal,Hospital Council of Northern & Cntrl Cal,HOSPITAL COUNCIL OF NORTHERN AND CNTRL CAL,,false
HOSTELLING INTERNATIONAL USA,hostelling-international-usa,Hostelling International USA,HOSTELLING INTERNATIONAL USA,,false
HOTEL BIJOU,hotel-bijou,Hotel Bijou,HOTEL BIJOU,,false
HOTEL DIVA,hotel-diva,Hotel Diva,HOTEL DIVA,,false
HOTEL EPIK,hotel-epik,Hotel Epik,HOTEL EPIK,,false
HOTEL ESSEX LP,hotel-essex-lp,Hotel Essex Lp,HOTEL ESSEX,,false
HOTEL GRAND SOUTHERN,hotel-grand-southern,Hotel Grand Southern,HOTEL GRAND SOUTHERN,,false
HOTEL LE NAIN LLC,hotel-le-nain-llc,Hotel Le Nain LLC,HOTEL LE NAIN,,false
HOTEL UNION SQUARE,hotel-union-square,Hotel Union Square,HOTEL UNION SQUARE,,false
HOTEL VERTIGO,hotel-vertigo,Hotel Vertigo,HOTEL VERTIGO,,false
HOTEL WHITCOMB,hotel-whitcomb,Hotel Whitcomb,HOTEL WHITCOMB,,false
HOUSING & ECONOMIC RIGHTS ADVOCATES,housing-economic-rights-advocates,Housing & Economic Rights Advocates,HOUSING AND ECONOMIC RIGHTS ADVOCATES,,false
Housing Rights Committee of San Francisc,housing-rights-committee-of-san-francisc,Housing Rights Committee of San Francisc,HOUSING RIGHTS COMMITTEE OF SAN FRANCISC,,false
HOWARD NEEDLES TAMEN BERGENDOFF CA ARCH,howard-needles-tamen-bergendoff-ca-arch,Howard Needles Tamen Bergendoff Ca Arch,HOWARD NEEDLES TAMEN BERGENDOFF CA ARCH,,false
HP ENTERPRISE SERVICES LLC,hp-enterprise-services-llc,Hp Enterprise Services LLC,HP ENTERPRISE SERVICES,,false
HPI INTERNATIONAL INC,hpi-international-inc,Hpi International Inc,HPI INTERNATIONAL,,false
HPS DEVELOPMENT CO LP,hps-development-co-lp,Hps Development Co Lp,HPS DEVELOPMENT,,false
HPSY 52-54 LP,hpsy-52-54-lp,Hpsy 52-54 Lp,HPSY 52 54,,false
HR&A Advisors Inc.,hr-a-advisors-inc,Hr&a Advisors Inc.,HR AND A ADVISORS,,false
HSA AP Interface Supplier,hsa-ap-interface-supplier,Hsa Ap Interface Supplier,HSA AP INTERFACE SUPPLIER,,false
HTL 587,htl-587,Htl 587,HTL 587,,false
HUCKLEBERRY YOUTH PROGRAMS INC,huckleberry-youth-programs-inc,Huckleberry Youth Programs Inc,HUCKLEBERRY YOUTH PROGRAMS,,false
HUDSON 1455 MARKET LLC,hudson-1455-market-llc,Hudson 1455 Market LLC,HUDSON 1455 MARKET,,false
HUDSON 1455 MARKET STREET LLC,hudson-1455-market-street-llc,Hudson 1455 Market Street LLC,HUDSON 1455 MARKET STREET,,false
HUNT CONSTRUCTION GROUP INC,hunt-construction-group-inc,Hunt Construction Group Inc,HUNT CONSTRUCTION GROUP,,false
HUNTERS POINT EAST WEST LP,hunters-point-east-west-lp,Hunters Point East West Lp,HUNTERS POINT EAST WEST,,false
HUNTERS POINT FAMILY,hunters-point-family,Hunters Point Family,HUNTERS POINT FAMILY,,false
HUNTERS VIEW ASSOCIATES LP,hunters-view-associates-lp,Hunters View Associates Lp,HUNTERS VIEW ASSOCIATES,,false
Hunton Andrews Kurth LLP,hunton-andrews-kurth-llp,Hunton Andrews Kurth Llp,HUNTON ANDREWS KURTH,,false
Hurley Diesel and Power LLC,hurley-diesel-and-power-llc,Hurley Diesel and Power LLC,HURLEY DIESEL AND POWER,,false
HURON CONSULTING SERVICES LLC,huron-consulting-services-llc,Huron Consulting Services LLC,HURON CONSULTING SERVICES,,false
HV PARTNERS 2 LP,hv-partners-2-lp,Hv Partners 2 Lp,HV PARTNERS 2,,false
HV Partners 3 LP,hv-partners-3-lp,Hv Partners 3 Lp,HV PARTNERS 3,,false
HV PARTNERS I LP,hv-partners-i-lp,Hv Partners I Lp,HV PARTNERS I,,false
HYDE STREET COMMUNITY SERVICES INC,hyde-street-community-services-inc,Hyde Street Community Services Inc,HYDE STREET COMMUNITY SERVICES,,false
Hyland Software Inc,hyland-software-inc,Hyland Software Inc,HYLAND SOFTWARE,,false
HYPERION BROOKFIELD ASSET MGMT INC,hyperion-brookfield-asset-mgmt-inc,Hyperion Brookfield Asset Mgmt Inc,HYPERION BROOKFIELD ASSET MGMT,,false
HYUNDAI HEAVY INDS C/O HYUNDAI CORP USA,hyundai-heavy-inds-c-o-hyundai-corp-usa,Hyundai Heavy Inds C/o Hyundai Corp USA,HYUNDAI HEAVY INDS C O HYUNDAI CORP USA,,false
I B M CORP,i-b-m-corp,I B M Corp,I B M,,false
I B M GLOBAL SERVICES,i-b-m-global-services,I B M Global Services,I B M GLOBAL SERVICES,,false
I C F CONSULTING,i-c-f-consulting,I C F Consulting,I C F CONSULTING,,false
I S I - INSPECTION SERVICES INC,i-s-i-inspection-services-inc,I S I - Inspection Services Inc,I S I INSPECTION SERVICES,,false
I T C MEDICAL SUPPLIES INC,i-t-c-medical-supplies-inc,I T C Medical Supplies Inc,I T C MEDICAL SUPPLIES,,false
I V C I LLC,i-v-c-i-llc,I V C I LLC,I V C I,,false
IBARRA BROTHERS PRINTING,ibarra-brothers-printing,Ibarra Brothers Printing,IBARRA BROTHERS PRINTING,,false
IC4.3 Family Housing LP,ic4-3-family-housing-lp,Ic4.3 Family Housing Lp,IC4 3 FAMILY HOUSING,,false
ICF-AVILA JV,icf-avila-jv,Icf-avila JV,ICF AVILA JV,,false
ICF CONSULTING SERVICES LLC,icf-consulting-services-llc,Icf Consulting Services LLC,ICF CONSULTING SERVICES,,false
ICF ENVIRONMENTAL INC.,icf-environmental-inc,Icf Environmental Inc.,ICF ENVIRONMENTAL,,false
ICF JONES & STOKES INC,icf-jones-stokes-inc,Icf Jones & Stokes Inc,ICF JONES AND STOKES,,false
ICF-PANORAMA JV,icf-panorama-jv,Icf-panorama JV,ICF PANORAMA JV,,false
ICF RESOURCES LLC,icf-resources-llc,Icf Resources LLC,ICF RESOURCES,,false
ICS INTEGRATED COMMUNICATION SYSTEMS,ics-integrated-communication-systems,Ics Integrated Communication Systems,ICS INTEGRATED COMMUNICATION SYSTEMS,,false
IDEAL RESTORATION INC,ideal-restoration-inc,Ideal Restoration Inc,IDEAL RESTORATION,,false
IDENTIX INC,identix-inc,Identix Inc,IDENTIX,,false
IDEO LLC,ideo-llc,Ideo LLC,IDEO,,false
IDRIS ACKAMOOR AND CULTURAL ODYSSEY,idris-ackamoor-and-cultural-odyssey,Idris Ackamoor and Cultural Odyssey,IDRIS ACKAMOOR AND CULTURAL ODYSSEY,,false
IEM (INDUSTRIAL ELECTRIC MANUFACTURING),iem-industrial-electric-manufacturing,Iem (industrial Electric Manufacturing),IEM INDUSTRIAL ELECTRIC MANUFACTURING,,false
IHI ENVIRONMENTAL A TERRACON COMPANY,ihi-environmental-a-terracon-company,Ihi Environmental a Terracon Company,IHI ENVIRONMENTAL A TERRACON,,false
IMAGE SALES INC,image-sales-inc,Image Sales Inc,IMAGE SALES,,false
IMAGE X,image-x,Image X,IMAGE X,,false
IMBSEN & ASSOCIATES INC,imbsen-associates-inc,Imbsen & Associates Inc,IMBSEN AND ASSOCIATES,,false
IMCO PARKING LLC,imco-parking-llc,Imco Parking LLC,IMCO PARKING,,false
IMMUNE ENHANCEMENT PROJECT,immune-enhancement-project,Immune Enhancement Project,IMMUNE ENHANCEMENT PROJECT,,false
Impact Event Solutions,impact-event-solutions,Impact Event Solutions,IMPACT EVENT SOLUTIONS,,false
IMPARK,impark,Impark,IMPARK,,false
IMPRIVATA INC,imprivata-inc,Imprivata Inc,IMPRIVATA,,false
IMPULSE NC INC,impulse-nc-inc,Impulse Nc Inc,IMPULSE NC,,false
IMR CONTRACTOR CORP,imr-contractor-corp,Imr Contractor Corp,IMR CONTRACTOR,,false
INCOME RESEARCH & MANAGEMENT,income-research-management,Income Research & Management,INCOME RESEARCH AND MANAGEMENT,,false
INDEPENDENT ELECTRIC SUPPLY INC,independent-electric-supply-inc,Independent Electric Supply Inc,INDEPENDENT ELECTRIC SUPPLY,,false
INDEPENDENT LIVING RESRC CENTER OF S F,independent-living-resrc-center-of-s-f,Independent Living Resrc Center of S F,INDEPENDENT LIVING RESRC CENTER OF S F,,false
INDOCHINESE HOUSING DEVELOPMENT CORP,indochinese-housing-development-corp,Indochinese Housing Development Corp,INDOCHINESE HOUSING DEVELOPMENT,,false
Industrial and Commercial Bank of China,industrial-and-commercial-bank-of-china,Industrial and Commercial Bank of China,INDUSTRIAL AND COMMERCIAL BANK OF CHINA,,false
INDUSTRIAL EMERGENCY COUNCIL,industrial-emergency-council,Industrial Emergency Council,INDUSTRIAL EMERGENCY COUNCIL,,false
INDUSTRIAL SAFETY SUPPLY CORP,industrial-safety-supply-corp,Industrial Safety Supply Corp,INDUSTRIAL SAFETY SUPPLY,,false
INDUSTRIAL SOLUTIONS,industrial-solutions,Industrial Solutions,INDUSTRIAL SOLUTIONS,,false
INFO PUBLIC SECTOR INC,info-public-sector-inc,Info Public Sector Inc,INFO PUBLIC SECTOR,,false
INFOMC INC,infomc-inc,Infomc Inc,INFOMC,,false
INFORMATIX INC,informatix-inc,Informatix Inc,INFORMATIX,,false
INGLESIDE COMMUNITY CENTER,ingleside-community-center,Ingleside Community Center,INGLESIDE COMMUNITY CENTER,,false
INGMIRE CO,ingmire-co,Ingmire Co,INGMIRE,,false
INGRAM LIBRARY SERVICES INC,ingram-library-services-inc,Ingram Library Services Inc,INGRAM LIBRARY SERVICES,,false
INLAND INDUSTRIAL TIRE,inland-industrial-tire,Inland Industrial Tire,INLAND INDUSTRIAL TIRE,,false
INNER CITY YOUTH,inner-city-youth,Inner City Youth,INNER CITY YOUTH,,false
Innes Group LLC,innes-group-llc,Innes Group LLC,INNES GROUP,,false
INNOVATIVE INTERFACES INC,innovative-interfaces-inc,Innovative Interfaces Inc,INNOVATIVE INTERFACES,,false
INNOVYZE AMERICAS INC,innovyze-americas-inc,Innovyze Americas Inc,INNOVYZE AMERICAS,,false
Inside Airbnb,inside-airbnb,Inside Airbnb,INSIDE AIRBNB,,false
INSIGHT PUBLIC SECTOR INC,insight-public-sector-inc,Insight Public Sector Inc,INSIGHT PUBLIC SECTOR,,false
INSPECTION SVCS INC/RES ENGINEERS INC JV,inspection-svcs-inc-res-engineers-inc-jv,Inspection Svcs Inc/res Engineers Inc JV,INSPECTION SVCS INC RES ENGINEERS INC JV,,false
INSTITUTE FOR MANAGEMENT STUDIES,institute-for-management-studies,Institute for Management Studies,INSTITUTE FOR MANAGEMENT STUDIES,,false
INSTITUTE FOR WOMEN'S LEADERSHIP INC,institute-for-women-s-leadership-inc,Institute for Women's Leadership Inc,INSTITUTE FOR WOMEN S LEADERSHIP,,false
INSTITUTE ON AGING,institute-on-aging,Institute On Aging,INSTITUTE ON AGING,,false
INSTITUTO FAMILIAR DE LA RAZA INC,instituto-familiar-de-la-raza-inc,Instituto Familiar de La Raza Inc,INSTITUTO FAMILIAR DE LA RAZA,,false
INTECH INVESTMENT MANAGEMENT LLC,intech-investment-management-llc,Intech Investment Management LLC,INTECH INVESTMENT MANAGEMENT,,false
INTEGRA CONSTRUCTION SERVICES INC,integra-construction-services-inc,Integra Construction Services Inc,INTEGRA CONSTRUCTION SERVICES,,false
INTEGRA LIFESCIENCES CORP,integra-lifesciences-corp,Integra Lifesciences Corp,INTEGRA LIFESCIENCES,,false
INTEGRA LIFESCIENCES SALES LLC,integra-lifesciences-sales-llc,Integra Lifesciences Sales LLC,INTEGRA LIFESCIENCES SALES,,false
INTELEGY CORP,intelegy-corp,Intelegy Corp,INTELEGY,,false
INTER-CITY FAMILY SPPRT & RSRCE NTWK INC,inter-city-family-spprt-rsrce-ntwk-inc,Inter-city Family Spprt & Rsrce Ntwk Inc,INTER CITY FAMILY SPPRT AND RSRCE NTWK,,false
INTERCARE HOLDINGS INSURANCE SVCS INC,intercare-holdings-insurance-svcs-inc,Intercare Holdings Insurance Svcs Inc,INTERCARE HOLDINGS INSURANCE SVCS,,false
INTERCONTINENTAL MARK HOPKINS HOTEL,intercontinental-mark-hopkins-hotel,Intercontinental Mark Hopkins Hotel,INTERCONTINENTAL MARK HOPKINS HOTEL,,false
INTERCONTINENTAL SAN FRANCISCO,intercontinental-san-francisco,Intercontinental San Francisco,INTERCONTINENTAL SAN FRANCISCO,,false
INTERETHNICA INC,interethnica-inc,Interethnica Inc,INTERETHNICA,,false
INTERFACE ENGINEERING INC,interface-engineering-inc,Interface Engineering Inc,INTERFACE ENGINEERING,,false
INTERGRAPH CORP,intergraph-corp,Intergraph Corp,INTERGRAPH,,false
INTERMED COST CONTAINMENT SERVICES INC,intermed-cost-containment-services-inc,Intermed Cost Containment Services Inc,INTERMED COST CONTAINMENT SERVICES,,false
INTERMEDIX EMSYSTEMS,intermedix-emsystems,Intermedix Emsystems,INTERMEDIX EMSYSTEMS,,false
INTERMOUNTAIN SLURRY SEAL INC,intermountain-slurry-seal-inc,Intermountain Slurry Seal Inc,INTERMOUNTAIN SLURRY SEAL,,false
InterMusic SF,intermusic-sf,Intermusic SF,INTERMUSIC SF,,false
INTERNAL REVENUE SERVICE,internal-revenue-service,Internal Revenue Service,INTERNAL REVENUE SERVICE,,false
INTERNAL USE ONLY FOR DEPT HSA,internal-use-only-for-dept-hsa,Internal Use Only for Dept Hsa,INTERNAL USE ONLY FOR DEPT HSA,,false
INTERNATIONAL CHILD RESOURCE EXCH INST,international-child-resource-exch-inst,International Child Resource Exch Inst,INTERNATIONAL CHILD RESOURCE EXCH INST,,false
INTERNATIONAL EFFECTIVENESS CENTERS,international-effectiveness-centers,International Effectiveness Centers,INTERNATIONAL EFFECTIVENESS CENTERS,,false
INTERNATIONAL FIRE EQUIPMENT CO INC,international-fire-equipment-co-inc,International Fire Equipment Co Inc,INTERNATIONAL FIRE EQUIPMENT,,false
INTERNATIONAL FIRE INC,international-fire-inc,International Fire Inc,INTERNATIONAL FIRE,,false
INTERNATIONAL INSTITUTE OF THE BAY AREA,international-institute-of-the-bay-area,International Institute of the Bay Area,INTERNATIONAL INSTITUTE OF THE BAY AREA,,false
INTERSECTION FOR THE ARTS,intersection-for-the-arts,Intersection for the Arts,INTERSECTION FOR THE ARTS,,false
INTERSTATE GRADING & PAVING INC,interstate-grading-paving-inc,Interstate Grading & Paving Inc,INTERSTATE GRADING AND PAVING,,false
INTERSTATE TRAFFIC CONTROL PRODUCTS,interstate-traffic-control-products-inc,Interstate Traffic Control Products Inc,INTERSTATE TRAFFIC CONTROL PRODUCTS,,false
INTERSTATE TRAFFIC CONTROL PRODUCTS INC,interstate-traffic-control-products-inc,Interstate Traffic Control Products Inc,INTERSTATE TRAFFIC CONTROL PRODUCTS,,false
Intervision Systems LLC,intervision-systems-llc,Intervision Systems LLC,INTERVISION SYSTEMS,,false
INTERVISION SYSTEMS TECHNOLOGIES INC,intervision-systems-technologies-inc,Intervision Systems Technologies Inc,INTERVISION SYSTEMS TECHNOLOGIES,,false
INTL TERMINAL ENHANCEMENT PARTNERS JV,intl-terminal-enhancement-partners-jv,Intl Terminal Enhancement Partners JV,INTL TERMINAL ENHANCEMENT PARTNERS JV,,false
INTOXIMETERS INC,intoximeters-inc,Intoximeters Inc,INTOXIMETERS,,false
INTUEOR CONSULTING INC,intueor-consulting-inc,Intueor Consulting Inc,INTUEOR CONSULTING,,false
Invictus Support Services,invictus-support-services,Invictus Support Services,INVICTUS SUPPORT SERVICES,,false
IONIZED LLC,ionized-llc,Ionized LLC,IONIZED,,false
IP Oberon LLC,ip-oberon-llc,Ip Oberon LLC,IP OBERON,,false
IPS GROUP INC,ips-group-inc,Ips Group Inc,IPS GROUP,,false
IRIS CTR: WOMEN'S COUNSLNG & RECVRY SVC,iris-ctr-women-s-counslng-recvry-svc,Iris Ctr: Women's Counslng & Recvry Svc,IRIS CTR WOMEN S COUNSLNG AND RECVRY SVC,,false
Iris Infrared and Intelligent sensors NA,iris-infrared-and-intelligent-sensors-na,Iris Infrared and Intelligent Sensors Na,IRIS INFRARED AND INTELLIGENT SENSORS,,false
IRVINE & JACHENS INC,irvine-jachens-inc,Irvine & Jachens Inc,IRVINE AND JACHENS,,false
IRVINGTON PARTNERS JV LLC,irvington-partners-jv-llc,Irvington Partners JV LLC,IRVINGTON PARTNERS JV,,false
ISEC INC,isec-inc,Isec Inc,ISEC,,false
ISI-APEX JOINT VENTURE,isi-apex-joint-venture,Isi-apex Joint Venture,ISI APEX JOINT VENTURE,,false
ISI-APEX JV,isi-apex-jv,Isi-apex JV,ISI APEX JV,,false
ITBR JV,itbr-jv,Itbr JV,ITBR JV,,false
J+A AVIATION A JOINT VENTURE,j-a-aviation-a-joint-venture,J+a Aviation a Joint Venture,J A AVIATION A JOINT VENTURE,,false
J A M SERVICE INC,j-a-m-service-inc,J a M Service Inc,J A M SERVICE,,false
J D Bray Consultants LLC,j-d-bray-consultants-llc,J D Bray Consultants LLC,J D BRAY CONSULTANTS,,false
J F SHEA CONSTRUCTION INC,j-f-shea-construction-inc,J F Shea Construction Inc,J F SHEA CONSTRUCTION,,false
J FLORES CONSTRUCTION COMPANY INC,j-flores-construction-company-inc,J Flores Construction Company Inc,J FLORES CONSTRUCTION,,false
J M B CONSTRUCTION,j-m-b-construction,J M B Construction,J M B CONSTRUCTION,,false
J M SQUARED ASSOCIATES,j-m-squared-associates,J M Squared Associates,J M SQUARED ASSOCIATES,,false
J MA CONSTRUCTION,j-ma-construction,J Ma Construction,J MA CONSTRUCTION,,false
J P MORGAN CHASE BANK NA,j-p-morgan-chase-bank-na,J P Morgan Chase Bank Na,J P MORGAN CHASE BANK,,false
J P MORGAN INVESTMENT MANAGEMENT INC,j-p-morgan-investment-management-inc,J P Morgan Investment Management Inc,J P MORGAN INVESTMENT MANAGEMENT,,false
J-R Press,j-r-press,J-r Press,J R PRESS,,false
JACK DOHENY COMPANIES INC,jack-doheny-companies-inc,Jack Doheny Companies Inc,JACK DOHENY COMPANIES,,false
JACK DOHENY SUPPLIES INC,jack-doheny-supplies-inc,Jack Doheny Supplies Inc,JACK DOHENY SUPPLIES,,false
JACK M KEENEY & LAVONNE KEENEY,jack-m-keeney-lavonne-keeney,Jack M Keeney & Lavonne Keeney,JACK M KEENEY AND LAVONNE KEENEY,,false
JACKSON LEWIS P.C.,jackson-lewis-p-c,Jackson Lewis P.c.,JACKSON LEWIS P C,,false
JACOBS ASSOCIATES INC,jacobs-associates-inc,Jacobs Associates Inc,JACOBS ASSOCIATES,,false
JACOBS CIVIL INC,jacobs-civil-inc,Jacobs Civil Inc,JACOBS CIVIL,,false
Jacobs CM Pros - A Joint Venture,jacobs-cm-pros-a-joint-venture,Jacobs Cm Pros - a Joint Venture,JACOBS CM PROS A JOINT VENTURE,,false
JACOBS CONSULTANCY INC,jacobs-consultancy-inc,Jacobs Consultancy Inc,JACOBS CONSULTANCY,,false
JACOBS ENGINEERING GROUP INC,jacobs-engineering-group-inc,Jacobs Engineering Group Inc,JACOBS ENGINEERING GROUP,,false
JACOBS FIELD SERVICES NORTH AMERICA INC,jacobs-field-services-north-america-inc,Jacobs Field Services North America Inc,JACOBS FIELD SERVICES NORTH AMERICA,,false
JACOBS PROJECT MANAGEMENT CO,jacobs-project-management-co,Jacobs Project Management Co,JACOBS PROJECT MANAGEMENT,,false
JAMESTOWN COMMUNITY CENTER,jamestown-community-center,Jamestown Community Center,JAMESTOWN COMMUNITY CENTER,,false
JANET ECHELMAN INC,janet-echelman-inc,Janet Echelman Inc,JANET ECHELMAN,,false
JAPANESE COMMUNITY YOUTH COUNCIL,japanese-community-youth-council,Japanese Community Youth Council,JAPANESE COMMUNITY YOUTH COUNCIL,,false
JBR PARTNERS INC,jbr-partners-inc,Jbr Partners Inc,JBR PARTNERS,,false
JDB CONSTRUCTION,jdb-construction,Jdb Construction,JDB CONSTRUCTION,,false
JDB & SONS CONSTRUCTION INC,jdb-sons-construction-inc,Jdb & Sons Construction Inc,JDB AND SONS CONSTRUCTION,,false
JE SELLEN CONSULTING LLC,je-sellen-consulting-llc,Je Sellen Consulting LLC,JE SELLEN CONSULTING,,false
JEFFERIES LLC,jefferies-llc,Jefferies LLC,JEFFERIES,,false
JEFFREY GOULD MD INC,jeffrey-gould-md-inc,Jeffrey Gould Md Inc,JEFFREY GOULD MD,,false
JELANI HOUSE INC,jelani-house-inc,Jelani House Inc,JELANI HOUSE,,false
JENSEN PRECAST,jensen-precast,Jensen Precast,JENSEN PRECAST,,false
JEWISH COMMUNITY CENTER OF S F,jewish-community-center-of-s-f,Jewish Community Center of S F,JEWISH COMMUNITY CENTER OF S F,,false
JEWISH FAMILY AND CHILDREN'S SERVICES,jewish-family-and-children-s-services,Jewish Family and Children's Services,JEWISH FAMILY AND CHILDREN S SERVICES,,false
JEWISH VOC & CAREER COUNSELING SVC (JVS),jewish-voc-career-counseling-svc-jvs,Jewish Voc & Career Counseling Svc (jvs),JEWISH VOC AND CAREER COUNSELING SVC JVS,,false
JFK TOWER LP,jfk-tower-lp,Jfk Tower Lp,JFK TOWER,,false
JIFCO INC,jifco-inc,Jifco Inc,JIFCO,,false
Jimmie Muscatello's,jimmie-muscatello-s,Jimmie Muscatello's,JIMMIE MUSCATELLO S,,false
JMB CONSTRUCTION INC,jmb-construction-inc,Jmb Construction Inc,JMB CONSTRUCTION,,false
JMI SOURCING LLC,jmi-sourcing-llc,Jmi Sourcing LLC,JMI SOURCING,,false
JOEL FAY,joel-fay,Joel Fay,JOEL FAY,,false
JOHN F BROWN CO INC,john-f-brown-co-inc,John F Brown Co Inc,JOHN F BROWN,,false
JOHN MUIR BEHAVIORAL HEALTH CENTER,john-muir-behavioral-health-center,John Muir Behavioral Health Center,JOHN MUIR BEHAVIORAL HEALTH CENTER,,false
JOHN PLANE CONSTRUCTION INC,john-plane-construction-inc,John Plane Construction Inc,JOHN PLANE CONSTRUCTION,,false
JOHN STEWART CO INC,john-stewart-co-inc,John Stewart Co Inc,JOHN STEWART,,false
JOHNSON CONTROLS INC,johnson-controls-inc,Johnson Controls Inc,JOHNSON CONTROLS,,false
JOHNSON & JOHNSON HEALTH CARE SYS INC,johnson-johnson-health-care-sys-inc,Johnson & Johnson Health Care Sys Inc,JOHNSON AND JOHNSON HEALTH CARE SYS,,false
JOHNSTONE SUPPLY,johnstone-supply,Johnstone Supply,JOHNSTONE SUPPLY,,false
JOIN JOANNA REES FOR MAYOR 2011,join-joanna-rees-for-mayor-2011,Join Joanna Rees for Mayor 2011,JOIN JOANNA REES FOR MAYOR 2011,,false
JOINT COMMISSION,joint-commission,Joint Commission,JOINT COMMISSION,,false
JONES HALL A PROFESSIONAL LAW CORP,jones-hall-a-professional-law-corp,Jones Hall a Professional Law Corp,JONES HALL A PROFESSIONAL LAW,,false
JORDAN/HILL JV,jordan-hill-jv,Jordan/hill JV,JORDAN HILL JV,,false
JOSEPH CHOW & ASSOCIATES INC,joseph-chow-associates-inc,Joseph Chow & Associates Inc,JOSEPH CHOW AND ASSOCIATES,,false
JQ Properties LP,jq-properties-lp,Jq Properties Lp,JQ PROPERTIES,,false
JRM EQUIPMENT LLC,jrm-equipment-llc,Jrm Equipment LLC,JRM EQUIPMENT,,false
JUMA VENTURES,juma-ventures,Juma Ventures,JUMA VENTURES,,false
JUMPSTART FOR YOUNG CHILDREN INC,jumpstart-for-young-children-inc,Jumpstart for Young Children Inc,JUMPSTART FOR YOUNG CHILDREN,,false
JUNGLE COMMUNICATIONS INC,jungle-communications-inc,Jungle Communications Inc,JUNGLE COMMUNICATIONS,,false
JUSTICE & DIVERSITY CTR BAR ASSOC OF SF,justice-diversity-ctr-bar-assoc-of-sf,Justice & Diversity Ctr Bar Assoc of SF,JUSTICE AND DIVERSITY CTR BAR ASSOC OF SF,,false
JUSTICE NOW,justice-now,Justice Now,JUSTICE NOW,,false
Jviation a Woolpert Company LLC,jviation-a-woolpert-company-llc,Jviation a Woolpert Company LLC,JVIATION A WOOLPERT,,false
K & H INTEGRATED PRINT SOLUTIONS,k-h-integrated-print-solutions,K & H Integrated Print Solutions,K AND H INTEGRATED PRINT SOLUTIONS,,false
K-I JV,k-i-jv,K-i JV,K I JV,,false
K/J-GTC JV,k-j-gtc-jv,K/j-gtc JV,K J GTC JV,,false
K J WOODS CONSTRUCTION COMPANY INC,k-j-woods-construction-company-inc,K J Woods Construction Company Inc,K J WOODS CONSTRUCTION,,false
K L W LLC,k-l-w-llc,K L W LLC,K L W,,false
K M D ARCHITECTS,k-m-d-architects,K M D Architects,K M D ARCHITECTS,,false
K TO COLLEGE,k-to-college,K to College,K TO COLLEGE,,false
K. W. EMERSON INC,k-w-emerson-inc,K. W. Emerson Inc,K W EMERSON,,false
KAI MING INC,kai-ming-inc,Kai Ming Inc,KAI MING,,false
KAIM 350 Rhode Island LLC,kaim-350-rhode-island-llc,Kaim 350 Rhode Island LLC,KAIM 350 RHODE ISLAND,,false
KAISER FOUNDATION HEALTH PLAN INC,kaiser-foundation-health-plan-inc,Kaiser Foundation Health Plan Inc,KAISER FOUNDATION HEALTH PLAN,,false
KAISER PERMANENTE,kaiser-permanente,Kaiser Permanente,KAISER PERMANENTE,,false
KANOPI STUDIOS,kanopi-studios,Kanopi Studios,KANOPI STUDIOS,,false
KANOPY INC,kanopy-inc,Kanopy Inc,KANOPY,,false
"KARL STORZ ENDOSCOPY-AMERICA, INC",karl-storz-endoscopy-america-inc,"Karl Storz Endoscopy-america, Inc",KARL STORZ ENDOSCOPY AMERICA,,false
Karla's Janitorial & Suppliers L.L.C.,karla-s-janitorial-suppliers-l-l-c,Karla's Janitorial & Suppliers L.l.c.,KARLA S JANITORIAL AND SUPPLIERS L L C,,false
KATHLEEN DA SILVA,kathleen-da-silva,Kathleen Da Silva,KATHLEEN DA SILVA,,false
KATZ & ASSOC. CIVIC EDGE CONSULTING JV,katz-assoc-civic-edge-consulting-jv,Katz & Assoc. Civic Edge Consulting JV,KATZ AND ASSOC CIVIC EDGE CONSULTING JV,,false
KBM-HOGUE,kbm-hogue,Kbm-hogue,KBM HOGUE,,false
KCI USA INC,kci-usa-inc,Kci USA Inc,KCI USA,,false
KCK BUILDERS INC,kck-builders-inc,Kck Builders Inc,KCK BUILDERS,,false
KELLY SPICERS STORES,kelly-spicers-stores,Kelly Spicers Stores,KELLY SPICERS STORES,,false
KEMIRA WATER SOLUTIONS INC,kemira-water-solutions-inc,Kemira Water Solutions Inc,KEMIRA WATER SOLUTIONS,,false
KEMIRON COMPANIES INC,kemiron-companies-inc,Kemiron Companies Inc,KEMIRON COMPANIES,,false
KEMPER SPORTS MANAGEMENT-HARDING PRK LLC,kemper-sports-management-harding-prk-llc,Kemper Sports Management-harding Prk LLC,KEMPER SPORTS MANAGEMENT HARDING PRK,,false
KENDALL BUSTER STUDIO LLC,kendall-buster-studio-llc,Kendall Buster Studio LLC,KENDALL BUSTER STUDIO,,false
KENNEDY/JENKS CONSULTANTS INC,kennedy-jenks-consultants-inc,Kennedy/jenks Consultants Inc,KENNEDY JENKS CONSULTANTS,,false
KENNEDY/JENKS-STRUCTUS JV,kennedy-jenks-structus-jv,Kennedy/jenks-structus JV,KENNEDY JENKS STRUCTUS JV,,false
KENNETH M QUIGLEY,kenneth-m-quigley,Kenneth M Quigley,KENNETH M QUIGLEY,,false
KEY GOVERNMENT FINANCE INC,key-government-finance-inc,Key Government Finance Inc,KEY GOVERNMENT FINANCE,,false
KEYSER MARSTON ASSOCIATES INC,keyser-marston-associates-inc,Keyser Marston Associates Inc,KEYSER MARSTON ASSOCIATES,,false
KIBOWORKS INC,kiboworks-inc,Kiboworks Inc,KIBOWORKS,,false
KID CHOW LLC,kid-chow-llc,Kid Chow LLC,KID CHOW,,false
KIEPE ELECTRIC INC,kiepe-electric-inc,Kiepe Electric Inc,KIEPE ELECTRIC,,false
KIEWIT INFRASTRUCTURE WEST CO,kiewit-infrastructure-west-co,Kiewit Infrastructure West Co,KIEWIT INFRASTRUCTURE WEST,,false
KIMOCHI INC,kimochi-inc,Kimochi Inc,KIMOCHI,,false
KING AMERICAN AMBULANCE CO,king-american-ambulance-co,King American Ambulance Co,KING AMERICAN AMBULANCE,,false
KING SECURITY SERVICES INC,king-security-services-inc,King Security Services Inc,KING SECURITY SERVICES,,false
Kingston Heritage Inc,kingston-heritage-inc,Kingston Heritage Inc,KINGSTON HERITAGE,,false
KINGSTONE LLC,kingstone-llc,Kingstone LLC,KINGSTONE,,false
KIRK'S AUTOMOTIVE INC,kirk-s-automotive-inc,Kirk's Automotive Inc,KIRK S AUTOMOTIVE,,false
KITTELSON & ASSOCIATES INC,kittelson-associates-inc,Kittelson & Associates Inc,KITTELSON AND ASSOCIATES,,false
Kiva DAF LLC,kiva-daf-llc,Kiva Daf LLC,KIVA DAF,,false
KJ-AGS JV,kj-ags-jv,Kj-ags JV,KJ AGS JV,,false
KJ-ATS JV,kj-ats-jv,Kj-ats JV,KJ ATS JV,,false
KJ-JHCE JV,kj-jhce-jv,Kj-jhce JV,KJ JHCE JV,,false
KJ/SHEIKH/WRE JV,kj-sheikh-wre-jv,Kj/sheikh/wre JV,KJ SHEIKH WRE JV,,false
KJ-TERRA JV,kj-terra-jv,Kj-terra JV,KJ TERRA JV,,false
KJ/WRE JV,kj-wre-jv,Kj/wre JV,KJ WRE JV,,false
KLEIN'S DELI/CATERING,klein-s-deli-catering,Klein's Deli/catering,KLEIN S DELI CATERING,,false
Kleinfelder and LEE Incorporated JV,kleinfelder-and-lee-incorporated-jv,Kleinfelder and Lee Incorporated JV,KLEINFELDER AND LEE INCORPORATED JV,,false
KLW CONSTRUCTION INC,klw-construction-inc,Klw Construction Inc,KLW CONSTRUCTION,,false
KM 106 Construction Inc.,km-106-construction-inc,Km 106 Construction Inc.,KM 106 CONSTRUCTION,,false
KMD ARCHITECTS & PFAU LONG ARCH JV,kmd-architects-pfau-long-arch-jv,Kmd Architects & Pfau Long Arch JV,KMD ARCHITECTS AND PFAU LONG ARCH JV,,false
KMD/STEVENS & ASSOCIATES J/V,kmd-stevens-associates-j-v,Kmd/stevens & Associates J/v,KMD STEVENS AND ASSOCIATES J V,,false
KNN PUBLIC FIN DIV ZIONS FIRST NATL BANK,knn-public-fin-div-zions-first-natl-bank,Knn Public Fin Div Zions First Natl Bank,KNN PUBLIC FIN DIV ZIONS FIRST NATL BANK,,false
KNORR BRAKE CORP,knorr-brake-corp,Knorr Brake Corp,KNORR BRAKE,,false
KNOWLEDGELAKE INC,knowledgelake-inc,Knowledgelake Inc,KNOWLEDGELAKE,,false
KNOXVILLE LOCOMOTIVE WORKS INC,knoxville-locomotive-works-inc,Knoxville Locomotive Works Inc,KNOXVILLE LOCOMOTIVE WORKS,,false
KOCH FINANCIAL CORP,koch-financial-corp,Koch Financial Corp,KOCH FINANCIAL,,false
KODAK ALARIS INC,kodak-alaris-inc,Kodak Alaris Inc,KODAK ALARIS,,false
KOFFLER ELEC MECH APPARATUS REPAIR INC,koffler-elec-mech-apparatus-repair-inc,Koffler Elec Mech Apparatus Repair Inc,KOFFLER ELEC MECH APPARATUS REPAIR,,false
Kompan California Inc,kompan-california-inc,Kompan California Inc,KOMPAN CALIFORNIA,,false
KONE INC,kone-inc,Kone Inc,KONE,,false
KONICA MINOLTA BUSINESS SOLUTNS USA INC,konica-minolta-business-solutns-usa-inc,Konica Minolta Business Solutns USA Inc,KONICA MINOLTA BUSINESS SOLUTNS USA,,false
KPMG LLP,kpmg-llp,Kpmg Llp,KPMG,,false
KQED INC,kqed-inc,Kqed Inc,KQED,,false
Kultivate Labs,kultivate-labs,Kultivate Labs,KULTIVATE LABS,,false
KUM LUN WONG CONSTRUCTION,kum-lun-wong-construction,Kum Lun Wong Construction,KUM LUN WONG CONSTRUCTION,,false
KUSTERS ZIMA CORPORATION,kusters-zima-corporation,Kusters Zima Corporation,KUSTERS ZIMA,,false
KW ENGINEEERING INC,kw-engineeering-inc,Kw Engineeering Inc,KW ENGINEEERING,,false
L B FOSTER CO,l-b-foster-co,L B Foster Co,L B FOSTER,,false
L C ACTION POLICE SUPPLY,l-c-action-police-supply,L C Action Police Supply,L C ACTION POLICE SUPPLY,,false
L.C. AND LILLIE COX HAVEN OF HOPE,l-c-and-lillie-cox-haven-of-hope,L.c. and Lillie Cox Haven of Hope,L C AND LILLIE COX HAVEN OF HOPE,,false
L C GENERAL ENGINEERING & CONSTRCTN CO,l-c-general-engineering-constrctn-co,L C General Engineering & Constrctn Co,L C GENERAL ENGINEERING AND CONSTRCTN,,false
L C I COMPUTER & OFFICE PRODUCTS,l-c-i-computer-office-products,L C I Computer & Office Products,L C I COMPUTER AND OFFICE PRODUCTS,,false
L D STROBEL CO INC,l-d-strobel-co-inc,L D Strobel Co Inc,L D STROBEL,,false
L N CURTIS & SONS,l-n-curtis-sons,L N Curtis & Sons,L N CURTIS AND SONS,,false
L S A ASSOCIATES INC,l-s-a-associates-inc,L S a Associates Inc,L S A ASSOCIATES,,false
L S V ASSET MANAGEMENT,l-s-v-asset-management,L S V Asset Management,L S V ASSET MANAGEMENT,,false
L3HARRIS TECHNOLOGIES INC,l3harris-technologies-inc,L3harris Technologies Inc,L3HARRIS TECHNOLOGIES,,false
LA CASA DE LAS MADRES,la-casa-de-las-madres,La Casa de Las Madres,LA CASA DE LAS MADRES,,false
LA COCINA,la-cocina,La Cocina,LA COCINA,,false
LA LUNA INN,la-luna-inn,La Luna Inn,LA LUNA INN,,false
LA PLAYA APARTMENTS,la-playa-apartments,La Playa Apartments,LA PLAYA APARTMENTS,,false
LA RAZA CENTRO LEGAL INC,la-raza-centro-legal-inc,La Raza Centro Legal Inc,LA RAZA CENTRO LEGAL,,false
LA RAZA COMMUNITY RESOURCE CENTER INC,la-raza-community-resource-center-inc,La Raza Community Resource Center Inc,LA RAZA COMMUNITY RESOURCE CENTER,,false
LABORATORY CORPORATION OF AMERICA,laboratory-corporation-of-america,Laboratory Corporation of America,LABORATORY CORPORATION OF AMERICA,,false
LABORERS INTL UNION OF N AMERICA LCL 261,laborers-intl-union-of-n-america-lcl-261,Laborers Intl Union of N America Lcl 261,LABORERS INTL UNION OF N AMERICA LCL 261,,false
Labrador Integrated Systems Inc,labrador-integrated-systems-inc,Labrador Integrated Systems Inc,LABRADOR INTEGRATED SYSTEMS,,false
LAGAN TECHNOLOGIES INC,lagan-technologies-inc,Lagan Technologies Inc,LAGAN TECHNOLOGIES,,false
LAGUNA HONDA HOSPITAL,laguna-honda-hospital,Laguna Honda Hospital,LAGUNA HONDA HOSPITAL,,false
LAGUNA SENIOR HOUSING LP,laguna-senior-housing-lp,Laguna Senior Housing Lp,LAGUNA SENIOR HOUSING,,false
LAHLOUH INC,lahlouh-inc,Lahlouh Inc,LAHLOUH,,false
LAN FONG HUEY,lan-fong-huey,Lan Fong Huey,LAN FONG HUEY,,false
Lancaster Choice Energy,lancaster-choice-energy,Lancaster Choice Energy,LANCASTER CHOICE ENERGY,,false
LANDESBANK BADEN-WURTTEMBERG,landesbank-baden-wurttemberg,Landesbank Baden-wurttemberg,LANDESBANK BADEN WURTTEMBERG,,false
LANDRUM & BROWN INCORPORATED,landrum-brown-incorporated,Landrum & Brown Incorporated,LANDRUM AND BROWN,,false
LANGAN ENGINEERING & ENVIRONMENTAL SERV,langan-engineering-environmental-serv,Langan Engineering & Environmental Serv,LANGAN ENGINEERING AND ENVIRONMENTAL SERV,,false
LANGAN TREADWELL ROLLO,langan-treadwell-rollo,Langan Treadwell Rollo,LANGAN TREADWELL ROLLO,,false
LANGUAGELINE SOLUTIONS,languageline-solutions,Languageline Solutions,LANGUAGELINE SOLUTIONS,,false
LANGUAGELINE SOLUTIONS(SM),languageline-solutions-sm,Languageline Solutions(sm),LANGUAGELINE SOLUTIONS SM,,false
LAPP INSULATORS LLC,lapp-insulators-llc,Lapp Insulators LLC,LAPP INSULATORS,,false
Larkin Pine Limited Partnership,larkin-pine-limited-partnership,Larkin Pine Limited Partnership,LARKIN PINE LIMITED PARTNERSHIP,,false
LARKIN STREET YOUTH SERVICES,larkin-street-youth-services,Larkin Street Youth Services,LARKIN STREET YOUTH SERVICES,,false
Larkins Brothers Tire,larkins-brothers-tire,Larkins Brothers Tire,LARKINS BROTHERS TIRE,,false
LARRATT BROS. PLUMBING INC.,larratt-bros-plumbing-inc,Larratt Bros. Plumbing Inc.,LARRATT BROS PLUMBING,,false
LARTOM INC/DBA CITY AUTO SUPPLY,lartom-inc-dba-city-auto-supply,Lartom Inc/dba City Auto Supply,LARTOM INC DBA CITY AUTO SUPPLY,,false
LASERLINK INTERNATIONAL INC,laserlink-international-inc,Laserlink International Inc,LASERLINK INTERNATIONAL,,false
LATINO COMMISSION,latino-commission,Latino Commission,LATINO COMMISSION,,false
LATINO COMMISSION ON ALCOHOL AND DRUG,latino-commission-on-alcohol-and-drug,Latino Commission On Alcohol and Drug,LATINO COMMISSION ON ALCOHOL AND DRUG,,false
LAUNCHPAD CAREERS INC,launchpad-careers-inc,Launchpad Careers Inc,LAUNCHPAD CAREERS,,false
LAVENDER YOUTH RECREATION & INFO CTR,lavender-youth-recreation-info-ctr,Lavender Youth Recreation & Info Ctr,LAVENDER YOUTH RECREATION AND INFO CTR,,false
LAW ENFORCEMENT PSYCHOLOGICAL SERVS INC,law-enforcement-psychological-servs-inc,Law Enforcement Psychological Servs Inc,LAW ENFORCEMENT PSYCHOLOGICAL SERVS,,false
LAW OFFICE OF CHERYL L RICH,law-office-of-cheryl-l-rich,Law Office of Cheryl L Rich,LAW OFFICE OF CHERYL L RICH,,false
LAW OFFICE OF ERICA G FRANKLIN,law-office-of-erica-g-franklin,Law Office of Erica G Franklin,LAW OFFICE OF ERICA G FRANKLIN,,false
LAW OFFICE OF JAMES SENAL,law-office-of-james-senal,Law Office of James Senal,LAW OFFICE OF JAMES SENAL,,false
LAW OFFICE OF JEREMY D BLANK,law-office-of-jeremy-d-blank,Law Office of Jeremy D Blank,LAW OFFICE OF JEREMY D BLANK,,false
LAW OFFICES OF ERIC M SAFIRE,law-offices-of-eric-m-safire,Law Offices of Eric M Safire,LAW OFFICES OF ERIC M SAFIRE,,false
LAW OFFICES OF MARSANNE WEESE INC,law-offices-of-marsanne-weese-inc,Law Offices of Marsanne Weese Inc,LAW OFFICES OF MARSANNE WEESE,,false
Lawrence B Stone Properties #08 LLC,lawrence-b-stone-properties-08-llc,Lawrence B Stone Properties #08 LLC,LAWRENCE B STONE PROPERTIES 08,,false
LAWSON PRODUCTS INC,lawson-products-inc,Lawson Products Inc,LAWSON PRODUCTS,,false
LAWYERS COMMITTEE FOR CIVIL RIGHTS,lawyers-committee-for-civil-rights,Lawyers Committee for Civil Rights,LAWYERS COMMITTEE FOR CIVIL RIGHTS,,false
LAZ PARKING CALIFORNIA LLC,laz-parking-california-llc,Laz Parking California LLC,LAZ PARKING CALIFORNIA,,false
LCL Global-777 Brannan Street LLC,lcl-global-777-brannan-street-llc,Lcl Global-777 Brannan Street LLC,LCL GLOBAL 777 BRANNAN STREET,,false
LDA KMD ARCHITECTS JV,lda-kmd-architects-jv,Lda Kmd Architects JV,LDA KMD ARCHITECTS JV,,false
LE NAIN SF LLC,le-nain-sf-llc,Le Nain SF LLC,LE NAIN SF,,false
LEADER INDUSTRIES,leader-industries,Leader Industries,LEADER INDUSTRIES,,false
LEADERS IN COMMUNITY ALTERNATIVES INC,leaders-in-community-alternatives-inc,Leaders in Community Alternatives Inc,LEADERS IN COMMUNITY ALTERNATIVES,,false
LEAHS PANTRY INC,leahs-pantry-inc,Leahs Pantry Inc,LEAHS PANTRY,,false
LEAN TECHNOLOGY CORPORATION,lean-technology-corporation,Lean Technology Corporation,LEAN TECHNOLOGY,,false
Leapfrog Power Inc.,leapfrog-power-inc,Leapfrog Power Inc.,LEAPFROG POWER,,false
LEARN IT,learn-it,Learn It,LEARN IT,,false
LEARNING FOR ACTION INC,learning-for-action-inc,Learning for Action Inc,LEARNING FOR ACTION,,false
LEDDY MAYTUM STACY ARCHITECTS INC,leddy-maytum-stacy-architects-inc,Leddy Maytum Stacy Architects Inc,LEDDY MAYTUM STACY ARCHITECTS,,false
LEE OVERLAY PARTNERS LTD,lee-overlay-partners-ltd,Lee Overlay Partners Ltd,LEE OVERLAY PARTNERS,,false
LEE & RO INC,lee-ro-inc,Lee & Ro Inc,LEE AND RO,,false
LEGAL ASSISTANCE TO THE ELDERLY INC,legal-assistance-to-the-elderly-inc,Legal Assistance to the Elderly Inc,LEGAL ASSISTANCE TO THE ELDERLY,,false
LEGAL SERVICES FOR CHILDREN INC,legal-services-for-children-inc,Legal Services for Children Inc,LEGAL SERVICES FOR CHILDREN,,false
LEHR Upfitters OpCo LLC,lehr-upfitters-opco-llc,Lehr Upfitters Opco LLC,LEHR UPFITTERS OPCO,,false
LEICA GEOSYSTEMS INC,leica-geosystems-inc,Leica Geosystems Inc,LEICA GEOSYSTEMS,,false
LEIDOS INC,leidos-inc,Leidos Inc,LEIDOS,,false
LEIGHFISHER INC,leighfisher-inc,Leighfisher Inc,LEIGHFISHER,,false
LELAND PARACHINI STEINBERG EL AL LLP,leland-parachini-steinberg-el-al-llp,Leland Parachini Steinberg El Al Llp,LELAND PARACHINI STEINBERG EL AL,,false
LEMANSKI & ROCKWELL ARCHITECTS INC,lemanski-rockwell-architects-inc,Lemanski & Rockwell Architects Inc,LEMANSKI AND ROCKWELL ARCHITECTS,,false
LEN BUSINESS & LANGUAGE INSTITUTE,len-business-language-institute,Len Business & Language Institute,LEN BUSINESS AND LANGUAGE INSTITUTE,,false
LENCO ARMORED VEHICLES,lenco-armored-vehicles,Lenco Armored Vehicles,LENCO ARMORED VEHICLES,,false
LENNAR TITLE INC,lennar-title-inc,Lennar Title Inc,LENNAR TITLE,,false
Lexington Lion San Francisco LP,lexington-lion-san-francisco-lp,Lexington Lion San Francisco Lp,LEXINGTON LION SAN FRANCISCO,,false
LEXISNEXIS A DIV OF RELX INC,lexisnexis-a-div-of-relx-inc,Lexisnexis a Div of Relx Inc,LEXISNEXIS A DIV OF RELX,,false
LEXISNEXIS MATTHEW BENDER,lexisnexis-matthew-bender,Lexisnexis Matthew Bender,LEXISNEXIS MATTHEW BENDER,,false
LEXITAS,lexitas,Lexitas,LEXITAS,,false
LIBERTY ELECTRIC OF SAN MATEO INC,liberty-electric-of-san-mateo-inc,Liberty Electric of San Mateo Inc,LIBERTY ELECTRIC OF SAN MATEO,,false
LIBKRA INVESTMENT CORPORATION,libkra-investment-corporation,Libkra Investment Corporation,LIBKRA INVESTMENT,,false
Libraria,libraria,Libraria,LIBRARIA,,false
LIFE-ASSIST INC,life-assist-inc,Life-assist Inc,LIFE ASSIST,,false
LIFE FRAMES INC,life-frames-inc,Life Frames Inc,LIFE FRAMES,,false
Life Insurance Company of North America,life-insurance-company-of-north-america,Life Insurance Company of North America,LIFE INSURANCE COMPANY OF NORTH AMERICA,,false
LIFE LEARNING ACADEMY,life-learning-academy,Life Learning Academy,LIFE LEARNING ACADEMY,,false
LIFE SAFETY SYSTEMS INC,life-safety-systems-inc,Life Safety Systems Inc,LIFE SAFETY SYSTEMS,,false
LIFE TECHNOLOGIES CORPORATION,life-technologies-corporation,Life Technologies Corporation,LIFE TECHNOLOGIES,,false
Liffey Electric Inc.,liffey-electric-inc,Liffey Electric Inc.,LIFFEY ELECTRIC,,false
LIGHTING SERVICES INC,lighting-services-inc,Lighting Services Inc,LIGHTING SERVICES,,false
LINCOLN INSURANCE SERVICES,lincoln-insurance-services,Lincoln Insurance Services,LINCOLN INSURANCE SERVICES,,false
LINDA KITTLITZ & ASSOC,linda-kittlitz-assoc,Linda Kittlitz & Assoc,LINDA KITTLITZ AND ASSOC,,false
LINK2GOV CORP,link2gov-corp,Link2gov Corp,LINK2GOV,,false
Lionbridge Global Solutions II Inc.,lionbridge-global-solutions-ii-inc,Lionbridge Global Solutions Ii Inc.,LIONBRIDGE GLOBAL SOLUTIONS II,,false
LITERACY FOR ENVIRONMENTAL JUSTICE,literacy-for-environmental-justice,Literacy for Environmental Justice,LITERACY FOR ENVIRONMENTAL JUSTICE,,false
LIVABLE CITY,livable-city,Livable City,LIVABLE CITY,,false
Liz Glynn Studio Inc,liz-glynn-studio-inc,Liz Glynn Studio Inc,LIZ GLYNN STUDIO,,false
LOCAL GOVERNMENT SERVICES,local-government-services,Local Government Services,LOCAL GOVERNMENT SERVICES,,false
LOCAL INITIATIVES SUPPORT CORP,local-initiatives-support-corp,Local Initiatives Support Corp,LOCAL INITIATIVES SUPPORT,,false
LOGO BRANDS INC,logo-brands-inc,Logo Brands Inc,LOGO BRANDS,,false
Lombard Hotel Group,lombard-hotel-group,Lombard Hotel Group,LOMBARD HOTEL GROUP,,false
LONGO TOYOTA,longo-toyota,Longo Toyota,LONGO TOYOTA,,false
Los Vaqueros Reservoir Joint Powers Auth,los-vaqueros-reservoir-joint-powers-auth,Los Vaqueros Reservoir Joint Powers Auth,LOS VAQUEROS RESERVOIR JOINT POWERS AUTH,,false
LOUIE & PAK LLP,louie-pak-llp,Louie & Pak Llp,LOUIE AND PAK,,false
LOW INCOME INVESTMENT FUND,low-income-investment-fund,Low Income Investment Fund,LOW INCOME INVESTMENT FUND,,false
LOWER POLK COMMUNITY BENEFIT DISTRICT,lower-polk-community-benefit-district,Lower Polk Community Benefit District,LOWER POLK COMMUNITY BENEFIT DISTRICT,,false
Lucon Inc.,lucon-inc,Lucon Inc.,LUCON,,false
LUMINALT ENERGY CORP,luminalt-energy-corp,Luminalt Energy Corp,LUMINALT ENERGY,,false
LUTHERAN SOCIAL SERVICES OF NORTHERN CAL,lutheran-social-services-of-northern-cal,Lutheran Social Services of Northern Cal,LUTHERAN SOCIAL SERVICES OF NORTHERN CAL,,false
LYNCH DISPLAY VANS INC,lynch-display-vans-inc,Lynch Display Vans Inc,LYNCH DISPLAY VANS,,false
LYNCH & SONS VAN & STORAGE CO,lynch-sons-van-storage-co,Lynch & Sons Van & Storage Co,LYNCH AND SONS VAN AND STORAGE,,false
LYNDEN J & ASSOCIATES INC,lynden-j-associates-inc,Lynden J & Associates Inc,LYNDEN J AND ASSOCIATES,,false
LYNGSOE SYSTEMS INC,lyngsoe-systems-inc,Lyngsoe Systems Inc,LYNGSOE SYSTEMS,,false
LYNN M SUTER & ASSOCIATES,lynn-m-suter-associates,Lynn M Suter & Associates,LYNN M SUTER AND ASSOCIATES,,false
Lyon-Martin Community Health Services,lyon-martin-community-health-services,Lyon-martin Community Health Services,LYON MARTIN COMMUNITY HEALTH SERVICES,,false
LYRIC HOUSING ASSOCIATES,lyric-housing-associates,Lyric Housing Associates,LYRIC HOUSING ASSOCIATES,,false
LYSTEK INTERNATIONAL LIMITED,lystek-international-limited,Lystek International Limited,LYSTEK INTERNATIONAL LIMITED,,false
LYTX INC,lytx-inc,Lytx Inc,LYTX,,false
M ARTHUR GENSLER JR & ASSN & MICHAEL WIL,m-arthur-gensler-jr-assn-michael-wil,M Arthur Gensler Jr & Assn & Michael Wil,M ARTHUR GENSLER JR AND ASSN AND MICHAEL WIL,,false
M ARTHUR GENSLER JR & ASSOCIATES INC,m-arthur-gensler-jr-associates-inc,M Arthur Gensler Jr & Associates Inc,M ARTHUR GENSLER JR AND ASSOCIATES,,false
M BONNER CONSULTING LLC,m-bonner-consulting-llc,M Bonner Consulting LLC,M BONNER CONSULTING,,false
M C M ENGINEERING INC,m-c-m-engineering-inc,M C M Engineering Inc,M C M ENGINEERING,,false
M C METAL INC,m-c-metal-inc,M C Metal Inc,M C METAL,,false
M CAVAGNERO ASSOC & C BERNSTEIN ARCH JV,m-cavagnero-assoc-c-bernstein-arch-jv,M Cavagnero Assoc & C Bernstein Arch JV,M CAVAGNERO ASSOC AND C BERNSTEIN ARCH JV,,false
M E D I,m-e-d-i,M E D I,M E D I,,false
M G WEST CO,m-g-west-co,M G West Co,M G WEST,,false
M H CONSTRUCTION MANAGEMENT CO,m-h-construction-management-co-inc,M H Construction Management Co Inc,M H CONSTRUCTION MANAGEMENT,,false
M H CONSTRUCTION MANAGEMENT CO INC,m-h-construction-management-co-inc,M H Construction Management Co Inc,M H CONSTRUCTION MANAGEMENT,,false
M HERNANDEZ CONSTRN DBA HERNANDEZ ENGRNG,m-hernandez-constrn-dba-hernandez-engrng,M Hernandez Constrn DBA Hernandez Engrng,M HERNANDEZ CONSTRN DBA HERNANDEZ ENGRNG,,false
M J M MANAGEMENT GROUP,m-j-m-management-group,M J M Management Group,M J M MANAGEMENT GROUP,,false
M M MANUFACTURING,m-m-manufacturing,M M Manufacturing,M M MANUFACTURING,,false
M S C INDUSTRIAL SUPPLY COMPANY INC,m-s-c-industrial-supply-company-inc,M S C Industrial Supply Company Inc,M S C INDUSTRIAL SUPPLY,,false
M SQUARED CONSTRUCTION INC,m-squared-construction-inc,M Squared Construction Inc,M SQUARED CONSTRUCTION,,false
M W H AMERICAS INC,m-w-h-americas-inc,M W H Americas Inc,M W H AMERICAS,,false
M W H  LABORATORIES,m-w-h-laboratories,M W H Laboratories,M W H LABORATORIES,,false
M W H - LEE J/V,m-w-h-lee-j-v,M W H - Lee J/v,M W H LEE J V,,false
Maceo May Apts L.P.,maceo-may-apts-l-p,Maceo May Apts L.p.,MACEO MAY APTS L P,,false
MACIAS GINI & O'CONNELL LLP,macias-gini-o-connell-llp,Macias Gini & O'connell Llp,MACIAS GINI AND O CONNELL,,false
MACKAY METERS INC,mackay-meters-inc,Mackay Meters Inc,MACKAY METERS,,false
MACKENZIE WAREHOUSE,mackenzie-warehouse,Mackenzie Warehouse,MACKENZIE WAREHOUSE,,false
MACTEC ENGINEERING & CONSULTING INC,mactec-engineering-consulting-inc,Mactec Engineering & Consulting Inc,MACTEC ENGINEERING AND CONSULTING,,false
MAGIC PLUMBING INC,magic-plumbing-inc,Magic Plumbing Inc,MAGIC PLUMBING,,false
MAGNA CHROME,magna-chrome,Magna Chrome,MAGNA CHROME,,false
MAGNADATA USA INC,magnadata-usa-inc,Magnadata USA Inc,MAGNADATA USA,,false
MAGNETIC TICKET & LABEL,magnetic-ticket-label,Magnetic Ticket & Label,MAGNETIC TICKET AND LABEL,,false
MAIN STREET LAUNCH,main-street-launch,Main Street Launch,MAIN STREET LAUNCH,,false
MAITRI AIDS HOSPICE,maitri-aids-hospice,Maitri Aids Hospice,MAITRI AIDS HOSPICE,,false
MAJOR INCIDENT RESPONSE,major-incident-response,Major Incident Response,MAJOR INCIDENT RESPONSE,,false
MAKAI SOLUTIONS,makai-solutions,Makai Solutions,MAKAI SOLUTIONS,,false
MALLORY SAFETY & SUPPLY LLC,mallory-safety-supply-llc,Mallory Safety & Supply LLC,MALLORY SAFETY AND SUPPLY,,false
MALTBY ELECTRIC SUPPLY CO INC,maltby-electric-supply-co-inc,Maltby Electric Supply Co Inc,MALTBY ELECTRIC SUPPLY,,false
MANATRON INC,manatron-inc,Manatron Inc,MANATRON,,false
MANERI SIGN CO INC,maneri-sign-co-inc,Maneri Sign Co Inc,MANERI SIGN,,false
MANPOWERGROUP US INC,manpowergroup-us-inc,Manpowergroup US Inc,MANPOWERGROUP US,,false
Mansfield Oil Company of Gainesville In,mansfield-oil-company-of-gainesville-in,Mansfield Oil Company of Gainesville in,MANSFIELD OIL COMPANY OF GAINESVILLE IN,,false
MANSON CONSTRUCTION CO,manson-construction-co,Manson Construction Co,MANSON CONSTRUCTION,,false
MAQUET MEDICAL SYSTEMS USA,maquet-medical-systems-usa,Maquet Medical Systems USA,MAQUET MEDICAL SYSTEMS USA,,false
MARC ASSOCIATES INC,marc-associates-inc,Marc Associates Inc,MARC ASSOCIATES,,false
MARCOR ENVIRONMENTAL,marcor-environmental,Marcor Environmental,MARCOR ENVIRONMENTAL,,false
Mare Island Dry Dock LLC,mare-island-dry-dock-llc,Mare Island Dry Dock LLC,MARE ISLAND DRY DOCK,,false
MARIN CLEAN ENERGY,marin-clean-energy,Marin Clean Energy,MARIN CLEAN ENERGY,,false
MARIN COUNTY SHERIFF DEPARTMENT,marin-county-sheriff-department,Marin County Sheriff Department,MARIN COUNTY SHERIFF DEPARTMENT,,false
MARINA SECURITY SERVICES INC.,marina-security-services-inc,Marina Security Services Inc.,MARINA SECURITY SERVICES,,false
MARINSHIP DEVELOPMENT INTEREST LLC,marinship-development-interest-llc,Marinship Development Interest LLC,MARINSHIP DEVELOPMENT INTEREST,,false
MARK CAVAGNERO ASSOCIATES,mark-cavagnero-associates,Mark Cavagnero Associates,MARK CAVAGNERO ASSOCIATES,,false
Mark Cavagnero Associates + Kuth Ranieri,mark-cavagnero-associates-kuth-ranieri,Mark Cavagnero Associates + Kuth Ranieri,MARK CAVAGNERO ASSOCIATES KUTH RANIERI,,false
Mark Farrell for Mayor 2024,mark-farrell-for-mayor-2024,Mark Farrell for Mayor 2024,MARK FARRELL FOR MAYOR 2024,,false
MARK SCOTT CONSTRUCTION INC,mark-scott-construction-inc,Mark Scott Construction Inc,MARK SCOTT CONSTRUCTION,,false
MARSH RISK & INSURANCE SERVICES,marsh-risk-insurance-services,Marsh Risk & Insurance Services,MARSH RISK AND INSURANCE SERVICES,,false
MARY ELIZABETH INN,mary-elizabeth-inn,Mary Elizabeth Inn,MARY ELIZABETH INN,,false
MASON 125 LLC,mason-125-llc,Mason 125 LLC,MASON 125,,false
MASON STREET HOUSING ASSOCIATES LP,mason-street-housing-associates-lp,Mason Street Housing Associates Lp,MASON STREET HOUSING ASSOCIATES,,false
MATHEMATICA POLICY RESEARCH INC,mathematica-policy-research-inc,Mathematica Policy Research Inc,MATHEMATICA POLICY RESEARCH,,false
MATRIX LOGIC CORPORATION,matrix-logic-corporation,Matrix Logic Corporation,MATRIX LOGIC,,false
Maverick Solar 6 LLC,maverick-solar-6-llc,Maverick Solar 6 LLC,MAVERICK SOLAR 6,,false
MAYA LIN STUDIO,maya-lin-studio,Maya Lin Studio,MAYA LIN STUDIO,,false
MAZAMA CAPITAL MANAGEMENT INC,mazama-capital-management-inc,Mazama Capital Management Inc,MAZAMA CAPITAL MANAGEMENT,,false
MB3E LP,mb3e-lp,Mb3e Lp,MB3E,,false
MCBAIN ASSOCIATES,mcbain-associates,Mcbain Associates,MCBAIN ASSOCIATES,,false
MCCAIN INC,mccain-inc,Mccain Inc,MCCAIN,,false
MCCALLS CATERING & EVENTS,mccalls-catering-events,Mccalls Catering & Events,MCCALLS CATERING AND EVENTS,,false
MCCARTHY BUILDING COMPANIES INC,mccarthy-building-companies-inc,Mccarthy Building Companies Inc,MCCARTHY BUILDING COMPANIES,,false
McClellan Realty LLC,mcclellan-realty-llc,Mcclellan Realty LLC,MCCLELLAN REALTY,,false
MCCLURE ELECTRIC INC,mcclure-electric-inc,Mcclure Electric Inc,MCCLURE ELECTRIC,,false
MCCOY'S PATROL SERVICE,mccoy-s-patrol-service,Mccoy's Patrol Service,MCCOY S PATROL SERVICE,,false
MCGINNIS CHEN ASSOCIATES INC,mcginnis-chen-associates-inc,Mcginnis Chen Associates Inc,MCGINNIS CHEN ASSOCIATES,,false
MCGUIRE & HESTER,mcguire-hester,Mcguire & Hester,MCGUIRE AND HESTER,,false
MCK Americas and Environmental and Const,mck-americas-and-environmental-and-const,Mck Americas and Environmental and Const,MCK AMERICAS AND ENVIRONMENTAL AND CONST,,false
MCK AMERICAS INC,mck-americas-inc,Mck Americas Inc,MCK AMERICAS,,false
MCK SERVICES INC,mck-services-inc,Mck Services Inc,MCK SERVICES,,false
MCKESSON CORPORATION,mckesson-corporation,Mckesson Corporation,MCKESSON,,false
MCKESSON MEDICAL-SURGICAL INC,mckesson-medical-surgical-inc,Mckesson Medical-surgical Inc,MCKESSON MEDICAL SURGICAL,,false
MCKESSON PLASMA AND BIOLOGICS LLC,mckesson-plasma-and-biologics-llc,Mckesson Plasma and Biologics LLC,MCKESSON PLASMA AND BIOLOGICS,,false
MCKINSTRY ESSENTION,mckinstry-essention,Mckinstry Essention,MCKINSTRY ESSENTION,,false
MCMILLAN SECURITY SYSTEMS,mcmillan-security-systems,Mcmillan Security Systems,MCMILLAN SECURITY SYSTEMS,,false
MDM COMMERCIAL ENTERPRISES INC,mdm-commercial-enterprises-inc,Mdm Commercial Enterprises Inc,MDM COMMERCIAL ENTERPRISES,,false
MEALS ON WHEELS,meals-on-wheels,Meals On Wheels,MEALS ON WHEELS,,false
MEASUREMENT CONTROL SYSTEMS,measurement-control-systems,Measurement Control Systems,MEASUREMENT CONTROL SYSTEMS,,false
MED ONE CAPITAL FUNDING LLC,med-one-capital-funding-llc,Med One Capital Funding LLC,MED ONE CAPITAL FUNDING,,false
MEDA PRECITA SMALL PROPERTIES LLC,meda-precita-small-properties-llc,Meda Precita Small Properties LLC,MEDA PRECITA SMALL PROPERTIES,,false
MEDA SMALL PROPERTIES LLC,meda-small-properties-llc,Meda Small Properties LLC,MEDA SMALL PROPERTIES,,false
MEDA Small Properties LLC,meda-small-properties-llc,Meda Small Properties LLC,MEDA SMALL PROPERTIES,,false
MEDICAL CONTRACTING SERVICES INC,medical-contracting-services-inc,Medical Contracting Services Inc,MEDICAL CONTRACTING SERVICES,,false
Medical Equipment Doctor,medical-equipment-doctor,Medical Equipment Doctor,MEDICAL EQUIPMENT DOCTOR,,false
MEDIMPACT HEALTHCARE SYSTEMS INC,medimpact-healthcare-systems-inc,Medimpact Healthcare Systems Inc,MEDIMPACT HEALTHCARE SYSTEMS,,false
MEDISCRIPT MEDICAL TRANSCRIPTION,mediscript-medical-transcription,Mediscript Medical Transcription,MEDISCRIPT MEDICAL TRANSCRIPTION,,false
MEDLINE INDUSTRIES INC,medline-industries-inc,Medline Industries Inc,MEDLINE INDUSTRIES,,false
MEDSTAFF HEALTHCARE SOLUTIONS,medstaff-healthcare-solutions,Medstaff Healthcare Solutions,MEDSTAFF HEALTHCARE SOLUTIONS,,false
MEDTRONIC USA INC,medtronic-usa-inc,Medtronic USA Inc,MEDTRONIC USA,,false
MEI ARCHITECTS,mei-architects,Mei Architects,MEI ARCHITECTS,,false
MEI YAMAMAR ADF FACILITY JV,mei-yamamar-adf-facility-jv,Mei Yamamar Adf Facility JV,MEI YAMAMAR ADF FACILITY JV,,false
MEISEL KRENTSA & BURNEIKIS,meisel-krentsa-burneikis,Meisel Krentsa & Burneikis,MEISEL KRENTSA AND BURNEIKIS,,false
MEK ENTERPRISES INC,mek-enterprises-inc,Mek Enterprises Inc,MEK ENTERPRISES,,false
MENTAL HEALTH ASSOCIATION OF SF,mental-health-association-of-sf,Mental Health Association of SF,MENTAL HEALTH ASSOCIATION OF SF,,false
MENTAL HEALTH MGMT I INC DBA CANYON MANO,mental-health-mgmt-i-inc-dba-canyon-mano,Mental Health Mgmt I Inc DBA Canyon Mano,MENTAL HEALTH MGMT I INC DBA CANYON MANO,,false
MERCER HEALTH & BENEFITS LLC,mercer-health-benefits-llc,Mercer Health & Benefits LLC,MERCER HEALTH AND BENEFITS,,false
MERCY HOUSING CA 59 A CA LMTED PTNRSHP,mercy-housing-ca-59-a-ca-lmted-ptnrshp,Mercy Housing Ca 59 a Ca Lmted Ptnrshp,MERCY HOUSING CA 59 A CA LMTED PTNRSHP,,false
MERCY HOUSING CAL XLIV A CA LTD PRTNRSHP,mercy-housing-cal-xliv-a-ca-ltd-prtnrshp,Mercy Housing Cal Xliv a Ca Ltd Prtnrshp,MERCY HOUSING CAL XLIV A CA LTD PRTNRSHP,,false
MERCY HOUSING CALIFORNIA,mercy-housing-california,Mercy Housing California,MERCY HOUSING CALIFORNIA,,false
Mercy Housing California 103 LP,mercy-housing-california-103-lp,Mercy Housing California 103 Lp,MERCY HOUSING CALIFORNIA 103,,false
Mercy Housing California 104 L.P.,mercy-housing-california-104-l-p,Mercy Housing California 104 L.p.,MERCY HOUSING CALIFORNIA 104 L P,,false
Mercy Housing California 108 L.P.,mercy-housing-california-108-l-p,Mercy Housing California 108 L.p.,MERCY HOUSING CALIFORNIA 108 L P,,false
Mercy Housing California 109 LP,mercy-housing-california-109-lp,Mercy Housing California 109 Lp,MERCY HOUSING CALIFORNIA 109,,false
Mercy Housing California 111 LP,mercy-housing-california-111-lp,Mercy Housing California 111 Lp,MERCY HOUSING CALIFORNIA 111,,false
MERCY HOUSING CALIFORNIA 50 ACLP,mercy-housing-california-50-aclp,Mercy Housing California 50 Aclp,MERCY HOUSING CALIFORNIA 50 ACLP,,false
MERCY HOUSING CALIFORNIA 51 A CA LP,mercy-housing-california-51-a-ca-lp,Mercy Housing California 51 a Ca Lp,MERCY HOUSING CALIFORNIA 51 A CA,,false
MERCY HOUSING CALIFORNIA 53,mercy-housing-california-53,Mercy Housing California 53,MERCY HOUSING CALIFORNIA 53,,false
MERCY HOUSING CALIFORNIA 57 LP,mercy-housing-california-57-lp,Mercy Housing California 57 Lp,MERCY HOUSING CALIFORNIA 57,,false
MERCY HOUSING CALIFORNIA 62,mercy-housing-california-62,Mercy Housing California 62,MERCY HOUSING CALIFORNIA 62,,false
MERCY HOUSING CALIFORNIA 64 LP,mercy-housing-california-64-lp,Mercy Housing California 64 Lp,MERCY HOUSING CALIFORNIA 64,,false
Mercy Housing California 78 LP,mercy-housing-california-78-lp,Mercy Housing California 78 Lp,MERCY HOUSING CALIFORNIA 78,,false
MERCY HOUSING CALIFORNIA 82 L.P.,mercy-housing-california-82-l-p,Mercy Housing California 82 L.p.,MERCY HOUSING CALIFORNIA 82 L P,,false
Mercy Housing California 85 LP,mercy-housing-california-85-lp,Mercy Housing California 85 Lp,MERCY HOUSING CALIFORNIA 85,,false
MERCY HOUSING CALIFORNIA 97 L.P.,mercy-housing-california-97-l-p,Mercy Housing California 97 L.p.,MERCY HOUSING CALIFORNIA 97 L P,,false
Mercy Housing California X LP,mercy-housing-california-x-lp,Mercy Housing California X Lp,MERCY HOUSING CALIFORNIA X,,false
MERCY HOUSING CALIFORNIA XIV,mercy-housing-california-xiv,Mercy Housing California Xiv,MERCY HOUSING CALIFORNIA XIV,,false
MERCY HOUSING CALIFORNIA XL,mercy-housing-california-xl,Mercy Housing California Xl,MERCY HOUSING CALIFORNIA XL,,false
Mercy Housing California XX CA LP,mercy-housing-california-xx-ca-lp,Mercy Housing California Xx Ca Lp,MERCY HOUSING CALIFORNIA XX CA,,false
MERCY HOUSING CALIFORNIA XXII A CALIF LP,mercy-housing-california-xxii-a-calif-lp,Mercy Housing California Xxii a Calif Lp,MERCY HOUSING CALIFORNIA XXII A CALIF,,false
MERCY MIDTOWN INC,mercy-midtown-inc,Mercy Midtown Inc,MERCY MIDTOWN,,false
MERCY PROPERTIES CALIFORNIA,mercy-properties-california,Mercy Properties California,MERCY PROPERTIES CALIFORNIA,,false
MERCY SERVICES CORP,mercy-services-corp,Mercy Services Corp,MERCY SERVICES,,false
Meridian Rapid Defense Group LLC,meridian-rapid-defense-group-llc,Meridian Rapid Defense Group LLC,MERIDIAN RAPID DEFENSE GROUP,,false
MERRILL COMMUNICATIONS LLC,merrill-communications-llc,Merrill Communications LLC,MERRILL COMMUNICATIONS,,false
MERRILL CORP,merrill-corp,Merrill Corp,MERRILL,,false
MERRIWETHER & WILLIAMS INSURANCE SVC INC,merriwether-williams-insurance-svc-inc,Merriwether & Williams Insurance Svc Inc,MERRIWETHER AND WILLIAMS INSURANCE SVC,,false
MES Service Company LLC,mes-service-company-llc,Mes Service Company LLC,MES SERVICE,,false
MESA ENERGY SYSTEMS INC,mesa-energy-systems-inc,Mesa Energy Systems Inc,MESA ENERGY SYSTEMS,,false
METCALF & EDDY INC/RAYMOND BROOKS ENG JV,metcalf-eddy-inc-raymond-brooks-eng-jv,Metcalf & Eddy Inc/raymond Brooks Eng JV,METCALF AND EDDY INC RAYMOND BROOKS ENG JV,,false
METCALF &EDDY INC/WATER RESOURCES ENG JV,metcalf-eddy-inc-water-resources-eng-jv,Metcalf &eddy Inc/water Resources Eng JV,METCALF AND EDDY INC WATER RESOURCES ENG JV,,false
METRO MAINTENANCE INC,metro-maintenance-inc,Metro Maintenance Inc,METRO MAINTENANCE,,false
METRO W PLASTICS,metro-w-plastics,Metro W Plastics,METRO W PLASTICS,,false
METROPOLITAN CALIFORNIA STEVEDORE CO,metropolitan-california-stevedore-co,Metropolitan California Stevedore Co,METROPOLITAN CALIFORNIA STEVEDORE,,false
METROPOLITAN STEVEDORE CO,metropolitan-stevedore-co,Metropolitan Stevedore Co,METROPOLITAN STEVEDORE,,false
METROPOLITAN TRANSPORT COMM - METROCTR,metropolitan-transport-comm-metroctr,Metropolitan Transport Comm - Metroctr,METROPOLITAN TRANSPORT COMM METROCTR,,false
METROPOLITAN TRANSPORTATION COMMISSION,metropolitan-transportation-commission,Metropolitan Transportation Commission,METROPOLITAN TRANSPORTATION COMMISSION,,false
MEXICAN MUSEUM,mexican-museum,Mexican Museum,MEXICAN MUSEUM,,false
MGAC,mgac,Mgac,MGAC,,false
MHDC New Map L.P.,mhdc-new-map-l-p,Mhdc New Map L.p.,MHDC NEW MAP L P,,false
MHDC South Park Properties L.P.,mhdc-south-park-properties-l-p,Mhdc South Park Properties L.p.,MHDC SOUTH PARK PROPERTIES L P,,false
MHRSC LP,mhrsc-lp,Mhrsc Lp,MHRSC,,false
Michael O'Shaughnessy Construction Inc,michael-o-shaughnessy-construction-inc,Michael O'shaughnessy Construction Inc,MICHAEL O SHAUGHNESSY CONSTRUCTION,,false
MICHELA ALIOTO-PIER FOR MAYOR 2011,michela-alioto-pier-for-mayor-2011,Michela Alioto-pier for Mayor 2011,MICHELA ALIOTO PIER FOR MAYOR 2011,,false
MICHELIN NORTH AMERICA INC,michelin-north-america-inc,Michelin North America Inc,MICHELIN NORTH AMERICA,,false
MICHELS CORP DBA MICHELS PIPELINE,michels-corp-dba-michels-pipeline,Michels Corp DBA Michels Pipeline,MICHELS CORP DBA MICHELS PIPELINE,,false
MICHELS/JAY DEE/COLUCCIO JOINT VENTURE,michels-jay-dee-coluccio-joint-venture,Michels/jay Dee/coluccio Joint Venture,MICHELS JAY DEE COLUCCIO JOINT VENTURE,,false
MICRO FOCUS (US) INC,micro-focus-us-inc,Micro Focus (us) Inc,MICRO FOCUS US,,false
MICROBIZ SECURITY CO INC,microbiz-security-co-inc,Microbiz Security Co Inc,MICROBIZ SECURITY,,false
MICROBRIDGES,microbridges,Microbridges,MICROBRIDGES,,false
MICROGEAR ESP JV,microgear-esp-jv,Microgear Esp JV,MICROGEAR ESP JV,,false
MICROGEAR INC,microgear-inc,Microgear Inc,MICROGEAR,,false
MICROMENDERS/GC MICRO JOINT VENTURE,micromenders-gc-micro-joint-venture,Micromenders/gc Micro Joint Venture,MICROMENDERS GC MICRO JOINT VENTURE,,false
MICROSOFT CORP,microsoft-corp,Microsoft Corp,MICROSOFT,,false
MICROWAVE NETWORKS INC,microwave-networks-inc,Microwave Networks Inc,MICROWAVE NETWORKS,,false
Mid Market Foundation,mid-market-foundation,Mid Market Foundation,MID MARKET FOUNDATION,,false
Mid-Peninsula Hermanas Inc.,mid-peninsula-hermanas-inc,Mid-peninsula Hermanas Inc.,MID PENINSULA HERMANAS,,false
Midtown Park Apartments Kalco Properties,midtown-park-apartments-kalco-properties,Midtown Park Apartments Kalco Properties,MIDTOWN PARK APARTMENTS KALCO PROPERTIES,,false
MIDWEST LIBRARY SERVICE,midwest-library-service,Midwest Library Service,MIDWEST LIBRARY SERVICE,,false
MIDWEST TAPE LLC,midwest-tape-llc,Midwest Tape LLC,MIDWEST TAPE,,false
Midwest Veterinary Supply Inc.,midwest-veterinary-supply-inc,Midwest Veterinary Supply Inc.,MIDWEST VETERINARY SUPPLY,,false
MIK CONSTRUCTION INC.,mik-construction-inc,Mik Construction Inc.,MIK CONSTRUCTION,,false
MILDRED HOWARD,mildred-howard,Mildred Howard,MILDRED HOWARD,,false
MILES ELECTRIC VEHICLES,miles-electric-vehicles,Miles Electric Vehicles,MILES ELECTRIC VEHICLES,,false
MINAMI TAMAKI LLP,minami-tamaki-llp,Minami Tamaki Llp,MINAMI TAMAKI,,false
Mindray North America,mindray-north-america,Mindray North America,MINDRAY NORTH AMERICA,,false
MINERVA CONSTRUCTION INC,minerva-construction-inc,Minerva Construction Inc,MINERVA CONSTRUCTION,,false
Minnie Bell's Soul Movement,minnie-bell-s-soul-movement,Minnie Bell's Soul Movement,MINNIE BELL S SOUL MOVEMENT,,false
MIOVISION TECHNOLOGIES US LLC,miovision-technologies-us-llc,Miovision Technologies US LLC,MIOVISION TECHNOLOGIES US,,false
MISCO,misco,Misco,MISCO,,false
MISSION ACTION INC,mission-action-inc,Mission Action Inc,MISSION ACTION,,false
MISSION ANALYTICS GROUP INC,mission-analytics-group-inc,Mission Analytics Group Inc,MISSION ANALYTICS GROUP,,false
Mission Bay 4 East Associates L.P.,mission-bay-4-east-associates-l-p,Mission Bay 4 East Associates L.p.,MISSION BAY 4 EAST ASSOCIATES L P,,false
Mission Bay 9 LP,mission-bay-9-lp,Mission Bay 9 Lp,MISSION BAY 9,,false
MISSION BAY BLOCK 7 HOUSING PARTNERS LP,mission-bay-block-7-housing-partners-lp,Mission Bay Block 7 Housing Partners Lp,MISSION BAY BLOCK 7 HOUSING PARTNERS,,false
MISSION BIT,mission-bit,Mission Bit,MISSION BIT,,false
MISSION COUNCIL ON ALCOHOL ABUSE/SPANISH,mission-council-on-alcohol-abuse-spanish,Mission Council On Alcohol Abuse/spanish,MISSION COUNCIL ON ALCOHOL ABUSE SPANISH,,false
MISSION CREEK SENIOR COMMUNITY,mission-creek-senior-community,Mission Creek Senior Community,MISSION CREEK SENIOR COMMUNITY,,false
MISSION CULTURAL CENTER FOR LATINO ARTS,mission-cultural-center-for-latino-arts,Mission Cultural Center for Latino Arts,MISSION CULTURAL CENTER FOR LATINO ARTS,,false
MISSION ECONOMIC DEVELOPMENT AGENCY,mission-economic-development-agency,Mission Economic Development Agency,MISSION ECONOMIC DEVELOPMENT AGENCY,,false
MISSION EDUCATION PROJECTS INC,mission-education-projects-inc,Mission Education Projects Inc,MISSION EDUCATION PROJECTS,,false
MISSION GRADUATES,mission-graduates,Mission Graduates,MISSION GRADUATES,,false
MISSION HIRING HALL,mission-hiring-hall-inc,Mission Hiring Hall Inc,MISSION HIRING HALL,,false
MISSION HIRING HALL INC,mission-hiring-hall-inc,Mission Hiring Hall Inc,MISSION HIRING HALL,,false
MISSION HOUSING DEVELOPMENT CORP.,mission-housing-development-corp,Mission Housing Development Corp.,MISSION HOUSING DEVELOPMENT,,false
MISSION LANGUAGE & VOCATIONAL SCHOOL,mission-language-vocational-school,Mission Language & Vocational School,MISSION LANGUAGE AND VOCATIONAL SCHOOL,,false
MISSION LANGUAGE & VOCATIONAL SCHOOL INC,mission-language-vocational-school,Mission Language & Vocational School,MISSION LANGUAGE AND VOCATIONAL SCHOOL,,false
MISSION LINEN SUPPLY,mission-linen-supply,Mission Linen Supply,MISSION LINEN SUPPLY,,false
MISSION NEIGHBORHOOD CENTERS INC,mission-neighborhood-centers-inc,Mission Neighborhood Centers Inc,MISSION NEIGHBORHOOD CENTERS,,false
MISSION NEIGHBORHOOD HEALTH CENTER,mission-neighborhood-health-center,Mission Neighborhood Health Center,MISSION NEIGHBORHOOD HEALTH CENTER,,false
Mission Rock Horizontal Sub (Phase 1)LLC,mission-rock-horizontal-sub-phase-1-llc,Mission Rock Horizontal Sub (phase 1)llc,MISSION ROCK HORIZONTAL SUB PHASE 1,,false
Mission Street Management LLC,mission-street-management-llc,Mission Street Management LLC,MISSION STREET MANAGEMENT,,false
MISSION STREET PRODUCTIONS LLC,mission-street-productions-llc,"Mission Street Productions, LLC",MISSION STREET PRODUCTIONS,,false
"MISSION STREET PRODUCTIONS, LLC",mission-street-productions-llc,"Mission Street Productions, LLC",MISSION STREET PRODUCTIONS,,false
MISSOURI YOUTH SERVICES INSTITUTE,missouri-youth-services-institute,Missouri Youth Services Institute,MISSOURI YOUTH SERVICES INSTITUTE,,false
MITCHELL ENGINEERING,mitchell-engineering,Mitchell Engineering,MITCHELL ENGINEERING,,false
MITCHELL ENGINEERING/OBAYASHI CORP JV,mitchell-engineering-obayashi-corp-jv,Mitchell Engineering/obayashi Corp JV,MITCHELL ENGINEERING OBAYASHI CORP JV,,false
MITCHELL IMAGING,mitchell-imaging,Mitchell Imaging,MITCHELL IMAGING,,false
MLOK CONSULTING INC,mlok-consulting-inc,Mlok Consulting Inc,MLOK CONSULTING,,false
MMD JV,mmd-jv,Mmd JV,MMD JV,,false
MModal Services Ltd,mmodal-services-ltd,Mmodal Services Ltd,MMODAL SERVICES,,false
MOBERG RESEARCH INC,moberg-research-inc,Moberg Research Inc,MOBERG RESEARCH,,false
MOBILE MODULAR MANAGEMENT CORP,mobile-modular-management-corp,Mobile Modular Management Corp,MOBILE MODULAR MANAGEMENT,,false
Modaxo Traffic Management USA Inc.,modaxo-traffic-management-usa-inc,Modaxo Traffic Management USA Inc.,MODAXO TRAFFIC MANAGEMENT USA,,false
MODEL 1 COMMERCIAL VEHICLES INC.,model-1-commercial-vehicles-inc,Model 1 Commercial Vehicles Inc.,MODEL 1 COMMERCIAL VEHICLES,,false
MODESTO IRRIGATION DISTRICT,modesto-irrigation-district,Modesto Irrigation District,MODESTO IRRIGATION DISTRICT,,false
MOFFATT & NICHOL,moffatt-nichol,Moffatt & Nichol,MOFFATT AND NICHOL,,false
MOFFATT & NICHOL & AGS JV,moffatt-nichol-ags-jv,Moffatt & Nichol & Ags JV,MOFFATT AND NICHOL AND AGS JV,,false
MOFFATT & NICHOL ENGINEERS,moffatt-nichol-engineers,Moffatt & Nichol Engineers,MOFFATT AND NICHOL ENGINEERS,,false
Moffatt & Nichol OLMM JV,moffatt-nichol-olmm-jv,Moffatt & Nichol Olmm JV,MOFFATT AND NICHOL OLMM JV,,false
MOHR ENGINEERING DIVISION,mohr-engineering-division,Mohr Engineering Division,MOHR ENGINEERING DIVISION,,false
MOLINARI & ASSOCIATES,molinari-associates,Molinari & Associates,MOLINARI AND ASSOCIATES,,false
MOLONEY ELECTRIC INC,moloney-electric-inc,Moloney Electric Inc,MOLONEY ELECTRIC,,false
MONARCH LASER SEVICES,monarch-laser-sevices,Monarch Laser Sevices,MONARCH LASER SEVICES,,false
MONDRIAN INVESTMENT PARTNERS LIMITED,mondrian-investment-partners-limited,Mondrian Investment Partners Limited,MONDRIAN INVESTMENT PARTNERS LIMITED,,false
MONTEREY COUNTY,monterey-county,Monterey County,MONTEREY COUNTY,,false
MONTEREY MECHANICAL CO,monterey-mechanical-co,Monterey Mechanical Co,MONTEREY MECHANICAL,,false
MONTGOMERY CORP,montgomery-corp,Montgomery Corp,MONTGOMERY,,false
MOODY'S INVESTORS SERVICE,moody-s-investors-service,Moody's Investors Service,MOODY S INVESTORS SERVICE,,false
Moonstar Buffet Restaurant,moonstar-buffet-restaurant,Moonstar Buffet Restaurant,MOONSTAR BUFFET RESTAURANT,,false
MOORE BROS. SCAVENGER CO.,moore-bros-scavenger-co,Moore Bros. Scavenger Co.,MOORE BROS SCAVENGER,,false
MOORE IACOFANO GOLTSMAN,moore-iacofano-goltsman,Moore Iacofano Goltsman,MOORE IACOFANO GOLTSMAN,,false
MOOSE BOATS INC,moose-boats-inc,Moose Boats Inc,MOOSE BOATS,,false
Moose Boats Inc.,moose-boats-inc,Moose Boats Inc,MOOSE BOATS,,false
MOOVEL NORTH AMERICA LLC,moovel-north-america-llc,Moovel North America LLC,MOOVEL NORTH AMERICA,,false
Moran Consulting Inc.,moran-consulting-inc,Moran Consulting Inc.,MORAN CONSULTING,,false
MORE PREPARED,more-prepared,More Prepared,MORE PREPARED,,false
MORGAN LEWIS & BOCKIUS LLP,morgan-lewis-bockius-llp,Morgan Lewis & Bockius Llp,MORGAN LEWIS AND BOCKIUS,,false
Morgan Stanley Capital Group Inc.,morgan-stanley-capital-group-inc,Morgan Stanley Capital Group Inc.,MORGAN STANLEY CAPITAL GROUP,,false
MORRISANIA WEST INC,morrisania-west-inc,Morrisania West Inc,MORRISANIA WEST,,false
MORTECH MFG,mortech-mfg,Mortech Mfg,MORTECH MFG,,false
MOSAIC CROP NUTRITION LLC,mosaic-crop-nutrition-llc,Mosaic Crop Nutrition LLC,MOSAIC CROP NUTRITION,,false
MOSAIC451 LLC,mosaic451-llc,Mosaic451 LLC,MOSAIC451,,false
MOSCONE CENTER JOINT VENTURE,moscone-center-joint-venture,Moscone Center Joint Venture,MOSCONE CENTER JOINT VENTURE,,false
MOSS ADAMS LLP,moss-adams-llp,Moss Adams Llp,MOSS ADAMS,,false
Most Likely To Inc,most-likely-to-inc,Most Likely to Inc,MOST LIKELY TO,,false
MOSTAR STEAM CLEANING,mostar-steam-cleaning,Mostar Steam Cleaning,MOSTAR STEAM CLEANING,,false
MOTOROLA COMMUNICATIONS & ELECTRONCS INC,motorola-communications-electroncs-inc,Motorola Communications & Electroncs Inc,MOTOROLA COMMUNICATIONS AND ELECTRONCS,,false
MOTOROLA SOLUTIONS INC,motorola-solutions-inc,Motorola Solutions Inc,MOTOROLA SOLUTIONS,,false
Mott MacDonald Group Inc.,mott-macdonald-group-inc,Mott Macdonald Group Inc.,MOTT MACDONALD GROUP,,false
MOTT MACDONALD LLC,mott-macdonald-llc,Mott Macdonald LLC,MOTT MACDONALD,,false
MOUNTAIN CASCADE INC,mountain-cascade-inc,Mountain Cascade Inc,MOUNTAIN CASCADE,,false
Mountain Horse Solutions,mountain-horse-solutions,Mountain Horse Solutions,MOUNTAIN HORSE SOLUTIONS,,false
Mountain Methods Inc.,mountain-methods-inc,Mountain Methods Inc.,MOUNTAIN METHODS,,false
Mountain Tunnel Constructors Inc.,mountain-tunnel-constructors-inc,Mountain Tunnel Constructors Inc.,MOUNTAIN TUNNEL CONSTRUCTORS,,false
MOUNTFORD GROUP INC,mountford-group-inc,Mountford Group Inc,MOUNTFORD GROUP,,false
MP Francis Scott Key 1 LLC,mp-francis-scott-key-1-llc,Mp Francis Scott Key 1 LLC,MP FRANCIS SCOTT KEY 1,,false
MP Francis Scott Key 2 Associates LP,mp-francis-scott-key-2-associates-lp,Mp Francis Scott Key 2 Associates Lp,MP FRANCIS SCOTT KEY 2 ASSOCIATES,,false
MP GGA Moderate LLC,mp-gga-moderate-llc,Mp Gga Moderate LLC,MP GGA MODERATE,,false
MP Golden Gate Avenue Associates L.P.,mp-golden-gate-avenue-associates-l-p,Mp Golden Gate Avenue Associates L.p.,MP GOLDEN GATE AVENUE ASSOCIATES L P,,false
MP TURK STREET ASSOCIATES LP,mp-turk-street-associates-lp,Mp Turk Street Associates Lp,MP TURK STREET ASSOCIATES,,false
MR WIRE,mr-wire,Mr Wire,MR WIRE,,false
MRW & ASSOCIATES LLC,mrw-associates-llc,Mrw & Associates LLC,MRW AND ASSOCIATES,,false
MT ST JOSEPH-ST ELIZABETH,mt-st-joseph-st-elizabeth,Mt St Joseph-st Elizabeth,MT ST JOSEPH ST ELIZABETH,,false
MUFG BANK LTD,mufg-bank-ltd,Mufg Bank Ltd,MUFG BANK,,false
MUFG UNION BANK NA,mufg-union-bank-na,Mufg Union Bank Na,MUFG UNION BANK,,false
MUJERES UNIDAS Y ACTIVAS,mujeres-unidas-y-activas,Mujeres Unidas Y Activas,MUJERES UNIDAS Y ACTIVAS,,false
MULLER CONSTRUCTION SUPPLY INC,muller-construction-supply-inc,Muller Construction Supply Inc,MULLER CONSTRUCTION SUPPLY,,false
Multi Shipping Center & More,multi-shipping-center-more,Multi Shipping Center & More,MULTI SHIPPING CENTER AND MORE,,false
MUNCIE RECLAMATION AND SUPPLY CO INC,muncie-reclamation-and-supply-co-inc,Muncie Reclamation and Supply Co Inc,MUNCIE RECLAMATION AND SUPPLY,,false
MUNICIPAL EMERGENCY SERVICES INC,municipal-emergency-services-inc,Municipal Emergency Services Inc,MUNICIPAL EMERGENCY SERVICES,,false
MUNICIPAL MAINTENANCE EQUIPMENT,municipal-maintenance-equipment,Municipal Maintenance Equipment,MUNICIPAL MAINTENANCE EQUIPMENT,,false
MUNISERVICES LLC,muniservices-llc,Muniservices LLC,MUNISERVICES,,false
MURPHY & ASSOCIATES,murphy-associates,Murphy & Associates,MURPHY AND ASSOCIATES,,false
MUSCULOSKELETAL TRANSPLANT FNDTN (MTF),musculoskeletal-transplant-fndtn-mtf,Musculoskeletal Transplant Fndtn (mtf),MUSCULOSKELETAL TRANSPLANT FNDTN MTF,,false
MWH-AGS INC JV,mwh-ags-inc-jv,Mwh-ags Inc JV,MWH AGS INC JV,,false
MWH-AGS-LEE JV,mwh-ags-lee-jv,Mwh-ags-lee JV,MWH AGS LEE JV,,false
MWH CONSTRS & WEBCOR BLDRS A CNST JV,mwh-constrs-webcor-bldrs-a-cnst-jv,Mwh Constrs & Webcor Bldrs a Cnst JV,MWH CONSTRS AND WEBCOR BLDRS A CNST JV,,false
MWH.JHCE JV,mwh-jhce-jv,Mwh.jhce JV,MWH JHCE JV,,false
MWH-STRUCTUS JV,mwh-structus-jv,Mwh-structus JV,MWH STRUCTUS JV,,false
MWH-TRSE JV,mwh-trse-jv,Mwh-trse JV,MWH TRSE JV,,false
MWH-URS J/V,mwh-urs-j-v,Mwh-urs J/v,MWH URS J V,,false
MWH-WRE JV,mwh-wre-jv,Mwh-wre JV,MWH WRE JV,,false
MYERS POWER PRODUCTS INC,myers-power-products-inc,Myers Power Products Inc,MYERS POWER PRODUCTS,,false
MYERS & SONS CONSTRUCTION LP,myers-sons-construction-lp,Myers & Sons Construction Lp,MYERS AND SONS CONSTRUCTION,,false
MYPATH,mypath,Mypath,MYPATH,,false
MYTHICS INC,mythics-inc,Mythics Inc,MYTHICS,,false
MYTHICS LLC dba MYTHICS VIII LLC,mythics-llc-dba-mythics-viii-llc,Mythics LLC Dba Mythics Viii LLC,MYTHICS LLC DBA MYTHICS VIII,,false
N C C I,n-c-c-i,N C C I,N C C I,,false
N E C CO,n-e-c-co,N E C Co,N E C,,false
N E C CORPORATION OF AMERICA,n-e-c-corporation-of-america,N E C Corporation of America,N E C CORPORATION OF AMERICA,,false
N T K CONSTRUCTION INC,n-t-k-construction-inc,N T K Construction Inc,N T K CONSTRUCTION,,false
NABCO INC,nabco-inc,Nabco Inc,NABCO,,false
Napa Ford Lincoln,napa-ford-lincoln,Napa Ford Lincoln,NAPA FORD LINCOLN,,false
NATIONAL HARM REDUCTION COALITION,national-harm-reduction-coalition,National Harm Reduction Coalition,NATIONAL HARM REDUCTION COALITION,,false
NATIONAL MEDICAL HEALTH CARD SYSTEMS INC,national-medical-health-card-systems-inc,National Medical Health Card Systems Inc,NATIONAL MEDICAL HEALTH CARD SYSTEMS,,false
NATIONAL PARK SERVICE,national-park-service,National Park Service,NATIONAL PARK SERVICE,,false
NATIONAL RESEARCH CORP,national-research-corp,National Research Corp,NATIONAL RESEARCH,,false
NATIONAL SECURITY SERVICES,national-security-services,National Security Services,NATIONAL SECURITY SERVICES,,false
NATIONAL UTILITY SALES CORP,national-utility-sales-corp,National Utility Sales Corp,NATIONAL UTILITY SALES,,false
NATIVE AMERICAN AIDS PROJECT,native-american-aids-project,Native American Aids Project,NATIVE AMERICAN AIDS PROJECT,,false
NATIVE AMERICAN HEALTH CENTER,native-american-health-center,Native American Health Center,NATIVE AMERICAN HEALTH CENTER,,false
NATOMA FAMILY HOUSING LP,natoma-family-housing-lp,Natoma Family Housing Lp,NATOMA FAMILY HOUSING,,false
NATUS MEDICAL INC,natus-medical-inc,Natus Medical Inc,NATUS MEDICAL,,false
Natus Sensory Inc,natus-sensory-inc,Natus Sensory Inc,NATUS SENSORY,,false
NBC CONSTRUCTION,nbc-construction,Nbc Construction,NBC CONSTRUCTION,,false
NBC CONSTRUCTION & ENGINEERING INC,nbc-construction-engineering-inc,Nbc Construction & Engineering Inc,NBC CONSTRUCTION AND ENGINEERING,,false
NBC GENERAL CONTRACTORS CORP,nbc-general-contractors-corp,Nbc General Contractors Corp,NBC GENERAL CONTRACTORS,,false
NCR CONSTRUCTION INC,ncr-construction-inc,Ncr Construction Inc,NCR CONSTRUCTION,,false
NEC CORPORATION OF AMERICA,nec-corporation-of-america,Nec Corporation of America,NEC CORPORATION OF AMERICA,,false
NED KAHN STUDIOS,ned-kahn-studios,Ned Kahn Studios,NED KAHN STUDIOS,,false
NELSON/NYGAARD CONSULTING ASSOCIATES INC,nelson-nygaard-consulting-associates-inc,Nelson/nygaard Consulting Associates Inc,NELSON NYGAARD CONSULTING ASSOCIATES,,false
NEOPART DIV OF NEOPLAN USA CORP,neopart-div-of-neoplan-usa-corp,Neopart Div of Neoplan USA Corp,NEOPART DIV OF NEOPLAN USA,,false
NEOPART LLC,neopart-llc,Neopart LLC,NEOPART,,false
NEOPART TRANSIT LLC,neopart-transit-llc,Neopart Transit LLC,NEOPART TRANSIT,,false
NEPC LLC,nepc-llc,Nepc LLC,NEPC,,false
NETRONIX INTEGRATION,netronix-integration,Netronix Integration,NETRONIX INTEGRATION,,false
NETSMART NEW YORK INC,netsmart-new-york-inc,Netsmart New York Inc,NETSMART NEW YORK,,false
Netsmart Technologies Inc.,netsmart-technologies-inc,Netsmart Technologies Inc.,NETSMART TECHNOLOGIES,,false
NETWORK DESIGNS INTEGRATION SERVICES INC,network-designs-integration-services-inc,Network Designs Integration Services Inc,NETWORK DESIGNS INTEGRATION SERVICES,,false
NETWORK FOR ELDERS,network-for-elders,Network for Elders,NETWORK FOR ELDERS,,false
NEW A AND A TOP AND TRIM,new-a-and-a-top-and-trim,New a and a Top and Trim,NEW A AND A TOP AND TRIM,,false
NEW AGE SECURITY SOLUTIONS,new-age-security-solutions,New Age Security Solutions,NEW AGE SECURITY SOLUTIONS,,false
New Asia Housing LP,new-asia-housing-lp,New Asia Housing Lp,NEW ASIA HOUSING,,false
NEW CALIFORNIA LAND CO,new-california-land-co,New California Land Co,NEW CALIFORNIA LAND,,false
New Community Leadership Foundation,new-community-leadership-foundation,New Community Leadership Foundation,NEW COMMUNITY LEADERSHIP FOUNDATION,,false
NEW DOOR VENTURES,new-door-ventures,New Door Ventures,NEW DOOR VENTURES,,false
NEW FLYER INDUSTRIES CANADA ULC,new-flyer-industries-canada-ulc,New Flyer Industries Canada Ulc,NEW FLYER INDUSTRIES CANADA ULC,,false
NEW FLYER OF AMERICA INC,new-flyer-of-america-inc,New Flyer of America Inc,NEW FLYER OF AMERICA,,false
New Flyer of America Inc,new-flyer-of-america-inc,New Flyer of America Inc,NEW FLYER OF AMERICA,,false
NEW LEAF SERVICES FOR OUR COMMUNITY,new-leaf-services-for-our-community,New Leaf Services for Our Community,NEW LEAF SERVICES FOR OUR COMMUNITY,,false
NEW RELIANCE AUTO REPAIR INC,new-reliance-auto-repair-inc,New Reliance Auto Repair Inc,NEW RELIANCE AUTO REPAIR,,false
NEW SOUTH PARKING-CALIFORNIA GP,new-south-parking-california-gp,New South Parking-california Gp,NEW SOUTH PARKING CALIFORNIA GP,,false
NEW TECH SOLUTIONS INC,new-tech-solutions-inc,New Tech Solutions Inc,NEW TECH SOLUTIONS,,false
NEW WORLD SYSTEMS CORP,new-world-systems-corp,New World Systems Corp,NEW WORLD SYSTEMS,,false
NEWCOMB ANDERSON MCCORMICK INC,newcomb-anderson-mccormick-inc,Newcomb Anderson Mccormick Inc,NEWCOMB ANDERSON MCCORMICK,,false
NEWFIELDS COMPANIES LLC,newfields-companies-llc,Newfields Companies LLC,NEWFIELDS COMPANIES,,false
NewGen Strategies and Solutions LLC,newgen-strategies-and-solutions-llc,Newgen Strategies and Solutions LLC,NEWGEN STRATEGIES AND SOLUTIONS,,false
NEWSBANK INC,newsbank-inc,Newsbank Inc,NEWSBANK,,false
NEXT BUS INFORMATION SYSTEM LLC,next-bus-information-system-llc,Next Bus Information System LLC,NEXT BUS INFORMATION SYSTEM,,false
NEXT STEPS MARKETING INC,next-steps-marketing-inc,Next Steps Marketing Inc,NEXT STEPS MARKETING,,false
NEXTBUS INC,nextbus-inc,Nextbus Inc,NEXTBUS,,false
NEXTERA ENERGY MARKETING LLC,nextera-energy-marketing-llc,Nextera Energy Marketing LLC,NEXTERA ENERGY MARKETING,,false
NEXTERA ENERGY POWER MARKETING LLC,nextera-energy-power-marketing-llc,Nextera Energy Power Marketing LLC,NEXTERA ENERGY POWER MARKETING,,false
NextGate Solutions Inc,nextgate-solutions-inc,Nextgate Solutions Inc,NEXTGATE SOLUTIONS,,false
NEXUS IS INC,nexus-is-inc,Nexus Is Inc,NEXUS IS,,false
Nexus Psychology Inc.,nexus-psychology-inc,Nexus Psychology Inc.,NEXUS PSYCHOLOGY,,false
NIAIA INC,niaia-inc,Niaia Inc,NIAIA,,false
NIBBI BROS ASSOCIATES INC,nibbi-bros-associates-inc,Nibbi Bros Associates Inc,NIBBI BROS ASSOCIATES,,false
NIBBI BROS INC,nibbi-bros-inc,Nibbi Bros Inc,NIBBI BROS,,false
NICOLE'S WORK INC,nicole-s-work-inc,Nicole's Work Inc,NICOLE S WORK,,false
NICOS CHINESE HEALTH COALITION,nicos-chinese-health-coalition,Nicos Chinese Health Coalition,NICOS CHINESE HEALTH COALITION,,false
NIHONMACHI LEGAL OUTREACH DBA API LEGAL,nihonmachi-legal-outreach-dba-api-legal,Nihonmachi Legal Outreach DBA Api Legal,NIHONMACHI LEGAL OUTREACH DBA API LEGAL,,false
NINYO & MOORE,ninyo-moore,Ninyo & Moore,NINYO AND MOORE,,false
NIXON-EGLI EQUIPMENT CO,nixon-egli-equipment-co,Nixon-egli Equipment Co,NIXON EGLI EQUIPMENT,,false
Njirich & Sons Inc.,njirich-sons-inc,Njirich & Sons Inc.,NJIRICH AND SONS,,false
NMA INSPECTIONS LLC,nma-inspections-llc,Nma Inspections LLC,NMA INSPECTIONS,,false
NO DRUGS INC,no-drugs-inc,No Drugs Inc,NO DRUGS,,false
NO OF MARKET/TENDERLOIN COM BENEFIT CORP,no-of-market-tenderloin-com-benefit-corp,No of Market/tenderloin Com Benefit Corp,NO OF MARKET TENDERLOIN COM BENEFIT,,false
NOB HILL HOTEL,nob-hill-hotel,Nob Hill Hotel,NOB HILL HOTEL,,false
NOE VALLEY ASSOCIATION,noe-valley-association,Noe Valley Association,NOE VALLEY ASSOCIATION,,false
Nomad Transit LLC,nomad-transit-llc,Nomad Transit LLC,NOMAD TRANSIT,,false
NOR-CAL MEDICAL TEMPS,nor-cal-medical-temps,Nor-cal Medical Temps,NOR CAL MEDICAL TEMPS,,false
NOR-CAL MOVING SERVICES,nor-cal-moving-services,Nor-cal Moving Services,NOR CAL MOVING SERVICES,,false
NORCAL AMBULANCE,norcal-ambulance,Norcal Ambulance,NORCAL AMBULANCE,,false
NORCAL KENWORTH,norcal-kenworth,Norcal Kenworth,NORCAL KENWORTH,,false
NORCAL PARTS LLC DBA LODI TRUCK & EQUIP,norcal-parts-llc-dba-lodi-truck-equip,Norcal Parts LLC DBA Lodi Truck & Equip,NORCAL PARTS LLC DBA LODI TRUCK AND EQUIP,,false
NORCAL WASTE SYSTEMS INC,norcal-waste-systems-inc,Norcal Waste Systems Inc,NORCAL WASTE SYSTEMS,,false
NORDIC CONSULTING PARTNERS INC,nordic-consulting-partners-inc,Nordic Consulting Partners Inc,NORDIC CONSULTING PARTNERS,,false
NORTH AMERICAN BUS INDUSTRIES INC,north-american-bus-industries-inc,North American Bus Industries Inc,NORTH AMERICAN BUS INDUSTRIES,,false
NORTH AMERICAN HYDRO LLC,north-american-hydro-llc,North American Hydro LLC,NORTH AMERICAN HYDRO,,false
NORTH COAST COUNTY WATER DISTRICT,north-coast-county-water-district,North Coast County Water District,NORTH COAST COUNTY WATER DISTRICT,,false
NORTH OF MARKET SENIOR SVC DBA CURRY SEN,north-of-market-senior-svc-dba-curry-sen,North of Market Senior Svc DBA Curry Sen,NORTH OF MARKET SENIOR SVC DBA CURRY SEN,,false
NORTH VALLEY BANK,north-valley-bank,North Valley Bank,NORTH VALLEY BANK,,false
NORTHEAST COMMUNITY FEDERAL CREDIT UNION,northeast-community-federal-credit-union,Northeast Community Federal Credit Union,NORTHEAST COMMUNITY FEDERAL CREDIT UNION,,false
Northeastern Bus Rebuilders Inc.,northeastern-bus-rebuilders-inc,Northeastern Bus Rebuilders Inc.,NORTHEASTERN BUS REBUILDERS,,false
NORTHERN CALIF PRESBYTERIAN HOMES,northern-calif-presbyterian-homes,Northern Calif Presbyterian Homes,NORTHERN CALIF PRESBYTERIAN HOMES,,false
NORTHERN CALIF PRESBYTERIAN HOMES & SVCS,northern-calif-presbyterian-homes-svcs,Northern Calif Presbyterian Homes & Svcs,NORTHERN CALIF PRESBYTERIAN HOMES AND SVCS,,false
NORTHERN CALIF SERVICE LEAGUE,northern-calif-service-league,Northern Calif Service League,NORTHERN CALIF SERVICE LEAGUE,,false
NORTHERN CALIFORNIA COMMUNITY LOAN FUND,northern-california-community-loan-fund,Northern California Community Loan Fund,NORTHERN CALIFORNIA COMMUNITY LOAN FUND,,false
NORTHERN CALIFORNIA GRANTMAKERS,northern-california-grantmakers,Northern California Grantmakers,NORTHERN CALIFORNIA GRANTMAKERS,,false
NORTHWEST PIPE CO,northwest-pipe-co,Northwest Pipe Co,NORTHWEST PIPE,,false
NORTON ROSE FULBRIGHT US LLP,norton-rose-fulbright-us-llp,Norton Rose Fulbright US Llp,NORTON ROSE FULBRIGHT US,,false
NOSSAMAN LLP,nossaman-llp,Nossaman Llp,NOSSAMAN,,false
Nova Bus (US) Inc.,nova-bus-us-inc,Nova Bus (us) Inc.,NOVA BUS US,,false
NPS GOLDEN GATE NATIONAL RECREATION AREA,nps-golden-gate-national-recreation-area,Nps Golden Gate National Recreation Area,NPS GOLDEN GATE NATIONAL RECREATION AREA,,false
NRG Business Marketing LLC,nrg-business-marketing-llc,Nrg Business Marketing LLC,NRG BUSINESS MARKETING,,false
NRG ENERGY CENTER SAN FRANCISCO LLC,nrg-energy-center-san-francisco-llc,Nrg Energy Center San Francisco LLC,NRG ENERGY CENTER SAN FRANCISCO,,false
NUANCE COMMUNICATIONS INC,nuance-communications-inc,Nuance Communications Inc,NUANCE COMMUNICATIONS,,false
NUSPECTIVE INC,nuspective-inc,Nuspective Inc,NUSPECTIVE,,false
Nusura Inc,nusura-inc,Nusura Inc,NUSURA,,false
NUVASIVE INC,nuvasive-inc,Nuvasive Inc,NUVASIVE,,false
O'BRIEN & ASSOCIATES,o-brien-associates,O'brien & Associates,O BRIEN AND ASSOCIATES,,false
O C JONES & SONS INC,o-c-jones-sons-inc,O C Jones & Sons Inc,O C JONES AND SONS,,false
O'Reilly Auto Parts,o-reilly-auto-parts,O'reilly Auto Parts,O REILLY AUTO PARTS,,false
O'RORKE INC,o-rorke-inc,O'rorke Inc,O RORKE,,false
OAKES CHILDREN'S CENTER INC,oakes-children-s-center-inc,Oakes Children's Center Inc,OAKES CHILDREN S CENTER,,false
OAKES CHILDRENS CENTER,oakes-childrens-center,Oakes Childrens Center,OAKES CHILDRENS CENTER,,false
OAKTREE CAPITAL MANAGEMENT LLC,oaktree-capital-management-lp,Oaktree Capital Management Lp,OAKTREE CAPITAL MANAGEMENT,,false
OAKTREE CAPITAL MANAGEMENT LP,oaktree-capital-management-lp,Oaktree Capital Management Lp,OAKTREE CAPITAL MANAGEMENT,,false
Oasis Power Partners LLC,oasis-power-partners-llc,Oasis Power Partners LLC,OASIS POWER PARTNERS,,false
OBS Engineering Inc,obs-engineering-inc,Obs Engineering Inc,OBS ENGINEERING,,false
OBSCURA DIGITAL INC,obscura-digital-inc,Obscura Digital Inc,OBSCURA DIGITAL,,false
OCEAN AVENUE ASSOCIATION,ocean-avenue-association,Ocean Avenue Association,OCEAN AVENUE ASSOCIATION,,false
Octavia RSU Associates L.P.,octavia-rsu-associates-l-p,Octavia Rsu Associates L.p.,OCTAVIA RSU ASSOCIATES L P,,false
ODP Business Solutions LLC,odp-business-solutions-llc,Odp Business Solutions LLC,ODP BUSINESS SOLUTIONS,,false
"OECHSLE INTERNATIONAL ADVISORS, L.P.",oechsle-international-advisors-l-p,"Oechsle International Advisors, L.p.",OECHSLE INTERNATIONAL ADVISORS L P,,false
Off The Grid Services LLC,off-the-grid-services-llc,Off the Grid Services LLC,OFF THE GRID SERVICES,,false
OFFICE DEPOT,office-depot,Office Depot,OFFICE DEPOT,,false
OFFICE MAX INC,office-max-inc,Office Max Inc,OFFICE MAX,,false
OFFICE OF STATEWIDE HEALTH PLNNG & DEV,office-of-statewide-health-plnng-dev,Office of Statewide Health Plnng & Dev,OFFICE OF STATEWIDE HEALTH PLNNG AND DEV,,false
OFR GROUP,ofr-group,Ofr Group,OFR GROUP,,false
OHLHOFF RECOVERY PROGRAMS,ohlhoff-recovery-programs,Ohlhoff Recovery Programs,OHLHOFF RECOVERY PROGRAMS,,false
OJO TECHNOLOGY INC,ojo-technology-inc,Ojo Technology Inc,OJO TECHNOLOGY,,false
OLD REPUBLIC INSURANCE CO,old-republic-insurance-co,Old Republic Insurance Co,OLD REPUBLIC INSURANCE,,false
OLD REPUBLIC TITLE COMPANY,old-republic-title-company,Old Republic Title Company,OLD REPUBLIC TITLE,,false
OLD SKOOL CAFE,old-skool-cafe,Old Skool Cafe,OLD SKOOL CAFE,,false
OLE'S CARBURETOR & ELECTRIC INC,ole-s-carburetor-electric-inc,Ole's Carburetor & Electric Inc,OLE S CARBURETOR AND ELECTRIC,,false
OLIN CHLOR ALKALI PRODUCTS,olin-chlor-alkali-products,Olin Chlor Alkali Products,OLIN CHLOR ALKALI PRODUCTS,,false
OLIVER DE SILVA INC DBA GALLAGHER & BURK,oliver-de-silva-inc-dba-gallagher-burk,Oliver de Silva Inc DBA Gallagher & Burk,OLIVER DE SILVA INC DBA GALLAGHER AND BURK,,false
OLIVER TRANSBAY CONSTRUCTION INC,oliver-transbay-construction-inc,Oliver Transbay Construction Inc,OLIVER TRANSBAY CONSTRUCTION,,false
OLIVIA CHEN CONSULTANTS,olivia-chen-consultants,Olivia Chen Consultants,OLIVIA CHEN CONSULTANTS,,false
OLSON TECHNOLOGIES INC,olson-technologies-inc,Olson Technologies Inc,OLSON TECHNOLOGIES,,false
OLYMPIC FOUNDRY,olympic-foundry,Olympic Foundry,OLYMPIC FOUNDRY,,false
Olympos Painting Inc.,olympos-painting-inc,Olympos Painting Inc.,OLYMPOS PAINTING,,false
OLYMPUS AMERICA INC,olympus-america-inc,Olympus America Inc,OLYMPUS AMERICA,,false
OLYMPUS FINANCIAL SERVICES,olympus-financial-services,Olympus Financial Services,OLYMPUS FINANCIAL SERVICES,,false
OMEGA PACIFIC ELECTRICAL SUPPLY INC,omega-pacific-electrical-supply-inc,Omega Pacific Electrical Supply Inc,OMEGA PACIFIC ELECTRICAL SUPPLY,,false
OMNICELL INC,omnicell-inc,Omnicell Inc,OMNICELL,,false
ON GRADE CONTRACTING,on-grade-contracting,On Grade Contracting,ON GRADE CONTRACTING,,false
ON LOK DAY SERVICES,on-lok-day-services,On Lok Day Services,ON LOK DAY SERVICES,,false
On Source K-9 Detection Training Service,on-source-k-9-detection-training-service,On Source K-9 Detection Training Service,ON SOURCE K 9 DETECTION TRAINING SERVICE,,false
ON TARGET PERFORMANCE SYSTEMS,on-target-performance-systems,On Target Performance Systems,ON TARGET PERFORMANCE SYSTEMS,,false
ONE MEDICAL GROUP INC,one-medical-group-inc,One Medical Group Inc,ONE MEDICAL GROUP,,false
ONE SOUTH ASSOCIATES LLC,one-south-associates-llc,One South Associates LLC,ONE SOUTH ASSOCIATES,,false
One Workplace,one-workplace,One Workplace,ONE WORKPLACE,,false
ONE WORKPLACE L FERRARI LLC,one-workplace-l-ferrari-llc,One Workplace L Ferrari LLC,ONE WORKPLACE L FERRARI,,false
OPEN 4 BUSINESS PRODUCTIONS,open-4-business-productions,Open 4 Business Productions,OPEN 4 BUSINESS PRODUCTIONS,,false
Open Door Legal,open-door-legal,Open Door Legal,OPEN DOOR LEGAL,,false
OPEN TEXT INC,open-text-inc,Open Text Inc,OPEN TEXT,,false
OPENCOPY,opencopy,Opencopy,OPENCOPY,,false
OpenGov Inc.,opengov-inc,Opengov Inc.,OPENGOV,,false
OPENHOUSE,openhouse,Openhouse,OPENHOUSE,,false
OPERA PLAZA LP,opera-plaza-lp,Opera Plaza Lp,OPERA PLAZA,,false
Optimum Healthcare IT LLC,optimum-healthcare-it-llc,Optimum Healthcare It LLC,OPTIMUM HEALTHCARE IT,,false
ORACLE AMERICA INC,oracle-america-inc,Oracle America Inc,ORACLE AMERICA,,false
ORACLE CORP,oracle-corp,Oracle Corp,ORACLE,,false
ORACLE USA INC,oracle-usa-inc,Oracle USA Inc,ORACLE USA,,false
ORATECH CONTROLS INC,oratech-controls-inc,Oratech Controls Inc,ORATECH CONTROLS,,false
ORION ENVIRONMENTAL ASSOCIATES,orion-environmental-associates,Orion Environmental Associates,ORION ENVIRONMENTAL ASSOCIATES,,false
ORION HEALTH INC,orion-health-inc,Orion Health Inc,ORION HEALTH,,false
ORR SAFETY CORPORATION,orr-safety-corporation,Orr Safety Corporation,ORR SAFETY,,false
ORRICK HERRINGTON & SUTCLIFFE,orrick-herrington-sutcliffe,Orrick Herrington & Sutcliffe,ORRICK HERRINGTON AND SUTCLIFFE,,false
ORYX DEVELOPMENT I LLC,oryx-development-i-llc,Oryx Development I LLC,ORYX DEVELOPMENT I,,false
"ORYX DEVELOPMENT I, LLC",oryx-development-i-llc,Oryx Development I LLC,ORYX DEVELOPMENT I,,false
OTIS ELEVATOR CO,otis-elevator-co,Otis Elevator Co,OTIS ELEVATOR,,false
OUR FAMILY COALITION,our-family-coalition,Our Family Coalition,OUR FAMILY COALITION,,false
OVERDRIVE INC,overdrive-inc,Overdrive Inc,OVERDRIVE,,false
OWEN ADAMS CONSULTING,owen-adams-consulting,Owen Adams Consulting,OWEN ADAMS CONSULTING,,false
OWEN EQUIPMENT SALES,owen-equipment-sales,Owen Equipment Sales,OWEN EQUIPMENT SALES,,false
OWENS INFORMATION SYSTEMS,owens-information-systems,Owens Information Systems,OWENS INFORMATION SYSTEMS,,false
P&A ADMINISTRATIVE SERVICES INC,p-a-administrative-services-inc,P&a Administrative Services Inc,P AND A ADMINISTRATIVE SERVICES,,false
P B STRATEGIES LLC,p-b-strategies-llc,P B Strategies LLC,P B STRATEGIES,,false
P-CARD ONLY US BANK N.A. ADM,p-card-only-us-bank-n-a-adm,P-card Only US Bank N.a. Adm,P CARD ONLY US BANK N A ADM,,false
P-CARD ONLY US BANK N.A. - DAT,p-card-only-us-bank-n-a-dat,P-card Only US Bank N.a. - Dat,P CARD ONLY US BANK N A DAT,,false
P-CARD ONLY US BANK N.A. - DEM,p-card-only-us-bank-n-a-dem,P-card Only US Bank N.a. - Dem,P CARD ONLY US BANK N A DEM,,false
P-CARD ONLY US BANK N.A. - DPH,p-card-only-us-bank-n-a-dph,P-card Only US Bank N.a. - Dph,P CARD ONLY US BANK N A DPH,,false
P-CARD ONLY US BANK N.A. -DPH-LHH,p-card-only-us-bank-n-a-dph-lhh,P-card Only US Bank N.a. -dph-lhh,P CARD ONLY US BANK N A DPH LHH,,false
P-CARD ONLY US BANK N.A. - HSA,p-card-only-us-bank-n-a-hsa,P-card Only US Bank N.a. - Hsa,P CARD ONLY US BANK N A HSA,,false
P-CARD ONLY US BANK N.A - JUV,p-card-only-us-bank-n-a-juv,P-card Only US Bank N.a - Juv,P CARD ONLY US BANK N A JUV,,false
P-CARD ONLY US BANK N.A. - OCII,p-card-only-us-bank-n-a-ocii,P-card Only US Bank N.a. - Ocii,P CARD ONLY US BANK N A OCII,,false
P-CARD ONLY US BANK N.A - SFGH,p-card-only-us-bank-n-a-sfgh,P-card Only US Bank N.a - Sfgh,P CARD ONLY US BANK N A SFGH,,false
P-CARD ONLY US BANK N.A. - SHF,p-card-only-us-bank-n-a-shf,P-card Only US Bank N.a. - Shf,P CARD ONLY US BANK N A SHF,,false
P-CARD ONLY US BANK N.A. - TTX,p-card-only-us-bank-n-a-ttx,P-card Only US Bank N.a. - Ttx,P CARD ONLY US BANK N A TTX,,false
P & J UTILITY CO,p-j-utility-co,P & J Utility Co,P AND J UTILITY,,false
P&R Services LLC,p-r-services-llc,P&r Services LLC,P AND R SERVICES,,false
P R W T SERVICES INC,p-r-w-t-services-inc,P R W T Services Inc,P R W T SERVICES,,false
P & S TOWING,p-s-towing,P & S Towing,P AND S TOWING,,false
PACE SUPPLY CORP,pace-supply-corp,Pace Supply Corp,PACE SUPPLY,,false
Pacful Inc.,pacful-inc,Pacful Inc.,PACFUL,,false
PACIFIC AUTOMOTIVE CO,pacific-automotive-co,Pacific Automotive Co,PACIFIC AUTOMOTIVE,,false
PACIFIC AUXILIARY FIRE ALARM CO,pacific-auxiliary-fire-alarm-co,Pacific Auxiliary Fire Alarm Co,PACIFIC AUXILIARY FIRE ALARM,,false
PACIFIC AVENUE LP,pacific-avenue-lp,Pacific Avenue Lp,PACIFIC AVENUE,,false
PACIFIC BAY EQUIPMENT SERVICE AND SALES,pacific-bay-equipment-service-and-sales,Pacific Bay Equipment Service and Sales,PACIFIC BAY EQUIPMENT SERVICE AND SALES,,false
PACIFIC BAY INN INC,pacific-bay-inn-inc,Pacific Bay Inn Inc,PACIFIC BAY INN,,false
PACIFIC BIODIESEL TECHNOLOGIES LLC,pacific-biodiesel-technologies-llc,Pacific Biodiesel Technologies LLC,PACIFIC BIODIESEL TECHNOLOGIES,,false
PACIFIC COAST PETROLEUM INC,pacific-coast-petroleum-inc,Pacific Coast Petroleum Inc,PACIFIC COAST PETROLEUM,,false
PACIFIC COAST TRANE CONTROLS,pacific-coast-trane-controls,Pacific Coast Trane Controls,PACIFIC COAST TRANE CONTROLS,,false
PACIFIC GAS & ELECTRIC CO,pacific-gas-electric-co,Pacific Gas & Electric Co,PACIFIC GAS AND ELECTRIC,,false
PACIFIC INFRASTRUCTURE CORP,pacific-infrastructure-corp,Pacific Infrastructure Corp,PACIFIC INFRASTRUCTURE,,false
PACIFIC INTERPRETERS INC,pacific-interpreters-inc,Pacific Interpreters Inc,PACIFIC INTERPRETERS,,false
PACIFIC INVESTMENT MANAGEMENT CO LLC,pacific-investment-management-co-llc,Pacific Investment Management Co LLC,PACIFIC INVESTMENT MANAGEMENT,,false
PACIFIC LIFE & ANNUITY SERVICES INC,pacific-life-annuity-services-inc,Pacific Life & Annuity Services Inc,PACIFIC LIFE AND ANNUITY SERVICES,,false
PACIFIC LINERS,pacific-liners,Pacific Liners,PACIFIC LINERS,,false
PACIFIC MATERIALS HANDLING SOLUTIONS INC,pacific-materials-handling-solutions-inc,Pacific Materials Handling Solutions Inc,PACIFIC MATERIALS HANDLING SOLUTIONS,,false
Pacific Neurophysiological Systems LLC,pacific-neurophysiological-systems-llc,Pacific Neurophysiological Systems LLC,PACIFIC NEUROPHYSIOLOGICAL SYSTEMS,,false
PACIFIC PARK MANAGEMENT INC,pacific-park-management-inc,Pacific Park Management Inc,PACIFIC PARK MANAGEMENT,,false
PACIFIC POWER PRODUCTS,pacific-power-products,Pacific Power Products,PACIFIC POWER PRODUCTS,,false
PACIFIC STATES ENVIRONMENTAL CONTRACTORS,pacific-states-environmental-contractors,Pacific States Environmental Contractors,PACIFIC STATES ENVIRONMENTAL CONTRACTORS,,false
PAGANINI ELECTRIC CORP,paganini-electric-corp,Paganini Electric Corp,PAGANINI ELECTRIC,,false
PAGE & TURNBULL INC,page-turnbull-inc,Page & Turnbull Inc,PAGE AND TURNBULL,,false
PAMELA HERZIG,pamela-herzig,Pamela Herzig,PAMELA HERZIG,,false
PANORAMA ENVIRONMENTAL INC,panorama-environmental-inc,Panorama Environmental Inc,PANORAMA ENVIRONMENTAL,,false
PANORAMIC SOFTWARE INC,panoramic-software-inc,Panoramic Software Inc,PANORAMIC SOFTWARE,,false
Pape' Kenworth,pape-kenworth,Pape' Kenworth,PAPE KENWORTH,,false
PAPE MACHINERY INC,pape-machinery-inc,Pape Machinery Inc,PAPE MACHINERY,,false
PAR ELECTRICAL CONTRACTORS INC,par-electrical-contractors-inc,Par Electrical Contractors Inc,PAR ELECTRICAL CONTRACTORS,,false
PARATA SYSTEMS LLC,parata-systems-llc,Parata Systems LLC,PARATA SYSTEMS,,false
PARETO INVESTMENT MANAGEMENT LIMITED,pareto-investment-management-limited,Pareto Investment Management Limited,PARETO INVESTMENT MANAGEMENT LIMITED,,false
PARKING CONCEPTS INC.,parking-concepts-inc,Parking Concepts Inc.,PARKING CONCEPTS,,false
Parklab Open Space Management LLC,parklab-open-space-management-llc,Parklab Open Space Management LLC,PARKLAB OPEN SPACE MANAGEMENT,,false
PARKMERCED OWNER LLC,parkmerced-owner-llc,Parkmerced Owner LLC,PARKMERCED OWNER,,false
PARSONS-LOTUS WATER JOINT VENTURE,parsons-lotus-water-joint-venture,Parsons-lotus Water Joint Venture,PARSONS LOTUS WATER JOINT VENTURE,,false
PARSONS TRANSPORTATION GROUP INC,parsons-transportation-group-inc,Parsons Transportation Group Inc,PARSONS TRANSPORTATION GROUP,,false
PARSONS WATER & INFRASTRUCTURE INC,parsons-water-infrastructure-inc,Parsons Water & Infrastructure Inc,PARSONS WATER AND INFRASTRUCTURE,,false
PARTHEX,parthex-inc,Parthex Inc,PARTHEX,,false
PARTHEX INC,parthex-inc,Parthex Inc,PARTHEX,,false
PARTNERS IN COMMUNICATION LLC,partners-in-communication-llc,Partners in Communication LLC,PARTNERS IN COMMUNICATION,,false
Partners in Public Innovation,partners-in-public-innovation,Partners in Public Innovation,PARTNERS IN PUBLIC INNOVATION,,false
PARTSSOURCE INC,partssource-inc,Partssource Inc,PARTSSOURCE,,false
PASHA AUTOMOTIVE SERVICES,pasha-automotive-services,Pasha Automotive Services,PASHA AUTOMOTIVE SERVICES,,false
PATRICIA SULLIVAN,patricia-sullivan,Patricia Sullivan,PATRICIA SULLIVAN,,false
PATRICK & CO,patrick-co,Patrick & Co,PATRICK AND,,false
PATROL SOLUTIONS LLC,patrol-solutions-llc,Patrol Solutions LLC,PATROL SOLUTIONS,,false
PATTERSON PARTS INC,patterson-parts-inc,Patterson Parts Inc,PATTERSON PARTS,,false
PAUL BUILDERS,paul-builders,Paul Builders,PAUL BUILDERS,,false
PAUL C SCHAFFER,paul-c-schaffer,Paul C Schaffer,PAUL C SCHAFFER,,false
PAUL KOS,paul-kos,Paul Kos,PAUL KOS,,false
PAULETT TAGGART ARCHITECTS,paulett-taggart-architects-inc,Paulett Taggart Architects Inc,PAULETT TAGGART ARCHITECTS,,false
PAULETT TAGGART ARCHITECTS INC,paulett-taggart-architects-inc,Paulett Taggart Architects Inc,PAULETT TAGGART ARCHITECTS,,false
Pavement Coatings Co,pavement-coatings-co,Pavement Coatings Co,PAVEMENT COATINGS,,false
PAVEX CONSTRUCTION DIV/BASS ELECTRIC CO,pavex-construction-div-bass-electric-co,Pavex Construction Div/bass Electric Co,PAVEX CONSTRUCTION DIV BASS ELECTRIC,,false
PAYBYPHONE TECHNOLOGIES INC,paybyphone-technologies-inc,Paybyphone Technologies Inc,PAYBYPHONE TECHNOLOGIES,,false
PB AGS A JOINT VENTURE,pb-ags-a-joint-venture,Pb Ags a Joint Venture,PB AGS A JOINT VENTURE,,false
PB-PME JV,pb-pme-jv,Pb-pme JV,PB PME JV,,false
PB POWER INC,pb-power-inc,Pb Power Inc,PB POWER,,false
PB-STR JV,pb-str-jv,Pb-str JV,PB STR JV,,false
PB TELAMON,pb-telamon,Pb Telamon,PB TELAMON,,false
PBQ&D INC/PGH WONG ENGINEERING INC JV,pbq-d-inc-pgh-wong-engineering-inc-jv,Pbq&d Inc/pgh Wong Engineering Inc JV,PBQ AND D INC PGH WONG ENGINEERING INC JV,,false
PBV II LLC,pbv-ii-llc,Pbv Ii LLC,PBV II,,false
PCL CIVIL CONSTRUCTORS INC,pcl-civil-constructors-inc,Pcl Civil Constructors Inc,PCL CIVIL CONSTRUCTORS,,false
PCL CONSTRUCTION INC.,pcl-construction-inc,Pcl Construction Inc.,PCL CONSTRUCTION,,false
PCM GOV INC,pcm-gov-inc,Pcm Gov Inc,PCM GOV,,false
PCMG INC,pcmg-inc,Pcmg Inc,PCMG,,false
PEACOCK INTERIORS & GALLERY INC,peacock-interiors-gallery-inc,Peacock Interiors & Gallery Inc,PEACOCK INTERIORS AND GALLERY,,false
PEER LIGHT INC,peer-light-inc,Peer Light Inc,PEER LIGHT,,false
PENINSULA AIR CONDITIONING INC,peninsula-air-conditioning-inc,Peninsula Air Conditioning Inc,PENINSULA AIR CONDITIONING,,false
PENINSULA COLOR SERVICE LLC,peninsula-color-service-llc,Peninsula Color Service LLC,PENINSULA COLOR SERVICE,,false
PENINSULA CORRIDOR JOINT POWERS BOARD,peninsula-corridor-joint-powers-board,Peninsula Corridor Joint Powers Board,PENINSULA CORRIDOR JOINT POWERS BOARD,,false
PENN MACHINE CO,penn-machine-co,Penn Machine Co,PENN MACHINE,,false
PENTAX PRECISION INSTRUMENT CORP.,pentax-precision-instrument-corp,Pentax Precision Instrument Corp.,PENTAX PRECISION INSTRUMENT,,false
PENUMBRA INC,penumbra-inc,Penumbra Inc,PENUMBRA,,false
PERFORMING ARTS WORKSHOP,performing-arts-workshop,Performing Arts Workshop,PERFORMING ARTS WORKSHOP,,false
PERIMETER CAPITAL MANAGEMENT,perimeter-capital-management,Perimeter Capital Management,PERIMETER CAPITAL MANAGEMENT,,false
PET FOOD EXPRESS LTD,pet-food-express-ltd,Pet Food Express Ltd,PET FOOD EXPRESS,,false
PETERSON EXCAVATION INC.,peterson-excavation-inc,Peterson Excavation Inc.,PETERSON EXCAVATION,,false
PETERSON HYDRLCS DBA FERRIS HOIST & REPR,peterson-hydrlcs-dba-ferris-hoist-repr,Peterson Hydrlcs DBA Ferris Hoist & Repr,PETERSON HYDRLCS DBA FERRIS HOIST AND REPR,,false
PETERSON POWER SYSTEMS INC,peterson-power-systems-inc,Peterson Power Systems Inc,PETERSON POWER SYSTEMS,,false
Pfizer Inc,pfizer-inc,Pfizer Inc,PFIZER,,false
PFM ASSET MANAGEMENT LLC,pfm-asset-management-llc,Pfm Asset Management LLC,PFM ASSET MANAGEMENT,,false
PGH Wong-Avila JV,pgh-wong-avila-jv,Pgh Wong-avila JV,PGH WONG AVILA JV,,false
PGH WONG ENGINEERING INC,pgh-wong-engineering-inc,Pgh Wong Engineering Inc,PGH WONG ENGINEERING,,false
PGH WONG-MCK JV,pgh-wong-mck-jv,Pgh Wong-mck JV,PGH WONG MCK JV,,false
PGH Wong & Partners,pgh-wong-partners,Pgh Wong & Partners,PGH WONG AND PARTNERS,,false
PHARMEDIUM SERVICES LLC,pharmedium-services-llc,Pharmedium Services LLC,PHARMEDIUM SERVICES,,false
PHASE 2 CONSULTING INC,phase-2-consulting-inc,Phase 2 Consulting Inc,PHASE 2 CONSULTING,,false
PHIL TING FOR MAYOR 2011,phil-ting-for-mayor-2011,Phil Ting for Mayor 2011,PHIL TING FOR MAYOR 2011,,false
PHILADELPHIA FRY-O-DIESEL INC,philadelphia-fry-o-diesel-inc,Philadelphia Fry-o-diesel Inc,PHILADELPHIA FRY O DIESEL,,false
PHILIPS HEALTHCARE,philips-healthcare,Philips Healthcare,PHILIPS HEALTHCARE,,false
PHOENIX ELECTRIC CO,phoenix-electric-co,Phoenix Electric Co,PHOENIX ELECTRIC,,false
PIERCE MANUFACTURING INC,pierce-manufacturing-inc,Pierce Manufacturing Inc,PIERCE MANUFACTURING,,false
PILOT CONSTRUCTION MANAGEMENT INC,pilot-construction-management-inc,Pilot Construction Management Inc,PILOT CONSTRUCTION MANAGEMENT,,false
PIMCO,pimco,Pimco,PIMCO,,false
Pinnacle California Corp,pinnacle-california-corp,Pinnacle California Corp,PINNACLE CALIFORNIA,,false
PIONEER AMERICAS LLC,pioneer-americas-llc,Pioneer Americas LLC,PIONEER AMERICAS,,false
Pioneer Community Energy,pioneer-community-energy,Pioneer Community Energy,PIONEER COMMUNITY ENERGY,,false
PIONEER CONTRACTORS INC,pioneer-contractors-inc,Pioneer Contractors Inc,PIONEER CONTRACTORS,,false
PIPE AND PLANT SOLUTIONS INC,pipe-and-plant-solutions-inc,Pipe and Plant Solutions Inc,PIPE AND PLANT SOLUTIONS,,false
PIPER JAFFRAY & CO,piper-jaffray-co,Piper Jaffray & Co,PIPER JAFFRAY AND,,false
PIPS TECHNOLOGY INC,pips-technology-inc,Pips Technology Inc,PIPS TECHNOLOGY,,false
PITNEY BOWES INC,pitney-bowes-inc,Pitney Bowes Inc,PITNEY BOWES,,false
PIVOT INTERIORS INC,pivot-interiors-inc,Pivot Interiors Inc,PIVOT INTERIORS,,false
PLANGRAPHICS INC,plangraphics-inc,Plangraphics Inc,PLANGRAPHICS,,false
PLANNING FOR ELDERS IN THE CENTRAL CITY,planning-for-elders-in-the-central-city,Planning for Elders in the Central City,PLANNING FOR ELDERS IN THE CENTRAL CITY,,false
PLANT CONSTRUCTION CO LP,plant-construction-co-lp,Plant Construction Co Lp,PLANT CONSTRUCTION,,false
PLAZA APARTMENTS ASSOCIATES LP,plaza-apartments-associates-lp,Plaza Apartments Associates Lp,PLAZA APARTMENTS ASSOCIATES,,false
PLAZA EAST ASSOCIATES LP,plaza-east-associates-lp,Plaza East Associates Lp,PLAZA EAST ASSOCIATES,,false
PMA CONSULTANTS LLC,pma-consultants-llc,Pma Consultants LLC,PMA CONSULTANTS,,false
PMA DABRI JV LLC,pma-dabri-jv-llc,Pma Dabri JV LLC,PMA DABRI JV,,false
PMA NBA JOINT VENTURE LLC,pma-nba-joint-venture-llc,Pma Nba Joint Venture LLC,PMA NBA JOINT VENTURE,,false
PNEUMATIC TUBE PRODUCTS CO,pneumatic-tube-products-co,Pneumatic Tube Products Co,PNEUMATIC TUBE PRODUCTS,,false
POLARIS RESEARCH & DEVEL,polaris-research-devel,Polaris Research & Devel,POLARIS RESEARCH AND DEVEL,,false
POLARIS-TRG JV,polaris-trg-jv,Polaris-trg JV,POLARIS TRG JV,,false
POLICE EXECUTIVE RESEARCH FORUM,police-executive-research-forum,Police Executive Research Forum,POLICE EXECUTIVE RESEARCH FORUM,,false
POLK SENIOR HOUSING ASSOCIATES LP,polk-senior-housing-associates-lp,Polk Senior Housing Associates Lp,POLK SENIOR HOUSING ASSOCIATES,,false
POLYDYNE INC,polydyne-inc,Polydyne Inc,POLYDYNE,,false
POMEROY RECREATION & REHABILITATION CNTR,pomeroy-recreation-rehabilitation-cntr,Pomeroy Recreation & Rehabilitation Cntr,POMEROY RECREATION AND REHABILITATION CNTR,,false
PONTON INDUSTRIES INC,ponton-industries-inc,Ponton Industries Inc,PONTON INDUSTRIES,,false
PORTFOLIO ADVISORS LLC,portfolio-advisors-llc,Portfolio Advisors LLC,PORTFOLIO ADVISORS,,false
Portland General Electric Company,portland-general-electric-company,Portland General Electric Company,PORTLAND GENERAL ELECTRIC,,false
PORTOLA FAMILY CONNECTIONS INC,portola-family-connections-inc,Portola Family Connections Inc,PORTOLA FAMILY CONNECTIONS,,false
POSITIVE DIRECTIONS EQUALS CHANGE INC,positive-directions-equals-change-inc,Positive Directions Equals Change Inc,POSITIVE DIRECTIONS EQUALS CHANGE,,false
Positive Green LLC,positive-green-llc,Positive Green LLC,POSITIVE GREEN,,false
POSITIVE RESOURCE CENTER,positive-resource-center,Positive Resource Center,POSITIVE RESOURCE CENTER,,false
POSTMASTER,postmaster,Postmaster,POSTMASTER,,false
POTRERO HILL NEIGHBORHOOD HOUSE,potrero-hill-neighborhood-house,Potrero Hill Neighborhood House,POTRERO HILL NEIGHBORHOOD HOUSE,,false
POTRERO HOUSING ASSOCIATES I  L P,potrero-housing-associates-i-l-p,Potrero Housing Associates I L P,POTRERO HOUSING ASSOCIATES I L P,,false
POTRERO HOUSING ASSOCIATES II L P,potrero-housing-associates-ii-l-p,Potrero Housing Associates Ii L P,POTRERO HOUSING ASSOCIATES II L P,,false
Potrero Neighborhood Collective LLC,potrero-neighborhood-collective-llc,Potrero Neighborhood Collective LLC,POTRERO NEIGHBORHOOD COLLECTIVE,,false
POWELL ELECTRICAL MANUFACTURING,powell-electrical-manufacturing,Powell Electrical Manufacturing,POWELL ELECTRICAL MANUFACTURING,,false
POWER ENGINEERING CONSTRUCTION CO,power-engineering-construction-co,Power Engineering Construction Co,POWER ENGINEERING CONSTRUCTION,,false
POWER PLANT SUPPLY,power-plant-supply,Power Plant Supply,POWER PLANT SUPPLY,,false
POWER SYSTEMS TESTING CO,power-systems-testing-co,Power Systems Testing Co,POWER SYSTEMS TESTING,,false
POWEREX CORP,powerex-corp,Powerex Corp,POWEREX,,false
Powerex Energy Corp,powerex-energy-corp,Powerex Energy Corp,POWEREX ENERGY,,false
PPF OFF ONE MARKET PLAZA OWNER LLC,ppf-off-one-market-plaza-owner-llc,Ppf Off One Market Plaza Owner LLC,PPF OFF ONE MARKET PLAZA OWNER,,false
PPF PARAMOUNT ONE MARKET PLAZA OWNER LP,ppf-paramount-one-market-plaza-owner-lp,Ppf Paramount One Market Plaza Owner Lp,PPF PARAMOUNT ONE MARKET PLAZA OWNER,,false
PRECISION ENGINEERING INC,precision-engineering-inc,Precision Engineering Inc,PRECISION ENGINEERING,,false
PRECISION MEDICAL PRODUCT INC,precision-medical-product-inc,Precision Medical Product Inc,PRECISION MEDICAL PRODUCT,,false
PrecisionWorks LLC,precisionworks-llc,Precisionworks LLC,PRECISIONWORKS,,false
PRECOR COMMERCIAL FITNESS,precor-commercial-fitness,Precor Commercial Fitness,PRECOR COMMERCIAL FITNESS,,false
PREFERRED HEALTHCARE REGISTRY INC,preferred-healthcare-registry-inc,Preferred Healthcare Registry Inc,PREFERRED HEALTHCARE REGISTRY,,false
Preform LLC,preform-llc,Preform LLC,PREFORM,,false
PRESIDIO NETWORKED SOLUTIONS GROUP LLC,presidio-networked-solutions-group-llc,Presidio Networked Solutions Group LLC,PRESIDIO NETWORKED SOLUTIONS GROUP,,false
PRESIDIO TRUST,presidio-trust,Presidio Trust,PRESIDIO TRUST,,false
PREVOST CAR (US) INC,prevost-car-us-inc,Prevost Car (us) Inc,PREVOST CAR US,,false
PRG-Potrero Properties LLC,prg-potrero-properties-llc,Prg-potrero Properties LLC,PRG POTRERO PROPERTIES,,false
PRIMA CAPITAL ADVISORS LLC,prima-capital-advisors-llc,Prima Capital Advisors LLC,PRIMA CAPITAL ADVISORS,,false
Primary Diagnostics Inc.,primary-diagnostics-inc,Primary Diagnostics Inc.,PRIMARY DIAGNOSTICS,,false
PRIMEFLIGHT AVIATION SERVICES INC,primeflight-aviation-services-inc,Primeflight Aviation Services Inc,PRIMEFLIGHT AVIATION SERVICES,,false
PRIVATE INDUSTRY COUNCIL OF S F INC,private-industry-council-of-s-f-inc,Private Industry Council of S F Inc,PRIVATE INDUSTRY COUNCIL OF S F,,false
PRO-CAL TRUCK,pro-cal-truck,Pro-cal Truck,PRO CAL TRUCK,,false
PRO-EX CONSTRUCTION INC,pro-ex-construction-inc,Pro-ex Construction Inc,PRO EX CONSTRUCTION,,false
PROBE INFORMATION SERVICES INC,probe-information-services-inc,Probe Information Services Inc,PROBE INFORMATION SERVICES,,false
PRODOCUMENT SOLUTIONS INC,prodocument-solutions-inc,Prodocument Solutions Inc,PRODOCUMENT SOLUTIONS,,false
Professional Business Providers Inc,professional-business-providers-inc,Professional Business Providers Inc,PROFESSIONAL BUSINESS PROVIDERS,,false
PROFESSIONAL CONTRACTOR SUPPLY (PCS),professional-contractor-supply-pcs,Professional Contractor Supply (pcs),PROFESSIONAL CONTRACTOR SUPPLY PCS,,false
PROFESSIONAL HOSPITAL SUPPLY INC,professional-hospital-supply-inc,Professional Hospital Supply Inc,PROFESSIONAL HOSPITAL SUPPLY,,false
PROFESSIONAL RESOURCE ENTERPRISES INC,professional-resource-enterprises-inc,Professional Resource Enterprises Inc,PROFESSIONAL RESOURCE ENTERPRISES,,false
PROFICIUM INC,proficium-inc,Proficium Inc,PROFICIUM,,false
PROFIT INVESTMENT MANAGEMENT LLC,profit-investment-management-llc,Profit Investment Management LLC,PROFIT INVESTMENT MANAGEMENT,,false
PROGRESS FOUNDATION,progress-foundation,Progress Foundation,PROGRESS FOUNDATION,,false
PROGRESSIVE MEDICAL INTERNATIONAL,progressive-medical-international,Progressive Medical International,PROGRESSIVE MEDICAL INTERNATIONAL,,false
Project Commotion,project-commotion,Project Commotion,PROJECT COMMOTION,,false
PROJECT OPEN HAND,project-open-hand,Project Open Hand,PROJECT OPEN HAND,,false
PROLOGIS,prologis,Prologis,PROLOGIS,,false
PROLOGIS L.P.,prologis-l-p,Prologis L.p.,PROLOGIS L P,,false
Propark America West LLC,propark-america-west-llc,Propark America West LLC,PROPARK AMERICA WEST,,false
PROQUEST INFORMATION & LEARNING CO,proquest-information-learning-co,Proquest Information & Learning Co,PROQUEST INFORMATION AND LEARNING,,false
PROQUEST LLC,proquest-llc,Proquest LLC,PROQUEST,,false
PROTECH CONSULTING & ENGINEERING,protech-consulting-engineering,Protech Consulting & Engineering,PROTECH CONSULTING AND ENGINEERING,,false
Proterra Inc,proterra-inc,Proterra Inc,PROTERRA,,false
Protiviti Government Services Inc,protiviti-government-services-inc,Protiviti Government Services Inc,PROTIVITI GOVERNMENT SERVICES,,false
PROTIVITI INC,protiviti-inc,Protiviti Inc,PROTIVITI,,false
PROVEN COMSA JV,proven-comsa-jv,Proven Comsa JV,PROVEN COMSA JV,,false
PROVEN MANAGEMENT INC,proven-management-inc,Proven Management Inc,PROVEN MANAGEMENT,,false
PROVIDENCE FOUNDATION OF SAN FRANCISCO,providence-foundation-of-san-francisco,Providence Foundation of San Francisco,PROVIDENCE FOUNDATION OF SAN FRANCISCO,,false
PRUDENTIAL INVESTMENT MANAGEMENT INC,prudential-investment-management-inc,Prudential Investment Management Inc,PRUDENTIAL INVESTMENT MANAGEMENT,,false
PSE - PUBLIC SAFETY EQUIPMENT,pse-public-safety-equipment,Pse - Public Safety Equipment,PSE PUBLIC SAFETY EQUIPMENT,,false
PTA - MJA Joint Venture,pta-mja-joint-venture,Pta - Mja Joint Venture,PTA MJA JOINT VENTURE,,false
PTA-TEF JV,pta-tef-jv,Pta-tef JV,PTA TEF JV,,false
PUBLIC CONSULTING GROUP INC,public-consulting-group-inc,Public Consulting Group Inc,PUBLIC CONSULTING GROUP,,false
PUBLIC CONSULTING GROUP LLC,public-consulting-group-inc,Public Consulting Group Inc,PUBLIC CONSULTING GROUP,,false
PUBLIC FINANCIAL MANAGEMENT INC,public-financial-management-inc,Public Financial Management Inc,PUBLIC FINANCIAL MANAGEMENT,,false
PUBLIC FINANCIAL MGMT BACKSTROM MCCARLEY,public-financial-mgmt-backstrom-mccarley,Public Financial Mgmt Backstrom Mccarley,PUBLIC FINANCIAL MGMT BACKSTROM MCCARLEY,,false
PUBLIC HEALTH FOUNDATION ENTERPRISES INC,public-health-foundation-enterprises-inc,Public Health Foundation Enterprises Inc,PUBLIC HEALTH FOUNDATION ENTERPRISES,,false
PUBLIC PARTNERSHIPS LLC,public-partnerships-llc,Public Partnerships LLC,PUBLIC PARTNERSHIPS,,false
PUBLIC SAFETY UPFITTERS,public-safety-upfitters,Public Safety Upfitters,PUBLIC SAFETY UPFITTERS,,false
PUBLIC TRANSPORTATION SAFETY INTL INC,public-transportation-safety-intl-inc,Public Transportation Safety Intl Inc,PUBLIC TRANSPORTATION SAFETY INTL,,false
PUBLIC UTILITY COMMISSION(PUC),public-utility-commission-puc,Public Utility Commission(puc),PUBLIC UTILITY COMMISSION PUC,,false
PUC CSB CONSUMER ACCOUNT,puc-csb-consumer-account,PUC Csb Consumer Account,PUC CSB CONSUMER ACCOUNT,,false
PUMP REPAIR SERVICE CO,pump-repair-service-co,Pump Repair Service Co,PUMP REPAIR SERVICE,,false
PURE AIR FILTRATION LLC,pure-air-filtration-llc,Pure Air Filtration LLC,PURE AIR FILTRATION,,false
PURE TECHNOLOGIES US INC,pure-technologies-us-inc,Pure Technologies US Inc,PURE TECHNOLOGIES US,,false
PURPLETIE,purpletie,Purpletie,PURPLETIE,,false
PUSH DANCE CO,push-dance-co,Push Dance Co,PUSH DANCE,,false
PY Bryant Street Housing LP,py-bryant-street-housing-lp,Py Bryant Street Housing Lp,PY BRYANT STREET HOUSING,,false
PYRAMID/CORNERSTONE JV,pyramid-cornerstone-jv,Pyramid/cornerstone JV,PYRAMID CORNERSTONE JV,,false
PYRAMIS GLOBAL ADVISORS TRUST CO,pyramis-global-advisors-trust-co,Pyramis Global Advisors Trust Co,PYRAMIS GLOBAL ADVISORS TRUST,,false
PYRO-COMM SYSTEMS INC,pyro-comm-systems-inc,Pyro-comm Systems Inc,PYRO COMM SYSTEMS,,false
Q SURGICAL LLC,q-surgical-llc,Q Surgical LLC,Q SURGICAL,,false
QA Constructors Inc.,qa-constructors-inc,Qa Constructors Inc.,QA CONSTRUCTORS,,false
QIAGEN INC,qiagen-llc,Qiagen LLC,QIAGEN,,false
QIAGEN LLC,qiagen-llc,Qiagen LLC,QIAGEN,,false
QUADIENT INC,quadient-inc,Quadient Inc,QUADIENT,,false
QUADRAMED QUANTIM CORPORATION,quadramed-quantim-corporation,Quadramed Quantim Corporation,QUADRAMED QUANTIM,,false
QUAN YIN HEALING ARTS CENTER,quan-yin-healing-arts-center,Quan Yin Healing Arts Center,QUAN YIN HEALING ARTS CENTER,,false
QUANTITATIVE MANAGEMENT ASSOCIATES LLC,quantitative-management-associates-llc,Quantitative Management Associates LLC,QUANTITATIVE MANAGEMENT ASSOCIATES,,false
QUANTUM SECURE INC,quantum-secure-inc,Quantum Secure Inc,QUANTUM SECURE,,false
QUATROTEC INC,quatrotec-inc,Quatrotec Inc,QUATROTEC,,false
QUEER CULTURAL CENTER QCC,queer-cultural-center-qcc,Queer Cultural Center Qcc,QUEER CULTURAL CENTER QCC,,false
QUEZADA ARCHITECTURE,quezada-architecture,Quezada Architecture,QUEZADA ARCHITECTURE,,false
QUVA PHARMA INC,quva-pharma-inc,Quva Pharma Inc,QUVA PHARMA,,false
R 2 ENGINEERING INC,r-2-engineering-inc,R 2 Engineering Inc,R 2 ENGINEERING,,false
R A N ELECTRIC INC,r-a-n-electric-inc,R a N Electric Inc,R A N ELECTRIC,,false
R B C CAPITAL MARKETS,r-b-c-capital-markets,R B C Capital Markets,R B C CAPITAL MARKETS,,false
R & B COMPANY,r-b-company,R & B Company,R AND B,,false
R B PETROLEUM SERVICES,r-b-petroleum-services,R B Petroleum Services,R B PETROLEUM SERVICES,,false
R BLUM AND ASSOCIATES,r-blum-and-associates,R Blum and Associates,R BLUM AND ASSOCIATES,,false
R F MACDONALD CO,r-f-macdonald-co,R F Macdonald Co,R F MACDONALD,,false
R & H WHOLESALE SUPPLY INC,r-h-wholesale-supply-inc,R & H Wholesale Supply Inc,R AND H WHOLESALE SUPPLY,,false
R M C WATER & ENVIRONMENT,r-m-c-water-environment,R M C Water & Environment,R M C WATER AND ENVIRONMENT,,false
R & M PARTS,r-m-parts,R & M Parts,R AND M PARTS,,false
R&M USA INC,r-m-usa-inc,R&m USA Inc,R AND M USA,,false
R R DONNELLEY,r-r-donnelley,R R Donnelley,R R DONNELLEY,,false
R&S CONSTRUCTION MANAGEMENT INC,r-s-construction-management-inc,R&s Construction Management Inc,R AND S CONSTRUCTION MANAGEMENT,,false
R.S. HUGHES CO. INC.,r-s-hughes-co-inc,R.s. Hughes Co. Inc.,R S HUGHES,,false
R T Z ASSOCIATES INC,r-t-z-associates-inc,R T Z Associates Inc,R T Z ASSOCIATES,,false
R & W CONCRETE CONTRACTORS INC,r-w-concrete-contractors-inc,R & W Concrete Contractors Inc,R AND W CONCRETE CONTRACTORS,,false
RABA AXLE COMPANY,raba-axle-company,Raba Axle Company,RABA AXLE,,false
Race to Zero Waste,race-to-zero-waste,Race to Zero Waste,RACE TO ZERO WASTE,,false
RACHRIS LLC,rachris-llc,Rachris LLC,RACHRIS,,false
RADIOLOGICAL SPECIALISTS INC,radiological-specialists-inc,Radiological Specialists Inc,RADIOLOGICAL SPECIALISTS,,false
Radiomate,radiomate,Radiomate,RADIOMATE,,false
RADIXOS LLC,radixos-llc,Radixos LLC,RADIXOS,,false
RAFIKI COALITION FOR HEALTH AND WELLNESS,rafiki-coalition-for-health-and-wellness,Rafiki Coalition for Health and Wellness,RAFIKI COALITION FOR HEALTH AND WELLNESS,,false
RAFTELIS FINANCIAL CONSULTANTS INC,raftelis-financial-consultants-inc,Raftelis Financial Consultants Inc,RAFTELIS FINANCIAL CONSULTANTS,,false
RAINBOW GROCERY COOPERATIVE INC,rainbow-grocery-cooperative-inc,Rainbow Grocery Cooperative Inc,RAINBOW GROCERY COOPERATIVE,,false
RAINBOW WATERPROOFING & RESTORATION CO,rainbow-waterproofing-restoration-co,Rainbow Waterproofing & Restoration Co,RAINBOW WATERPROOFING AND RESTORATION,,false
RALPH ANDERSEN & ASSOCIATES,ralph-andersen-associates,Ralph Andersen & Associates,RALPH ANDERSEN AND ASSOCIATES,,false
RANDALL MUSEUM FRIENDS,randall-museum-friends,Randall Museum Friends,RANDALL MUSEUM FRIENDS,,false
RANGER PIPELINES INC,ranger-pipelines-inc,Ranger Pipelines Inc,RANGER PIPELINES,,false
RANIS CONSTRUCTION & ELECTRIC INC,ranis-construction-electric-inc,Ranis Construction & Electric Inc,RANIS CONSTRUCTION AND ELECTRIC,,false
Raphael House of San Francisco Inc,raphael-house-of-san-francisco-inc,Raphael House of San Francisco Inc,RAPHAEL HOUSE OF SAN FRANCISCO,,false
RapidSOS Inc.,rapidsos-inc,Rapidsos Inc.,RAPIDSOS,,false
RAUL V BRAVO + ASSOCIATES INC,raul-v-bravo-associates-inc,Raul V Bravo + Associates Inc,RAUL V BRAVO ASSOCIATES,,false
RDA CONSULTING SPC,rda-consulting-spc,Rda Consulting Spc,RDA CONSULTING SPC,,false
"RDF PRODUCTIONS, LLC",rdf-productions-llc,"Rdf Productions, LLC",RDF PRODUCTIONS,,false
RDO Equipment Co.,rdo-equipment-co,Rdo Equipment Co.,RDO EQUIPMENT,,false
Re'Optima Family Resource Center INC.,re-optima-family-resource-center-inc,Re'optima Family Resource Center Inc.,RE OPTIMA FAMILY RESOURCE CENTER,,false
RE SFCITY1 LP,re-sfcity1-lp,Re Sfcity1 Lp,RE SFCITY1,,false
READING PARTNERS,reading-partners,Reading Partners,READING PARTNERS,,false
REAL OPTIONS FOR CITY KIDS,real-options-for-city-kids,Real Options for City Kids,REAL OPTIONS FOR CITY KIDS,,false
REALITY HOUSE WEST INC,reality-house-west-inc,Reality House West Inc,REALITY HOUSE WEST,,false
REBARBER ENTERPRISES,rebarber-enterprises,Rebarber Enterprises,REBARBER ENTERPRISES,,false
REBUILDING TOGETHER-SF,rebuilding-together-sf,Rebuilding Together-sf,REBUILDING TOGETHER SF,,false
RECOLOGY GOLDEN GATE,recology-golden-gate,Recology Golden Gate,RECOLOGY GOLDEN GATE,,false
RECOLOGY HAY ROAD,recology-hay-road,Recology Hay Road,RECOLOGY HAY ROAD,,false
RECOLOGY OF THE COAST,recology-of-the-coast,Recology of the Coast,RECOLOGY OF THE COAST,,false
RECOLOGY PENINSULA SERVICES,recology-peninsula-services,Recology Peninsula Services,RECOLOGY PENINSULA SERVICES,,false
RECOLOGY SAN FRANCISCO,recology-san-francisco,Recology San Francisco,RECOLOGY SAN FRANCISCO,,false
RECOLOGY SUNSET SCAVENGER COMPANY,recology-sunset-scavenger-company,Recology Sunset Scavenger Company,RECOLOGY SUNSET SCAVENGER,,false
RECOVERY SURVIVAL NETWORK,recovery-survival-network,Recovery Survival Network,RECOVERY SURVIVAL NETWORK,,false
RECURVE ANALYTICS INC,recurve-analytics-inc,Recurve Analytics Inc,RECURVE ANALYTICS,,false
RED DIPPER LLC,red-dipper-llc,Red Dipper LLC,RED DIPPER,,false
Red Dipper Inc,red-dipper-llc,Red Dipper LLC,RED DIPPER,,false
REDGWICK CONSTRUCTION COMPANY,redgwick-construction-company,Redgwick Construction Company,REDGWICK CONSTRUCTION,,false
RedSky Emergency Vehicles,redsky-emergency-vehicles,Redsky Emergency Vehicles,REDSKY EMERGENCY VEHICLES,,false
REDWOOD MORTGAGE INVESTORS VIII,redwood-mortgage-investors-viii,Redwood Mortgage Investors Viii,REDWOOD MORTGAGE INVESTORS VIII,,false
REDWOOD RELIANCE PETERBILT GMC,redwood-reliance-peterbilt-gmc,Redwood Reliance Peterbilt Gmc,REDWOOD RELIANCE PETERBILT GMC,,false
REESE DREAMS LLC,reese-dreams-llc,Reese Dreams LLC,REESE DREAMS,,false
REGENCY ENTERPRS INC DBA REGNCY LIGHTING,regency-enterprs-inc-dba-regncy-lighting,Regency Enterprs Inc DBA Regncy Lighting,REGENCY ENTERPRS INC DBA REGNCY LIGHTING,,false
REGENTS OF THE UNIVERSITY OF CALIFORNIA,regents-of-the-university-of-california,Regents of the University of California,REGENTS OF THE UNIVERSITY OF CALIFORNIA,,false
REGENTS UNIV OF CA / SFGH PSYCHIATRY DPT,regents-univ-of-ca-sfgh-psychiatry-dpt,Regents Univ of Ca / Sfgh Psychiatry Dpt,REGENTS UNIV OF CA SFGH PSYCHIATRY DPT,,false
REGENTS UNIV OF CALIF / CTR ON DEAFNESS,regents-univ-of-calif-ctr-on-deafness,Regents Univ of Calif / Ctr On Deafness,REGENTS UNIV OF CALIF CTR ON DEAFNESS,,false
REGENTS UNIV OF CALIF / SF,regents-univ-of-calif-sf,Regents Univ of Calif / SF,REGENTS UNIV OF CALIF SF,,false
REGNTS OF UC ON BHLF OF UCSF MED CTR/GRP,regnts-of-uc-on-bhlf-of-ucsf-med-ctr-grp,Regnts of Uc On Bhlf of UCSF Med Ctr/grp,REGNTS OF UC ON BHLF OF UCSF MED CTR GRP,,false
REHAB FINANCIAL CORP,rehab-financial-corp,Rehab Financial Corp,REHAB FINANCIAL,,false
REMOTE SATELLITE SYSTEMS INTL INC,remote-satellite-systems-intl-inc,Remote Satellite Systems Intl Inc,REMOTE SATELLITE SYSTEMS INTL,,false
RENAISSANCE ENTREPRENEURSHIP CENTER,renaissance-entrepreneurship-center,Renaissance Entrepreneurship Center,RENAISSANCE ENTREPRENEURSHIP CENTER,,false
RENAISSANCE PARENTS OF SUCCESS,renaissance-parents-of-success,Renaissance Parents of Success,RENAISSANCE PARENTS OF SUCCESS,,false
RENE BUSINESS MACHINES,rene-business-machines,Rene Business Machines,RENE BUSINESS MACHINES,,false
Renesco Inc.,renesco-inc,Renesco Inc.,RENESCO,,false
Renne Public Law Group LLP,renne-public-law-group-llp,Renne Public Law Group Llp,RENNE PUBLIC LAW GROUP,,false
RES SYSTEM 3 LLC,res-system-3-llc,Res System 3 LLC,RES SYSTEM 3,,false
Residence Inn by Marriott Morgan Hill,residence-inn-by-marriott-morgan-hill,Residence Inn By Marriott Morgan Hill,RESIDENCE INN BY MARRIOTT MORGAN HILL,,false
RESOURCE DESIGN INTERIORS,resource-design-interiors,Resource Design Interiors,RESOURCE DESIGN INTERIORS,,false
RESOURCE DEVELOPMENT ASSOCIATES INC,resource-development-associates-inc,Resource Development Associates Inc,RESOURCE DEVELOPMENT ASSOCIATES,,false
RESOURCE SUPPLY LLC,resource-supply-llc,Resource Supply LLC,RESOURCE SUPPLY,,false
RESTORATION MANAGEMENT COMPANY,restoration-management-company,Restoration Management Company,RESTORATION MANAGEMENT,,false
REV Energy Marketing LLC,rev-energy-marketing-llc,Rev Energy Marketing LLC,REV ENERGY MARKETING,,false
REVOLUTION FOODS INC,revolution-foods-inc,Revolution Foods Inc,REVOLUTION FOODS,,false
REVOLUTION FOODS PBC,revolution-foods-pbc,Revolution Foods Pbc,REVOLUTION FOODS PBC,,false
Rexel Usa Inc,rexel-usa-inc,Rexel Usa Inc,REXEL USA,,false
RHAA AND HAMILTON & AITKEN ARCHITECTS JV,rhaa-and-hamilton-aitken-architects-jv,Rhaa and Hamilton & Aitken Architects JV,RHAA AND HAMILTON AND AITKEN ARCHITECTS JV,,false
RHI SIC 945 Bryant Owner LLC,rhi-sic-945-bryant-owner-llc,Rhi Sic 945 Bryant Owner LLC,RHI SIC 945 BRYANT OWNER,,false
RICHMOND AREA MULTI-SERVICES INC,richmond-area-multi-services-inc,Richmond Area Multi-services Inc,RICHMOND AREA MULTI SERVICES,,false
RICHMOND DISTRICT NEIGHBORHOOD CTR INC,richmond-district-neighborhood-ctr-inc,Richmond District Neighborhood Ctr Inc,RICHMOND DISTRICT NEIGHBORHOOD CTR,,false
RICKER MACHINERY CO,ricker-machinery-co,Ricker Machinery Co,RICKER MACHINERY,,false
RICOH AMERICAS CORPORATION,ricoh-americas-corporation,Ricoh Americas Corporation,RICOH AMERICAS,,false
RICOH-REPRODUCTION STORE,ricoh-reproduction-store,Ricoh-reproduction Store,RICOH REPRODUCTION STORE,,false
RICOH USA INC,ricoh-usa-inc,Ricoh USA Inc,RICOH USA,,false
RICONDO & ASSOCIATES,ricondo-associates,Ricondo & Associates,RICONDO AND ASSOCIATES,,false
RIDGEGATE APTS INC,ridgegate-apts-inc,Ridgegate Apts Inc,RIDGEGATE APTS,,false
RINCON VITOVA INSECTARIES INC,rincon-vitova-insectaries-inc,Rincon Vitova Insectaries Inc,RINCON VITOVA INSECTARIES,,false
RITZ HOTEL LP,ritz-hotel-lp,Ritz Hotel Lp,RITZ HOTEL,,false
RIVER PARTNERS,river-partners,River Partners,RIVER PARTNERS,,false
RJS & ASSOCIATES INC,rjs-associates-inc,Rjs & Associates Inc,RJS AND ASSOCIATES,,false
RL SPARKS INC DBA RLS,rl-sparks-inc-dba-rls,Rl Sparks Inc DBA Rls,RL SPARKS INC DBA RLS,,false
RMC-LOTUS,rmc-lotus,Rmc-lotus,RMC LOTUS,,false
RMC-URBAN DESIGN,rmc-urban-design,Rmc-urban Design,RMC URBAN DESIGN,,false
ROADRUNNER DRILLING & PUMP CO,roadrunner-drilling-pump-co,Roadrunner Drilling & Pump Co,ROADRUNNER DRILLING AND PUMP,,false
ROAM SECURE INC,roam-secure-inc,Roam Secure Inc,ROAM SECURE,,false
ROBERT A BOTHMAN INC,robert-a-bothman-inc,Robert a Bothman Inc,ROBERT A BOTHMAN,,false
ROBERT E BOYER CONSTRUCTION INC,robert-e-boyer-construction-inc,Robert E Boyer Construction Inc,ROBERT E BOYER CONSTRUCTION,,false
ROBERT HALF INTERNATIONAL INC,robert-half-international-inc,Robert Half International Inc,ROBERT HALF INTERNATIONAL,,false
ROBERT PITTS HOUSING PARTNERS LP,robert-pitts-housing-partners-lp,Robert Pitts Housing Partners Lp,ROBERT PITTS HOUSING PARTNERS,,false
ROBERT W BAIRD & CO INC,robert-w-baird-co-inc,Robert W Baird & Co Inc,ROBERT W BAIRD AND,,false
ROBERT W POYAS INC,robert-w-poyas-inc,Robert W Poyas Inc,ROBERT W POYAS,,false
ROBERTS HARDWARE,roberts-hardware,Roberts Hardware,ROBERTS HARDWARE,,false
Rocket Restrooms & Fencing Inc,rocket-restrooms-fencing-inc,Rocket Restrooms & Fencing Inc,ROCKET RESTROOMS AND FENCING,,false
RODAN BUILDERS INC,rodan-builders-inc,Rodan Builders Inc,RODAN BUILDERS,,false
ROEBUCK CONSTRUCTION INC,roebuck-construction-inc,Roebuck Construction Inc,ROEBUCK CONSTRUCTION,,false
ROLLING STOCK INC,rolling-stock-inc,Rolling Stock Inc,ROLLING STOCK,,false
ROMEO PACKING CO,romeo-packing-co,Romeo Packing Co,ROMEO PACKING,,false
RONA CONSULTING GROUP LLC,rona-consulting-group-llc,Rona Consulting Group LLC,RONA CONSULTING GROUP,,false
RONALD M SAUNDERS,ronald-m-saunders,Ronald M Saunders,RONALD M SAUNDERS,,false
RONAN CONSTRUCTION INC.,ronan-construction-inc,Ronan Construction Inc.,RONAN CONSTRUCTION,,false
ROSA PARKS II LP,rosa-parks-ii-lp,Rosa Parks Ii Lp,ROSA PARKS II,,false
ROSE CONSTRUCTION,rose-construction,Rose Construction,ROSE CONSTRUCTION,,false
ROSELEE LLC,roselee-llc,Roselee LLC,ROSELEE,,false
ROSENBAUER MINNESOTA LLC,rosenbauer-minnesota-llc,Rosenbauer Minnesota LLC,ROSENBAUER MINNESOTA,,false
ROSENDIN ELECTRIC INC,rosendin-electric-inc,Rosendin Electric Inc,ROSENDIN ELECTRIC,,false
Roshan Investments LLC,roshan-investments-llc,Roshan Investments LLC,ROSHAN INVESTMENTS,,false
ROSS RECREATION EQUIP CO,ross-recreation-equip-co,Ross Recreation Equip Co,ROSS RECREATION EQUIP,,false
ROSSDRULISCUSENBERY ARCHITECTURE INC.,rossdruliscusenbery-architecture-inc,Rossdruliscusenbery Architecture Inc.,ROSSDRULISCUSENBERY ARCHITECTURE,,false
ROSSI BUILDERS INC,rossi-builders-inc,Rossi Builders Inc,ROSSI BUILDERS,,false
ROSSI MISSION SF,rossi-mission-sf,Rossi Mission SF,ROSSI MISSION SF,,false
ROXY PAINE STUDIO,roxy-paine-studio,Roxy Paine Studio,ROXY PAINE STUDIO,,false
Royal Ambulance LLC,royal-ambulance-llc,Royal Ambulance LLC,ROYAL AMBULANCE,,false
ROYAL BANK OF CANADA,royal-bank-of-canada,Royal Bank of Canada,ROYAL BANK OF CANADA,,false
ROYAL BRASS INC,royal-brass-inc,Royal Brass Inc,ROYAL BRASS,,false
ROYAL ELECTRIC CO,royal-electric-co,Royal Electric Co,ROYAL ELECTRIC,,false
ROYAL PACIFIC MOTOR INN,royal-pacific-motor-inn,Royal Pacific Motor Inn,ROYAL PACIFIC MOTOR INN,,false
ROYSTON HANAMOTO ALLEY AND ABEY,royston-hanamoto-alley-and-abey,Royston Hanamoto Alley and Abey,ROYSTON HANAMOTO ALLEY AND ABEY,,false
RP ASSOCIATES LP,rp-associates-lp,Rp Associates Lp,RP ASSOCIATES,,false
RR DONNELLEY,rr-donnelley,Rr Donnelley,RR DONNELLEY,,false
RS&H CALIFORNIA INC,rs-h-california-inc,Rs&h California Inc,RS AND H CALIFORNIA,,false
RTRN INVESTMENTS LLC,rtrn-investments-llc,Rtrn Investments LLC,RTRN INVESTMENTS,,false
RUBECON GENERAL CONTRACTING INC,rubecon-general-contracting-inc,Rubecon General Contracting Inc,RUBECON GENERAL CONTRACTING,,false
RUBICON ENTERPRISES INC,rubicon-enterprises-inc,Rubicon Enterprises Inc,RUBICON ENTERPRISES,,false
RUBICON PROGRAMS INC,rubicon-programs-inc,Rubicon Programs Inc,RUBICON PROGRAMS,,false
Rubixis Inc,rubixis-inc,Rubixis Inc,RUBIXIS,,false
RUSSIAN AMERICAN COMMUNITY SERVICES,russian-american-community-services,Russian American Community Services,RUSSIAN AMERICAN COMMUNITY SERVICES,,false
RUTH MELLINGER,ruth-mellinger,Ruth Mellinger,RUTH MELLINGER,,false
Rutherford & Chekene and OLMM Consulting,rutherford-chekene-and-olmm-consulting,Rutherford & Chekene and Olmm Consulting,RUTHERFORD AND CHEKENE AND OLMM CONSULTING,,false
RUTHERFORD+CHEKENE&TENNEBAUM-MANHEIM ENG,rutherford-chekene-tennebaum-manheim-eng,Rutherford+chekene&tennebaum-manheim Eng,RUTHERFORD CHEKENE AND TENNEBAUM MANHEIM ENG,,false
RW BLOCK CONSULTING INC,rw-block-consulting-inc,Rw Block Consulting Inc,RW BLOCK CONSULTING,,false
S & A SYSTEMS INC,s-a-systems-inc,S & a Systems Inc,S AND A SYSTEMS,,false
S C A ENVIRONMENTAL INC,s-c-a-environmental-inc,S C a Environmental Inc,S C A ENVIRONMENTAL,,false
S & C FORD INC,s-c-ford-inc,S & C Ford Inc,S AND C FORD,,false
S & C MOTORS INC,s-c-motors-inc,S & C Motors Inc,S AND C MOTORS,,false
S F BAR ASSOCS VOLUNTEER LEGAL SVCS PGM,s-f-bar-assocs-volunteer-legal-svcs-pgm,S F Bar Assocs Volunteer Legal Svcs Pgm,S F BAR ASSOCS VOLUNTEER LEGAL SVCS PGM,,false
S F CHAMBER OF COMMERCE FOUNDATION-LSF,s-f-chamber-of-commerce-foundation-lsf,S F Chamber of Commerce Foundation-lsf,S F CHAMBER OF COMMERCE FOUNDATION LSF,,false
S F COMMUNITY CLINIC CONSORTIUM,s-f-community-clinic-consortium,S F Community Clinic Consortium,S F COMMUNITY CLINIC CONSORTIUM,,false
S F DENTAL SUPPLY LLC,s-f-dental-supply-llc,S F Dental Supply LLC,S F DENTAL SUPPLY,,false
S F MENTAL HEALTH EDUCATIONAL FUNDS,s-f-mental-health-educational-funds,S F Mental Health Educational Funds,S F MENTAL HEALTH EDUCATIONAL FUNDS,,false
S F NETWORK MINISTRIES HOUSING CORP,s-f-network-ministries-housing-corp,S F Network Ministries Housing Corp,S F NETWORK MINISTRIES HOUSING,,false
S F O SHUTTLE BUS COMPANY,s-f-o-shuttle-bus-company,S F O Shuttle Bus Company,S F O SHUTTLE BUS,,false
S J AMOROSO CONSTRUCTION CO INC,s-j-amoroso-construction-co-llc,S J Amoroso Construction Co LLC,S J AMOROSO CONSTRUCTION,,false
S J AMOROSO CONSTRUCTION CO LLC,s-j-amoroso-construction-co-llc,S J Amoroso Construction Co LLC,S J AMOROSO CONSTRUCTION,,false
S & S SUPPLIES & SOLUTIONS,s-s-supplies-solutions,S & S Supplies & Solutions,S AND S SUPPLIES AND SOLUTIONS,,false
S & S TRUCKING,s-s-trucking,S & S Trucking,S AND S TRUCKING,,false
S & S WORLDWIDE INC,s-s-worldwide-inc,S & S Worldwide Inc,S AND S WORLDWIDE,,false
SABAH INTERNATIONAL INC,sabah-international-inc,Sabah International Inc,SABAH INTERNATIONAL,,false
SACRAMENTO POLICE DEPARTMENT,sacramento-police-department,Sacramento Police Department,SACRAMENTO POLICE DEPARTMENT,,false
Sacred Alchemix LLC,sacred-alchemix-llc,Sacred Alchemix LLC,SACRED ALCHEMIX,,false
Safe & Sound,safe-sound,Safe & Sound,SAFE AND SOUND,,false
SAFECO ELECTRIC SUPPLY,safeco-electric-supply,Safeco Electric Supply,SAFECO ELECTRIC SUPPLY,,false
SAFETY-KLEEN CORP,safety-kleen-corp,Safety-kleen Corp,SAFETY KLEEN,,false
SAFETY-KLEEN SYSTEMS INC,safety-kleen-systems-inc,Safety-kleen Systems Inc,SAFETY KLEEN SYSTEMS,,false
SAFETY TRAINING SEMINARS INC,safety-training-seminars-inc,Safety Training Seminars Inc,SAFETY TRAINING SEMINARS,,false
Safeware Inc,safeware-inc,Safeware Inc,SAFEWARE,,false
SAFEWAY INC,safeway-inc,Safeway Inc,SAFEWAY,,false
SAFT AMERICA INC,saft-america-inc,Saft America Inc,SAFT AMERICA,,false
SAGE PROJECT INC,sage-project-inc,Sage Project Inc,SAGE PROJECT,,false
Sage Renewables,sage-renewables,Sage Renewables,SAGE RENEWABLES,,false
SAINT FRANCIS MEMORIAL HOSPITAL,saint-francis-memorial-hospital,Saint Francis Memorial Hospital,SAINT FRANCIS MEMORIAL HOSPITAL,,false
SALAR INC,salar-inc,Salar Inc,SALAR,,false
SALVATION ARMY,salvation-army,Salvation Army,SALVATION ARMY,,false
SALVATION ARMY SILVERCREST SR RESIDENCE,salvation-army-silvercrest-sr-residence,Salvation Army Silvercrest Sr Residence,SALVATION ARMY SILVERCREST SR RESIDENCE,,false
SALVATION ARMY TURK ST LP DBA RAILTON PL,salvation-army-turk-st-lp-dba-railton-pl,Salvation Army Turk St Lp DBA Railton Pl,SALVATION ARMY TURK ST LP DBA RAILTON PL,,false
SAMMONS PRESTON ROLYAN,sammons-preston-rolyan,Sammons Preston Rolyan,SAMMONS PRESTON ROLYAN,,false
SAMOAN COMMUNITY DEVELOPMENT CENTER INC,samoan-community-development-center-inc,Samoan Community Development Center Inc,SAMOAN COMMUNITY DEVELOPMENT CENTER,,false
SAN BRUNO PET HOSPITAL,san-bruno-pet-hospital,San Bruno Pet Hospital,SAN BRUNO PET HOSPITAL,,false
San Cristina LP,san-cristina-lp,San Cristina Lp,SAN CRISTINA,,false
SAN DIEGO POLICE EQUIPMENT CO INC,san-diego-police-equipment-co-inc,San Diego Police Equipment Co Inc,SAN DIEGO POLICE EQUIPMENT,,false
San Francisco African American Arts and,san-francisco-african-american-arts-and,San Francisco African American Arts and,SAN FRANCISCO AFRICAN AMERICAN ARTS AND,,false
SAN FRANCISCO AIDS FOUNDATION,san-francisco-aids-foundation,San Francisco Aids Foundation,SAN FRANCISCO AIDS FOUNDATION,,false
SAN FRANCISCO AUTORETURN,san-francisco-autoreturn,San Francisco Autoreturn,SAN FRANCISCO AUTORETURN,,false
SAN FRANCISCO BALLET ASSO,san-francisco-ballet-asso,San Francisco Ballet Asso,SAN FRANCISCO BALLET ASSO,,false
San Francisco Bay Area Water Emergency T,san-francisco-bay-area-water-emergency-t,San Francisco Bay Area Water Emergency T,SAN FRANCISCO BAY AREA WATER EMERGENCY T,,false
SAN FRANCISCO BAY RESTORATION AUTHORITY,san-francisco-bay-restoration-authority,San Francisco Bay Restoration Authority,SAN FRANCISCO BAY RESTORATION AUTHORITY,,false
SAN FRANCISCO BOTANICAL GARDEN SOCIETY,san-francisco-botanical-garden-society,San Francisco Botanical Garden Society,SAN FRANCISCO BOTANICAL GARDEN SOCIETY,,false
San Francisco Brown Bombers,san-francisco-brown-bombers,San Francisco Brown Bombers,SAN FRANCISCO BROWN BOMBERS,,false
SAN FRANCISCO CHAMBER OF COMMERCE,san-francisco-chamber-of-commerce,San Francisco Chamber of Commerce,SAN FRANCISCO CHAMBER OF COMMERCE,,false
SAN FRANCISCO CHILD ABUSE PREVENTION CTR,san-francisco-child-abuse-prevention-ctr,San Francisco Child Abuse Prevention Ctr,SAN FRANCISCO CHILD ABUSE PREVENTION CTR,,false
SAN FRANCISCO CLEAN CITY COALITION,san-francisco-clean-city-coalition,San Francisco Clean City Coalition,SAN FRANCISCO CLEAN CITY COALITION,,false
SAN FRANCISCO COMMERCIAL BUILDERS INC,san-francisco-commercial-builders-inc,San Francisco Commercial Builders Inc,SAN FRANCISCO COMMERCIAL BUILDERS,,false
SAN FRANCISCO COMMUNITY COLLEGE DISTRICT,san-francisco-community-college-district,San Francisco Community College District,SAN FRANCISCO COMMUNITY COLLEGE DISTRICT,,false
SAN FRANCISCO COMMUNITY HEALTH AUTHORITY,san-francisco-community-health-authority,San Francisco Community Health Authority,SAN FRANCISCO COMMUNITY HEALTH AUTHORITY,,false
San Francisco Community Health Center,san-francisco-community-health-center,San Francisco Community Health Center,SAN FRANCISCO COMMUNITY HEALTH CENTER,,false
SAN FRANCISCO COMMUNITY LAND TRUST,san-francisco-community-land-trust,San Francisco Community Land Trust,SAN FRANCISCO COMMUNITY LAND TRUST,,false
SAN FRANCISCO COMMUNITY TELEVISION CORP,san-francisco-community-television-corp,San Francisco Community Television Corp,SAN FRANCISCO COMMUNITY TELEVISION,,false
SAN FRANCISCO CONSERVATION CORPS,san-francisco-conservation-corps,San Francisco Conservation Corps,SAN FRANCISCO CONSERVATION CORPS,,false
SAN FRANCISCO CONSERVATORY OF MUSIC,san-francisco-conservatory-of-music,San Francisco Conservatory of Music,SAN FRANCISCO CONSERVATORY OF MUSIC,,false
SAN FRANCISCO COUNTY TRANSPORTATION AUTH,san-francisco-county-transportation-auth,San Francisco County Transportation Auth,SAN FRANCISCO COUNTY TRANSPORTATION AUTH,,false
San Francisco Elevator Services LLC,san-francisco-elevator-services-llc,San Francisco Elevator Services LLC,SAN FRANCISCO ELEVATOR SERVICES,,false
SAN FRANCISCO ESTUARY INSTITUTE,san-francisco-estuary-institute,San Francisco Estuary Institute,SAN FRANCISCO ESTUARY INSTITUTE,,false
SAN FRANCISCO FIRE YOUTH ACADEMY,san-francisco-fire-youth-academy,San Francisco Fire Youth Academy,SAN FRANCISCO FIRE YOUTH ACADEMY,,false
SAN FRANCISCO FOOD BANK,san-francisco-food-bank,San Francisco Food Bank,SAN FRANCISCO FOOD BANK,,false
SAN FRANCISCO FORD LINCOLN MERCURY,san-francisco-ford-lincoln-mercury,San Francisco Ford Lincoln Mercury,SAN FRANCISCO FORD LINCOLN MERCURY,,false
SAN FRANCISCO HEALTH PLAN,san-francisco-health-plan,San Francisco Health Plan,SAN FRANCISCO HEALTH PLAN,,false
San Francisco Health Plan,san-francisco-health-plan,San Francisco Health Plan,SAN FRANCISCO HEALTH PLAN,,false
SAN FRANCISCO HONDA,san-francisco-honda,San Francisco Honda,SAN FRANCISCO HONDA,,false
SAN FRANCISCO HOST COMMITTEE,san-francisco-host-committee,San Francisco Host Committee,SAN FRANCISCO HOST COMMITTEE,,false
SAN FRANCISCO HOUSING AUTHORITY,san-francisco-housing-authority,San Francisco Housing Authority,SAN FRANCISCO HOUSING AUTHORITY,,false
SAN FRANCISCO HOUSING DEVELOPMENT CORPOR,san-francisco-housing-development-corpor,San Francisco Housing Development Corpor,SAN FRANCISCO HOUSING DEVELOPMENT CORPOR,,false
SAN FRANCISCO INVESTMENT DEVELOPMENT,san-francisco-investment-development,San Francisco Investment Development,SAN FRANCISCO INVESTMENT DEVELOPMENT,,false
SAN FRANCISCO MARKET CORPORATION,san-francisco-market-corporation,San Francisco Market Corporation,SAN FRANCISCO MARKET,,false
SAN FRANCISCO MART,san-francisco-mart,San Francisco Mart,SAN FRANCISCO MART,,false
SAN FRANCISCO MUSEUM OF MODERN ART,san-francisco-museum-of-modern-art,San Francisco Museum of Modern Art,SAN FRANCISCO MUSEUM OF MODERN ART,,false
SAN FRANCISCO OPERA ASSN,san-francisco-opera-assn,San Francisco Opera Assn,SAN FRANCISCO OPERA ASSN,,false
SAN FRANCISCO PAINTSOURCE INC,san-francisco-paintsource-inc,San Francisco Paintsource Inc,SAN FRANCISCO PAINTSOURCE,,false
SAN FRANCISCO PARKING INC,san-francisco-parking-inc,San Francisco Parking Inc,SAN FRANCISCO PARKING,,false
SAN FRANCISCO PARKS ALLIANCE,san-francisco-parks-alliance,San Francisco Parks Alliance,SAN FRANCISCO PARKS ALLIANCE,,false
SAN FRANCISCO PETROLEUM,san-francisco-petroleum,San Francisco Petroleum,SAN FRANCISCO PETROLEUM,,false
SAN FRANCISCO PRETRIAL DIVERSION PROJECT,san-francisco-pretrial-diversion-project,San Francisco Pretrial Diversion Project,SAN FRANCISCO PRETRIAL DIVERSION PROJECT,,false
SAN FRANCISCO PRIDE,san-francisco-pride,San Francisco Pride,SAN FRANCISCO PRIDE,,false
SAN FRANCISCO PUBLIC HEALTH FOUNDATION,san-francisco-public-health-foundation,San Francisco Public Health Foundation,SAN FRANCISCO PUBLIC HEALTH FOUNDATION,,false
SAN FRANCISCO REDEVELOPMENT AGENCY,san-francisco-redevelopment-agency,San Francisco Redevelopment Agency,SAN FRANCISCO REDEVELOPMENT AGENCY,,false
SAN FRANCISCO SAFE INC,san-francisco-safe-inc,San Francisco Safe Inc,SAN FRANCISCO SAFE,,false
SAN FRANCISCO SCHOOL ALLIANCE,san-francisco-school-alliance,San Francisco School Alliance,SAN FRANCISCO SCHOOL ALLIANCE,,false
SAN FRANCISCO SENIOR CITIZENS CENTER,san-francisco-senior-citizens-center,San Francisco Senior Citizens Center,SAN FRANCISCO SENIOR CITIZENS CENTER,,false
SAN FRANCISCO SENIOR & DISABILITY ACTION,san-francisco-senior-disability-action,San Francisco Senior & Disability Action,SAN FRANCISCO SENIOR AND DISABILITY ACTION,,false
SAN FRANCISCO STATE UNIVERSITY,san-francisco-state-university,San Francisco State University,SAN FRANCISCO STATE UNIVERSITY,,false
SAN FRANCISCO STUDENTS BACK ON TRACK,san-francisco-students-back-on-track,San Francisco Students Back On Track,SAN FRANCISCO STUDENTS BACK ON TRACK,,false
SAN FRANCISCO STUDY CENTER INC,san-francisco-study-center-inc,San Francisco Study Center Inc,SAN FRANCISCO STUDY CENTER,,false
SAN FRANCISCO SUICIDE PREVENTION,san-francisco-suicide-prevention,San Francisco Suicide Prevention,SAN FRANCISCO SUICIDE PREVENTION,,false
SAN FRANCISCO SUPERIOR COURT,san-francisco-superior-court,San Francisco Superior Court,SAN FRANCISCO SUPERIOR COURT,,false
SAN FRANCISCO SUPPLY MASTERS INC DBA CLE,san-francisco-supply-masters-inc-dba-cle,San Francisco Supply Masters Inc DBA Cle,SAN FRANCISCO SUPPLY MASTERS INC DBA CLE,,false
SAN FRANCISCO SYMPHONY,san-francisco-symphony,San Francisco Symphony,SAN FRANCISCO SYMPHONY,,false
SAN FRANCISCO TERMINAL EQUIPMENT CO,san-francisco-terminal-equipment-co-llc,San Francisco Terminal Equipment Co LLC,SAN FRANCISCO TERMINAL EQUIPMENT,,false
SAN FRANCISCO TERMINAL EQUIPMENT CO LLC,san-francisco-terminal-equipment-co-llc,San Francisco Terminal Equipment Co LLC,SAN FRANCISCO TERMINAL EQUIPMENT,,false
SAN FRANCISCO TOYOTA,san-francisco-toyota,San Francisco Toyota,SAN FRANCISCO TOYOTA,,false
SAN FRANCISCO TRAVEL ASSOCIATION,san-francisco-travel-association,San Francisco Travel Association,SAN FRANCISCO TRAVEL ASSOCIATION,,false
SAN FRANCISCO UNIFIED SCHOOL DISTRICT,san-francisco-unified-school-district,San Francisco Unified School District,SAN FRANCISCO UNIFIED SCHOOL DISTRICT,,false
SAN FRANCISCO VETERANS EQUITY CENTER,san-francisco-veterans-equity-center,San Francisco Veterans Equity Center,SAN FRANCISCO VETERANS EQUITY CENTER,,false
SAN FRANCISCO VILLAGE,san-francisco-village,San Francisco Village,SAN FRANCISCO VILLAGE,,false
SAN FRANCISCO WOMEN AGAINST RAPE,san-francisco-women-against-rape,San Francisco Women Against Rape,SAN FRANCISCO WOMEN AGAINST RAPE,,false
SAN FRANCISCO ZOOLOGICAL SOCIETY,san-francisco-zoological-society,San Francisco Zoological Society,SAN FRANCISCO ZOOLOGICAL SOCIETY,,false
SAN-I-PAK PACIFIC INC,san-i-pak-pacific-inc,San-i-pak Pacific Inc,SAN I PAK PACIFIC,,false
SAN JOAQUIN COUNTY OFFICE OF EDUCATION,san-joaquin-county-office-of-education,San Joaquin County Office of Education,SAN JOAQUIN COUNTY OFFICE OF EDUCATION,,false
SAN JOAQUIN TRIBUTARIES AUTHORITY,san-joaquin-tributaries-authority,San Joaquin Tributaries Authority,SAN JOAQUIN TRIBUTARIES AUTHORITY,,false
San Jose Mothers' Milk Bank,san-jose-mothers-milk-bank,San Jose Mothers' Milk Bank,SAN JOSE MOTHERS MILK BANK,,false
SAN MATEO CO TAX CLLCTR - LEE BUFFINGTON,san-mateo-co-tax-cllctr-lee-buffington,San Mateo Co Tax Cllctr - Lee Buffington,SAN MATEO CO TAX CLLCTR LEE BUFFINGTON,,false
SAN MATEO COUNTY,san-mateo-county,San Mateo County,SAN MATEO COUNTY,,false
SAN MATEO COUNTY PLANNING & BUILDING DIV,san-mateo-county-planning-building-div,San Mateo County Planning & Building Div,SAN MATEO COUNTY PLANNING AND BUILDING DIV,,false
SAN MATEO COUNTY TRANSIT DISTRICT,san-mateo-county-transit-district,San Mateo County Transit District,SAN MATEO COUNTY TRANSIT DISTRICT,,false
SAN MATEO ELECTRONIC SUPPLY,san-mateo-electronic-supply,San Mateo Electronic Supply,SAN MATEO ELECTRONIC SUPPLY,,false
San Pablo Raceway LLC,san-pablo-raceway-llc,San Pablo Raceway LLC,SAN PABLO RACEWAY,,false
SAND CHANNEL GREENS INC,sand-channel-greens-inc,Sand Channel Greens Inc,SAND CHANNEL GREENS,,false
SANDIE ARNOTT TAX COLLECTOR,sandie-arnott-tax-collector,Sandie Arnott Tax Collector,SANDIE ARNOTT TAX COLLECTOR,,false
"SANDIE ARNOTT, TAX COLLECTOR",sandie-arnott-tax-collector,Sandie Arnott Tax Collector,SANDIE ARNOTT TAX COLLECTOR,,false
SANDIS CIVIL ENGINEERS SURVYRS PLANNERS,sandis-civil-engineers-survyrs-planners,Sandis Civil Engineers Survyrs Planners,SANDIS CIVIL ENGINEERS SURVYRS PLANNERS,,false
SANDS CAPITAL MANAGEMENT INC,sands-capital-management-llc,Sands Capital Management LLC,SANDS CAPITAL MANAGEMENT,,false
SANDS CAPITAL MANAGEMENT LLC,sands-capital-management-llc,Sands Capital Management LLC,SANDS CAPITAL MANAGEMENT,,false
SANKATY ADVISORS LLC,sankaty-advisors-llc,Sankaty Advisors LLC,SANKATY ADVISORS,,false
SANOFI PASTEUR INC,sanofi-pasteur-inc,Sanofi Pasteur Inc,SANOFI PASTEUR,,false
SANOFI VACCINES US INC,sanofi-vaccines-us-inc,Sanofi Vaccines US Inc,SANOFI VACCINES US,,false
SANTA CLARA COUNTY ASSESSOR,santa-clara-county-assessor,Santa Clara County Assessor,SANTA CLARA COUNTY ASSESSOR,,false
SANTA CLARA COUNTY OFFICE OF EDUCATION,santa-clara-county-office-of-education,Santa Clara County Office of Education,SANTA CLARA COUNTY OFFICE OF EDUCATION,,false
SANTA CLARA POLICE DEPT TRAINING UNIT,santa-clara-police-dept-training-unit,Santa Clara Police Dept Training Unit,SANTA CLARA POLICE DEPT TRAINING UNIT,,false
SANTA CRUZ COUNTY,santa-cruz-county,Santa Cruz County,SANTA CRUZ COUNTY,,false
SANTORA SALES,santora-sales,Santora Sales,SANTORA SALES,,false
SAPAG GRISS SA,sapag-griss-sa,Sapag Griss Sa,SAPAG GRISS SA,,false
Sapient Corporation,sapient-corporation,Sapient Corporation,SAPIENT,,false
SARA ELLIS CONANT COACHING & CONSULTING,sara-ellis-conant-coaching-consulting,Sara Ellis Conant Coaching & Consulting,SARA ELLIS CONANT COACHING AND CONSULTING,,false
SARIS CYCLING GROUP,saris-cycling-group,Saris Cycling Group,SARIS CYCLING GROUP,,false
SARTOR-QUALITY SAW WORKS,sartor-quality-saw-works,Sartor-quality Saw Works,SARTOR QUALITY SAW WORKS,,false
SATELLITE INDUSTRIES INC,satellite-industries-inc,Satellite Industries Inc,SATELLITE INDUSTRIES,,false
SATKAR HOSPITALITY INC,satkar-hospitality-inc,Satkar Hospitality Inc,SATKAR HOSPITALITY,,false
SATO SERVICES LLC,sato-services-llc,Sato Services LLC,SATO SERVICES,,false
SAVIANO COMPANY INC,saviano-company-inc,Saviano Company Inc,SAVIANO,,false
SCA ENVIRONMENTAL INC,sca-environmental-inc,Sca Environmental Inc,SCA ENVIRONMENTAL,,false
SCA Pharma,sca-pharma,Sca Pharma,SCA PHARMA,,false
Scarabee Systems & Technology B.V.,scarabee-systems-technology-b-v,Scarabee Systems & Technology B.v.,SCARABEE SYSTEMS AND TECHNOLOGY B V,,false
SCHEIDT & BACHMANN USA INC,scheidt-bachmann-usa-inc,Scheidt & Bachmann USA Inc,SCHEIDT AND BACHMANN USA,,false
SCHEMBRI CONSTRUCTION CO INC,schembri-construction-co-inc,Schembri Construction Co Inc,SCHEMBRI CONSTRUCTION,,false
SCHIFF ASSOCIATES,schiff-associates,Schiff Associates,SCHIFF ASSOCIATES,,false
SCHINDLER ELEVATOR CORP,schindler-elevator-corp,Schindler Elevator Corp,SCHINDLER ELEVATOR,,false
SCHNABEL FOUNDATION CO,schnabel-foundation-co,Schnabel Foundation Co,SCHNABEL FOUNDATION,,false
SCHNEIDER ELECTRIC BUILDINGS AMERICAS,schneider-electric-buildings-americas,Schneider Electric Buildings Americas,SCHNEIDER ELECTRIC BUILDINGS AMERICAS,,false
SCHNEIDER ELECTRIC SYSTEMS USA INC,schneider-electric-systems-usa-inc,Schneider Electric Systems USA Inc,SCHNEIDER ELECTRIC SYSTEMS USA,,false
SCHOLASTIC INTEREST GROUP FOUNDATION INC,scholastic-interest-group-foundation-inc,Scholastic Interest Group Foundation Inc,SCHOLASTIC INTEREST GROUP FOUNDATION,,false
SCHOOL OF THOUGHT INC,school-of-thought-inc,School of Thought Inc,SCHOOL OF THOUGHT,,false
SCHRAM CONSTRUCTION INC,schram-construction-inc,Schram Construction Inc,SCHRAM CONSTRUCTION,,false
SCOTT'S PPE RECON INC,scott-s-ppe-recon-inc,Scott's Ppe Recon Inc,SCOTT S PPE RECON,,false
SCOTT VALLEY BANK,scott-valley-bank,Scott Valley Bank,SCOTT VALLEY BANK,,false
SEAN W SMITH INC,sean-w-smith-inc,Sean W Smith Inc,SEAN W SMITH,,false
SECURE PASSAGE INC,secure-passage-inc,Secure Passage Inc,SECURE PASSAGE,,false
SECURITAS SECURITY SERVICES USA INC,securitas-security-services-usa-inc,Securitas Security Services USA Inc,SECURITAS SECURITY SERVICES USA,,false
SECURITY ENGINEERS INC,security-engineers-inc,Security Engineers Inc,SECURITY ENGINEERS,,false
SECURITY RADAR INTEGRATORS INC,security-radar-integrators-inc,Security Radar Integrators Inc,SECURITY RADAR INTEGRATORS,,false
SEDGWICK CMS,sedgwick-cms,Sedgwick Cms,SEDGWICK CMS,,false
SEIFEL CONSULTING INC,seifel-consulting-inc,Seifel Consulting Inc,SEIFEL CONSULTING,,false
SEIU UNITED HEALTHCARE WORKERS WEST & JT,seiu-united-healthcare-workers-west-jt,Seiu United Healthcare Workers West & Jt,SEIU UNITED HEALTHCARE WORKERS WEST AND JT,,false
Select Equity Group LP,select-equity-group-lp,Select Equity Group Lp,SELECT EQUITY GROUP,,false
SELECTIVE TRANSIT PARTS,selective-transit-parts,Selective Transit Parts,SELECTIVE TRANSIT PARTS,,false
SELF HELP FOR THE ELDERLY,self-help-for-the-elderly,Self-help for the Elderly,SELF HELP FOR THE ELDERLY,,false
SELF-HELP FOR THE ELDERLY,self-help-for-the-elderly,Self-help for the Elderly,SELF HELP FOR THE ELDERLY,,false
SEMPRA ENERGY TRADING CORP,sempra-energy-trading-corp,Sempra Energy Trading Corp,SEMPRA ENERGY TRADING,,false
SENECA CENTER,seneca-center,Seneca Center,SENECA CENTER,,false
SENECA FAMILY OF AGENCIES,seneca-family-of-agencies,Seneca Family of Agencies,SENECA FAMILY OF AGENCIES,,false
SENSEMAKERS LLC,sensemakers-llc,Sensemakers LLC,SENSEMAKERS,,false
SENSOR TECHNOLOGY ENGINEERING INC.,sensor-technology-engineering-inc,Sensor Technology Engineering Inc.,SENSOR TECHNOLOGY ENGINEERING,,false
SENSYS NETWORKS INC,sensys-networks-inc,Sensys Networks Inc,SENSYS NETWORKS,,false
Sentec Inc.,sentec-inc,Sentec Inc.,SENTEC,,false
Sentinel Offender Services LLC,sentinel-offender-services-llc,Sentinel Offender Services LLC,SENTINEL OFFENDER SERVICES,,false
Sequoia Living,sequoia-living,Sequoia Living,SEQUOIA LIVING,,false
SEQUOIA VOTING SYSTEMS INC,sequoia-voting-systems-inc,Sequoia Voting Systems Inc,SEQUOIA VOTING SYSTEMS,,false
SERCO INC,serco-inc,Serco Inc,SERCO,,false
SERCO MANAGEMENT SERVICES INC,serco-management-services-inc,Serco Management Services Inc,SERCO MANAGEMENT SERVICES,,false
SERRAMONTE FORD,serramonte-ford,Serramonte Ford,SERRAMONTE FORD,,false
SERRAMONTE FORD INC,serramonte-ford,Serramonte Ford,SERRAMONTE FORD,,false
SERVICE STATION SYSTEMS INC,service-station-systems-inc,Service Station Systems Inc,SERVICE STATION SYSTEMS,,false
SERVICEMASTER RESTORATION SERVICES,servicemaster-restoration-services,Servicemaster Restoration Services,SERVICEMASTER RESTORATION SERVICES,,false
SERVICENOW INC,servicenow-inc,Servicenow Inc,SERVICENOW,,false
SF BAY AREA RAPID TRANSIT DISTRICT,sf-bay-area-rapid-transit-district,SF Bay Area Rapid Transit District,SF BAY AREA RAPID TRANSIT DISTRICT,,false
SF BAY AREA WATER TRANSIT AUTHORITY,sf-bay-area-water-transit-authority,SF Bay Area Water Transit Authority,SF BAY AREA WATER TRANSIT AUTHORITY,,false
SF BAY CONSERVATION & DEV COMMISSION,sf-bay-conservation-dev-commission,SF Bay Conservation & Dev Commission,SF BAY CONSERVATION AND DEV COMMISSION,,false
SF Bicycle Coalition Education Fund,sf-bicycle-coalition-education-fund,SF Bicycle Coalition Education Fund,SF BICYCLE COALITION EDUCATION FUND,,false
SF Black Wall Street Foundation,sf-black-wall-street-foundation,SF Black Wall Street Foundation,SF BLACK WALL STREET FOUNDATION,,false
SF COMMUMITY EMPOWERMENT CENTER,sf-commumity-empowerment-center,SF Commumity Empowerment Center,SF COMMUMITY EMPOWERMENT CENTER,,false
SF IN-HOME SPPRTIV SVCS (IHSS) PUBL AUTH,sf-in-home-spprtiv-svcs-ihss-publ-auth,SF In-home Spprtiv Svcs (ihss) Publ Auth,SF IN HOME SPPRTIV SVCS IHSS PUBL AUTH,,false
SF NEW DEAL,sf-new-deal,SF New Deal,SF NEW DEAL,,false
SF Parent Coalition,sf-parent-coalition,SF Parent Coalition,SF PARENT COALITION,,false
SF PUBLIC DEFENDERS DISBURSEMENT ACCOUNT,sf-public-defenders-disbursement-account,SF Public Defenders Disbursement Account,SF PUBLIC DEFENDERS DISBURSEMENT ACCOUNT,,false
SF RENTS,sf-rents,SF Rents,SF RENTS,,false
SF SHERIFF'S DEPT FIVE KEYS CHARTER SCH,sf-sheriff-s-dept-five-keys-charter-sch,SF Sheriff's Dept Five Keys Charter Sch,SF SHERIFF S DEPT FIVE KEYS CHARTER SCH,,false
SF SUPERIOR COURT,sf-superior-court,SF Superior Court,SF SUPERIOR COURT,,false
SF TOURISM IMPROVEMENT DIST MGMT CORP,sf-tourism-improvement-dist-mgmt-corp,SF Tourism Improvement Dist Mgmt Corp,SF TOURISM IMPROVEMENT DIST MGMT,,false
SFCLOUT,sfclout,Sfclout,SFCLOUT,,false
SFCLT 16th St. Holdings LLC,sfclt-16th-st-holdings-llc,Sfclt 16th St. Holdings LLC,SFCLT 16TH ST HOLDINGS,,false
SFCLT 23rd St. Holdings LLC,sfclt-23rd-st-holdings-llc,Sfclt 23rd St. Holdings LLC,SFCLT 23RD ST HOLDINGS,,false
SFCLT 24th St. Holdings LLC,sfclt-24th-st-holdings-llc,Sfclt 24th St. Holdings LLC,SFCLT 24TH ST HOLDINGS,,false
SFCLT TNFF Holdings LLC,sfclt-tnff-holdings-llc,Sfclt Tnff Holdings LLC,SFCLT TNFF HOLDINGS,,false
SFHDC Small Sites 375 14th Street LLC,sfhdc-small-sites-375-14th-street-llc,Sfhdc Small Sites 375 14th Street LLC,SFHDC SMALL SITES 375 14TH STREET,,false
SFHDC SMALL SITES LLC,sfhdc-small-sites-llc,Sfhdc Small Sites LLC,SFHDC SMALL SITES,,false
SFHDC Small Sites LLC,sfhdc-small-sites-llc,Sfhdc Small Sites LLC,SFHDC SMALL SITES,,false
SFII 1390 MARKET ST LLC,sfii-1390-market-st-llc,Sfii 1390 Market St LLC,SFII 1390 MARKET ST,,false
"SFO FUEL COMPANY, LLC",sfo-fuel-company-llc,"Sfo Fuel Company, LLC",SFO FUEL,,false
SFO HOTEL SHUTTLE INC,sfo-hotel-shuttle-inc,Sfo Hotel Shuttle Inc,SFO HOTEL SHUTTLE,,false
SFO PARTNERS,sfo-partners,Sfo Partners,SFO PARTNERS,,false
SFOC LLC,sfoc-llc,Sfoc LLC,SFOC,,false
SFP2 1360 MISSION ST LLC,sfp2-1360-mission-st-llc,Sfp2 1360 Mission St LLC,SFP2 1360 MISSION ST,,false
SFT Construction Corp,sft-construction-corp,Sft Construction Corp,SFT CONSTRUCTION,,false
SHAH KAWASAKI-YAMAMAR,shah-kawasaki-yamamar,Shah Kawasaki-yamamar,SHAH KAWASAKI YAMAMAR,,false
Shahina Holdings LLC,shahina-holdings-llc,Shahina Holdings LLC,SHAHINA HOLDINGS,,false
SHANK/BALFOUR BEATTY JV,shank-balfour-beatty-jv,Shank/balfour Beatty JV,SHANK BALFOUR BEATTY JV,,false
SHANTI PROJECT,shanti-project,Shanti Project,SHANTI PROJECT,,false
SHAPE INC,shape-inc,Shape Inc,SHAPE,,false
Sharp Circle Inc.,sharp-circle-inc,Sharp Circle Inc.,SHARP CIRCLE,,false
SHARP ELECTRONICS CORPORATION,sharp-electronics-corporation,Sharp Electronics Corporation,SHARP ELECTRONICS,,false
SHAW PIPELINE INC,shaw-pipeline-inc,Shaw Pipeline Inc,SHAW PIPELINE,,false
SHELL ENERGY NORTH AMERICA (US) LP,shell-energy-north-america-us-lp,Shell Energy North America (us) Lp,SHELL ENERGY NORTH AMERICA US,,false
Sherpa Government Solutions LLC,sherpa-government-solutions-llc,Sherpa Government Solutions LLC,SHERPA GOVERNMENT SOLUTIONS,,false
SHF AP Interface Supplier,shf-ap-interface-supplier,Shf Ap Interface Supplier,SHF AP INTERFACE SUPPLIER,,false
SHIHLIN ELECTRIC USA COMPANY LIMITED,shihlin-electric-usa-company-limited,Shihlin Electric USA Company Limited,SHIHLIN ELECTRIC USA COMPANY LIMITED,,false
SHILOH I WIND PROJECT LLC,shiloh-i-wind-project-llc,Shiloh I Wind Project LLC,SHILOH I WIND PROJECT,,false
Shimmick Con-Quest Joint Venture,shimmick-con-quest-joint-venture,Shimmick Con-quest Joint Venture,SHIMMICK CON QUEST JOINT VENTURE,,false
SHIMMICK CONSTRCTN CO INC/HOMER J OLSEN,shimmick-constrctn-co-inc-homer-j-olsen,Shimmick Constrctn Co Inc/homer J Olsen,SHIMMICK CONSTRCTN CO INC HOMER J OLSEN,,false
SHIMMICK CONSTRUCTION CO INC,shimmick-construction-co-inc,Shimmick Construction Co Inc,SHIMMICK CONSTRUCTION,,false
SHIMMICK/NCCI JV,shimmick-ncci-jv,Shimmick/ncci JV,SHIMMICK NCCI JV,,false
Shipyard 5254 L.P.,shipyard-5254-l-p,Shipyard 5254 L.p.,SHIPYARD 5254 L P,,false
Shipyard Trust for the Arts,shipyard-trust-for-the-arts,Shipyard Trust for the Arts,SHIPYARD TRUST FOR THE ARTS,,false
SHOE DEPOT INC,shoe-depot-inc,Shoe Depot Inc,SHOE DEPOT,,false
SHORENSTEIN REALTY SERVICES LP (JV),shorenstein-realty-services-lp-jv,Shorenstein Realty Services Lp (jv),SHORENSTEIN REALTY SERVICES LP JV,,false
SHOTSPOTTER INC,shotspotter-inc,Shotspotter Inc,SHOTSPOTTER,,false
SHRED-IT USA LLC,shred-it-usa-llc,Shred-it USA LLC,SHRED IT USA,,false
SHRED WORKS,shred-works,Shred Works,SHRED WORKS,,false
SHUTE MIHALY & WEINBERGER LLP,shute-mihaly-weinberger-llp,Shute Mihaly & Weinberger Llp,SHUTE MIHALY AND WEINBERGER,,false
SHUTTLEPORT/DAJA SFO J/V,shuttleport-daja-sfo-j-v,Shuttleport/daja Sfo J/v,SHUTTLEPORT DAJA SFO J V,,false
SIDEMARK CORPORATION,sidemark-corporation,Sidemark Corporation,SIDEMARK,,false
SIEMENS ENERGY & AUTOMATION,siemens-energy-automation,Siemens Energy & Automation,SIEMENS ENERGY AND AUTOMATION,,false
SIEMENS FINANCIAL SERVICES INC,siemens-financial-services-inc,Siemens Financial Services Inc,SIEMENS FINANCIAL SERVICES,,false
SIEMENS HEALTHCARE DIAGNOSTICS INC,siemens-healthcare-diagnostics-inc,Siemens Healthcare Diagnostics Inc,SIEMENS HEALTHCARE DIAGNOSTICS,,false
SIEMENS INDUSTRY INC,siemens-industry-inc,Siemens Industry Inc,SIEMENS INDUSTRY,,false
SIEMENS MEDICAL SOLUTIONS HLTH SVCS CORP,siemens-medical-solutions-hlth-svcs-corp,Siemens Medical Solutions Hlth Svcs Corp,SIEMENS MEDICAL SOLUTIONS HLTH SVCS,,false
SIEMENS MEDICAL SOLUTIONS USA INC,siemens-medical-solutions-usa-inc,Siemens Medical Solutions USA Inc,SIEMENS MEDICAL SOLUTIONS USA,,false
Siemens Mobility Inc.,siemens-mobility-inc,Siemens Mobility Inc.,SIEMENS MOBILITY,,false
SIEMENS POSTAL PRCL & AIRPORT LOGISTICS,siemens-postal-prcl-airport-logistics,Siemens Postal Prcl & Airport Logistics,SIEMENS POSTAL PRCL AND AIRPORT LOGISTICS,,false
SIERRA DETENTION SYSTEMS INC,sierra-detention-systems-inc,Sierra Detention Systems Inc,SIERRA DETENTION SYSTEMS,,false
SIERRA ELECTRIC CO,sierra-electric-co,Sierra Electric Co,SIERRA ELECTRIC,,false
SIERRA MOUNTAIN CONSTRUCTION INC,sierra-mountain-construction-inc,Sierra Mountain Construction Inc,SIERRA MOUNTAIN CONSTRUCTION,,false
SIERRA PACIFIC TURF SUPPLY,sierra-pacific-turf-supply,Sierra Pacific Turf Supply,SIERRA PACIFIC TURF SUPPLY,,false
Sierra Vista Hospital,sierra-vista-hospital,Sierra Vista Hospital,SIERRA VISTA HOSPITAL,,false
SIGARMS INC,sigarms-inc,Sigarms Inc,SIGARMS,,false
SIGILLO SUPPLY INC,sigillo-supply-inc,Sigillo Supply Inc,SIGILLO SUPPLY,,false
SIGNATURE MARKETING,signature-marketing,Signature Marketing,SIGNATURE MARKETING,,false
SILAS GENESON,silas-geneson,Silas Geneson,SILAS GENESON,,false
Silicon Valley Demolition Inc.,silicon-valley-demolition-inc,Silicon Valley Demolition Inc.,SILICON VALLEY DEMOLITION,,false
SILVERADO CONTRACTORS INC,silverado-contractors-inc,Silverado Contractors Inc,SILVERADO CONTRACTORS,,false
SIMEIO SOLUTIONS LLC,simeio-solutions-llc,Simeio Solutions LLC,SIMEIO SOLUTIONS,,false
SIMPSON GUMPERTZ & HEGER INC,simpson-gumpertz-heger-inc,Simpson Gumpertz & Heger Inc,SIMPSON GUMPERTZ AND HEGER,,false
SINCLAIR GENERAL ENGINEERING CNSTR INC,sinclair-general-engineering-cnstr-inc,Sinclair General Engineering Cnstr Inc,SINCLAIR GENERAL ENGINEERING CNSTR,,false
SING TAO DAILY,sing-tao-daily,Sing Tao Daily,SING TAO DAILY,,false
SIRIUS COMPUTER SOLUTIONS INC,sirius-computer-solutions-inc,Sirius Computer Solutions Inc,SIRIUS COMPUTER SOLUTIONS,,false
SIRIUS COMPUTER SOLUTIONS LLC,sirius-computer-solutions-inc,Sirius Computer Solutions Inc,SIRIUS COMPUTER SOLUTIONS,,false
SIRIUS ENTERPRISE SYSTEMS GROUP LLC,sirius-enterprise-systems-group-llc,Sirius Enterprise Systems Group LLC,SIRIUS ENTERPRISE SYSTEMS GROUP,,false
SisterWeb,sisterweb,Sisterweb,SISTERWEB,,false
SITA Infor Networking Computing USA Inc.,sita-infor-networking-computing-usa-inc,Sita Infor Networking Computing USA Inc.,SITA INFOR NETWORKING COMPUTING USA,,false
SITEWORKS CONSTRUCTION INC,siteworks-construction-inc,Siteworks Construction Inc,SITEWORKS CONSTRUCTION,,false
SIZEWISE RENTALS LLC,sizewise-rentals-llc,Sizewise Rentals LLC,SIZEWISE RENTALS,,false
SJOBERG EVASHENK CONSULTING INC,sjoberg-evashenk-consulting-inc,Sjoberg Evashenk Consulting Inc,SJOBERG EVASHENK CONSULTING,,false
SJPL CM Partners JV,sjpl-cm-partners-jv,Sjpl Cm Partners JV,SJPL CM PARTNERS JV,,false
SKANSKA CONSTRUCTORS,skanska-constructors,Skanska Constructors,SKANSKA CONSTRUCTORS,,false
SKANSKA USA BUILDING INC,skanska-usa-building-inc,Skanska USA Building Inc,SKANSKA USA BUILDING,,false
SKIDATA INC,skidata-inc,Skidata Inc,SKIDATA,,false
SKODA OSTROV,skoda-ostrov,Skoda Ostrov,SKODA OSTROV,,false
SLALOM INC.,slalom-inc,Slalom Inc.,SLALOM,,false
SM COUNTY RESOURCE CONSERVATION DISTRICT,sm-county-resource-conservation-district,Sm County Resource Conservation District,SM COUNTY RESOURCE CONSERVATION DISTRICT,,false
SMART CENTER SAN FRANCISCO,smart-center-san-francisco,Smart Center San Francisco,SMART CENTER SAN FRANCISCO,,false
SMART ERP SOLUTIONS INC,smart-erp-solutions-inc,Smart Erp Solutions Inc,SMART ERP SOLUTIONS,,false
SMARTE CARTE INC,smarte-carte-inc,Smarte Carte Inc,SMARTE CARTE,,false
SMARTRECRUITERS INC.,smartrecruiters-inc,Smartrecruiters Inc.,SMARTRECRUITERS,,false
SMITH DAWSON & ANDREWS,smith-dawson-andrews,Smith Dawson & Andrews,SMITH DAWSON AND ANDREWS,,false
SMITH-EMERY SAN FRANCISCO,smith-emery-san-francisco,Smith-emery San Francisco,SMITH EMERY SAN FRANCISCO,,false
SMITH & NEPHEW INC,smith-nephew-inc,Smith & Nephew Inc,SMITH AND NEPHEW,,false
SNADER & ASSOCIATES INC,snader-associates-inc,Snader & Associates Inc,SNADER AND ASSOCIATES,,false
SOCIAL INTEREST SOLUTIONS,social-interest-solutions,Social Interest Solutions,SOCIAL INTEREST SOLUTIONS,,false
SOCIAL POLICY RESEARCH ASSOCIATES,social-policy-research-associates-inc,Social Policy Research Associates Inc.,SOCIAL POLICY RESEARCH ASSOCIATES,,false
SOCIAL POLICY RESEARCH ASSOCIATES INC.,social-policy-research-associates-inc,Social Policy Research Associates Inc.,SOCIAL POLICY RESEARCH ASSOCIATES,,false
SODEXO INC AND AFFILIATES,sodexo-inc-and-affiliates,Sodexo Inc and Affiliates,SODEXO INC AND AFFILIATES,,false
SODEXO LAUNDRY SVCS-METRO PARK LAUNDRY,sodexo-laundry-svcs-metro-park-laundry,Sodexo Laundry Svcs-metro Park Laundry,SODEXO LAUNDRY SVCS METRO PARK LAUNDRY,,false
SOFTNET SOLUTIONS,softnet-solutions,Softnet Solutions,SOFTNET SOLUTIONS,,false
SOHA ENGINEERS,soha-engineers,Soha Engineers,SOHA ENGINEERS,,false
SOHA-MBE JV,soha-mbe-jv,Soha-mbe JV,SOHA MBE JV,,false
SOLANO COUNTY,solano-county,Solano County,SOLANO COUNTY,,false
SOLARCITY CORP,solarcity-corp,Solarcity Corp,SOLARCITY,,false
SOLENIS LLC,solenis-llc,Solenis LLC,SOLENIS,,false
SOLIANT HEALTH LLC,soliant-health-llc,Soliant Health LLC,SOLIANT HEALTH,,false
Solventum Health Information Systems Inc,solventum-health-information-systems-inc,Solventum Health Information Systems Inc,SOLVENTUM HEALTH INFORMATION SYSTEMS,,false
SOMA WEST COMMUNITY BENEFIT DISTRICT,soma-west-community-benefit-district,Soma West Community Benefit District,SOMA WEST COMMUNITY BENEFIT DISTRICT,,false
SOMARTS,somarts,Somarts,SOMARTS,,false
SOMERSET PRINTING,somerset-printing,Somerset Printing,SOMERSET PRINTING,,false
SOMOS MAYFAIR INC,somos-mayfair-inc,Somos Mayfair Inc,SOMOS MAYFAIR,,false
SONALI HOLDINGS LLC,sonali-holdings-llc,Sonali Holdings LLC,SONALI HOLDINGS,,false
SONOMA COUNTY,sonoma-county,Sonoma County,SONOMA COUNTY,,false
SONOMA COUNTY HARLEY-DAVIDSON,sonoma-county-harley-davidson,Sonoma County Harley-davidson,SONOMA COUNTY HARLEY DAVIDSON,,false
SONOMA GRAPHIC PRODUCTS,sonoma-graphic-products,Sonoma Graphic Products,SONOMA GRAPHIC PRODUCTS,,false
SONSRAY MACHINERY LLC,sonsray-machinery-llc,Sonsray Machinery LLC,SONSRAY MACHINERY,,false
SOUNDTHINKING INC,soundthinking-inc,Soundthinking Inc,SOUNDTHINKING,,false
SOURCE SURGICAL INC,source-surgical-inc,Source Surgical Inc,SOURCE SURGICAL,,false
SOURCECORP DELIVEREX,sourcecorp-deliverex,Sourcecorp Deliverex,SOURCECORP DELIVEREX,,false
SOURCEHOV HEALTHCARE INC,sourcehov-healthcare-inc,Sourcehov Healthcare Inc,SOURCEHOV HEALTHCARE,,false
SOUTH OF MARKET CHILDCARE INC,south-of-market-childcare-inc,South of Market Childcare Inc,SOUTH OF MARKET CHILDCARE,,false
SOUTH SAN FRANCISCO SCAVENGER CO INC,south-san-francisco-scavenger-co-inc,South San Francisco Scavenger Co Inc,SOUTH SAN FRANCISCO SCAVENGER,,false
SOUTHEAST ASIAN COMMUNITY CENTER,southeast-asian-community-center,Southeast Asian Community Center,SOUTHEAST ASIAN COMMUNITY CENTER,,false
SOUTHEAST ASIAN DEVELOPMENT CENTER,southeast-asian-development-center,Southeast Asian Development Center,SOUTHEAST ASIAN DEVELOPMENT CENTER,,false
SOUTHERN CALIFORNIA EDISON CO.,southern-california-edison-co,Southern California Edison Co.,SOUTHERN CALIFORNIA EDISON,,false
SOUTHLAND INDUSTRIES,southland-industries,Southland Industries,SOUTHLAND INDUSTRIES,,false
SOUTHWEST AIRLINES CO,southwest-airlines-co,Southwest Airlines Co,SOUTHWEST AIRLINES,,false
SOUTHWEST COMMUNITY CORP,southwest-community-corp,Southwest Community Corp,SOUTHWEST COMMUNITY,,false
SOUTHWEST CONSTRUCTION,southwest-construction,Southwest Construction,SOUTHWEST CONSTRUCTION,,false
SOUTHWEST ENVIRONMENTAL INC,southwest-environmental-inc,Southwest Environmental Inc,SOUTHWEST ENVIRONMENTAL,,false
Southwest Valve & Equipment LLC,southwest-valve-equipment-llc,Southwest Valve & Equipment LLC,SOUTHWEST VALVE AND EQUIPMENT,,false
SOUTHWEST VALVE LLC,southwest-valve-llc,Southwest Valve LLC,SOUTHWEST VALVE,,false
SP PLUS CORPORATION,sp-plus-corporation,Sp Plus Corporation,SP PLUS,,false
SP Plus SF Joint Venture,sp-plus-sf-joint-venture,Sp Plus SF Joint Venture,SP PLUS SF JOINT VENTURE,,false
SPACE SAVER CO,space-saver-co,Space Saver Co,SPACE SAVER,,false
Spears Consultancy Group (SCG),spears-consultancy-group-scg,Spears Consultancy Group (scg),SPEARS CONSULTANCY GROUP SCG,,false
SPECIAL SERVICE FOR GROUPS,special-service-for-groups-inc,Special Service for Groups Inc,SPECIAL SERVICE FOR GROUPS,,false
SPECIAL SERVICE FOR GROUPS INC,special-service-for-groups-inc,Special Service for Groups Inc,SPECIAL SERVICE FOR GROUPS,,false
SPECTRO SCIENTIFIC INC,spectro-scientific-inc,Spectro Scientific Inc,SPECTRO SCIENTIFIC,,false
SPECTRUM MEDICAL INC,spectrum-medical-inc,Spectrum Medical Inc,SPECTRUM MEDICAL,,false
SPEEDY'S HARDWARE,speedy-s-hardware,Speedy's Hardware,SPEEDY S HARDWARE,,false
SPEYER AND SCHWARTZ INC,speyer-and-schwartz-inc,Speyer and Schwartz Inc,SPEYER AND SCHWARTZ,,false
SPIEGEL & MCDIARMID LLP,spiegel-mcdiarmid-llp,Spiegel & Mcdiarmid Llp,SPIEGEL AND MCDIARMID,,false
SPOK INC,spok-inc,Spok Inc,SPOK,,false
SPORTEXE CONSTRUCTION SERVICES INC,sportexe-construction-services-inc,Sportexe Construction Services Inc,SPORTEXE CONSTRUCTION SERVICES,,false
SPOTLIGHT PROMOTIONS INC,spotlight-promotions-inc,Spotlight Promotions Inc,SPOTLIGHT PROMOTIONS,,false
Springboard Collaborative,springboard-collaborative,Springboard Collaborative,SPRINGBOARD COLLABORATIVE,,false
SPRINT NEXTEL,sprint-nextel,Sprint Nextel,SPRINT NEXTEL,,false
SPRINT PCS,sprint-pcs,Sprint Pcs,SPRINT PCS,,false
SPUR,spur,Spur,SPUR,,false
SRT CONSULTANTS,srt-consultants,Srt Consultants,SRT CONSULTANTS,,false
SSP DATA INC,ssp-data-inc,Ssp Data Inc,SSP DATA,,false
ST FRANCIS ELECTRIC,st-francis-electric,St Francis Electric,ST FRANCIS ELECTRIC,,false
ST JAMES INFIRMARY,st-james-infirmary,St James Infirmary,ST JAMES INFIRMARY,,false
ST JAMES PARTNERSHIP,st-james-partnership,St James Partnership,ST JAMES PARTNERSHIP,,false
St. Joseph's Behavioral Health Center,st-joseph-s-behavioral-health-center,St. Joseph's Behavioral Health Center,ST JOSEPH S BEHAVIORAL HEALTH CENTER,,false
ST JUDE MEDICAL S C INC,st-jude-medical-s-c-inc,St Jude Medical S C Inc,ST JUDE MEDICAL S C,,false
ST PETER'S SUPPORTIVE HOUSING INC,st-peter-s-supportive-housing-inc,St Peter's Supportive Housing Inc,ST PETER S SUPPORTIVE HOUSING,,false
ST VINCENT DE PAUL SOCIETY OF SAN FRANCI,st-vincent-de-paul-society-of-san-franci,St Vincent de Paul Society of San Franci,ST VINCENT DE PAUL SOCIETY OF SAN FRANCI,,false
ST VINCENT DE PAUL SOCIETY OF SF,st-vincent-de-paul-society-of-sf,St Vincent de Paul Society of SF,ST VINCENT DE PAUL SOCIETY OF SF,,false
STACY & WITBECK & ESQUIVAL GRADING & PAV,stacy-witbeck-esquival-grading-pav,Stacy & Witbeck & Esquival Grading & Pav,STACY AND WITBECK AND ESQUIVAL GRADING AND PAV,,false
STACY & WITBECK INC,stacy-witbeck-inc,Stacy & Witbeck Inc,STACY AND WITBECK,,false
STANDARD REGISTER COMPANY,standard-register-company,Standard Register Company,STANDARD REGISTER,,false
STANDARD TEXTILE CO INC,standard-textile-co-inc,Standard Textile Co Inc,STANDARD TEXTILE,,false
Stantec AGS JV,stantec-ags-jv,Stantec Ags JV,STANTEC AGS JV,,false
STANTEC ARCHITECTURE INC,stantec-architecture-inc,Stantec Architecture Inc,STANTEC ARCHITECTURE,,false
STANTEC CONSULTING INC,stantec-consulting-inc,Stantec Consulting Inc,STANTEC CONSULTING,,false
STANTEC CONSULTING SERVICES INC,stantec-consulting-services-inc,Stantec Consulting Services Inc,STANTEC CONSULTING SERVICES,,false
Stantec JHCE JV,stantec-jhce-jv,Stantec Jhce JV,STANTEC JHCE JV,,false
Stantec\McGovern McDonald Engineers,stantec-mcgovern-mcdonald-engineers,Stantec\mcgovern Mcdonald Engineers,STANTEC MCGOVERN MCDONALD ENGINEERS,,false
Stantec-WRE JV,stantec-wre-jv,Stantec-wre JV,STANTEC WRE JV,,false
STAPLES BUSINESS ADVANTAGE,staples-business-advantage,Staples Business Advantage,STAPLES BUSINESS ADVANTAGE,,false
STAPLES INC & SUBSIDIARIES,staples-inc-subsidiaries,Staples Inc & Subsidiaries,STAPLES INC AND SUBSIDIARIES,,false
STAQ Pharma Inc.,staq-pharma-inc,Staq Pharma Inc.,STAQ PHARMA,,false
STATE BOARD OF EQUALIZATION,state-board-of-equalization,State Board of Equalization,STATE BOARD OF EQUALIZATION,,false
STATE BOARD OF EQUALIZATION/FUEL TAX DIV,state-board-of-equalization-fuel-tax-div,State Board of Equalization/fuel Tax Div,STATE BOARD OF EQUALIZATION FUEL TAX DIV,,false
STATE CONTROLLER'S OFFICE,state-controller-s-office,State Controller's Office,STATE CONTROLLER S OFFICE,,false
STATE OF CA - GOVERNOR'S OFC OF EMER SVC,state-of-ca-governor-s-ofc-of-emer-svc,State of Ca - Governor's Ofc of Emer Svc,STATE OF CA GOVERNOR S OFC OF EMER SVC,,false
STATE OF CAL DEPT OF PARKS & RECREATION,state-of-cal-dept-of-parks-recreation,State of Cal Dept of Parks & Recreation,STATE OF CAL DEPT OF PARKS AND RECREATION,,false
STATE OF CAL-HEALTH & HUMAN SVCS AGENCY,state-of-cal-health-human-svcs-agency,State of Cal-health & Human Svcs Agency,STATE OF CAL HEALTH AND HUMAN SVCS AGENCY,,false
STATE OF CAL-OFF STATEWIDE HLTH PL & DEV,state-of-cal-off-statewide-hlth-pl-dev,State of Cal-off Statewide Hlth Pl & Dev,STATE OF CAL OFF STATEWIDE HLTH PL AND DEV,,false
STATE OF CALIF DEPT OF CRRCTN & REHAB,state-of-calif-dept-of-crrctn-rehab,State of Calif Dept of Crrctn & Rehab,STATE OF CALIF DEPT OF CRRCTN AND REHAB,,false
STATE OF CALIF DEPT OF HEALTH CARE SVCS,state-of-calif-dept-of-health-care-svcs,State of Calif Dept of Health Care Svcs,STATE OF CALIF DEPT OF HEALTH CARE SVCS,,false
STATE OF CALIF -DEPT OF INDL RELATIONS,state-of-calif-dept-of-indl-relations,State of Calif -dept of Indl Relations,STATE OF CALIF DEPT OF INDL RELATIONS,,false
STATE OF CALIF STATE TREAS CASH MGT DIV,state-of-calif-state-treas-cash-mgt-div,State of Calif State Treas Cash Mgt Div,STATE OF CALIF STATE TREAS CASH MGT DIV,,false
STATE OF CALIFORNIA/DEPT OF CONSERVATION,state-of-california-dept-of-conservation,State of California/dept of Conservation,STATE OF CALIFORNIA DEPT OF CONSERVATION,,false
STATE OF CALIFORNIA / DEPT OF JUSTICE,state-of-california-dept-of-justice,State of California / Dept of Justice,STATE OF CALIFORNIA DEPT OF JUSTICE,,false
STATE OF CALIFORNIA / DEPT OF REHABILITA,state-of-california-dept-of-rehabilita,State of California / Dept of Rehabilita,STATE OF CALIFORNIA DEPT OF REHABILITA,,false
STATE OF CALIFORNIA / DEPT OF TRANSPORTA,state-of-california-dept-of-transporta,State of California / Dept of Transporta,STATE OF CALIFORNIA DEPT OF TRANSPORTA,,false
STATE STREET BANK & TRUST CO,state-street-bank-trust-co,State Street Bank & Trust Co,STATE STREET BANK AND TRUST,,false
STATE TREASURER,state-treasurer,State Treasurer,STATE TREASURER,,false
STATE WATER RESOURCES CONTROL BOARD,state-water-resources-control-board,State Water Resources Control Board,STATE WATER RESOURCES CONTROL BOARD,,false
STATEWIDE TRAFFIC SAFETY AND SIGNS INC,statewide-traffic-safety-and-signs-inc,Statewide Traffic Safety and Signs Inc,STATEWIDE TRAFFIC SAFETY AND SIGNS,,false
STATIONARY ENGINEERS LOCAL 39 TRNG DEPT,stationary-engineers-local-39-trng-dept,Stationary Engineers Local 39 Trng Dept,STATIONARY ENGINEERS LOCAL 39 TRNG DEPT,,false
Stay Safe Solutions Inc.,stay-safe-solutions-inc,Stay Safe Solutions Inc.,STAY SAFE SOLUTIONS,,false
STEAM & PLUMBING SERVICE,steam-plumbing-service,Steam & Plumbing Service,STEAM AND PLUMBING SERVICE,,false
STEBNER & ASSOCIATES,stebner-associates,Stebner & Associates,STEBNER AND ASSOCIATES,,false
STELLAR ENERGY SOLUTIONS,stellar-energy-solutions,Stellar Energy Solutions,STELLAR ENERGY SOLUTIONS,,false
STEPPINGSTONE,steppingstone,Steppingstone,STEPPINGSTONE,,false
STERICYCLE INC,stericycle-inc,Stericycle Inc,STERICYCLE,,false
STERIS CORPORATION,steris-corporation,Steris Corporation,STERIS,,false
STEVE P RADOS INC,steve-p-rados-inc,Steve P Rados Inc,STEVE P RADOS,,false
STEWART AUTOMOTIVE GROUP,stewart-automotive-group,Stewart Automotive Group,STEWART AUTOMOTIVE GROUP,,false
STEWART & STEVENSON,stewart-stevenson,Stewart & Stevenson,STEWART AND STEVENSON,,false
STEWART TITLE GUARANTY CO,stewart-title-guaranty-co,Stewart Title Guaranty Co,STEWART TITLE GUARANTY,,false
STEWART TITLE OF SACRAMENTO,stewart-title-of-sacramento,Stewart Title of Sacramento,STEWART TITLE OF SACRAMENTO,,false
STITT v SFMTA QSF,stitt-v-sfmta-qsf,Stitt V Sfmta Qsf,STITT V SFMTA QSF,,false
STOK LLC,stok-llc,Stok LLC,STOK,,false
STONE HARBOR INVESTMENT PARTNERS LP,stone-harbor-investment-partners-lp,Stone Harbor Investment Partners Lp,STONE HARBOR INVESTMENT PARTNERS,,false
STOP AIDS PROJECT INC,stop-aids-project-inc,Stop Aids Project Inc,STOP AIDS PROJECT,,false
STP ONLY US BANK N.A. - HSA,stp-only-us-bank-n-a-hsa,Stp Only US Bank N.a. - Hsa,STP ONLY US BANK N A HSA,,false
STRATEGIC ENERGY INNOVATIONS,strategic-energy-innovations,Strategic Energy Innovations,STRATEGIC ENERGY INNOVATIONS,,false
STRATUS TECHNOLOGIES INC,stratus-technologies-inc,Stratus Technologies Inc,STRATUS TECHNOLOGIES,,false
STREETSIDE STORIES,streetside-stories,Streetside Stories,STREETSIDE STORIES,,false
STRUCTUS INC,structus-inc,Structus Inc,STRUCTUS,,false
STRYKER SALES CORPORATION,stryker-sales-corporation,Stryker Sales Corporation,STRYKER SALES,,false
Stryker Sales LLC,stryker-sales-corporation,Stryker Sales Corporation,STRYKER SALES,,false
STUART C. IRBY COMPANY LLC,stuart-c-irby-company-llc,Stuart C. Irby Company LLC,STUART C IRBY,,false
SUBSTRUCTURE SUPPORT INC,substructure-support-inc,Substructure Support Inc,SUBSTRUCTURE SUPPORT,,false
SubTerra Construction Inc.,subterra-construction-inc,Subterra Construction Inc.,SUBTERRA CONSTRUCTION,,false
SUCCESS CENTER SAN FRANCISCO,success-center-san-francisco,Success Center San Francisco,SUCCESS CENTER SAN FRANCISCO,,false
Success Stories Program,success-stories-program,Success Stories Program,SUCCESS STORIES PROGRAM,,false
SUFFOLK CONSTRUCTION COMPANY INC.,suffolk-construction-company-inc,Suffolk Construction Company Inc.,SUFFOLK CONSTRUCTION,,false
SUKUT CONSTRUCTION LLC,sukut-construction-llc,Sukut Construction LLC,SUKUT CONSTRUCTION,,false
SUMITOMO MITSUI BANKING CORPORATION,sumitomo-mitsui-banking-corporation,Sumitomo Mitsui Banking Corporation,SUMITOMO MITSUI BANKING,,false
SUN LIGHT & POWER,sun-light-power,Sun Light & Power,SUN LIGHT AND POWER,,false
SUNDT/WALSH A JOINT VENTURE,sundt-walsh-a-joint-venture,Sundt/walsh a Joint Venture,SUNDT WALSH A JOINT VENTURE,,false
SUNGEVITY INC,sungevity-inc,Sungevity Inc,SUNGEVITY,,false
SUNNYDALE BLOCK 3A HOUSING PARTNERS L.P.,sunnydale-block-3a-housing-partners-l-p,Sunnydale Block 3a Housing Partners L.p.,SUNNYDALE BLOCK 3A HOUSING PARTNERS L P,,false
Sunnydale Block 3B Housing Partners LP,sunnydale-block-3b-housing-partners-lp,Sunnydale Block 3b Housing Partners Lp,SUNNYDALE BLOCK 3B HOUSING PARTNERS,,false
SUNNYDALE BLOCK 6 HOUSING PARTNERSHIP LP,sunnydale-block-6-housing-partnership-lp,Sunnydale Block 6 Housing Partnership Lp,SUNNYDALE BLOCK 6 HOUSING PARTNERSHIP,,false
Sunnydale Block 7 Housing Partners L.P.,sunnydale-block-7-housing-partners-l-p,Sunnydale Block 7 Housing Partners L.p.,SUNNYDALE BLOCK 7 HOUSING PARTNERS L P,,false
Sunnydale Block 9 Housing Partners L.P.,sunnydale-block-9-housing-partners-l-p,Sunnydale Block 9 Housing Partners L.p.,SUNNYDALE BLOCK 9 HOUSING PARTNERS L P,,false
Sunnydale Commercial LLC,sunnydale-commercial-llc,Sunnydale Commercial LLC,SUNNYDALE COMMERCIAL,,false
SUNNYDALE DEVELOPMENT CO LLC,sunnydale-development-co-llc,Sunnydale Development Co LLC,SUNNYDALE DEVELOPMENT,,false
Sunnydale Infrastructure LLC,sunnydale-infrastructure-llc,Sunnydale Infrastructure LLC,SUNNYDALE INFRASTRUCTURE,,false
Sunnydale Infrastructure Phase 1A3 LLC,sunnydale-infrastructure-phase-1a3-llc,Sunnydale Infrastructure Phase 1a3 LLC,SUNNYDALE INFRASTRUCTURE PHASE 1A3,,false
SUNNYDALE PARCEL Q HOUSING PARTNERS LP,sunnydale-parcel-q-housing-partners-lp,Sunnydale Parcel Q Housing Partners Lp,SUNNYDALE PARCEL Q HOUSING PARTNERS,,false
Sunnydale Phase 3 Infrastructure LLC,sunnydale-phase-3-infrastructure-llc,Sunnydale Phase 3 Infrastructure LLC,SUNNYDALE PHASE 3 INFRASTRUCTURE,,false
SUNPOWER CORPORATION,sunpower-corporation,Sunpower Corporation,SUNPOWER,,false
SUNSET YOUTH SERVICES,sunset-youth-services,Sunset Youth Services,SUNSET YOUTH SERVICES,,false
SUNWEST SALES CO,sunwest-sales-co,Sunwest Sales Co,SUNWEST SALES,,false
SUNWHEEL ENERGY PARTNERS CORP,sunwheel-energy-partners-corp,Sunwheel Energy Partners Corp,SUNWHEEL ENERGY PARTNERS,,false
SUPER EXCAVATORS INC,super-excavators-inc,Super Excavators Inc,SUPER EXCAVATORS,,false
SUPERIOR TRANSMISSIONS,superior-transmissions,Superior Transmissions,SUPERIOR TRANSMISSIONS,,false
SUPPLEMENTAL HEALTH CARE,supplemental-health-care,Supplemental Health Care,SUPPLEMENTAL HEALTH CARE,,false
SUPPLYCORE INC,supplycore-inc,Supplycore Inc,SUPPLYCORE,,false
SUPPLYWORKS,supplyworks,Supplyworks,SUPPLYWORKS,,false
SUPPORT FOR FAMS OF CHLDRN WITH DSBLTYS,support-for-fams-of-chldrn-with-dsbltys,Support for Fams of Chldrn With Dsbltys,SUPPORT FOR FAMS OF CHLDRN WITH DSBLTYS,,false
SURETEC INSURANCE CO,suretec-insurance-co,Suretec Insurance Co,SURETEC INSURANCE,,false
SURGICAL INFORMATION SYSTEMS LLC,surgical-information-systems-llc,Surgical Information Systems LLC,SURGICAL INFORMATION SYSTEMS,,false
Susan H Fitts,susan-h-fitts,Susan H Fitts,SUSAN H FITTS,,false
SUSTAINABLE CRUSHING VENTURES LLC,sustainable-crushing-ventures-llc,Sustainable Crushing Ventures LLC,SUSTAINABLE CRUSHING VENTURES,,false
SUSTAINABLE WATERSHED DESIGNS INC,sustainable-watershed-designs-inc,Sustainable Watershed Designs Inc,SUSTAINABLE WATERSHED DESIGNS,,false
SUTHERLAND HEALTHCARE SOLUTIONS INC,sutherland-healthcare-solutions-inc,Sutherland Healthcare Solutions Inc,SUTHERLAND HEALTHCARE SOLUTIONS,,false
Sutter Center for Psychiatry,sutter-center-for-psychiatry,Sutter Center for Psychiatry,SUTTER CENTER FOR PSYCHIATRY,,false
SUTTER WEST BAY MEDICAL FND,sutter-west-bay-medical-fnd,Sutter West Bay Medical Fnd,SUTTER WEST BAY MEDICAL FND,,false
SVALA CONSTRUCTION INC,svala-construction-inc,Svala Construction Inc,SVALA CONSTRUCTION,,false
SWA GROUP,swa-group,Swa Group,SWA GROUP,,false
SWA & MEI ARCHITECTS JV,swa-mei-architects-jv,Swa & Mei Architects JV,SWA AND MEI ARCHITECTS JV,,false
SWANROCK INC DBA SKYTECH SOLAR,swanrock-inc-dba-skytech-solar,Swanrock Inc DBA Skytech Solar,SWANROCK INC DBA SKYTECH SOLAR,,false
SWARCO MCCAIN INC,swarco-mccain-inc,Swarco Mccain Inc,SWARCO MCCAIN,,false
SWCA ENVIRONMENTAL CONSULTANTS,swca-environmental-consultants,Swca Environmental Consultants,SWCA ENVIRONMENTAL CONSULTANTS,,false
SWINERTON BUILDERS,swinerton-builders,Swinerton Builders,SWINERTON BUILDERS,,false
SWINERTON BUILDERS & POWER ENG JV,swinerton-builders-power-eng-jv,Swinerton Builders & Power Eng JV,SWINERTON BUILDERS AND POWER ENG JV,,false
SWORDS TO PLOWSHARES-VETERANS RIGHTS ORG,swords-to-plowshares-veterans-rights-org,Swords to Plowshares-veterans Rights Org,SWORDS TO PLOWSHARES VETERANS RIGHTS ORG,,false
SYNAGRO WEST LLC,synagro-west-llc,Synagro West LLC,SYNAGRO WEST,,false
SYNERGY ENTERPRISES INC,synergy-enterprises-inc,Synergy Enterprises Inc,SYNERGY ENTERPRISES,,false
SYNERGY PROJECT MANAGEMENT,synergy-project-management-inc,Synergy Project Management Inc,SYNERGY PROJECT MANAGEMENT,,false
SYNERGY PROJECT MANAGEMENT INC,synergy-project-management-inc,Synergy Project Management Inc,SYNERGY PROJECT MANAGEMENT,,false
SYNTHES LTD,synthes-ltd,Synthes Ltd,SYNTHES,,false
SYNTHES USA SALES LLC,synthes-usa-sales-llc,Synthes USA Sales LLC,SYNTHES USA SALES,,false
SYSCO CENTRAL CALIFORNIA INC,sysco-central-california-inc,Sysco Central California Inc,SYSCO CENTRAL CALIFORNIA,,false
SYSCO FOOD SERVICES OF CENTRAL CALIF INC,sysco-food-services-of-central-calif-inc,Sysco Food Services of Central Calif Inc,SYSCO FOOD SERVICES OF CENTRAL CALIF,,false
SYSCO SAN FRANCISCO INC,sysco-san-francisco-inc,Sysco San Francisco Inc,SYSCO SAN FRANCISCO,,false
SYSTEM 3 INC,system-3-inc,System 3 Inc,SYSTEM 3,,false
T C G SAN FRANCISCO DBA AT&T LOCAL SVCS,t-c-g-san-francisco-dba-at-t-local-svcs,T C G San Francisco DBA At&t Local Svcs,T C G SAN FRANCISCO DBA AT AND T LOCAL SVCS,,false
T E C OF CALIFORNIA INC,t-e-c-of-california-inc,T E C of California Inc,T E C OF CALIFORNIA,,false
T E F/W & K JV,t-e-f-w-k-jv,T E F/w & K JV,T E F W AND K JV,,false
T-MOBILE,t-mobile,T-mobile,T MOBILE,,false
T-Mobile USA INC,t-mobile-usa-inc,T-mobile USA Inc,T MOBILE USA,,false
T&R/RYCG,t-r-rycg,T&r/rycg,T AND R RYCG,,false
T & S TRADING & ENTERPRISE CO,t-s-trading-enterprise-co,T & S Trading & Enterprise Co,T AND S TRADING AND ENTERPRISE,,false
T & T VALVE & INSTRUMENT INC,t-t-valve-instrument-inc,T & T Valve & Instrument Inc,T AND T VALVE AND INSTRUMENT,,false
T Y LIN INTERNATIONAL,t-y-lin-international,T Y Lin International,T Y LIN INTERNATIONAL,,false
T1 CUBED A JOINT VENTURE,t1-cubed-a-joint-venture,T1 Cubed a Joint Venture,T1 CUBED A JOINT VENTURE,,false
T1 PARTNERS,t1-partners,T1 Partners,T1 PARTNERS,,false
T2 PARTNERS,t2-partners,T2 Partners,T2 PARTNERS,,false
T2 PARTNERS JV,t2-partners-jv,T2 Partners JV,T2 PARTNERS JV,,false
T3 EAST,t3-east,T3 East,T3 EAST,,false
T8 HOUSING PARTNERS LP,t8-housing-partners-lp,T8 Housing Partners Lp,T8 HOUSING PARTNERS,,false
TAB PRODUCTS CO LLC DBA AMES,tab-products-co-llc-dba-ames,Tab Products Co LLC DBA Ames,TAB PRODUCTS CO LLC DBA AMES,,false
TABERNACLE COMMUNITY DEVELOPMENT CORP,tabernacle-community-development-corp,Tabernacle Community Development Corp,TABERNACLE COMMUNITY DEVELOPMENT,,false
TAG-Wong JV,tag-wong-jv,Tag-wong JV,TAG WONG JV,,false
TAKENOBU IGARASHI,takenobu-igarashi,Takenobu Igarashi,TAKENOBU IGARASHI,,false
TALAS,talas,Talas,TALAS,,false
Talent Poole LLC,talent-poole-llc,Talent Poole LLC,TALENT POOLE,,false
TALLEY COMMUNICATIONS CORP,talley-communications-corp,Talley Communications Corp,TALLEY COMMUNICATIONS,,false
TANDEM PARTNERS IN EARLY LEARNING,tandem-partners-in-early-learning,Tandem Partners in Early Learning,TANDEM PARTNERS IN EARLY LEARNING,,false
TAP MASTER INC,tap-master-inc,Tap Master Inc,TAP MASTER,,false
TARBELL ASSOCIATES,tarbell-associates,Tarbell Associates,TARBELL ASSOCIATES,,false
TAZ AUTO MOBILE DETAILING,taz-auto-mobile-detailing,Taz Auto Mobile Detailing,TAZ AUTO MOBILE DETAILING,,false
TEC-ACCUTITE,tec-accutite,Tec-accutite,TEC ACCUTITE,,false
Tech Air of Northern California LLC,tech-air-of-northern-california-llc,Tech Air of Northern California LLC,TECH AIR OF NORTHERN CALIFORNIA,,false
TECHNICAL SAFETY SERVICES LLC,technical-safety-services-llc,Technical Safety Services LLC,TECHNICAL SAFETY SERVICES,,false
TEF ARCHITECTURE & INTERIOR DESIGN INC,tef-architecture-interior-design-inc,Tef Architecture & Interior Design Inc,TEF ARCHITECTURE AND INTERIOR DESIGN,,false
TEF Design - Min Design,tef-design-min-design,Tef Design - Min Design,TEF DESIGN MIN DESIGN,,false
TEF-Kuth Ranieri Joint Venture,tef-kuth-ranieri-joint-venture,Tef-kuth Ranieri Joint Venture,TEF KUTH RANIERI JOINT VENTURE,,false
TEGSCO LLC,tegsco-llc,Tegsco LLC,TEGSCO,,false
TEKMECA,tekmeca,Tekmeca,TEKMECA,,false
TELAMON ENGINEERING CONSULTANTS INC,telamon-engineering-consultants-inc,Telamon Engineering Consultants Inc,TELAMON ENGINEERING CONSULTANTS,,false
TELEGRAPH HILL NEIGHBORHOOD ASSOC INC,telegraph-hill-neighborhood-assoc-inc,Telegraph Hill Neighborhood Assoc Inc,TELEGRAPH HILL NEIGHBORHOOD ASSOC,,false
TELFER HIGHWAY TECHNOLOGIES,telfer-highway-technologies,Telfer Highway Technologies,TELFER HIGHWAY TECHNOLOGIES,,false
TELFER PAVEMENT TECHNOLOGIES LLC,telfer-pavement-technologies-llc,Telfer Pavement Technologies LLC,TELFER PAVEMENT TECHNOLOGIES,,false
TENANTS & OWNERS DEVELOPMENT CORP,tenants-owners-development-corp,Tenants & Owners Development Corp,TENANTS AND OWNERS DEVELOPMENT,,false
TENASKA POWER SERVICES CO.,tenaska-power-services-co,Tenaska Power Services Co.,TENASKA POWER SERVICES,,false
TENDERLOIN AIDS RESOURCE CENTER,tenderloin-aids-resource-center,Tenderloin Aids Resource Center,TENDERLOIN AIDS RESOURCE CENTER,,false
TENDERLOIN HEALTH,tenderloin-health,Tenderloin Health,TENDERLOIN HEALTH,,false
TENDERLOIN HOUSING CLINIC INC,tenderloin-housing-clinic-inc,Tenderloin Housing Clinic Inc,TENDERLOIN HOUSING CLINIC,,false
TENDERLOIN NEIGHBORHOOD DEVELOPMENT CORP,tenderloin-neighborhood-development-corp,Tenderloin Neighborhood Development Corp,TENDERLOIN NEIGHBORHOOD DEVELOPMENT,,false
TEREX UTILITIES INC,terex-utilities-inc,Terex Utilities Inc,TEREX UTILITIES,,false
TERRA ENGINEERS INC,terra-engineers-inc,Terra Engineers Inc,TERRA ENGINEERS,,false
TERRY EQUIPMENT INC.,terry-equipment-inc,Terry Equipment Inc.,TERRY EQUIPMENT,,false
TERUMO MEDICAL CORP,terumo-medical-corp,Terumo Medical Corp,TERUMO MEDICAL,,false
TETRA TECH AEW JV,tetra-tech-aew-jv,Tetra Tech Aew JV,TETRA TECH AEW JV,,false
TETRA TECH INC,tetra-tech-inc,Tetra Tech Inc,TETRA TECH,,false
TETRA TECH/WRE JV,tetra-tech-wre-jv,Tetra Tech/wre JV,TETRA TECH WRE JV,,false
TEXAS BOOM CO INC,texas-boom-co-inc,Texas Boom Co Inc,TEXAS BOOM,,false
TEXAS ENGINEERING EXTENSION SERVICE,texas-engineering-extension-service,Texas Engineering Extension Service,TEXAS ENGINEERING EXTENSION SERVICE,,false
TFB GLOBAL LLC,tfb-global-llc,Tfb Global LLC,TFB GLOBAL,,false
TGP ENERGY MANAGEMENT LLC,tgp-energy-management-llc,Tgp Energy Management LLC,TGP ENERGY MANAGEMENT,,false
TGP Energy Management LLC,tgp-energy-management-llc,Tgp Energy Management LLC,TGP ENERGY MANAGEMENT,,false
THA ARCHITECTURE INC,tha-architecture-inc,Tha Architecture Inc,THA ARCHITECTURE,,false
Thales DIS USA Inc.,thales-dis-usa-inc,Thales Dis USA Inc.,THALES DIS USA,,false
THALES TRANSPORT & SECURITY INC,thales-transport-security-inc,Thales Transport & Security Inc,THALES TRANSPORT AND SECURITY,,false
THE ACTIVE NETWORK INC,the-active-network-inc,The Active Network Inc,ACTIVE NETWORK,,false
THE AFTERMARKET PARTS COMPANY LLC,the-aftermarket-parts-company-llc,The Aftermarket Parts Company LLC,AFTERMARKET PARTS,,false
THE ALLEN GROUP LLC,the-allen-group-llc,The Allen Group LLC,ALLEN GROUP,,false
THE ALLEN GROUP LLC/AE3 PARTNERS INC JV,the-allen-group-llc-ae3-partners-inc-jv,The Allen Group Llc/ae3 Partners Inc JV,ALLEN GROUP LLC AE3 PARTNERS INC JV,,false
THE ALLEN GROUP LLC & CORNERSTONE A JV,the-allen-group-llc-cornerstone-a-jv,The Allen Group LLC & Cornerstone a JV,ALLEN GROUP LLC AND CORNERSTONE A JV,,false
THE ANIMAL COMPANY,the-animal-company,The Animal Company,ANIMAL,,false
THE ARC SAN FRANCISCO,the-arc-san-francisco,The Arc San Francisco,ARC SAN FRANCISCO,,false
THE ARCHDIOCESE OF SAN FRANCISCO PARISH,the-archdiocese-of-san-francisco-parish,The Archdiocese of San Francisco Parish,ARCHDIOCESE OF SAN FRANCISCO PARISH,,false
THE ART OF YOGA PROJECT,the-art-of-yoga-project,The Art of Yoga Project,ART OF YOGA PROJECT,,false
THE BANK OF NEW YORK MELLON TRUST CO NA,the-bank-of-new-york-mellon-trust-co-na,The Bank of New York Mellon Trust Co Na,BANK OF NEW YORK MELLON TRUST,,false
THE BANK OF TOKYO-MITSUBISHI UFJ LTD,the-bank-of-tokyo-mitsubishi-ufj-ltd,The Bank of Tokyo-mitsubishi Ufj Ltd,BANK OF TOKYO MITSUBISHI UFJ,,false
THE CHAIR PLACE,the-chair-place,The Chair Place,CHAIR PLACE,,false
THE COLORES PAINTING CO INC,the-colores-painting-co-inc,The Colores Painting Co Inc,COLORES PAINTING,,false
THE DEPOSITORY TRUST COMPANY,the-depository-trust-company,The Depository Trust Company,DEPOSITORY TRUST,,false
THE DUTRA GROUP,the-dutra-group,The Dutra Group,DUTRA GROUP,,false
The East Cut Community Benefit District,the-east-cut-community-benefit-district,The East Cut Community Benefit District,EAST CUT COMMUNITY BENEFIT DISTRICT,,false
EXPLORATORIUM,the-exploratorium,The Exploratorium,EXPLORATORIUM,,false
THE EXPLORATORIUM,the-exploratorium,The Exploratorium,EXPLORATORIUM,,false
THE FRAME & EYE OPTICAL,the-frame-eye-optical,The Frame & Eye Optical,FRAME AND EYE OPTICAL,,false
THE GALE GROUP,the-gale-group,The Gale Group,GALE GROUP,,false
THE GARDEN PROJECT,the-garden-project,The Garden Project,GARDEN PROJECT,,false
THE GLIDDEN CO DBA ICI DULUX PAINT CTRS,the-glidden-co-dba-ici-dulux-paint-ctrs,The Glidden Co DBA Ici Dulux Paint Ctrs,GLIDDEN CO DBA ICI DULUX PAINT CTRS,,false
THE GOOD HOTEL,the-good-hotel,The Good Hotel,GOOD HOTEL,,false
The Good Rural,the-good-rural,The Good Rural,GOOD RURAL,,false
THE GORDIAN GROUP INC,the-gordian-group-inc,The Gordian Group Inc,GORDIAN GROUP,,false
THE GUBBIO PROJECT,the-gubbio-project,The Gubbio Project,GUBBIO PROJECT,,false
THE JONES PAYNE GROUP INC,the-jones-payne-group-inc,The Jones Payne Group Inc,JONES PAYNE GROUP,,false
The Kelsey Civic Center LLC,the-kelsey-civic-center-lp,The Kelsey Civic Center Lp,KELSEY CIVIC CENTER,,false
The Kelsey Civic Center LP,the-kelsey-civic-center-lp,The Kelsey Civic Center Lp,KELSEY CIVIC CENTER,,false
The Knox Partners LP,the-knox-partners-lp,The Knox Partners Lp,KNOX PARTNERS,,false
THE LEWIN GROUP INC,the-lewin-group-inc,The Lewin Group Inc,LEWIN GROUP,,false
THE LIGHTHOUSE BUILDING LLC,the-lighthouse-building-llc,The Lighthouse Building LLC,LIGHTHOUSE BUILDING,,false
THE LOUIS BERGER GROUP (DOMESTIC) INC,the-louis-berger-group-domestic-inc,The Louis Berger Group (domestic) Inc,LOUIS BERGER GROUP DOMESTIC,,false
THE M-LINE,the-m-line,The M-line,M LINE,,false
THE MARSH,the-marsh,The Marsh,MARSH,,false
THE MATTISON FAMILY TRUST,the-mattison-family-trust,The Mattison Family Trust,MATTISON FAMILY TRUST,,false
THE MECHANICS BANK,the-mechanics-bank,The Mechanics Bank,MECHANICS BANK,,false
THE MITCHELL GROUP COPY SERVICE,the-mitchell-group-copy-service,The Mitchell Group Copy Service,MITCHELL GROUP COPY SERVICE,,false
THE MONARCH HOTEL,the-monarch-hotel,The Monarch Hotel,MONARCH HOTEL,,false
THE MUSEUM OF THE AFRICAN DIASPORA,the-museum-of-the-african-diaspora,The Museum of the African Diaspora,MUSEUM OF THE AFRICAN DIASPORA,,false
THE NORTHERN TRUST COMPANY,the-northern-trust-company,The Northern Trust Company,NORTHERN TRUST,,false
THE PALACE AT WASHINGTON SQUARE LLC,the-palace-at-washington-square-llc,The Palace at Washington Square LLC,PALACE AT WASHINGTON SQUARE,,false
THE PROFESSIONAL TREE CARE CO,the-professional-tree-care-co,The Professional Tree Care Co,PROFESSIONAL TREE CARE,,false
THE RAYTOM GROUP LLC,the-raytom-group-llc,The Raytom Group LLC,RAYTOM GROUP,,false
The Regents of the UCSF,the-regents-of-the-ucsf,The Regents of the UCSF,REGENTS OF THE UCSF,,false
THE REGISTRY NETWORK INC,the-registry-network-inc,The Registry Network Inc,REGISTRY NETWORK,,false
THE SALVATION ARMY A CALIFORNIA CORP,the-salvation-army-a-california-corp,The Salvation Army a California Corp,SALVATION ARMY A CALIFORNIA,,false
THE SAN FRANCISCO LGBT COMMUNITY CENTER,the-san-francisco-lgbt-community-center,The San Francisco Lgbt Community Center,SAN FRANCISCO LGBT COMMUNITY CENTER,,false
THE SAN FRANCISCO SPCA,the-san-francisco-spca,The San Francisco Spca,SAN FRANCISCO SPCA,,false
THE SF HOUSING ACCELERATOR FUND,the-sf-housing-accelerator-fund,The SF Housing Accelerator Fund,SF HOUSING ACCELERATOR FUND,,false
The Shipyard Communities LLC,the-shipyard-communities-llc,The Shipyard Communities LLC,SHIPYARD COMMUNITIES,,false
The Sourcing Group LLC,the-sourcing-group-llc,The Sourcing Group LLC,SOURCING GROUP,,false
THE STREET PLANS COLLABORATIVE INC,the-street-plans-collaborative-inc,The Street Plans Collaborative Inc,STREET PLANS COLLABORATIVE,,false
THE TOWNSEND GROUP,the-townsend-group,The Townsend Group,TOWNSEND GROUP,,false
The Transgender Advocates for Justice an,the-transgender-advocates-for-justice-an,The Transgender Advocates for Justice An,TRANSGENDER ADVOCATES FOR JUSTICE AN,,false
The Transgender District,the-transgender-district,The Transgender District,TRANSGENDER DISTRICT,,false
THE TRUST FOR PUBLIC LAND,the-trust-for-public-land,The Trust for Public Land,TRUST FOR PUBLIC LAND,,false
THE URBAN FARMER STORE INC,the-urban-farmer-store-inc,The Urban Farmer Store Inc,URBAN FARMER STORE,,false
The Urban Farmer Store LP,the-urban-farmer-store-inc,The Urban Farmer Store Inc,URBAN FARMER STORE,,false
The W.W. Williams Company LLC,the-w-w-williams-company-llc,The W.w. Williams Company LLC,W W WILLIAMS,,false
THE WATERSHED PROJECT,the-watershed-project,The Watershed Project,WATERSHED PROJECT,,false
THE WEITZ COMPANY LLC,the-weitz-company-llc,The Weitz Company LLC,WEITZ,,false
The Window,the-window,The Window,WINDOW,,false
THE YERBA BUENA GARDENS CONSERVANCY,the-yerba-buena-gardens-conservancy,The Yerba Buena Gardens Conservancy,YERBA BUENA GARDENS CONSERVANCY,,false
THEATRE FLAMENCO OF SAN FRANCISCO INC,theatre-flamenco-of-san-francisco-inc,Theatre Flamenco of San Francisco Inc,THEATRE FLAMENCO OF SAN FRANCISCO,,false
THEISEN GLASS CO,theisen-glass-co,Theisen Glass Co,THEISEN GLASS,,false
THERMO ELECTRON NORTH AMERICA LLC,thermo-electron-north-america-llc,Thermo Electron North America LLC,THERMO ELECTRON NORTH AMERICA,,false
THIRD & LECONTE ASSOCIATES LP,third-leconte-associates-lp,Third & Leconte Associates Lp,THIRD AND LECONTE ASSOCIATES,,false
THOLL FENCE INC,tholl-fence-inc,Tholl Fence Inc,THOLL FENCE,,false
THOMAS EDISON CHARTER ACADEMY,thomas-edison-charter-academy,Thomas Edison Charter Academy,THOMAS EDISON CHARTER ACADEMY,,false
THOMAS LAW GROUP,thomas-law-group,Thomas Law Group,THOMAS LAW GROUP,,false
THOMPSON BUILDERS CORPORATION,thompson-builders-corporation,Thompson Builders Corporation,THOMPSON BUILDERS,,false
THOMSON REUTERS,thomson-reuters,Thomson Reuters,THOMSON REUTERS,,false
THOMSON REUTERS/BARCLAYS,thomson-reuters-barclays,Thomson Reuters/barclays,THOMSON REUTERS BARCLAYS,,false
THYSSENKRUPP AIRPORT SYSTEMS INC,thyssenkrupp-airport-systems-inc,Thyssenkrupp Airport Systems Inc,THYSSENKRUPP AIRPORT SYSTEMS,,false
THYSSENKRUPP ELEVATOR CORP,thyssenkrupp-elevator-corp,Thyssenkrupp Elevator Corp,THYSSENKRUPP ELEVATOR,,false
TIBURON INC,tiburon-inc,Tiburon Inc,TIBURON,,false
TIDE WATER GROUP LTD,tide-water-group-ltd,Tide Water Group Ltd,TIDE WATER GROUP,,false
TIDES CENTER,tides-center,Tides Center,TIDES CENTER,,false
TIER TECHNOLOGIES INC,tier-technologies-inc,Tier Technologies Inc,TIER TECHNOLOGIES,,false
TIMBERLINE ENGINEERING INC,timberline-engineering-inc,Timberline Engineering Inc,TIMBERLINE ENGINEERING,,false
TITAN SAFETY PRODUCTS,titan-safety-products,Titan Safety Products,TITAN SAFETY PRODUCTS,,false
TK ELEVATOR CORPORATION,tk-elevator-corporation,Tk Elevator Corporation,TK ELEVATOR,,false
TMC DEVELOPMENT WORKING SOLUTIONS,tmc-development-working-solutions,Tmc Development Working Solutions,TMC DEVELOPMENT WORKING SOLUTIONS,,false
TMG Consulting Inc.,tmg-consulting-inc,Tmg Consulting Inc.,TMG CONSULTING,,false
TMI/CMP JV,tmi-cmp-jv,Tmi/cmp JV,TMI CMP JV,,false
TNT K-9 DETECTION TRAINING SERVICES,tnt-k-9-detection-training-services,Tnt K-9 Detection Training Services,TNT K 9 DETECTION TRAINING SERVICES,,false
TOKYOMOTO LLC,tokyomoto-llc,Tokyomoto LLC,TOKYOMOTO,,false
Toland 1 LLC,toland-1-llc,Toland 1 LLC,TOLAND 1,,false
TOM ELIOT FISCH - KNAPP ARCHITECTS JV,tom-eliot-fisch-knapp-architects-jv,Tom Eliot Fisch - Knapp Architects JV,TOM ELIOT FISCH KNAPP ARCHITECTS JV,,false
TOM ELIOT FISCH - MIN DAY JV,tom-eliot-fisch-min-day-jv,Tom Eliot Fisch - Min Day JV,TOM ELIOT FISCH MIN DAY JV,,false
TOM ELIOT FISCH/PAULETT TAGGART JV,tom-eliot-fisch-paulett-taggart-jv,Tom Eliot Fisch/paulett Taggart JV,TOM ELIOT FISCH PAULETT TAGGART JV,,false
TOM OTTERNESS STUDIO,tom-otterness-studio,Tom Otterness Studio,TOM OTTERNESS STUDIO,,false
TOOLWORKS INC,toolworks-inc,Toolworks Inc,TOOLWORKS,,false
TOPPAN MERRILL LLC,toppan-merrill-llc,Toppan Merrill LLC,TOPPAN MERRILL,,false
Toppan Merrill LLC,toppan-merrill-llc,Toppan Merrill LLC,TOPPAN MERRILL,,false
TOPTEK MICRO CENTER INC,toptek-micro-center-inc,Toptek Micro Center Inc,TOPTEK MICRO CENTER,,false
TORRES CONSTRUCTION CORP,torres-construction-corp,Torres Construction Corp,TORRES CONSTRUCTION,,false
TORREYCOVE CAPITAL PARTNERS LLC,torreycove-capital-partners-llc,Torreycove Capital Partners LLC,TORREYCOVE CAPITAL PARTNERS,,false
Total Communications Inc.,total-communications-inc,Total Communications Inc.,TOTAL COMMUNICATIONS,,false
TOTAL INDUSTRIES,total-industries,Total Industries,TOTAL INDUSTRIES,,false
TOURNAMENT PLAYERS CLUB OF CALIF INC,tournament-players-club-of-calif-inc,Tournament Players Club of Calif Inc,TOURNAMENT PLAYERS CLUB OF CALIF,,false
TOWERS WATSON PENNSYLVANIA INC,towers-watson-pennsylvania-inc,Towers Watson Pennsylvania Inc,TOWERS WATSON PENNSYLVANIA,,false
TOWILL INC,towill-inc,Towill Inc,TOWILL,,false
TOWNE FORD SALES,towne-ford-sales,Towne Ford Sales,TOWNE FORD SALES,,false
TOWNSEND ASSOCIATES LLC,townsend-associates-llc,Townsend Associates LLC,TOWNSEND ASSOCIATES,,false
TOWNSEND DEVELOPMENT PARTNERS LP,townsend-development-partners-lp,Townsend Development Partners Lp,TOWNSEND DEVELOPMENT PARTNERS,,false
TOWNSEND MANAGEMENT INC,townsend-management-inc,Townsend Management Inc,TOWNSEND MANAGEMENT,,false
TOYON ASSOCIATES INC,toyon-associates-inc,Toyon Associates Inc,TOYON ASSOCIATES,,false
TRACTOR EQUIPMENT SALES,tractor-equipment-sales,Tractor Equipment Sales,TRACTOR EQUIPMENT SALES,,false
TRANS-LITE INC,trans-lite-inc,Trans-lite Inc,TRANS LITE,,false
TRANS PACIFIC NATIONAL BANK,trans-pacific-national-bank,Trans Pacific National Bank,TRANS PACIFIC NATIONAL BANK,,false
TransAlta Energy Marketing (U.S.) Inc.,transalta-energy-marketing-u-s-inc,Transalta Energy Marketing (u.s.) Inc.,TRANSALTA ENERGY MARKETING U S,,false
Transbay 2 Family,transbay-2-family,Transbay 2 Family,TRANSBAY 2 FAMILY,,false
Transbay 2 Family Commercial LLC,transbay-2-family-commercial-llc,Transbay 2 Family Commercial LLC,TRANSBAY 2 FAMILY COMMERCIAL,,false
Transbay 2 Senior L.P.,transbay-2-senior-l-p,Transbay 2 Senior L.p.,TRANSBAY 2 SENIOR L P,,false
TRANSBAY JOINT POWERS AUTHORITY,transbay-joint-powers-authority,Transbay Joint Powers Authority,TRANSBAY JOINT POWERS AUTHORITY,,false
TRANSCORE LP,transcore-lp,Transcore Lp,TRANSCORE,,false
TRANSDEV SERVICES INC,transdev-services-inc,Transdev Services Inc,TRANSDEV SERVICES,,false
Transgender Gender Variant Intersex Ju,transgender-gender-variant-intersex-ju,Transgender Gender Variant Intersex Ju,TRANSGENDER GENDER VARIANT INTERSEX JU,,false
TRANSMETRO INC,transmetro-inc,Transmetro Inc,TRANSMETRO,,false
TRANSPORTATION MANAGEMENT & DESIGN INC,transportation-management-design-inc,Transportation Management & Design Inc,TRANSPORTATION MANAGEMENT AND DESIGN,,false
TRANSPORTATION SECURITY CLEARINGHOUSE,transportation-security-clearinghouse,Transportation Security Clearinghouse,TRANSPORTATION SECURITY CLEARINGHOUSE,,false
"TRANSTECH OF S.C., L.P.",transtech-of-s-c-l-p,"Transtech of S.c., L.p.",TRANSTECH OF S C L P,,false
TRANSWORLD CONSTRUCTION INC,transworld-construction-inc,Transworld Construction Inc,TRANSWORLD CONSTRUCTION,,false
TRAPEZE SOFTWARE GROUP INC,trapeze-software-group-inc,Trapeze Software Group Inc,TRAPEZE SOFTWARE GROUP,,false
TRAVELERS,travelers,Travelers,TRAVELERS,,false
TRAVERSO'S WORK SHOE HEADQUARTERS,traverso-s-work-shoe-headquarters,Traverso's Work Shoe Headquarters,TRAVERSO S WORK SHOE HEADQUARTERS,,false
TRAYER ENGINEERING CO,trayer-engineering-co,Trayer Engineering Co,TRAYER ENGINEERING,,false
TRC ENGINEERS INC,trc-engineers-inc,Trc Engineers Inc,TRC ENGINEERS,,false
TRC SOLUTIONS INC,trc-solutions-inc,Trc Solutions Inc,TRC SOLUTIONS,,false
TRCP INC,trcp-inc,Trcp Inc,TRCP,,false
TREADWELL & ROLLO INC,treadwell-rollo-inc,Treadwell & Rollo Inc,TREADWELL AND ROLLO,,false
TREASURE ISLAND COMMUNITY DEVELOPMENT LL,treasure-island-community-development-ll,Treasure Island Community Development Ll,TREASURE ISLAND COMMUNITY DEVELOPMENT LL,,false
Treasure Island E1.2 Behavioral Health L,treasure-island-e1-2-behavioral-health-l,Treasure Island E1.2 Behavioral Health L,TREASURE ISLAND E1 2 BEHAVIORAL HEALTH L,,false
TREASURE ISLAND HOMELESS DEV INITIATIVE,treasure-island-homeless-dev-initiative,Treasure Island Homeless Dev Initiative,TREASURE ISLAND HOMELESS DEV INITIATIVE,,false
Treasure Island Series 1 LLC,treasure-island-series-1-llc,Treasure Island Series 1 LLC,TREASURE ISLAND SERIES 1,,false
TREATY CONSTRUCTION,treaty-construction,Treaty Construction,TREATY CONSTRUCTION,,false
TREELINE SECURITY INC,treeline-security-inc,Treeline Security Inc,TREELINE SECURITY,,false
Tri-3 Chemical Systems Company,tri-3-chemical-systems-company,Tri-3 Chemical Systems Company,TRI 3 CHEMICAL SYSTEMS,,false
TRI-AMERICAN INC,tri-american-inc,Tri-american Inc,TRI AMERICAN,,false
TRI-TECHNIC INC,tri-technic-inc,Tri-technic Inc,TRI TECHNIC,,false
TRIAGE LLC,triage-llc,Triage LLC,TRIAGE,,false
TRIDENT K9 CONSULTING INC,trident-k9-consulting-inc,Trident K9 Consulting Inc,TRIDENT K9 CONSULTING,,false
TRIDENT SERVICES,trident-services,Trident Services,TRIDENT SERVICES,,false
TRIMARK ECONOMY RESTAURANT FIXTURES,trimark-economy-restaurant-fixtures,Trimark Economy Restaurant Fixtures,TRIMARK ECONOMY RESTAURANT FIXTURES,,false
TRINET CONSTRUCTION INC,trinet-construction-inc,Trinet Construction Inc,TRINET CONSTRUCTION,,false
TRINITY CENTER LLC,trinity-center-llc,Trinity Center LLC,TRINITY CENTER,,false
TRINITY MANAGEMENT SERVICES,trinity-management-services,Trinity Management Services,TRINITY MANAGEMENT SERVICES,,false
TROLLEY SUPPORT LLC,trolley-support-llc,Trolley Support LLC,TROLLEY SUPPORT,,false
TROPHY MASTERS,trophy-masters,Trophy Masters,TROPHY MASTERS,,false
TRUE BLUE AUTOMATION SERVICES,true-blue-automation-services,True Blue Automation Services,TRUE BLUE AUTOMATION SERVICES,,false
TRYFACTA INC.,tryfacta-inc,Tryfacta Inc.,TRYFACTA,,false
TSANG ARCHITECTURE,tsang-architecture,Tsang Architecture,TSANG ARCHITECTURE,,false
TUOLUMNE COUNTY TAX COLLECTOR,tuolumne-county-tax-collector,Tuolumne County Tax Collector,TUOLUMNE COUNTY TAX COLLECTOR,,false
TURF,turf,Turf,TURF,,false
TURF & INDUSTRIAL EQUIPMENT CO,turf-industrial-equipment-co,Turf & Industrial Equipment Co,TURF AND INDUSTRIAL EQUIPMENT,,false
TURF STAR INC,turf-star-inc,Turf Star Inc,TURF STAR,,false
TURK 500 ASSOCIATES LP,turk-500-associates-lp,Turk 500 Associates Lp,TURK 500 ASSOCIATES,,false
TURLOCK IRRIGATION DISTRICT,turlock-irrigation-district,Turlock Irrigation District,TURLOCK IRRIGATION DISTRICT,,false
TURNER CONSTRUCTION CO,turner-construction-co,Turner Construction Co,TURNER CONSTRUCTION,,false
TURNSTONE CONSULTING,turnstone-consulting,Turnstone Consulting,TURNSTONE CONSULTING,,false
SOUTHLAND TUTOR PERINI JV,tutor-perini,Tutor Perini,TUTOR PERINI,Southland / Tutor Perini joint venture (e.g. Central Subway),true
TUTOR PERINI CORPORATION,tutor-perini,Tutor Perini,TUTOR PERINI,Tutor Perini Corporation,true
TUTOR PERINI & ALLIANT INS. SVCS INC.,tutor-perini-alliant-ins-svcs-inc,Tutor Perini & Alliant Ins. Svcs Inc.,TUTOR PERINI AND ALLIANT INS SVCS,,false
TUTOR PERINI & PCR INSURANCE COMPANY,tutor-perini-pcr-insurance-company,Tutor Perini & Pcr Insurance Company,TUTOR PERINI AND PCR INSURANCE,,false
TVM PRODUCTIONS INC,tvm-productions-inc,Tvm Productions Inc,TVM PRODUCTIONS,,false
TWIN CITY FAN & BLOWER,twin-city-fan-blower,Twin City Fan & Blower,TWIN CITY FAN AND BLOWER,,false
TYLER TECHNOLOGIES INC,tyler-technologies-inc,Tyler Technologies Inc,TYLER TECHNOLOGIES,,false
U C REGENTS OF CALIFORNIA,u-c-regents-of-california,U C Regents of California,U C REGENTS OF CALIFORNIA,,false
U R S/AVILA JV,u-r-s-avila-jv,U R S/avila JV,U R S AVILA JV,,false
U R S CORPORATION,u-r-s-corporation,U R S Corporation,U R S,,false
U R S/ECS JV,u-r-s-ecs-jv,U R S/ecs JV,U R S ECS JV,,false
U R S/EDWARD J GEE & ASSOCIATES JV,u-r-s-edward-j-gee-associates-jv,U R S/edward J Gee & Associates JV,U R S EDWARD J GEE AND ASSOCIATES JV,,false
U S BANK,u-s-bank,U S Bank,U S BANK,,false
U S BANK N.A.,u-s-bank-n-a,U S Bank N.a.,U S BANK N A,,false
U S BANK TRUST N A,u-s-bank-trust-n-a,U S Bank Trust N a,U S BANK TRUST N A,,false
U.S. CUSTOMS AND BORDER PROTECTION,u-s-customs-and-border-protection,U.s. Customs and Border Protection,U S CUSTOMS AND BORDER PROTECTION,,false
U S ELECTRIC TECHNOLOGIES INC,u-s-electric-technologies-inc,U S Electric Technologies Inc,U S ELECTRIC TECHNOLOGIES,,false
U S GEOLOGICAL SURVEY-ERTHQKE HZRDS TEAM,u-s-geological-survey-erthqke-hzrds-team,U S Geological Survey-erthqke Hzrds Team,U S GEOLOGICAL SURVEY ERTHQKE HZRDS TEAM,,false
U S PEROXIDE INC,u-s-peroxide-inc,U S Peroxide Inc,U S PEROXIDE,,false
U S PURE WATER CORP,u-s-pure-water-corp,U S Pure Water Corp,U S PURE WATER,,false
U S TREASURY,u-s-treasury,U S Treasury,U S TREASURY,,false
U-SAVE EQUIPMENT RENTAL,u-save-equipment-rental,U-save Equipment Rental,U SAVE EQUIPMENT RENTAL,,false
UA LOCAL 38,ua-local-38,Ua Local 38,UA LOCAL 38,,false
UC College of the Law San Francisco,uc-college-of-the-law-san-francisco,Uc College of the Law San Francisco,UC COLLEGE OF THE LAW SAN FRANCISCO,,false
UC REGENTS UC BERKELEY,uc-regents-uc-berkeley,Uc Regents Uc Berkeley,UC REGENTS UC BERKELEY,,false
UCSF ALLIANCE HEALTH PROJECT,ucsf-alliance-health-project,UCSF Alliance Health Project,UCSF ALLIANCE HEALTH PROJECT,,false
UCSF AT SAN FRANCISCO GENERAL HOSPITAL,ucsf-at-san-francisco-general-hospital,UCSF at San Francisco General Hospital,UCSF AT SAN FRANCISCO GENERAL HOSPITAL,,false
UCSF CLINIC PRAC GRP SFGH/COMM FOCUS PGM,ucsf-clinic-prac-grp-sfgh-comm-focus-pgm,UCSF Clinic Prac Grp Sfgh/comm Focus Pgm,UCSF CLINIC PRAC GRP SFGH COMM FOCUS PGM,,false
UCSF Health Community Hospitals,ucsf-health-community-hospitals,UCSF Health Community Hospitals,UCSF HEALTH COMMUNITY HOSPITALS,,false
UCSF LANGLEY PORTER PSYCHIATRIC INST,ucsf-langley-porter-psychiatric-inst,UCSF Langley Porter Psychiatric Inst,UCSF LANGLEY PORTER PSYCHIATRIC INST,,false
UCSF/SFGH MEDICAL GROUP,ucsf-sfgh-medical-group,Ucsf/sfgh Medical Group,UCSF SFGH MEDICAL GROUP,,false
UCSF-SFGH PSYCHIATRY DEPT,ucsf-sfgh-psychiatry-dept,Ucsf-sfgh Psychiatry Dept,UCSF SFGH PSYCHIATRY DEPT,,false
Ultimate Impact Inc,ultimate-impact-inc,Ultimate Impact Inc,ULTIMATE IMPACT,,false
Underground Republic Water Works Inc.,underground-republic-water-works-inc,Underground Republic Water Works Inc.,UNDERGROUND REPUBLIC WATER WORKS,,false
UNDERWATER RESOURCES INC,underwater-resources-inc,Underwater Resources Inc,UNDERWATER RESOURCES,,false
UNICO MECHANICAL CORP,unico-mechanical-corp,Unico Mechanical Corp,UNICO MECHANICAL,,false
UNIFIED TELDATA INC,unified-teldata-inc,Unified Teldata Inc,UNIFIED TELDATA,,false
UNION DOOR,union-door,Union Door,UNION DOOR,,false
UNION SANITARY DISTRICT,union-sanitary-district,Union Sanitary District,UNION SANITARY DISTRICT,,false
UNION SERVICE COMPANY INC,union-service-company-inc,Union Service Company Inc,UNION SERVICE,,false
UNION SQUARE BUSINESS IMPROVMNT DISTRICT,union-square-business-improvmnt-district,Union Square Business Improvmnt District,UNION SQUARE BUSINESS IMPROVMNT DISTRICT,,false
Union Square Foundation,union-square-foundation,Union Square Foundation,UNION SQUARE FOUNDATION,,false
Unite Us,unite-us,Unite Us,UNITE US,,false
UNITED AIRLINES,united-airlines-inc,United Airlines Inc,UNITED AIRLINES,,false
UNITED AIRLINES INC,united-airlines-inc,United Airlines Inc,UNITED AIRLINES,,false
UNITED AMERICAN BANK,united-american-bank,United American Bank,UNITED AMERICAN BANK,,false
United Audit Systems. Inc.,united-audit-systems-inc,United Audit Systems. Inc.,UNITED AUDIT SYSTEMS,,false
UNITED CALIFORNIA GLASS & DOOR,united-california-glass-door,United California Glass & Door,UNITED CALIFORNIA GLASS AND DOOR,,false
UNITED COUNCIL OF HUMAN SERVICES INC,united-council-of-human-services-inc,United Council of Human Services Inc,UNITED COUNCIL OF HUMAN SERVICES,,false
UNITED HEALTHCARE INSURANCE COMPANY,united-healthcare-insurance-company,United Healthcare Insurance Company,UNITED HEALTHCARE INSURANCE,,false
UNITED LABOR BANK,united-labor-bank,United Labor Bank,UNITED LABOR BANK,,false
UNITED LABORATORIES INC,united-laboratories-inc,United Laboratories Inc,UNITED LABORATORIES,,false
UNITED MEDCO INC,united-medco-inc,United Medco Inc,UNITED MEDCO,,false
UNITED PLAYAZ INC,united-playaz-inc,United Playaz Inc,UNITED PLAYAZ,,false
UNITED RENTALS,united-rentals,United Rentals,UNITED RENTALS,,false
UNITED RENTALS (NORTH AMERICA)INC,united-rentals-north-america-inc,United Rentals (north America)inc,UNITED RENTALS NORTH AMERICA,,false
UNITED SITE SERVICES OF CALIFORNIA INC,united-site-services-of-california-inc,United Site Services of California Inc,UNITED SITE SERVICES OF CALIFORNIA,,false
UNITED STATES OF AMER ARMY CORPS OF ENG,united-states-of-amer-army-corps-of-eng,United States of Amer Army Corps of Eng,UNITED STATES OF AMER ARMY CORPS OF ENG,,false
UNITED STATES POSTAL SERVICE,united-states-postal-service,United States Postal Service,UNITED STATES POSTAL SERVICE,,false
UNITED WAY OF THE BAY AREA,united-way-of-the-bay-area,United Way of the Bay Area,UNITED WAY OF THE BAY AREA,,false
UnitedHealthCare,unitedhealthcare,Unitedhealthcare,UNITEDHEALTHCARE,,false
UNITEDLAYER LLC,unitedlayer-llc,Unitedlayer LLC,UNITEDLAYER,,false
UNITY CARE GROUP,unity-care-group,Unity Care Group,UNITY CARE GROUP,,false
UNIVAR SOLUTIONS USA LLC,univar-solutions-usa-llc,Univar Solutions USA LLC,UNIVAR SOLUTIONS USA,,false
UNIVAR USA INC,univar-usa-inc,Univar USA Inc,UNIVAR USA,,false
UNIVERSAL HOSPITAL SERVICES INC,universal-hospital-services-inc,Universal Hospital Services Inc,UNIVERSAL HOSPITAL SERVICES,,false
UNIVERSITY OF CALIFORNIA BERKELEY,university-of-california-berkeley,University of California Berkeley,UNIVERSITY OF CALIFORNIA BERKELEY,,false
UNIVERSITY OF THE PACIFIC,university-of-the-pacific,University of the Pacific,UNIVERSITY OF THE PACIFIC,,false
UNLIMITED TOOL REPAIR & FABRICATION INC,unlimited-tool-repair-fabrication-inc,Unlimited Tool Repair & Fabrication Inc,UNLIMITED TOOL REPAIR AND FABRICATION,,false
UP ON TOP,up-on-top,Up On Top,UP ON TOP,,false
UPTIME RESOURCES,uptime-resources,Uptime Resources,UPTIME RESOURCES,,false
UPTODATE INC,uptodate-inc,Uptodate Inc,UPTODATE,,false
UPTOWN TENDERLOIN INC,uptown-tenderloin-inc,Uptown Tenderloin Inc,UPTOWN TENDERLOIN,,false
URBAN ALCHEMY,urban-alchemy,Urban Alchemy,URBAN ALCHEMY,,false
Urban Equity Group Inc,urban-equity-group-inc,Urban Equity Group Inc,URBAN EQUITY GROUP,,false
URBAN SOLUTIONS,urban-solutions,Urban Solutions,URBAN SOLUTIONS,,false
URBAN STRATEGIES INC,urban-strategies-inc,Urban Strategies Inc,URBAN STRATEGIES,,false
URBAN TRANSPORTATION ASSOCIATES INC,urban-transportation-associates-inc,Urban Transportation Associates Inc,URBAN TRANSPORTATION ASSOCIATES,,false
URS/AE3 PARTNERS JV,urs-ae3-partners-jv,Urs/ae3 Partners JV,URS AE3 PARTNERS JV,,false
URS-AGS JOINT VENTURE,urs-ags-joint-venture,Urs-ags Joint Venture,URS AGS JOINT VENTURE,,false
URS/ATS JV,urs-ats-jv,Urs/ats JV,URS ATS JV,,false
URS/ECS A JOINT VENTURE,urs-ecs-a-joint-venture,Urs/ecs a Joint Venture,URS ECS A JOINT VENTURE,,false
URS/SOHA JOINT VENTURE,urs-soha-joint-venture,Urs/soha Joint Venture,URS SOHA JOINT VENTURE,,false
URS-TECI JOINT VENTURE,urs-teci-joint-venture,Urs-teci Joint Venture,URS TECI JOINT VENTURE,,false
URS/THORNTON TOMASETTI INC JV,urs-thornton-tomasetti-inc-jv,Urs/thornton Tomasetti Inc JV,URS THORNTON TOMASETTI INC JV,,false
US BANK NATIONAL ASSOCIATION,us-bank-national-association,US Bank National Association,US BANK NATIONAL ASSOCIATION,,false
US DEPARTMENT OF JUSTICE,us-department-of-justice,US Department of Justice,US DEPARTMENT OF JUSTICE,,false
US FLEET SOURCE,us-fleet-source,US Fleet Source,US FLEET SOURCE,,false
US FOODS INC,us-foods-inc,US Foods Inc,US FOODS,,false
US GEOLOGICAL SURVEY,us-geological-survey,US Geological Survey,US GEOLOGICAL SURVEY,,false
US GEOLOGICAL SURVEY JNT FUNDING AGRMNT,us-geological-survey-jnt-funding-agrmnt,US Geological Survey Jnt Funding Agrmnt,US GEOLOGICAL SURVEY JNT FUNDING AGRMNT,,false
US21 INC,us21-inc,Us21 Inc,US21,,false
USA FLEET SOLUTIONS,usa-fleet-solutions,USA Fleet Solutions,USA FLEET SOLUTIONS,,false
USDA - FOREST SERVICE,usda-forest-service,Usda - Forest Service,USDA FOREST SERVICE,,false
UST CONTINEO HEALTH INC,ust-contineo-health-inc,Ust Contineo Health Inc,UST CONTINEO HEALTH,,false
UTILICAST LLC,utilicast-llc,Utilicast LLC,UTILICAST,,false
UTILITY SYSTEM EFFICIENCIES INC,utility-system-efficiencies-inc,Utility System Efficiencies Inc,UTILITY SYSTEM EFFICIENCIES,,false
VALENCIA STREET LLC,valencia-street-llc,Valencia Street LLC,VALENCIA STREET,,false
VALENTINE CORP,valentine-corp,Valentine Corp,VALENTINE,,false
VALLETTA CONSTRUCTION INC,valletta-construction-inc,Valletta Construction Inc,VALLETTA CONSTRUCTION,,false
Valley Clean Energy Alliance,valley-clean-energy-alliance,Valley Clean Energy Alliance,VALLEY CLEAN ENERGY ALLIANCE,,false
VALLEY POWER SYSTEMS NORTH INC,valley-power-systems-north-inc,Valley Power Systems North Inc,VALLEY POWER SYSTEMS NORTH,,false
Valley Power Systems North Inc.,valley-power-systems-north-inc,Valley Power Systems North Inc,VALLEY POWER SYSTEMS NORTH,,false
VALLEY RUBBER & GASKET OF NORTH BAY INC,valley-rubber-gasket-of-north-bay-inc,Valley Rubber & Gasket of North Bay Inc,VALLEY RUBBER AND GASKET OF NORTH BAY,,false
VALUE FIRE PROTECTION INC,value-fire-protection-inc,Value Fire Protection Inc,VALUE FIRE PROTECTION,,false
Van Berkom and Associates Inc.,van-berkom-and-associates-inc,Van Berkom and Associates Inc.,VAN BERKOM AND ASSOCIATES,,false
VANASSE HANGEN BRUSTLIN INC (VHB),vanasse-hangen-brustlin-inc-vhb,Vanasse Hangen Brustlin Inc (vhb),VANASSE HANGEN BRUSTLIN INC VHB,,false
VANCOUVER AIRPORT AUTHORITY,vancouver-airport-authority,Vancouver Airport Authority,VANCOUVER AIRPORT AUTHORITY,,false
VANDERLANDE INDUSTRIES INC,vanderlande-industries-inc,Vanderlande Industries Inc,VANDERLANDE INDUSTRIES,,false
VANIR/CM PROS A JOINT VENTURE,vanir-cm-pros-a-joint-venture,Vanir/cm Pros a Joint Venture,VANIR CM PROS A JOINT VENTURE,,false
VANIR/SAYLOR JV,vanir-saylor-jv,Vanir/saylor JV,VANIR SAYLOR JV,,false
VAPOR RAIL,vapor-rail,Vapor Rail,VAPOR RAIL,,false
VENTIV TECHNOLOGY INC,ventiv-technology-inc,Ventiv Technology Inc,VENTIV TECHNOLOGY,,false
VERATHON INC,verathon-inc,Verathon Inc,VERATHON,,false
VEREGY PACIFIC LLC,veregy-pacific-llc,Veregy Pacific LLC,VEREGY PACIFIC,,false
VERINT AMERICAS INC,verint-americas-inc,Verint Americas Inc,VERINT AMERICAS,,false
VERINT VIDEO SOLUTIONS INC,verint-video-solutions-inc,Verint Video Solutions Inc,VERINT VIDEO SOLUTIONS,,false
Verizon Connect NWF Inc,verizon-connect-nwf-inc,Verizon Connect Nwf Inc,VERIZON CONNECT NWF,,false
VERIZON WIRELESS,verizon-wireless,Verizon Wireless,VERIZON WIRELESS,,false
VERTRANS INC,vertrans-inc,Vertrans Inc,VERTRANS,,false
VESTIS SERVICES LLC,vestis-services-llc,Vestis Services LLC,VESTIS SERVICES,,false
VETERANS AFFAIRS MEDICAL CENTER,veterans-affairs-medical-center,Veterans Affairs Medical Center,VETERANS AFFAIRS MEDICAL CENTER,,false
VICTOR TREATMENT CENTERS INC,victor-treatment-centers-inc,Victor Treatment Centers Inc,VICTOR TREATMENT CENTERS,,false
VIETNAMESE YOUTH DEVELOPMENT CENTER,vietnamese-youth-development-center,Vietnamese Youth Development Center,VIETNAMESE YOUTH DEVELOPMENT CENTER,,false
VIGOR FAB LLC,vigor-fab-llc,Vigor Fab LLC,VIGOR FAB,,false
VILA CONSTRUCTION COMPANY,vila-construction-company,Vila Construction Company,VILA CONSTRUCTION,,false
VINCENT COMMUNICATIONS INC,vincent-communications-inc,Vincent Communications Inc,VINCENT COMMUNICATIONS,,false
VINCENTIAN VILLA CORP,vincentian-villa-corp,Vincentian Villa Corp,VINCENTIAN VILLA,,false
VINTAGE CONTRACTORS INC,vintage-contractors-inc,Vintage Contractors Inc,VINTAGE CONTRACTORS,,false
VIP LITHO,vip-litho,Vip Litho,VIP LITHO,,false
VIP Powerline Corp,vip-powerline-corp,Vip Powerline Corp,VIP POWERLINE,,false
VIP SECURITY SPECIALIST,vip-security-specialist,Vip Security Specialist,VIP SECURITY SPECIALIST,,false
VIRTELLIGENCE INC,virtelligence-inc,Virtelligence Inc,VIRTELLIGENCE,,false
VISION SERVICE PLAN,vision-service-plan,Vision Service Plan,VISION SERVICE PLAN,,false
Visit Healthcare,visit-healthcare,Visit Healthcare,VISIT HEALTHCARE,,false
VISITACION VALLEY COMMUNITY CENTER,visitacion-valley-community-center,Visitacion Valley Community Center,VISITACION VALLEY COMMUNITY CENTER,,false
VISITACION VALLEY COMMUNITY DEVELOPMENT,visitacion-valley-community-development,Visitacion Valley Community Development,VISITACION VALLEY COMMUNITY DEVELOPMENT,,false
Vista Ford Lincoln,vista-ford-lincoln,Vista Ford Lincoln,VISTA FORD LINCOLN,,false
VITALANT,vitalant,Vitalant,VITALANT,,false
VITALTHERM,vitaltherm,Vitaltherm,VITALTHERM,,false
VOESTALPINE NORTRAK INC,voestalpine-nortrak-inc,Voestalpine Nortrak Inc,VOESTALPINE NORTRAK,,false
VOESTALPINE RAILWAY SYSTEMS NORTRAK LLC,voestalpine-railway-systems-nortrak-llc,Voestalpine Railway Systems Nortrak LLC,VOESTALPINE RAILWAY SYSTEMS NORTRAK,,false
VOLUNTEER CTR SRVNG SF & SAN MATEO COUNT,volunteer-ctr-srvng-sf-san-mateo-count,Volunteer Ctr Srvng SF & San Mateo Count,VOLUNTEER CTR SRVNG SF AND SAN MATEO COUNT,,false
VORTECH INDUSTRIES,vortech-industries,Vortech Industries,VORTECH INDUSTRIES,,false
VORTEX MARINE CONSTRUCTION INC,vortex-marine-construction-inc,Vortex Marine Construction Inc,VORTEX MARINE CONSTRUCTION,,false
VOX NETWORK SOLUTIONS,vox-network-solutions,Vox Network Solutions,VOX NETWORK SOLUTIONS,,false
Voya Institutional Plan Services LLC,voya-institutional-plan-services-llc,Voya Institutional Plan Services LLC,VOYA INSTITUTIONAL PLAN SERVICES,,false
Voyager Wind IV Expansion LLC,voyager-wind-iv-expansion-llc,Voyager Wind Iv Expansion LLC,VOYAGER WIND IV EXPANSION,,false
VSA INC DBA CA MEDIA SOLUTIONS,vsa-inc-dba-ca-media-solutions,Vsa Inc DBA Ca Media Solutions,VSA INC DBA CA MEDIA SOLUTIONS,,false
VSS INTERNATIONAL INC,vss-international-inc,Vss International Inc,VSS INTERNATIONAL,,false
VWR INTERNATIONAL LLC,vwr-international-llc,Vwr International LLC,VWR INTERNATIONAL,,false
W BRADLEY ELECTRIC INC,w-bradley-electric-inc,W Bradley Electric Inc,W BRADLEY ELECTRIC,,false
W.E. LYONS CONSTRUCTION CO.,w-e-lyons-construction-co,W.e. Lyons Construction Co.,W E LYONS CONSTRUCTION,,false
W H BRESHEARS INC,w-h-breshears-inc,W H Breshears Inc,W H BRESHEARS,,false
W&K/SDE JV,w-k-sde-jv,W&k/sde JV,W AND K SDE JV,,false
W&K/STRUCTUS JV,w-k-structus-jv,W&k/structus JV,W AND K STRUCTUS JV,,false
W L GORE & ASSOCIATES,w-l-gore-associates,W L Gore & Associates,W L GORE AND ASSOCIATES,,false
W P K THIRD STREET CONSULTANTS J/V,w-p-k-third-street-consultants-j-v,W P K Third Street Consultants J/v,W P K THIRD STREET CONSULTANTS J V,,false
W R HUFF ASSET MANAGEMENT CO LLC,w-r-huff-asset-management-co-llc,W R Huff Asset Management Co LLC,W R HUFF ASSET MANAGEMENT,,false
W.S. Darley & Co,w-s-darley-co,W.s. Darley & Co,W S DARLEY AND,,false
W WONG CONSTRUCTION CO INC,w-wong-construction-co-inc,W Wong Construction Co Inc,W WONG CONSTRUCTION,,false
W.Y.L. Orion Properties LLC,w-y-l-orion-properties-llc,W.y.l. Orion Properties LLC,W Y L ORION PROPERTIES,,false
W5 BRANNAN LP,w5-brannan-lp,W5 Brannan Lp,W5 BRANNAN,,false
WAGEWORKS INC,wageworks-inc,Wageworks Inc,WAGEWORKS,,false
WAH MEI SCHOOL,wah-mei-school,Wah Mei School,WAH MEI SCHOOL,,false
WALDEN HOUSE INC,walden-house-inc,Walden House Inc,WALDEN HOUSE,,false
Walker Consultants,walker-consultants,Walker Consultants,WALKER CONSULTANTS,,false
WALKER PARKING CONSULTANTS/ENGINEERS INC,walker-parking-consultants-engineers-inc,Walker Parking Consultants/engineers Inc,WALKER PARKING CONSULTANTS ENGINEERS,,false
WALKUP MELODIA KELLY & SCHOENBERGER,walkup-melodia-kelly-schoenberger,Walkup Melodia Kelly & Schoenberger,WALKUP MELODIA KELLY AND SCHOENBERGER,,false
WALSH CONSTRUCTION COMPANY II,walsh-construction-company-ii,Walsh Construction Company Ii,WALSH CONSTRUCTION COMPANY II,,false
WASTE SOLUTIONS GROUP,waste-solutions-group,Waste Solutions Group,WASTE SOLUTIONS GROUP,,false
WATER RESEARCH FOUNDATION,water-research-foundation,Water Research Foundation,WATER RESEARCH FOUNDATION,,false
WATER RESOURCES ENG INC,water-resources-eng-inc,Water Resources Eng Inc,WATER RESOURCES ENG,,false
WATKIN & BORTOLUSSI INC,watkin-bortolussi-inc,Watkin & Bortolussi Inc,WATKIN AND BORTOLUSSI,,false
WAUSAU FINANCIAL SYSTEMS INC,wausau-financial-systems-inc,Wausau Financial Systems Inc,WAUSAU FINANCIAL SYSTEMS,,false
WAVE BUSINESS SOLUTIONS LLC,wave-business-solutions-llc,Wave Business Solutions LLC,WAVE BUSINESS SOLUTIONS,,false
WAXIE SANITARY SUPPLY,waxie-sanitary-supply,Waxie Sanitary Supply,WAXIE SANITARY SUPPLY,,false
WC-ATS JV,wc-ats-jv,Wc-ats JV,WC ATS JV,,false
WCG Inc (West Coast Consulting Group),wcg-inc-west-coast-consulting-group,Wcg Inc (west Coast Consulting Group),WCG INC WEST COAST CONSULTING GROUP,,false
WCME JV,wcme-jv,Wcme JV,WCME JV,,false
WDA-MJA Joint Venture,wda-mja-joint-venture,Wda-mja Joint Venture,WDA MJA JOINT VENTURE,,false
WEATHER MASTERS INC,weather-masters-inc,Weather Masters Inc,WEATHER MASTERS,,false
WEBCOR BUILDERS,webcor-builders,Webcor Builders,WEBCOR BUILDERS,,false
WEBMEDX INC,webmedx-inc,Webmedx Inc,WEBMEDX,,false
WEBTECH WIRELESS INC,webtech-wireless-inc,Webtech Wireless Inc,WEBTECH WIRELESS,,false
WEG ELECTRIC CORP,weg-electric-corp,Weg Electric Corp,WEG ELECTRIC,,false
WeHOPE,wehope,Wehope,WEHOPE,,false
WEISS ASSOCIATES,weiss-associates,Weiss Associates,WEISS ASSOCIATES,,false
WELCH ALLYN INC,welch-allyn-inc,Welch Allyn Inc,WELCH ALLYN,,false
WELLINGTON MANAGEMENT CO LLP,wellington-management-co-llp,Wellington Management Co Llp,WELLINGTON MANAGEMENT,,false
WELLINGTON MANAGEMENT COMPANY LLP,wellington-management-co-llp,Wellington Management Co Llp,WELLINGTON MANAGEMENT,,false
WELLS FARGO BANK,wells-fargo-bank,Wells Fargo Bank,WELLS FARGO BANK,,false
WELLS FARGO BANK NA,wells-fargo-bank,Wells Fargo Bank,WELLS FARGO BANK,,false
WELLS FARGO BANK N A,wells-fargo-bank-n-a,Wells Fargo Bank N a,WELLS FARGO BANK N A,,false
WELLS FARGO BROKERAGE SERVICES,wells-fargo-brokerage-services,Wells Fargo Brokerage Services,WELLS FARGO BROKERAGE SERVICES,,false
WELLS FARGO SECURITIES LLC,wells-fargo-securities-llc,Wells Fargo Securities LLC,WELLS FARGO SECURITIES,,false
WELLS TECHNOLOGY INC,wells-technology-inc,Wells Technology Inc,WELLS TECHNOLOGY,,false
WENDY LOWINGER,wendy-lowinger,Wendy Lowinger,WENDY LOWINGER,,false
WERFEN USA LLC,werfen-usa-llc,Werfen USA LLC,WERFEN USA,,false
WEST BAY PILIPINO MULTI-SERVICE CENTER,west-bay-pilipino-multi-service-center,West Bay Pilipino Multi-service Center,WEST BAY PILIPINO MULTI SERVICE CENTER,,false
WEST COAST ARBORISTS INC,west-coast-arborists-inc,West Coast Arborists Inc,WEST COAST ARBORISTS,,false
WEST COAST CONTRACTORS SERVICES,west-coast-contractors-services,West Coast Contractors Services,WEST COAST CONTRACTORS SERVICES,,false
West Field Consultants a Joint Venture,west-field-consultants-a-joint-venture,West Field Consultants a Joint Venture,WEST FIELD CONSULTANTS A JOINT VENTURE,,false
WESTAMERICA BANK,westamerica-bank,Westamerica Bank,WESTAMERICA BANK,,false
WESTATES MECHANICAL CORP,westates-mechanical-corp,Westates Mechanical Corp,WESTATES MECHANICAL,,false
WESTBROOK HOUSING PARTNERS LP,westbrook-housing-partners-lp,Westbrook Housing Partners Lp,WESTBROOK HOUSING PARTNERS,,false
WESTCOAST CHILDREN'S CLINIC,westcoast-children-s-clinic,Westcoast Children's Clinic,WESTCOAST CHILDREN S CLINIC,,false
WESTED,wested,Wested,WESTED,,false
WESTERN ADDITION SENIOR CITIZENS SVC CTR,western-addition-senior-citizens-svc-ctr,Western Addition Senior Citizens Svc Ctr,WESTERN ADDITION SENIOR CITIZENS SVC CTR,,false
WESTERN ALLIED MECHANICAL INC,western-allied-mechanical-inc,Western Allied Mechanical Inc,WESTERN ALLIED MECHANICAL,,false
WESTERN AREA POWER ADMINISTRATION DOE,western-area-power-administration-doe,Western Area Power Administration Doe,WESTERN AREA POWER ADMINISTRATION DOE,,false
WESTERN ASSET MANAGEMENT CO,western-asset-management-co,Western Asset Management Co,WESTERN ASSET MANAGEMENT,,false
WESTERN GRAVEL & ROOFING SUPPLY INC,western-gravel-roofing-supply-inc,Western Gravel & Roofing Supply Inc,WESTERN GRAVEL AND ROOFING SUPPLY,,false
Western Pacific Crane & Equipment LLC,western-pacific-crane-equipment-llc,Western Pacific Crane & Equipment LLC,WESTERN PACIFIC CRANE AND EQUIPMENT,,false
WESTERN PACIFIC SIGNAL LLC,western-pacific-signal-llc,Western Pacific Signal LLC,WESTERN PACIFIC SIGNAL,,false
WESTERN PAVEMENT SOLUTIONS,western-pavement-solutions,Western Pavement Solutions,WESTERN PAVEMENT SOLUTIONS,,false
WESTERN ROOFING SERVICE,western-roofing-service,Western Roofing Service,WESTERN ROOFING SERVICE,,false
WESTERN SHELTER SYSTEMS,western-shelter-systems,Western Shelter Systems,WESTERN SHELTER SYSTEMS,,false
WESTERN SIERRA'S INC,western-sierra-s-inc,Western Sierra's Inc,WESTERN SIERRA S,,false
WESTERN SITE SERVICES INC,western-site-services-inc,Western Site Services Inc,WESTERN SITE SERVICES,,false
WESTERN STATES OIL,western-states-oil,Western States Oil,WESTERN STATES OIL,,false
WESTERN SYSTEMS INC,western-systems-inc,Western Systems Inc,WESTERN SYSTEMS,,false
WESTERN TRUCK FAB,western-truck-fab,Western Truck Fab,WESTERN TRUCK FAB,,false
WESTERN WATER CONSTRUCTORS INC,western-water-constructors-inc,Western Water Constructors Inc,WESTERN WATER CONSTRUCTORS,,false
WESTERVELT ECOLOGICAL SERVICES LLC,westervelt-ecological-services-llc,Westervelt Ecological Services LLC,WESTERVELT ECOLOGICAL SERVICES,,false
WESTLAND MANAGEMENT SOLUTIONS INC,westland-management-solutions-inc,Westland Management Solutions Inc,WESTLAND MANAGEMENT SOLUTIONS,,false
WESTSIDE COMMUNITY MENTAL HEALTH CTR INC,westside-community-mental-health-ctr-inc,Westside Community Mental Health Ctr Inc,WESTSIDE COMMUNITY MENTAL HEALTH CTR,,false
WESTSIDE COURTS HOUSING PARTNERS LP,westside-courts-housing-partners-lp,Westside Courts Housing Partners Lp,WESTSIDE COURTS HOUSING PARTNERS,,false
WESTSIDE HOUSING INITIATIVES LLC,westside-housing-initiatives-llc,Westside Housing Initiatives LLC,WESTSIDE HOUSING INITIATIVES,,false
WESTWIND TRADING CO,westwind-trading-co,Westwind Trading Co,WESTWIND TRADING,,false
WEX Bank,wex-bank,Wex Bank,WEX BANK,,false
WFG National Title Insurance Company,wfg-national-title-insurance-company,Wfg National Title Insurance Company,WFG NATIONAL TITLE INSURANCE,,false
WHITE CAP CONSTRUCTION SUPPLY,white-cap-construction-supply,White Cap Construction Supply,WHITE CAP CONSTRUCTION SUPPLY,,false
WICKMAN DEVELOPMENT & CONSTRUCTION,wickman-development-construction,Wickman Development & Construction,WICKMAN DEVELOPMENT AND CONSTRUCTION,,false
WILBUR SMITH ASSOCIATES INC,wilbur-smith-associates-inc,Wilbur Smith Associates Inc,WILBUR SMITH ASSOCIATES,,false
WILLIAM BLAIR & CO LLC,william-blair-co-llc,William Blair & Co LLC,WILLIAM BLAIR AND,,false
WILLIAM DECKER & CO,william-decker-co,William Decker & Co,WILLIAM DECKER AND,,false
"WILLIAM DECKER & CO, RMD ENTERPRISE",william-decker-co-rmd-enterprise,"William Decker & Co, Rmd Enterprise",WILLIAM DECKER AND CO RMD ENTERPRISE,,false
WILLIAM J PIEDEMONTE,william-j-piedemonte,William J Piedemonte,WILLIAM J PIEDEMONTE,,false
WILLIAM P YOUNG CONSTRUCTION INC,william-p-young-construction-inc,William P Young Construction Inc,WILLIAM P YOUNG CONSTRUCTION,,false
WILLIAM PENN HOTEL LP,william-penn-hotel-lp,William Penn Hotel Lp,WILLIAM PENN HOTEL,,false
WILLIS INSURANCE SERVICES OF CALIF INC,willis-insurance-services-of-calif-inc,Willis Insurance Services of Calif Inc,WILLIS INSURANCE SERVICES OF CALIF,,false
WILMINGTON TRUST NATIONAL ASSOCIATION,wilmington-trust-national-association,Wilmington Trust National Association,WILMINGTON TRUST NATIONAL ASSOCIATION,,false
WILSON UTILITY CONSTRUCTION COMPANY,wilson-utility-construction-company,Wilson Utility Construction Company,WILSON UTILITY CONSTRUCTION,,false
WINZLER & KELLY,winzler-kelly,Winzler & Kelly,WINZLER AND KELLY,,false
WIRECO WORLDGROUP DBA BRODERICK & BASCOM,wireco-worldgroup-dba-broderick-bascom,Wireco Worldgroup DBA Broderick & Bascom,WIRECO WORLDGROUP DBA BRODERICK AND BASCOM,,false
WISS JANNEY ELSTNER ASSOCIATES INC,wiss-janney-elstner-associates-inc,Wiss Janney Elstner Associates Inc,WISS JANNEY ELSTNER ASSOCIATES,,false
WOMAN INC,woman-inc,Woman Inc,WOMAN,,false
WOMEN'S AUDIO MISSION,women-s-audio-mission,Women's Audio Mission,WOMEN S AUDIO MISSION,,false
WOMEN'S INITIATIVE FOR SELF-EMPLOYMENT,women-s-initiative-for-self-employment,Women's Initiative for Self-employment,WOMEN S INITIATIVE FOR SELF EMPLOYMENT,,false
WONDRIES FLEET GROUP,wondries-fleet-group,Wondries Fleet Group,WONDRIES FLEET GROUP,,false
Woodard&Curran-Hydroconsult Engineer JV,woodard-curran-hydroconsult-engineer-jv,Woodard&curran-hydroconsult Engineer JV,WOODARD AND CURRAN HYDROCONSULT ENGINEER JV,,false
WOODARD & CURRAN INC,woodard-curran-inc,Woodard & Curran Inc,WOODARD AND CURRAN,,false
Woodard & Curran-SRT Consultants JV,woodard-curran-srt-consultants-jv,Woodard & Curran-srt Consultants JV,WOODARD AND CURRAN SRT CONSULTANTS JV,,false
Woodard & Curran-Urban Design JV,woodard-curran-urban-design-jv,Woodard & Curran-urban Design JV,WOODARD AND CURRAN URBAN DESIGN JV,,false
WOOLPERT INC,woolpert-inc,Woolpert Inc,WOOLPERT,,false
WORDJET TRANSCRIPTION,wordjet-transcription,Wordjet Transcription,WORDJET TRANSCRIPTION,,false
WORKER RIGHTS CONSORTIUM,worker-rights-consortium,Worker Rights Consortium,WORKER RIGHTS CONSORTIUM,,false
WORKING SOLUTIONS CDFI,working-solutions-cdfi,Working Solutions Cdfi,WORKING SOLUTIONS CDFI,,false
WORKSPACE SOLUTIONS,workspace-solutions,Workspace Solutions,WORKSPACE SOLUTIONS,,false
WORKTERRA,workterra,Workterra,WORKTERRA,,false
WORLD ARTS WEST,world-arts-west,World Arts West,WORLD ARTS WEST,,false
WORLD WIDE TECHNOLOGY INC,world-wide-technology-llc,World Wide Technology LLC,WORLD WIDE TECHNOLOGY,,false
WORLD WIDE TECHNOLOGY LLC,world-wide-technology-llc,World Wide Technology LLC,WORLD WIDE TECHNOLOGY,,false
WORLEY GROUP INC.,worley-group-inc,Worley Group Inc.,WORLEY GROUP,,false
WSP-PGH Wong Joint Venture,wsp-pgh-wong-joint-venture,Wsp-pgh Wong Joint Venture,WSP PGH WONG JOINT VENTURE,,false
WSP USA INC,wsp-usa-inc,Wsp USA Inc,WSP USA,,false
WU YEE CHILDREN'S SERVICES,wu-yee-children-s-services,Wu Yee Children's Services,WU YEE CHILDREN S SERVICES,,false
WWC SERVICES OF SAN FRANCISCO INC,wwc-services-of-san-francisco-inc,Wwc Services of San Francisco Inc,WWC SERVICES OF SAN FRANCISCO,,false
XEROX CORPORATION,xerox-corporation,Xerox Corporation,XEROX,,false
XL CONSTRUCTION CORPORATION,xl-construction-corporation,Xl Construction Corporation,XL CONSTRUCTION,,false
XTECH,xtech,Xtech,XTECH,,false
XYBIX SYSTEMS INC,xybix-systems-inc,Xybix Systems Inc,XYBIX SYSTEMS,,false
Y M C A OF SAN FRANCISCO,y-m-c-a-of-san-francisco,Y M C a of San Francisco,Y M C A OF SAN FRANCISCO,,false
Y W C A OF SAN FRANCISCO & MARIN,y-w-c-a-of-san-francisco-marin,Y W C a of San Francisco & Marin,Y W C A OF SAN FRANCISCO AND MARIN,,false
YADEJS Inc.,yadejs-inc,Yadejs Inc.,YADEJS,,false
YAMAS CONTROLS INC,yamas-controls-inc,Yamas Controls Inc,YAMAS CONTROLS,,false
YC Psychological Services Inc,yc-psychological-services-inc,Yc Psychological Services Inc,YC PSYCHOLOGICAL SERVICES,,false
YEAR UP INC,year-up-inc,Year Up Inc,YEAR UP,,false
YEE FOR MAYOR 2011,yee-for-mayor-2011,Yee for Mayor 2011,YEE FOR MAYOR 2011,,false
YERBA BUENA CENTER FOR THE ARTS,yerba-buena-center-for-the-arts,Yerba Buena Center for the Arts,YERBA BUENA CENTER FOR THE ARTS,,false
YERBA BUENA COMMUNITY BENEFIT DISTRICT,yerba-buena-community-benefit-district,Yerba Buena Community Benefit District,YERBA BUENA COMMUNITY BENEFIT DISTRICT,,false
YERBA BUENA ENGINEERING & CONSTRCTN INC,yerba-buena-engineering-constrctn-inc,Yerba Buena Engineering & Constrctn Inc,YERBA BUENA ENGINEERING AND CONSTRCTN,,false
YMCA OF SAN FRANCISCO,ymca-of-san-francisco,YMCA of San Francisco,YMCA OF SAN FRANCISCO,,false
YOSEMITE INVESTMENT LLC,yosemite-investment-llc,Yosemite Investment LLC,YOSEMITE INVESTMENT,,false
YOUNG COMMUNITY DEVELOPERS INC,young-community-developers-inc,Young Community Developers Inc,YOUNG COMMUNITY DEVELOPERS,,false
Young Women's Freedom Center,young-women-s-freedom-center,Young Women's Freedom Center,YOUNG WOMEN S FREEDOM CENTER,,false
YOUR GREEN SOURCE LLC,your-green-source-llc,Your Green Source LLC,YOUR GREEN SOURCE,,false
YOUTH JUSTICE INSTITUTE,youth-justice-institute,Youth Justice Institute,YOUTH JUSTICE INSTITUTE,,false
YOUTH LEADERSHIP INSTITUTE,youth-leadership-institute,Youth Leadership Institute,YOUTH LEADERSHIP INSTITUTE,,false
YOUTH SPEAKS INC,youth-speaks-inc,Youth Speaks Inc,YOUTH SPEAKS,,false
YOUTH TREATMENT & EDUCATION CENTER,youth-treatment-education-center,Youth Treatment & Education Center,YOUTH TREATMENT AND EDUCATION CENTER,,false
YouthSF,youthsf,Youthsf,YOUTHSF,,false
Yuba County Water Agency,yuba-county-water-agency,Yuba County Water Agency,YUBA COUNTY WATER AGENCY,,false
YULLY COMPANY LLC,yully-company-llc,Yully Company LLC,YULLY,,false
YVONNE'S SOUTHERN SWEETS,yvonne-s-southern-sweets,Yvonne's Southern Sweets,YVONNE S SOUTHERN SWEETS,,false
ZACCOR COMPANIES INC,zaccor-companies-inc,Zaccor Companies Inc,ZACCOR COMPANIES,,false
Zayo Group LLC,zayo-group-llc,Zayo Group LLC,ZAYO GROUP,,false
ZAZOVE ASSOCIATES LLC,zazove-associates-llc,Zazove Associates LLC,ZAZOVE ASSOCIATES,,false
ZB National Association,zb-national-association,Zb National Association,ZB NATIONAL ASSOCIATION,,false
ZEBA CONSULTING INC,zeba-consulting-inc,Zeba Consulting Inc,ZEBA CONSULTING,,false
ZEP MANUFACTURING CO,zep-manufacturing-co,Zep Manufacturing Co,ZEP MANUFACTURING,,false
ZEP SALES & SERVICE,zep-sales-service,Zep Sales & Service,ZEP SALES AND SERVICE,,false
Zest Consulting LLC,zest-consulting-llc,Zest Consulting LLC,ZEST CONSULTING,,false
ZIMMER US INC,zimmer-us-inc,Zimmer US Inc,ZIMMER US,,false
ZML/ONE MARKET LTD PARTNERSHIP,zml-one-market-ltd-partnership,Zml/one Market Ltd Partnership,ZML ONE MARKET LTD PARTNERSHIP,,false
ZOCALO PROPERTIES LLC,zocalo-properties-llc,Zocalo Properties LLC,ZOCALO PROPERTIES,,false
Zodiac of North America Inc.,zodiac-of-north-america-inc,Zodiac of North America Inc.,ZODIAC OF NORTH AMERICA,,false
ZOLL MEDICAL CORP,zoll-medical-corp,Zoll Medical Corp,ZOLL MEDICAL,,false
ZONES LLC,zones-llc,Zones LLC,ZONES,,false
ZORAH BRAITHWAITE,zorah-braithwaite,Zorah Braithwaite,ZORAH BRAITHWAITE,,false
