source_system,source_key,key_type,category_code,counts_in_total,confidence,note
ma_schedule_a,general_government,exact,general_government,true,high,
ma_schedule_a,public_safety,exact,public_safety,true,high,
ma_schedule_a,education,exact,education,true,medium,"Includes regional school assessments; EXCLUDES teacher benefits (in fixed_costs) — 0.73 vs Census E12, measured 2026-09-18"
ma_schedule_a,public_works,exact,public_works,true,high,
ma_schedule_a,human_services,exact,health_human_services,true,high,
ma_schedule_a,culture_and_recreation,exact,culture_recreation,true,high,
ma_schedule_a,fixed_costs,exact,employee_benefits,true,high,"Pensions and health insurance for all departments, schools included"
ma_schedule_a,intergov_assessments,exact,transfers_other,true,medium,State and county assessments
ma_schedule_a,other_expenditures,exact,transfers_other,true,low,
ma_schedule_a,debt_service,exact,debt_service,true,high,
ia_dom_function,General Government,exact,general_government,true,medium,vs Census 2022: 1.36 (1.07-1.85) — Iowa's scope is broader
ia_dom_function,Public Safety,exact,public_safety,true,high,"vs Census 2022: 1.04 (1.00-1.18), 887 cities"
ia_dom_function,Public Works,exact,public_works,true,high,"vs Census 2022: 1.00 (0.78-1.01), 935 cities"
ia_dom_function,Health and Social Services,exact,health_human_services,true,low,vs Census 2022: 0.50 (0.08-0.93) — definitions differ
ia_dom_function,Culture and Recreation,exact,culture_recreation,true,high,"vs Census 2022: 1.01 (1.00-1.08), 877 cities"
ia_dom_function,Community and Economic Development,exact,community_development,true,low,vs Census 2022: 2.19 (0.80-7.64) — definitions differ
ia_dom_function,Debt Service,exact,debt_service,true,low,"vs Census 2022: 3.39 interest-only, 0.63 (0.37-0.88) with principal 39U — refundings inflate Census; never compare debt across sources"
ia_dom_function,Capital Projects,exact,capital_projects,true,medium,"vs Census 2022: 0.96 (0.42-1.00), 318 cities"
ia_dom_function,Business Type / Enterprise,exact,utilities,true,medium,"Water, sewer, electric and other city enterprises; vs Census 2022: 1.26 (1.03-1.70) — Iowa includes enterprises Census files elsewhere"
ia_dom_function,Transfers Out Total,exact,transfers_other,false,high,Transfers between the city's own funds: counting them would double the spending
fl_uas_expenditure,51,prefix,general_government,true,high,General Government Services (not court-related)
fl_uas_expenditure,515,exact,community_development,true,high,Comprehensive Planning
fl_uas_expenditure,517,exact,debt_service,true,high,Debt Service Payments
fl_uas_expenditure,518,exact,employee_benefits,true,high,Pension Benefits
fl_uas_expenditure,52,prefix,public_safety,true,high,
fl_uas_expenditure,53,prefix,utilities,true,medium,Physical Environment
fl_uas_expenditure,534,exact,public_works,true,high,Garbage / Solid Waste
fl_uas_expenditure,537,exact,public_works,true,medium,Conservation and Resource Management
fl_uas_expenditure,538,exact,public_works,true,high,Flood Control / Stormwater
fl_uas_expenditure,539,exact,public_works,true,low,Other Physical Environment
fl_uas_expenditure,54,prefix,public_works,true,high,Transportation
fl_uas_expenditure,55,prefix,community_development,true,high,Economic Environment
fl_uas_expenditure,56,prefix,health_human_services,true,high,
fl_uas_expenditure,57,prefix,culture_recreation,true,high,
fl_uas_expenditure,58,prefix,transfers_other,false,high,Inter-fund group transfers out: counting them would double the spending
fl_uas_expenditure,59,prefix,transfers_other,true,medium,Other uses
fl_uas_expenditure,578,exact,education,true,high,Charter Schools (the 57 culture/recreation prefix would misfile them)
fl_uas_expenditure,584,exact,capital_projects,true,medium,Capital Lease Acquisitions: real capital spending inside the 58 transfer block
fl_uas_expenditure,591,exact,debt_service,true,high,Proprietary non-operating interest expense
fl_uas_expenditure,592,exact,transfers_other,false,medium,"Extraordinary items (loss): an accounting loss, not money spent"
fl_uas_expenditure,593,exact,transfers_other,false,medium,"Special items (loss): an accounting loss, not money spent"
fl_uas_expenditure,6,prefix,general_government,true,medium,Court-related expenditures (as Census: judicial is government administration)
fl_uas_expenditure,7,prefix,general_government,true,medium,Court-related expenditures (as Census: judicial is government administration)
ca_sco_expenditure,General Government and Public Safety|General Government|,prefix,general_government,true,high,
ca_sco_expenditure,General Government and Public Safety|Public Safety|,prefix,public_safety,true,high,Police; fire; emergency medical; animal regulation; street lighting
ca_sco_expenditure,Transportation and Community Development|Transportation|,prefix,public_works,true,high,Streets; trees; transit; parking; airports and ports run from governmental funds
ca_sco_expenditure,Transportation and Community Development|Community Development|,prefix,community_development,true,high,Housing; planning; building regulation; redevelopment
ca_sco_expenditure,Health and Culture and Leisure|Health|,prefix,health_human_services,true,high,
ca_sco_expenditure,Health and Culture and Leisure|Health|Solid Waste,prefix,public_works,true,high,SCO files solid waste under Health; Florida (534) and Census (E81) under public works/sanitation
ca_sco_expenditure,Health and Culture and Leisure|Health|Sewers,prefix,utilities,true,high,SCO files sewers under Health
ca_sco_expenditure,Health and Culture and Leisure|Culture and Leisure|,prefix,culture_recreation,true,high,
ca_sco_expenditure,Public Utilities and Other Expenditures|Public Utilities|,prefix,utilities,true,high,Utilities run from governmental funds
ca_sco_expenditure,Public Utilities and Other Expenditures|Other Expenditures|,prefix,transfers_other,true,low,
ca_sco_expenditure,Debt Service and Capital Outlay|Debt Service|,prefix,debt_service,true,high,Principal and interest on long-term debt; never compared across sources
ca_sco_expenditure,Debt Service and Capital Outlay|Capital Outlay|,prefix,capital_projects,true,medium,A capital line whose function the SCO left blank
ca_sco_expenditure,Debt Service and Capital Outlay|Capital Outlay|General Government,prefix,general_government,true,high,Construction counted inside its function (the Census and Florida convention); spending_kind = capital keeps it findable
ca_sco_expenditure,Debt Service and Capital Outlay|Capital Outlay|Public Safety,prefix,public_safety,true,high,
ca_sco_expenditure,Debt Service and Capital Outlay|Capital Outlay|Transportation,prefix,public_works,true,high,
ca_sco_expenditure,Debt Service and Capital Outlay|Capital Outlay|Community Development,prefix,community_development,true,high,
ca_sco_expenditure,Debt Service and Capital Outlay|Capital Outlay|Culture and Leisure,prefix,culture_recreation,true,high,
ca_sco_expenditure,Debt Service and Capital Outlay|Capital Outlay|Health,prefix,health_human_services,true,high,
ca_sco_expenditure,Debt Service and Capital Outlay|Capital Outlay|Public Utilities,prefix,utilities,true,high,
ca_sco_expenditure,Debt Service and Capital Outlay|Capital Outlay|Other Expenditures,prefix,transfers_other,true,low,
ca_sco_expenditure,Water Enterprise Fund|,prefix,utilities,true,high,
ca_sco_expenditure,Sewer Enterprise Fund|,prefix,utilities,true,high,
ca_sco_expenditure,Electric Enterprise Fund|,prefix,utilities,true,high,
ca_sco_expenditure,Gas  Enterprise Fund|,prefix,utilities,true,high,Two spaces in the SCO category name
ca_sco_expenditure,Solid Waste Enterprise Fund|,prefix,public_works,true,high,
ca_sco_expenditure,Airport Enterprise Fund|,prefix,public_works,true,high,
ca_sco_expenditure,Harbor and Port Enterprise Fund|,prefix,public_works,true,high,
ca_sco_expenditure,Transit Enterprise Fund|,prefix,public_works,true,high,
ca_sco_expenditure,Hospital Enterprise Fund|,prefix,health_human_services,true,high,
ca_sco_expenditure,Other Enterprise Fund|,prefix,transfers_other,true,low,Golf; parking; cemeteries and other city businesses
ca_sco_expenditure,Internal Service Fund|,prefix,transfers_other,false,high,Re-spends what departments already paid it (fleet; insurance; IT): counted twice if kept
ca_sco_expenditure,Conduit Financing|,prefix,transfers_other,false,high,Debt issued for third parties
ca_sco_expenditure,DEPRECIATION,exact,transfers_other,false,high,Enterprise-fund depreciation and amortization: an accounting charge; not money spent
census_iuf,E01,exact,public_works,true,medium,Air transportation
census_iuf,E03,exact,community_development,true,low,Miscellaneous commercial activities
census_iuf,E04,exact,public_safety,true,high,Correctional institutions
census_iuf,E05,exact,public_safety,true,high,Corrections NEC
census_iuf,E12,exact,education,true,high,Elementary and secondary education (includes benefits)
census_iuf,E16,exact,education,true,high,Higher education auxiliary
census_iuf,E18,exact,education,true,high,Higher education
census_iuf,E21,exact,education,true,high,Education NEC
census_iuf,E22,exact,health_human_services,true,low,Employment security administration
census_iuf,E23,exact,general_government,true,high,Financial administration
census_iuf,E24,exact,public_safety,true,high,Fire protection
census_iuf,E25,exact,general_government,true,high,Judicial and legal (Census groups it under government administration)
census_iuf,E29,exact,general_government,true,high,Central staff services
census_iuf,E31,exact,general_government,true,high,General public buildings
census_iuf,E32,exact,health_human_services,true,high,Health
census_iuf,E36,exact,health_human_services,true,high,Hospitals
census_iuf,E44,exact,public_works,true,high,Regular highways
census_iuf,E45,exact,public_works,true,high,Toll highways
census_iuf,E50,exact,community_development,true,high,Housing and community development
census_iuf,E52,exact,culture_recreation,true,high,Libraries
census_iuf,E59,exact,public_works,true,low,Natural resources
census_iuf,E60,exact,public_works,true,high,Parking facilities
census_iuf,E61,exact,culture_recreation,true,high,Parks and recreation
census_iuf,E62,exact,public_safety,true,high,Police protection
census_iuf,E66,exact,public_safety,true,high,Protective inspection and regulation
census_iuf,E74,exact,health_human_services,true,medium,"Welfare vendor payments (medical care); absent from the IUF code list, placed by the Census welfare range E67-E79 — $21B at county/city level 2017-2024"
census_iuf,E75,exact,health_human_services,true,medium,Welfare vendor payments (other); same caveat as E74 — $5.5B at county/city level
census_iuf,E77,exact,health_human_services,true,high,Welfare institutions
census_iuf,E79,exact,health_human_services,true,high,Welfare NEC
census_iuf,E80,exact,utilities,true,medium,Sewerage (a general function for Census; grouped with utilities here for comparability with state enterprise funds)
census_iuf,E81,exact,public_works,true,high,Solid waste management
census_iuf,E85,exact,health_human_services,true,high,Veterans' assistance
census_iuf,E87,exact,public_works,true,medium,Water transport and terminals
census_iuf,E89,exact,transfers_other,true,low,General expenditure NEC
census_iuf,E90,exact,utilities,true,low,Liquor stores
census_iuf,E91,exact,utilities,true,high,Water utilities
census_iuf,E92,exact,utilities,true,high,Electric utilities
census_iuf,E93,exact,utilities,true,high,Gas utilities
census_iuf,E94,exact,utilities,true,high,Transit utilities
census_iuf,G,prefix,capital_projects,true,high,Land and existing structures (G*)
census_iuf,I89,exact,debt_service,true,high,Interest on general debt (principal is not an expenditure in Census)
census_iuf,39U,exact,debt_service,true,low,"Long-term debt retired = principal repaid; includes refundings. Without it Census debt service is interest only and state debt service reads 3.4x Census (Iowa, measured 2026-09-22)"
census_iuf,I9,prefix,utilities,true,medium,Interest on utility debt
census_iuf,L,prefix,transfers_other,true,high,Intergovernmental expenditure to the state
census_iuf,M,prefix,transfers_other,true,high,Intergovernmental expenditure to other local governments
in_department,501 VINE STREET FLOOD REMEDIATION,exact,public_works,true,high,keyword rule 'STREET'
in_department,503 NEXT LEVEL TRAILS GRANT MATCHING,exact,culture_recreation,true,high,keyword rule 'PARK'
in_department,504 PARKS DEVELOPMENT,exact,culture_recreation,true,high,keyword rule 'PARK'
in_department,505 TRAIL ENHANCEMENT,exact,culture_recreation,true,high,keyword rule 'PARK'
in_department,506 STEWART PROPERTY DEVELOPMENT,exact,community_development,true,medium,keyword rule 'REDEVELOP'
in_department,609 PUBLIC WORKS,exact,public_works,true,high,keyword rule 'STREET'
in_department,ADMINISTRATION,exact,general_government,true,medium,keyword rule 'COURT'
in_department,ADMINISTRATION & FINANCE,exact,general_government,true,medium,keyword rule 'COURT'
in_department,ADMINISTRATIVE,exact,general_government,true,medium,keyword rule 'COURT'
in_department,ADULT SPORTS,exact,culture_recreation,true,high,keyword rule 'PARK'
in_department,AIRPORT,exact,public_works,true,high,keyword rule 'STREET'
in_department,ALL OTHER EVENTS,exact,culture_recreation,true,high,keyword rule 'PARK'
in_department,ALLOCATED MVH,exact,public_works,true,high,keyword rule 'STREET'
in_department,ALLOCATED-CONSTRUCTION RECONSTRUCTION MAINTENANCE,exact,public_works,true,high,keyword rule 'STREET'
in_department,AMBULANCE,exact,public_safety,true,high,keyword rule 'POLICE'
in_department,AMERICAN RESCUE PLAN ACT,exact,transfers_other,true,low,keyword rule 'NON.?DEPARTMENTAL'
in_department,ANIMAL CONTROL,exact,public_safety,true,high,keyword rule 'POLICE'
in_department,AQUATIC CENTER,exact,culture_recreation,true,high,keyword rule 'PARK'
in_department,AQUATICS CENTER,exact,culture_recreation,true,high,keyword rule 'PARK'
in_department,ARP AMERICAN RESCUE PLAN,exact,transfers_other,true,low,keyword rule 'NON.?DEPARTMENTAL'
in_department,ATTORNEY (CORPORATE - CITY ATTY),exact,general_government,true,medium,keyword rule 'COURT'
in_department,AVIATION,exact,public_works,true,high,keyword rule 'FAA'
in_department,AVIATION (AIRPORT),exact,public_works,true,high,keyword rule 'FAA'
in_department,AVIATION ROTARY,exact,public_works,true,high,keyword rule 'FAA'
in_department,BEFORE AND AFTERSCHOOL CARE,exact,culture_recreation,true,medium,keyword rule 'AFTER ?SCHOOL'
in_department,BEHAVIORAL HEALTH,exact,health_human_services,true,medium,keyword rule 'HEALTH'
in_department,BOARD OF PUBLIC SAFETY,exact,public_safety,true,high,keyword rule 'POLICE'
in_department,BOARD OF PUBLIC WORKS,exact,public_works,true,high,keyword rule 'STREET'
in_department,BOARD OF PUBLIC WORKS & SAFETY,exact,public_works,true,high,keyword rule 'STREET'
in_department,BOARD OF PUBLIC WORKS AND SAFETY,exact,public_works,true,high,keyword rule 'STREET'
in_department,BOARD OF WORKS,exact,general_government,true,medium,keyword rule 'COURT'
in_department,BOARD OF ZONING,exact,community_development,true,medium,keyword rule 'REDEVELOP'
in_department,BOARD OF ZONING APPEALS,exact,community_development,true,medium,keyword rule 'REDEVELOP'
in_department,BOARD OF ZONINGAPPEALS,exact,community_development,true,medium,keyword rule 'REDEVELOP'
in_department,BUILDING & PLAN,exact,community_development,true,medium,keyword rule 'BUILDING (&'
in_department,BUILDING & PLANNING,exact,community_development,true,medium,keyword rule 'BUILDING (&'
in_department,BUILDING COMMISSION,exact,public_safety,true,high,keyword rule 'POLICE'
in_department,BUILDING DEPARTMENT,exact,public_safety,true,high,keyword rule 'POLICE'
in_department,BUILDING DEPARTMENT (JAIL CONST. - BLDG. COMM. - P,exact,public_safety,true,high,keyword rule 'POLICE'
in_department,BUILDING DEPARTMENT (JAIL CONST. - BLDG. COMM. - PERMITS),exact,public_safety,true,high,keyword rule 'POLICE'
in_department,BUILDING INSPECTION DEPARTMENT,exact,public_safety,true,high,keyword rule 'POLICE'
in_department,BUILDING INSPECTOR,exact,public_safety,true,high,keyword rule 'POLICE'
in_department,BUILDING INSPECTOR #3,exact,public_safety,true,high,keyword rule 'POLICE'
in_department,BUILDING MAINTENANCE,exact,public_works,true,high,keyword rule 'STREET'
in_department,BUILDING MAINTENANCE (MAINT. & REPAIR - CITY INSPE,exact,public_works,true,high,keyword rule 'STREET'
in_department,BUILDING MAINTENANCE (MAINT. & REPAIR - CITY INSPECTOR),exact,public_works,true,high,keyword rule 'STREET'
in_department,BUILDING OPERATIONS,exact,general_government,true,medium,keyword rule 'BUILDING OPERATIONS'
in_department,BUILDING-INSPECTIONS,exact,public_safety,true,high,keyword rule 'POLICE'
in_department,BUILDING/CODE ENFORCEMENT,exact,public_safety,true,high,keyword rule 'POLICE'
in_department,BUILDINGS & GROUNDS,exact,general_government,true,medium,keyword rule 'TOWN MANAGER'
in_department,BUILDINGS & GROUNDS MAINT,exact,general_government,true,medium,keyword rule 'TOWN MANAGER'
in_department,BUSINESS INSURANCE,exact,employee_benefits,true,medium,keyword rule 'HEALTH INS'
in_department,CAPITAL DEVELOPMENT,exact,community_development,true,medium,keyword rule 'REDEVELOP'
in_department,CAPITAL EQUIPMENT,exact,capital_projects,true,medium,keyword rule 'CUMULATIVE'
in_department,CAPITAL IMPROVEMENT,exact,capital_projects,true,medium,keyword rule 'CUMULATIVE'
in_department,CAPITAL IMPROVEMENTS,exact,capital_projects,true,medium,keyword rule 'CUMULATIVE'
in_department,CCD,exact,capital_projects,true,medium,keyword rule 'CUMULATIVE'
in_department,CEDIT,exact,community_development,true,medium,keyword rule 'REDEVELOP'
in_department,CEDIT TAX,exact,community_development,true,medium,keyword rule 'REDEVELOP'
in_department,CEMETERY,exact,public_works,true,high,keyword rule 'STREET'
in_department,CEMETERY #2,exact,public_works,true,high,keyword rule 'STREET'
in_department,CEMETERY-GENERAL,exact,public_works,true,high,keyword rule 'STREET'
in_department,CENTRAL DISPATCH,exact,public_safety,true,high,keyword rule 'POLICE'
in_department,CENTRAL EQUIPMENT,exact,capital_projects,true,medium,keyword rule 'CUMULATIVE'
in_department,CENTRAL GARAGE,exact,public_works,true,high,keyword rule 'STREET'
in_department,CENTRAL SERVICES (CITY SVCS-MUNICIPAL SVCS-SVC CTR,exact,general_government,true,medium,keyword rule 'COURT'
in_department,CENTRAL SERVICES (CITY SVCS-MUNICIPAL SVCS-SVC CTR.),exact,general_government,true,medium,keyword rule 'COURT'
in_department,CENTRAL STORES & PURCHASING,exact,general_government,true,medium,keyword rule 'COURT'
in_department,CIRCUIT BREAKER,exact,transfers_other,false,high,keyword rule 'PROPERTY TAX CAP'
in_department,CITY ATTORNEY,exact,general_government,true,medium,keyword rule 'COURT'
in_department,CITY CLERK,exact,general_government,true,medium,keyword rule 'COURT'
in_department,CITY CONTROLLER,exact,general_government,true,medium,keyword rule 'COURT'
in_department,CITY COUNCIL,exact,general_government,true,medium,keyword rule 'COURT'
in_department,CITY COUNCIL/TOWN BOARD,exact,general_government,true,medium,keyword rule 'COURT'
in_department,CITY COUNCIL/TOWN BOARD (COMMON COUNCIL),exact,general_government,true,medium,keyword rule 'COURT'
in_department,CITY COURT,exact,general_government,true,medium,keyword rule 'COURT'
in_department,CITY COURT/PROBATION,exact,general_government,true,medium,keyword rule 'COURT'
in_department,CITY ENGINEER,exact,public_works,true,high,keyword rule 'STREET'
in_department,CITY HALL,exact,general_government,true,medium,keyword rule 'COURT'
in_department,CITY HALL-CIVIC CENTER ANNEX,exact,culture_recreation,true,high,keyword rule 'PARK'
in_department,CITY HALL-CIVIC CENTER-AN,exact,culture_recreation,true,high,keyword rule 'PARK'
in_department,CITY JUDGE,exact,general_government,true,medium,keyword rule 'COURT'
in_department,CITY LINE TROLLEY,exact,public_works,true,high,keyword rule 'COMMUNITY CROSSING'
in_department,CITY OF COLUMBUS,exact,transfers_other,true,low,keyword rule 'NON.?DEPARTMENTAL'
in_department,CITY OF GARY ECONOMIC DEVELOPMENT,exact,transfers_other,true,low,keyword rule 'NON.?DEPARTMENTAL'
in_department,CITY OF GARY FIRE COUNTY INCOME TAX,exact,transfers_other,true,low,keyword rule 'NON.?DEPARTMENTAL'
in_department,CITY OF GARY POLICE COUNTY INCOME TAX,exact,transfers_other,true,low,keyword rule 'NON.?DEPARTMENTAL'
in_department,CITY POLICE DEPARTMENT,exact,public_safety,true,high,keyword rule 'POLICE'
in_department,CITY PROJECTS,exact,capital_projects,true,medium,keyword rule 'CUMULATIVE'
in_department,CITY PROPERTY MAINTENANCE,exact,public_works,true,high,keyword rule 'STREET'
in_department,CITY-COUNTY COUNCIL,exact,general_government,true,medium,keyword rule 'COURT'
in_department,CITY/TOWN COURT,exact,general_government,true,medium,keyword rule 'COURT'
in_department,CITY/TOWN COURT (CITY JUDGE/JUDGE),exact,general_government,true,medium,keyword rule 'COURT'
in_department,CITY/TOWN HALL,exact,general_government,true,medium,keyword rule 'COURT'
in_department,CIVIC CENTER,exact,culture_recreation,true,high,keyword rule 'PARK'
in_department,CIVIL RIGHTS,exact,health_human_services,true,medium,keyword rule 'SUPPORTIVE SERVICES'
in_department,CLERK,exact,general_government,true,medium,keyword rule 'COURT'
in_department,CLERK (CLERK/TREASURER),exact,general_government,true,medium,keyword rule 'COURT'
in_department,CLERK OFFICE,exact,general_government,true,medium,keyword rule 'COURT'
in_department,CLERK RECORDS PERPETUATION,exact,general_government,true,medium,keyword rule 'COURT'
in_department,CLERK TREASURER OFFICE,exact,general_government,true,medium,keyword rule 'COURT'
in_department,CLERK'S OFFICE,exact,general_government,true,medium,keyword rule 'COURT'
in_department,CLERK-TREASURER,exact,general_government,true,medium,keyword rule 'COURT'
in_department,CLERK-TREASURER (CITY/TOWN UNITS ONLY),exact,general_government,true,medium,keyword rule 'COURT'
in_department,CLERK-TREASURER (CITY/TOWN),exact,general_government,true,medium,keyword rule 'COURT'
in_department,CLERK-TREASURER'S OFFICE,exact,general_government,true,medium,keyword rule 'COURT'
in_department,CODE ENFORCEMENT,exact,public_safety,true,high,keyword rule 'POLICE'
in_department,CODE ENFORCEMENT GENERAL,exact,public_safety,true,high,keyword rule 'POLICE'
in_department,COIT,exact,transfers_other,true,low,keyword rule 'LOIT'
in_department,COIT - REDEVELOPMENT FUND,exact,transfers_other,true,low,keyword rule 'LOIT'
in_department,COLLECTION MAINTENANCE,exact,public_works,true,high,keyword rule 'STREET'
in_department,COLLEGE BOUND,exact,education,true,medium,keyword rule 'CONTINUING EDUCATION'
in_department,COMMON COUNCIL,exact,general_government,true,medium,keyword rule 'COURT'
in_department,COMMUNICATIONS,exact,public_safety,true,high,keyword rule 'POLICE'
in_department,COMMUNICATIONS & COMMUNITY DEVELOPMENT,exact,public_safety,true,high,keyword rule 'POLICE'
in_department,COMMUNICATIONS & MARKETING,exact,public_safety,true,high,keyword rule 'POLICE'
in_department,COMMUNICATIONS CENTER,exact,public_safety,true,high,keyword rule 'POLICE'
in_department,COMMUNICATIONS CTR,exact,public_safety,true,high,keyword rule 'POLICE'
in_department,COMMUNICATIONS DEPARTMENT (RADIO-PHONES-DISPATCH),exact,public_safety,true,high,keyword rule 'POLICE'
in_department,COMMUNITY CENTER,exact,culture_recreation,true,high,keyword rule 'PARK'
in_department,COMMUNITY CROSSING GRANT,exact,public_works,true,high,keyword rule 'COMMUNITY CROSSING'
in_department,COMMUNITY DEV/CODE ENF/BUILDING COMM,exact,public_safety,true,high,keyword rule 'POLICE'
in_department,COMMUNITY DEVELOPMENT,exact,community_development,true,medium,keyword rule 'REDEVELOP'
in_department,COMMUNITY DEVELOPMENT (PLANNING),exact,community_development,true,medium,keyword rule 'REDEVELOP'
in_department,COMMUNITY DEVELOPMENT DEPARTMENT,exact,community_development,true,medium,keyword rule 'REDEVELOP'
in_department,COMMUNITY DEVELOPMENT SERVICES,exact,community_development,true,medium,keyword rule 'REDEVELOP'
in_department,COMMUNITY HEALTH SERVICES/CLINICS,exact,health_human_services,true,medium,keyword rule 'HEALTH'
in_department,COMMUNITY PLANNING & DEVELOPMENT,exact,community_development,true,medium,keyword rule 'REDEVELOP'
in_department,COMMUNITY PLANNING & DEVELOPMENT (CHAMBER OF COMME,exact,community_development,true,medium,keyword rule 'REDEVELOP'
in_department,COMMUNITY PLANNING & DEVELOPMENT (CHAMBER OF COMMERCE),exact,community_development,true,medium,keyword rule 'REDEVELOP'
in_department,COMMUNITY POLICE REVIEW OFFICE,exact,public_safety,true,high,keyword rule 'POLICE'
in_department,COMMUNITY SERVICES,exact,community_development,true,low,keyword rule 'COMMUNITY SERVICES'
in_department,COMPUTER SERVICES/IT,exact,general_government,true,medium,keyword rule 'COURT'
in_department,CONSOLIDATED OPERATIONS,exact,transfers_other,true,low,keyword rule 'NON.?DEPARTMENTAL'
in_department,CONSTRUCTION & RECONSTRUCTION,exact,capital_projects,true,medium,keyword rule 'CUMULATIVE'
in_department,CONTROLLER,exact,general_government,true,medium,keyword rule 'COURT'
in_department,CONTROLLER'S MISCELLANEOUS,exact,transfers_other,true,low,keyword rule 'NON.?DEPARTMENTAL'
in_department,CONTROLLER'S SERVICES,exact,general_government,true,medium,keyword rule 'COURT'
in_department,CONTROLLER'S UTILITY,exact,utilities,true,high,keyword rule 'WATER'
in_department,CONTROLLER-CUM CAP DEVELOP,exact,general_government,true,medium,keyword rule 'COURT'
in_department,CONTROLLER-SLOT,exact,general_government,true,medium,keyword rule 'COURT'
in_department,COUNCIL,exact,general_government,true,medium,keyword rule 'COURT'
in_department,COUNCIL OF GOVERNMENTS,exact,general_government,true,medium,keyword rule 'COURT'
in_department,COUNTY AUDITOR,exact,general_government,true,medium,keyword rule 'COURT'
in_department,COURT,exact,general_government,true,medium,keyword rule 'COURT'
in_department,COURT DEPARTMENT,exact,general_government,true,medium,keyword rule 'COURT'
in_department,CULTURE-RECREATION,exact,culture_recreation,true,high,keyword rule 'PARK'
in_department,CUM CAPITAL DEVELOPMENT,exact,community_development,true,medium,keyword rule 'REDEVELOP'
in_department,CUMULATIVE CAPITAL DEVELOPMENT,exact,community_development,true,medium,keyword rule 'REDEVELOP'
in_department,CUMULATIVE CAPITAL IMPROVEMENT,exact,capital_projects,true,medium,keyword rule 'CUMULATIVE'
in_department,CUMULATIVE SEWER,exact,utilities,true,high,keyword rule 'WATER'
in_department,CURB & SIDEWALK PROGRAM,exact,public_works,true,high,keyword rule 'STREET'
in_department,DATA PROCESSING,exact,general_government,true,medium,keyword rule 'COURT'
in_department,DATA PROCESSING (COMPUTERS,exact,general_government,true,medium,keyword rule 'COURT'
in_department,DATA PROCESSING (COMPUTERS),exact,general_government,true,medium,keyword rule 'COURT'
in_department,DEBT SERVICE,exact,debt_service,true,high,keyword rule 'DEBT'
in_department,DEPARTMENT OF COMMUNITY DEVELOPMENT SERVICES,exact,community_development,true,medium,keyword rule 'REDEVELOP'
in_department,DEPARTMENT OF FINANCE,exact,general_government,true,medium,keyword rule 'COURT'
in_department,DEPARTMENT OF HEALTH,exact,health_human_services,true,medium,keyword rule 'HEALTH'
in_department,DEPARTMENT OF INFORMATION TECHNOLOGY,exact,general_government,true,medium,keyword rule 'COURT'
in_department,DEPARTMENT OF LAW,exact,general_government,true,medium,keyword rule 'COURT'
in_department,DEPT 0190   ARP POLICE PAYROLL,exact,transfers_other,true,low,keyword rule 'NON.?DEPARTMENTAL'
in_department,DEPT 0191- ARP FIRE PAYROLL,exact,transfers_other,true,low,keyword rule 'NON.?DEPARTMENTAL'
in_department,DEPT OF HUMAN RESOURCES,exact,health_human_services,true,medium,keyword rule 'HEALTH'
in_department,DEPT OF METRO/CITY,exact,transfers_other,true,low,keyword rule 'NON.?DEPARTMENTAL'
in_department,DEPUTY MAYOR,exact,general_government,true,medium,keyword rule 'COURT'
in_department,DEVELOPMENT SERVICES,exact,community_development,true,medium,keyword rule 'REDEVELOP'
in_department,DEVELOPMENT-ECON DEV INCOME TAX,exact,community_development,true,medium,keyword rule 'REDEVELOP'
in_department,DEVELOPMENT-EDIT-GARAGE,exact,public_works,true,high,keyword rule 'STREET'
in_department,DEVELOPMENTAL SERVICES,exact,community_development,true,medium,keyword rule 'REDEVELOP'
in_department,DISPATCH,exact,public_safety,true,high,keyword rule 'POLICE'
in_department,DISPATCH CENTER,exact,public_safety,true,high,keyword rule 'POLICE'
in_department,DISTRICT MAINTENANCE,exact,public_works,true,high,keyword rule 'STREET'
in_department,DIVISION OF FINANCE MIS HUMAN RESOURCE MANAGEMENT,exact,health_human_services,true,medium,keyword rule 'HEALTH'
in_department,"DIVISION OF FINANCE, MIS, HUMAN RESOURCE MANAGEMENT",exact,health_human_services,true,medium,keyword rule 'HEALTH'
in_department,DIVISION OF PUBLIC WORKS,exact,public_works,true,high,keyword rule 'STREET'
in_department,DOG PARK,exact,culture_recreation,true,high,keyword rule 'PARK'
in_department,DOWNTOWN LIQUOR LICENSE FEES,exact,community_development,true,medium,keyword rule 'REDEVELOP'
in_department,DRAINAGE,exact,public_works,true,high,keyword rule 'STREET'
in_department,ECONOMIC DEVELOPMENT,exact,community_development,true,medium,keyword rule 'REDEVELOP'
in_department,ECONOMIC DEVELOPMENT/PROJECTS & PROGRAMS,exact,community_development,true,medium,keyword rule 'REDEVELOP'
in_department,EDDY STREET COMMONS PARKING GARAGE,exact,public_works,true,high,keyword rule 'STREET'
in_department,EDIT,exact,community_development,true,medium,keyword rule 'REDEVELOP'
in_department,EMERGENCY AMBULANCE/MEDICAL SERVICE,exact,public_safety,true,high,keyword rule 'POLICE'
in_department,EMERGENCY MANAGEMENT,exact,public_safety,true,high,keyword rule 'POLICE'
in_department,EMERGENCY MEDICAL SERVICES,exact,public_safety,true,high,keyword rule 'POLICE'
in_department,EMERGENCY MGMT AND COMMUNICATION,exact,public_safety,true,high,keyword rule 'POLICE'
in_department,EMERGENCY PERSONNEL,exact,public_safety,true,high,keyword rule 'POLICE'
in_department,EMERGENCY SERVICES (FIRST AID - RESCUE SQUAD),exact,public_safety,true,high,keyword rule 'POLICE'
in_department,EMERGENCY SERVICES BUILDING,exact,public_safety,true,high,keyword rule 'POLICE'
in_department,EMERGENCY SUPPORT SERVICE,exact,public_safety,true,high,keyword rule 'POLICE'
in_department,EMS QUARTERS,exact,public_safety,true,high,keyword rule 'POLICE'
in_department,ENGINEER,exact,public_works,true,high,keyword rule 'STREET'
in_department,ENGINEERING,exact,public_works,true,high,keyword rule 'STREET'
in_department,EQUIPMENT SERVICES,exact,capital_projects,true,medium,keyword rule 'CUMULATIVE'
in_department,EVENTS,exact,culture_recreation,true,high,keyword rule 'PARK'
in_department,FACILITIES,exact,general_government,true,medium,keyword rule 'BUILDING OPERATIONS'
in_department,FACILITIES & EVENTS,exact,culture_recreation,true,high,keyword rule 'PARK'
in_department,FACILITIES MAINTENANCE,exact,public_works,true,high,keyword rule 'STREET'
in_department,FACILITY MAINTENANCE,exact,general_government,true,medium,keyword rule 'BUILDING OPERATIONS'
in_department,FINANCE,exact,general_government,true,medium,keyword rule 'COURT'
in_department,FINANCE & ADMINISTRATION,exact,general_government,true,medium,keyword rule 'COURT'
in_department,FINANCE DEPARTMENT,exact,general_government,true,medium,keyword rule 'COURT'
in_department,FIRE,exact,public_safety,true,high,keyword rule 'POLICE'
in_department,FIRE AND RESCUE DEPARTMENT,exact,public_safety,true,high,keyword rule 'POLICE'
in_department,FIRE COMMISSION,exact,public_safety,true,high,keyword rule 'POLICE'
in_department,FIRE DEPARTMENT,exact,public_safety,true,high,keyword rule 'POLICE'
in_department,FIRE DEPARTMENT (L.O.I.T FUNDED),exact,public_safety,true,high,keyword rule 'POLICE'
in_department,FIRE DEPARTMENT - PUBLIC SAFETY,exact,public_safety,true,high,keyword rule 'POLICE'
in_department,FIRE G.O. BOND,exact,debt_service,true,high,keyword rule 'DEBT'
in_department,FIRE MERIT,exact,public_safety,true,high,keyword rule 'POLICE'
in_department,FIRE MERIT COMMISSION,exact,public_safety,true,high,keyword rule 'POLICE'
in_department,FIRE PENSION,exact,employee_benefits,true,high,keyword rule 'PENSION'
in_department,FIRE PREVENTION,exact,public_safety,true,high,keyword rule 'POLICE'
in_department,FIRE/AMBULANCE DEPARTMENT,exact,public_safety,true,high,keyword rule 'POLICE'
in_department,FIREFIGHTING FUND,exact,public_safety,true,high,keyword rule 'POLICE'
in_department,FLEET,exact,public_works,true,high,keyword rule 'STREET'
in_department,FLEET MAINTENANCE,exact,public_works,true,high,keyword rule 'STREET'
in_department,FLEET MAINTENANCE DEPT,exact,public_works,true,high,keyword rule 'STREET'
in_department,FLEET MANAGEMENT,exact,public_works,true,high,keyword rule 'STREET'
in_department,FURTHER RESTRICTED MVH,exact,public_works,true,high,keyword rule 'STREET'
in_department,GARAGE,exact,public_works,true,high,keyword rule 'STREET'
in_department,GARAGE (POLICE GARAGE - VEHICLE MAINTENANCE),exact,public_safety,true,high,keyword rule 'POLICE'
in_department,GEN UNAPPROPRIATED,exact,transfers_other,true,low,keyword rule 'RAINY DAY'
in_department,GENERAL,exact,transfers_other,true,low,keyword rule 'GENERAL'
in_department,GENERAL CITY,exact,transfers_other,true,low,keyword rule 'NON.?DEPARTMENTAL'
in_department,GENERAL GOVERNMENT,exact,general_government,true,medium,keyword rule 'COURT'
in_department,GENERAL SERVICES,exact,general_government,true,medium,keyword rule 'TOWN MANAGER'
in_department,GENERAL SERVICES 221,exact,general_government,true,medium,keyword rule 'TOWN MANAGER'
in_department,GOLF,exact,culture_recreation,true,high,keyword rule 'PARK'
in_department,GOLF CLUBHOUSE,exact,culture_recreation,true,high,keyword rule 'PARK'
in_department,GOLF DIVISION-HIGHLAND,exact,culture_recreation,true,high,keyword rule 'PARK'
in_department,GOVERNMENT BUILDING (CITY/CO. BUILDING),exact,general_government,true,medium,keyword rule 'TOWN MANAGER'
in_department,GP,exact,transfers_other,true,low,keyword rule 'LOIT'
in_department,HARTKE POOL,exact,culture_recreation,true,high,keyword rule 'PARK'
in_department,HEALTH DEPARTMENT,exact,health_human_services,true,medium,keyword rule 'HEALTH'
in_department,HIGHWAY,exact,public_works,true,high,keyword rule 'STREET'
in_department,HISTORICAL SOCIETY (MARSHALL HOME - RILEY HOME),exact,public_safety,true,high,keyword rule 'POLICE'
in_department,HOME-RULE DEPARTMENT #1,exact,community_development,true,medium,keyword rule 'REDEVELOP'
in_department,HOME-RULE DEPARTMENT #100,exact,community_development,true,medium,keyword rule 'REDEVELOP'
in_department,HOME-RULE DEPARTMENT #12,exact,community_development,true,medium,keyword rule 'REDEVELOP'
in_department,HOME-RULE DEPARTMENT #13,exact,community_development,true,medium,keyword rule 'REDEVELOP'
in_department,HOME-RULE DEPARTMENT #14,exact,community_development,true,medium,keyword rule 'REDEVELOP'
in_department,HOME-RULE DEPARTMENT #15,exact,community_development,true,medium,keyword rule 'REDEVELOP'
in_department,HOME-RULE DEPARTMENT #16,exact,community_development,true,medium,keyword rule 'REDEVELOP'
in_department,HOME-RULE DEPARTMENT #18,exact,community_development,true,medium,keyword rule 'REDEVELOP'
in_department,HOME-RULE DEPARTMENT #2,exact,community_development,true,medium,keyword rule 'REDEVELOP'
in_department,HOME-RULE DEPARTMENT #25,exact,community_development,true,medium,keyword rule 'REDEVELOP'
in_department,HOME-RULE DEPARTMENT #3,exact,community_development,true,medium,keyword rule 'REDEVELOP'
in_department,HOME-RULE DEPARTMENT #33,exact,community_development,true,medium,keyword rule 'REDEVELOP'
in_department,HOME-RULE DEPARTMENT #4,exact,community_development,true,medium,keyword rule 'REDEVELOP'
in_department,HOME-RULE DEPARTMENT #5,exact,community_development,true,medium,keyword rule 'REDEVELOP'
in_department,HOME-RULE DEPARTMENT #6,exact,community_development,true,medium,keyword rule 'REDEVELOP'
in_department,HOME-RULE DEPARTMENT #69,exact,community_development,true,medium,keyword rule 'REDEVELOP'
in_department,HOME-RULE DEPARTMENT #7,exact,community_development,true,medium,keyword rule 'REDEVELOP'
in_department,HOME-RULE DEPARTMENT #74,exact,community_development,true,medium,keyword rule 'REDEVELOP'
in_department,HOME-RULE DEPARTMENT #8,exact,community_development,true,medium,keyword rule 'REDEVELOP'
in_department,HOME-RULE DEPARTMENT #9,exact,community_development,true,medium,keyword rule 'REDEVELOP'
in_department,HOME-RULE DEPARTMENT #95,exact,community_development,true,medium,keyword rule 'REDEVELOP'
in_department,HOME-RULE DEPARTMENT #99,exact,community_development,true,medium,keyword rule 'REDEVELOP'
in_department,HOUSING & NIEGHBORHOOD,exact,community_development,true,medium,keyword rule 'REDEVELOP'
in_department,HOUSING AND NEIGHBORHOOD DEVELOPMENT (HAND),exact,community_development,true,medium,keyword rule 'REDEVELOP'
in_department,HOUSING AUTHORITY,exact,community_development,true,medium,keyword rule 'REDEVELOP'
in_department,HUMAN RELATIONS,exact,health_human_services,true,medium,keyword rule 'HEALTH'
in_department,HUMAN RELATIONS/RESOURCES,exact,health_human_services,true,medium,keyword rule 'HEALTH'
in_department,HUMAN RELATIONS/RESOURCES (SOCIAL SVC-COUNCIL ON A,exact,health_human_services,true,medium,keyword rule 'HEALTH'
in_department,HUMAN RELATIONS/RESOURCES (SOCIAL SVC-COUNCIL ON AGING),exact,health_human_services,true,medium,keyword rule 'HEALTH'
in_department,HUMAN RESOURCE,exact,health_human_services,true,medium,keyword rule 'HEALTH'
in_department,HUMAN RESOURCES,exact,health_human_services,true,medium,keyword rule 'HEALTH'
in_department,I.T. MANAGEMENT,exact,general_government,true,medium,keyword rule 'COURT'
in_department,I.T. SPECIALIST,exact,general_government,true,medium,keyword rule 'COURT'
in_department,INDUSTRIAL DEVELOPMENT,exact,community_development,true,medium,keyword rule 'REDEVELOP'
in_department,INFORMATION SYSTEM,exact,general_government,true,medium,keyword rule 'COURT'
in_department,INFORMATION SYSTEMS,exact,general_government,true,medium,keyword rule 'COURT'
in_department,INFORMATION TECHNOLOGY,exact,general_government,true,medium,keyword rule 'COURT'
in_department,INFORMATION TECHNOLOGY SERVICES,exact,general_government,true,medium,keyword rule 'COURT'
in_department,INFORMATION TECHNOLOGY-CUM CAP DEV,exact,general_government,true,medium,keyword rule 'COURT'
in_department,INFRASTRUCTURE & DEVELOPMENT,exact,community_development,true,medium,keyword rule 'REDEVELOP'
in_department,INSPECTIONS,exact,public_safety,true,high,keyword rule 'POLICE'
in_department,INSURANCE,exact,employee_benefits,true,medium,keyword rule 'HEALTH INS'
in_department,INSURANCE (RISK MANAGEMENT),exact,employee_benefits,true,medium,keyword rule 'HEALTH INS'
in_department,IT,exact,general_government,true,medium,keyword rule 'COURT'
in_department,IT DEPARTMENT,exact,general_government,true,medium,keyword rule 'COURT'
in_department,IT OPERATIONS,exact,general_government,true,medium,keyword rule 'COURT'
in_department,IT-FACILITIES,exact,general_government,true,medium,keyword rule 'COURT'
in_department,JEAN SHEPHERD COMMUNITY CENTER,exact,culture_recreation,true,high,keyword rule 'PARK'
in_department,JUDICIAL SERVICES (COURT SERVICES),exact,general_government,true,medium,keyword rule 'COURT'
in_department,LAND ACQUISITION AND DEVELOPMENT,exact,community_development,true,medium,keyword rule 'REDEVELOP'
in_department,LAW,exact,general_government,true,medium,keyword rule 'COURT'
in_department,LAW DEPARTMENT,exact,general_government,true,medium,keyword rule 'COURT'
in_department,LAW ENFORCEMENT AID,exact,general_government,true,medium,keyword rule 'COURT'
in_department,LAW ENFORCEMENT RECORDING,exact,general_government,true,medium,keyword rule 'COURT'
in_department,LAW LIBRARY,exact,culture_recreation,true,high,keyword rule 'PARK'
in_department,LEASE RENTAL,exact,debt_service,true,high,keyword rule 'DEBT'
in_department,LEGAL,exact,general_government,true,medium,keyword rule 'COURT'
in_department,LEGAL AID,exact,general_government,true,medium,keyword rule 'COURT'
in_department,LEGAL AID 50%,exact,general_government,true,medium,keyword rule 'COURT'
in_department,LEGAL DEPARTMENT,exact,general_government,true,medium,keyword rule 'COURT'
in_department,LEGAL SERVICES,exact,general_government,true,medium,keyword rule 'COURT'
in_department,LEIGHTON PLAZA PARKING GARAGE,exact,public_works,true,high,keyword rule 'STREET'
in_department,LERNER THEATER,exact,culture_recreation,true,high,keyword rule 'THEAT(ER'
in_department,LIBRARY,exact,culture_recreation,true,high,keyword rule 'PARK'
in_department,LIT FIRE FUND,exact,public_safety,true,high,keyword rule 'POLICE'
in_department,LIT POLICE DEPARTMENT,exact,public_safety,true,high,keyword rule 'POLICE'
in_department,LLOYD POOL,exact,culture_recreation,true,high,keyword rule 'PARK'
in_department,LOCAL INCOME TAX COMPUTER SERVICES,exact,transfers_other,true,low,keyword rule 'NON.?DEPARTMENTAL'
in_department,LOCAL INCOME TAX FINANCE,exact,transfers_other,true,low,keyword rule 'NON.?DEPARTMENTAL'
in_department,LOCAL INCOME TAX MVH,exact,transfers_other,true,low,keyword rule 'NON.?DEPARTMENTAL'
in_department,LOCAL LAW,exact,general_government,true,medium,keyword rule 'COURT'
in_department,LOCAL OPTION HIGHWAY USER TAX,exact,public_works,true,high,keyword rule 'STREET'
in_department,LOCAL POLICE EDUCATION,exact,public_safety,true,high,keyword rule 'POLICE'
in_department,LOCAL ROAD AND STREET,exact,public_works,true,high,keyword rule 'STREET'
in_department,LOCAL ROADS AND STREETS,exact,public_works,true,high,keyword rule 'STREET'
in_department,LOCUST HILL CEMETERY,exact,public_works,true,high,keyword rule 'STREET'
in_department,MAIN STREET PARKING GARAGE,exact,public_works,true,high,keyword rule 'STREET'
in_department,MAINTENANCE,exact,public_works,true,high,keyword rule 'STREET'
in_department,MAINTENANCE & REPAIR,exact,public_works,true,high,keyword rule 'STREET'
in_department,MAINTENANCE DEPARTMENT,exact,public_works,true,high,keyword rule 'STREET'
in_department,MAINTENANCE OF GROUNDS,exact,public_works,true,high,keyword rule 'STREET'
in_department,MARKETING & EVENTS,exact,culture_recreation,true,high,keyword rule 'PARK'
in_department,MAYOR,exact,general_government,true,medium,keyword rule 'COURT'
in_department,MAYOR'S OFFICE,exact,general_government,true,medium,keyword rule 'COURT'
in_department,MAYOR'S OFFICE OF SPEC EVENTS,exact,culture_recreation,true,high,keyword rule 'PARK'
in_department,MAYOR'S OFFICE OF SPECIAL EVENTS,exact,culture_recreation,true,high,keyword rule 'PARK'
in_department,MAYORS OFFICE,exact,general_government,true,medium,keyword rule 'COURT'
in_department,MEDICAL INSURANCE,exact,employee_benefits,true,medium,keyword rule 'HEALTH INS'
in_department,MESKER MUSIC THEATER,exact,culture_recreation,true,high,keyword rule 'THEAT(ER'
in_department,MESKER PARK ZOO,exact,culture_recreation,true,high,keyword rule 'PARK'
in_department,METROPOLITAN HUMAN RELATIONS,exact,health_human_services,true,medium,keyword rule 'HEALTH'
in_department,METROPOLITAN PLANNING ORGANIZATION,exact,community_development,true,medium,keyword rule 'REDEVELOP'
in_department,METROPOLITAN POLICE DEPARTMENT,exact,public_safety,true,high,keyword rule 'POLICE'
in_department,METS,exact,public_works,true,high,keyword rule 'METS'
in_department,MISCELLANEOUS,exact,transfers_other,true,low,keyword rule 'NON.?DEPARTMENTAL'
in_department,MOBILE INTEGRATED HEALTH,exact,health_human_services,true,medium,keyword rule 'HEALTH'
in_department,MONON AQUATICS,exact,culture_recreation,true,high,keyword rule 'PARK'
in_department,MONON CENTER ADMINISTRATION,exact,general_government,true,medium,keyword rule 'COURT'
in_department,MONON RECREATION,exact,culture_recreation,true,high,keyword rule 'PARK'
in_department,MORRIS PERFORMING ARTS CENTER,exact,culture_recreation,true,high,keyword rule 'PARK'
in_department,MOTOR VEHICLE,exact,public_works,true,high,keyword rule 'STREET'
in_department,MOTOR VEHICLE (RESTRICTED),exact,public_works,true,high,keyword rule 'STREET'
in_department,MOTOR VEHICLE HIGHWAY,exact,public_works,true,high,keyword rule 'STREET'
in_department,MOTOR VEHICLE HIGHWAY- ADMINISTRATION,exact,public_works,true,high,keyword rule 'STREET'
in_department,MOTOR VEHICLE HIGHWAY-RECONSTRUCTION MAINTENANCE,exact,public_works,true,high,keyword rule 'STREET'
in_department,MOTOR VEHICLE HWY RESTRICTED,exact,public_works,true,high,keyword rule 'STREET'
in_department,MOTOR VEHICLE HWY UNRESTRICTED,exact,public_works,true,high,keyword rule 'STREET'
in_department,MUNICIPAL BUILDING (POLICE/FIRE BUILDING),exact,public_safety,true,high,keyword rule 'POLICE'
in_department,MUNICIPAL EXCISE SURTAX,exact,public_works,true,high,keyword rule 'COMMUNITY CROSSINGS'
in_department,MUNICIPAL FINANCE,exact,general_government,true,medium,keyword rule 'COURT'
in_department,MUNICIPAL WHEEL TAX,exact,public_works,true,high,keyword rule 'COMMUNITY CROSSINGS'
in_department,MUSEUM (ARTS COMMISSION),exact,culture_recreation,true,high,keyword rule 'PARK'
in_department,MVH,exact,public_works,true,high,keyword rule 'STREET'
in_department,MVH - ALLOCATED,exact,public_works,true,high,keyword rule 'STREET'
in_department,MVH - NON-RESTRICTED,exact,public_works,true,high,keyword rule 'STREET'
in_department,MVH - PERSONAL SERVICES,exact,public_works,true,high,keyword rule 'STREET'
in_department,MVH - RESTRICTED,exact,public_works,true,high,keyword rule 'STREET'
in_department,MVH - RESTRICTED SUB-FUND 203,exact,public_works,true,high,keyword rule 'STREET'
in_department,MVH - UNALLOCATED,exact,public_works,true,high,keyword rule 'STREET'
in_department,MVH - UNRESTRICTED,exact,public_works,true,high,keyword rule 'STREET'
in_department,MVH ALLOCATED,exact,public_works,true,high,keyword rule 'STREET'
in_department,MVH ALLOCATED PAVING,exact,public_works,true,high,keyword rule 'STREET'
in_department,MVH BUILDING FIRE,exact,public_safety,true,high,keyword rule 'POLICE'
in_department,MVH NON-RESTRICTED,exact,public_works,true,high,keyword rule 'STREET'
in_department,MVH NON-RESTRICTED #201,exact,public_works,true,high,keyword rule 'STREET'
in_department,MVH OPERATING,exact,public_works,true,high,keyword rule 'STREET'
in_department,MVH OPERATIONS,exact,public_works,true,high,keyword rule 'STREET'
in_department,MVH PERSONAL SERVICES,exact,public_works,true,high,keyword rule 'STREET'
in_department,MVH RESTRICTED,exact,public_works,true,high,keyword rule 'STREET'
in_department,MVH RESTRICTED #203,exact,public_works,true,high,keyword rule 'STREET'
in_department,MVH RESTRICTED 218,exact,public_works,true,high,keyword rule 'STREET'
in_department,MVH UNALLOCATED,exact,public_works,true,high,keyword rule 'STREET'
in_department,MVH UNRESTRICTED,exact,public_works,true,high,keyword rule 'STREET'
in_department,MVH-RESTRICTED,exact,public_works,true,high,keyword rule 'STREET'
in_department,MVH-UNRESTRICTED,exact,public_works,true,high,keyword rule 'STREET'
in_department,NEW YORK CENTRAL RAILROAD MUSEUM,exact,culture_recreation,true,high,keyword rule 'PARK'
in_department,NON DEPARTMENTAL,exact,transfers_other,true,low,keyword rule 'NON.?DEPARTMENTAL'
in_department,NON-ALLOCATED MVH,exact,public_works,true,high,keyword rule 'STREET'
in_department,NON-DEPARTMENTAL,exact,transfers_other,true,low,keyword rule 'NON.?DEPARTMENTAL'
in_department,NON-DEPARTMENTAL- GENERAL,exact,transfers_other,true,low,keyword rule 'NON.?DEPARTMENTAL'
in_department,NON-PROGRAMMED COSTS,exact,transfers_other,true,low,keyword rule 'NON.?DEPARTMENTAL'
in_department,OAK HILL CEMETERY,exact,public_works,true,high,keyword rule 'STREET'
in_department,OFFICE OF THE MAYOR,exact,general_government,true,medium,keyword rule 'COURT'
in_department,OPERATIONS & FINANCE,exact,general_government,true,medium,keyword rule 'COURT'
in_department,OTHER GENERAL FUND EXPENDITURES,exact,transfers_other,true,low,keyword rule 'GENERAL'
in_department,OTHER OPERATING AND MAINTENANCE OF PLANT,exact,public_works,true,high,keyword rule 'STREET'
in_department,OTHER PARK,exact,culture_recreation,true,high,keyword rule 'PARK'
in_department,OTHER POOLS,exact,culture_recreation,true,high,keyword rule 'PARK'
in_department,PARK,exact,culture_recreation,true,high,keyword rule 'PARK'
in_department,PARK ADMINISTRATION,exact,culture_recreation,true,high,keyword rule 'PARK'
in_department,PARK AND REC CONCESSIONS,exact,culture_recreation,true,high,keyword rule 'PARK'
in_department,PARK AQUATICS,exact,culture_recreation,true,high,keyword rule 'PARK'
in_department,PARK BOND,exact,debt_service,true,high,keyword rule 'DEBT'
in_department,PARK DEBT,exact,debt_service,true,high,keyword rule 'DEBT'
in_department,PARK DEPARTMENT,exact,culture_recreation,true,high,keyword rule 'PARK'
in_department,PARK MAINTENANCE,exact,public_works,true,high,keyword rule 'STREET'
in_department,PARK MCALLISTER CENTER,exact,culture_recreation,true,high,keyword rule 'PARK'
in_department,PARK PARK & FACILITY,exact,culture_recreation,true,high,keyword rule 'PARK'
in_department,PARK PROJECTS & CAPITAL,exact,culture_recreation,true,high,keyword rule 'PARK'
in_department,PARK PROPERTY (TOWN BOARD),exact,culture_recreation,true,high,keyword rule 'PARK'
in_department,PARK RECREATION,exact,culture_recreation,true,high,keyword rule 'PARK'
in_department,PARK SENIOR CENTER,exact,culture_recreation,true,high,keyword rule 'PARK'
in_department,PARK ZOO,exact,culture_recreation,true,high,keyword rule 'PARK'
in_department,PARKING ADMINISTRATION,exact,public_works,true,high,keyword rule 'STREET'
in_department,PARKING ENFORCEMENT,exact,public_works,true,high,keyword rule 'STREET'
in_department,PARKING GARAGE,exact,public_works,true,high,keyword rule 'STREET'
in_department,PARKING METER (METER POLICE),exact,public_safety,true,high,keyword rule 'POLICE'
in_department,PARKS,exact,culture_recreation,true,high,keyword rule 'PARK'
in_department,PARKS & RECREATION,exact,culture_recreation,true,high,keyword rule 'PARK'
in_department,PARKS & RECREATION (RECREATION),exact,culture_recreation,true,high,keyword rule 'PARK'
in_department,PARKS & RECREATION- SPORTSCOMPLEX,exact,culture_recreation,true,high,keyword rule 'PARK'
in_department,PARKS DEPARTMENT,exact,culture_recreation,true,high,keyword rule 'PARK'
in_department,PARKS DEPARTMENT (PARKS BOARD),exact,culture_recreation,true,high,keyword rule 'PARK'
in_department,PARKS SECURITY,exact,culture_recreation,true,high,keyword rule 'PARK'
in_department,PARKS-CUM CAP DEV,exact,culture_recreation,true,high,keyword rule 'PARK'
in_department,PARKS-ECON DEV INCOME TAX,exact,culture_recreation,true,high,keyword rule 'PARK'
in_department,PARKS/CAPITAL IMPROVEMENT & REPAIR,exact,culture_recreation,true,high,keyword rule 'PARK'
in_department,PARKS/GOLF,exact,culture_recreation,true,high,keyword rule 'PARK'
in_department,PARKS/IMPROVEMENT & REHABILITATION,exact,culture_recreation,true,high,keyword rule 'PARK'
in_department,PARKS/POOL DEPARTMENT,exact,culture_recreation,true,high,keyword rule 'PARK'
in_department,PARKS/RECREATION,exact,culture_recreation,true,high,keyword rule 'PARK'
in_department,PERSONNEL,exact,general_government,true,medium,keyword rule 'COURT'
in_department,PLAN COMMISSION,exact,community_development,true,high,keyword rule 'PLAN COMMISSION'
in_department,PLANNING,exact,community_development,true,medium,keyword rule 'REDEVELOP'
in_department,PLANNING & BUILDING,exact,community_development,true,medium,keyword rule 'REDEVELOP'
in_department,PLANNING & BUILDING DEPARTMENT,exact,public_safety,true,high,keyword rule 'POLICE'
in_department,PLANNING & ZONING,exact,community_development,true,medium,keyword rule 'REDEVELOP'
in_department,PLANNING COMMISSIONER,exact,community_development,true,medium,keyword rule 'REDEVELOP'
in_department,PLANNING DEPARTMENT,exact,community_development,true,medium,keyword rule 'REDEVELOP'
in_department,PLANT OPERATIONS,exact,utilities,true,medium,keyword rule 'PLANT OPERATIONS'
in_department,POLICE,exact,public_safety,true,high,keyword rule 'POLICE'
in_department,POLICE COMMISSION,exact,public_safety,true,high,keyword rule 'POLICE'
in_department,POLICE CONTINUING EDUCATION,exact,education,true,medium,keyword rule 'CONTINUING EDUCATION'
in_department,POLICE DEPARTMENT,exact,public_safety,true,high,keyword rule 'POLICE'
in_department,POLICE DEPARTMENT (L.O.I.T FUNDED),exact,public_safety,true,high,keyword rule 'POLICE'
in_department,POLICE DEPARTMENT (TOWN MARSHAL),exact,public_safety,true,high,keyword rule 'POLICE'
in_department,POLICE DEPARTMENT (TOWN MARSHALL),exact,public_safety,true,high,keyword rule 'POLICE'
in_department,POLICE DEPT,exact,public_safety,true,high,keyword rule 'POLICE'
in_department,POLICE DEPT(TOWN MARSHALL),exact,public_safety,true,high,keyword rule 'POLICE'
in_department,POLICE MERIT,exact,public_safety,true,high,keyword rule 'POLICE'
in_department,POLICE MERIT BOARD/COMMISSION,exact,public_safety,true,high,keyword rule 'POLICE'
in_department,POLICE MERIT BRD/COMMISSION,exact,public_safety,true,high,keyword rule 'POLICE'
in_department,POLICE NARCOTICS,exact,public_safety,true,high,keyword rule 'POLICE'
in_department,POLICE NARCOTICS-FED,exact,public_safety,true,high,keyword rule 'POLICE'
in_department,POLICE PENSION,exact,employee_benefits,true,high,keyword rule 'PENSION'
in_department,POLICE PENSION (PENSION 1977),exact,employee_benefits,true,high,keyword rule 'PENSION'
in_department,POLICE PENSION PRIOR TO 1977,exact,employee_benefits,true,high,keyword rule 'PENSION'
in_department,POLICE REPORTS (P.A.L.),exact,public_safety,true,high,keyword rule 'POLICE'
in_department,POLICE RESERVE,exact,public_safety,true,high,keyword rule 'POLICE'
in_department,POLICE VEHICLE EQUIPMENT,exact,public_safety,true,high,keyword rule 'POLICE'
in_department,POLICE-CUM CAP DEV,exact,public_safety,true,high,keyword rule 'POLICE'
in_department,POOL,exact,culture_recreation,true,high,keyword rule 'PARK'
in_department,POTAWATOMI ZOO,exact,culture_recreation,true,high,keyword rule 'PARK'
in_department,PROJECT COORDINATOR,exact,capital_projects,true,medium,keyword rule 'CUMULATIVE'
in_department,PROJECT MANAGEMENT,exact,capital_projects,true,medium,keyword rule 'CUMULATIVE'
in_department,PROPERTY TAX CAP IMPACT - BUDGET PURPOSES ONLY,exact,transfers_other,false,high,keyword rule 'PROPERTY TAX CAP'
in_department,PUBLIC AFFAIRS,exact,general_government,true,medium,keyword rule 'BUILDING OPERATIONS'
in_department,PUBLIC EMPLOYEES RETIREMENT FUND,exact,employee_benefits,true,high,keyword rule 'PENSION'
in_department,PUBLIC MAINTENANCE & REFUSE,exact,public_works,true,high,keyword rule 'STREET'
in_department,PUBLIC SAFETY,exact,public_safety,true,high,keyword rule 'POLICE'
in_department,PUBLIC SAFETY OFFICER,exact,public_safety,true,high,keyword rule 'POLICE'
in_department,PUBLIC WORKS,exact,public_works,true,high,keyword rule 'STREET'
in_department,PUBLIC WORKS SERVICE,exact,public_works,true,high,keyword rule 'STREET'
in_department,PUMPING MAINTENANCE,exact,public_works,true,high,keyword rule 'STREET'
in_department,PURCHASING,exact,general_government,true,medium,keyword rule 'COURT'
in_department,RECREATION,exact,culture_recreation,true,high,keyword rule 'PARK'
in_department,RECYCLING,exact,public_works,true,high,keyword rule 'STREET'
in_department,REDEVELOPMENT,exact,community_development,true,medium,keyword rule 'REDEVELOP'
in_department,REDEVELOPMENT COMMISSION,exact,community_development,true,medium,keyword rule 'REDEVELOP'
in_department,RENTAL HOUSING INSPECTION,exact,public_safety,true,high,keyword rule 'POLICE'
in_department,RENTAL INSPECTION,exact,public_safety,true,high,keyword rule 'POLICE'
in_department,RENTAL UNIT INSPECTION,exact,public_safety,true,high,keyword rule 'POLICE'
in_department,RESTRICTED FOR CONSTRUCTION RECONS AND PRESERVATION,exact,capital_projects,true,medium,keyword rule 'CUMULATIVE'
in_department,RIVERBOAT,exact,community_development,true,medium,keyword rule 'REDEVELOP'
in_department,RIVERBOAT WAGERING,exact,community_development,true,medium,keyword rule 'REDEVELOP'
in_department,RIVERFRONT EVENTS,exact,culture_recreation,true,high,keyword rule 'PARK'
in_department,SANITATION,exact,public_works,true,high,keyword rule 'SANITATION'
in_department,SANITATION DEPARTMENT,exact,public_works,true,high,keyword rule 'SANITATION'
in_department,SANITATION DEPARTMENT (WASTE WATER-SEWAGE),exact,public_works,true,high,keyword rule 'SANITATION'
in_department,SANITATION/TRASH,exact,public_works,true,high,keyword rule 'SANITATION'
in_department,SENIOR CITIZENS CENTER,exact,health_human_services,true,medium,keyword rule 'HEALTH'
in_department,SEWER,exact,utilities,true,high,keyword rule 'WATER'
in_department,SEWER (DILLON 16),exact,utilities,true,high,keyword rule 'WATER'
in_department,SEWER DEPARTMENT,exact,utilities,true,high,keyword rule 'WATER'
in_department,SHOP & GARAGE,exact,public_works,true,high,keyword rule 'STREET'
in_department,SIDEWALK REPAIR OR REPLACEMENT,exact,public_works,true,high,keyword rule 'STREET'
in_department,SIDEWALKS,exact,public_works,true,high,keyword rule 'STREET'
in_department,SOLID WASTE (REFUSE-GARBAGE-TRASH),exact,public_works,true,high,keyword rule 'STREET'
in_department,SPECIAL EVENTS,exact,culture_recreation,true,high,keyword rule 'PARK'
in_department,SPECIAL FIRE FUND,exact,public_safety,true,high,keyword rule 'POLICE'
in_department,SPORTS COMPLEX-CONCESSION STAND,exact,culture_recreation,true,high,keyword rule 'PARK'
in_department,SPORTS FACILITIES,exact,culture_recreation,true,high,keyword rule 'PARK'
in_department,SPORTS PROGRAMS,exact,culture_recreation,true,high,keyword rule 'PARK'
in_department,SRO OFFICER PUBLIC SAFETY,exact,public_safety,true,high,keyword rule 'POLICE'
in_department,ST PAUL PROJECT EID,exact,capital_projects,true,medium,keyword rule 'CUMULATIVE'
in_department,STADIUM PARKING LOT,exact,public_works,true,high,keyword rule 'STREET'
in_department,STORM SEWER,exact,utilities,true,high,keyword rule 'WATER'
in_department,STORM SEWER DEPARTMENT,exact,utilities,true,high,keyword rule 'WATER'
in_department,STORM WATER,exact,utilities,true,high,keyword rule 'WATER'
in_department,STORMWATER,exact,utilities,true,high,keyword rule 'WATER'
in_department,STORMWATER (STORM SEWER),exact,utilities,true,high,keyword rule 'WATER'
in_department,STREET,exact,public_works,true,high,keyword rule 'STREET'
in_department,STREET DEPARTMENT,exact,public_works,true,high,keyword rule 'STREET'
in_department,STREET ENGINEERING,exact,public_works,true,high,keyword rule 'STREET'
in_department,STREET LIGHTING,exact,public_works,true,high,keyword rule 'STREET'
in_department,STREET PROJECT MANAGEMENT,exact,public_works,true,high,keyword rule 'STREET'
in_department,STREET/IMPROVEMENT & REHABILITATION,exact,public_works,true,high,keyword rule 'STREET'
in_department,STREET/INFRASTRUCTURE IMPROVEMENT & REPAIR,exact,public_works,true,high,keyword rule 'STREET'
in_department,STREETS,exact,public_works,true,high,keyword rule 'STREET'
in_department,SUPPORTIVE SERVICES,exact,health_human_services,true,medium,keyword rule 'SUPPORTIVE SERVICES'
in_department,SWIMMING POOL,exact,culture_recreation,true,high,keyword rule 'PARK'
in_department,TECHNOLOGY,exact,general_government,true,medium,keyword rule 'COURT'
in_department,TELECOMMUNICATIONS,exact,public_safety,true,high,keyword rule 'POLICE'
in_department,TIF-TAX INCREMENT FINANCING,exact,community_development,true,medium,keyword rule 'REDEVELOP'
in_department,TOWN ADMINISTRATION,exact,general_government,true,medium,keyword rule 'COURT'
in_department,TOWN BOARD OF TRUSTEES,exact,general_government,true,medium,keyword rule 'COURT'
in_department,TOWN COUNCIL,exact,general_government,true,medium,keyword rule 'COURT'
in_department,TOWN MANAGER,exact,general_government,true,medium,keyword rule 'TOWN MANAGER'
in_department,TRAFFIC CONTROL,exact,public_works,true,high,keyword rule 'STREET'
in_department,TRAFFIC CONTROL DEPARTMENT,exact,public_works,true,high,keyword rule 'STREET'
in_department,TRAFFIC ENGINEERING,exact,public_works,true,high,keyword rule 'STREET'
in_department,TRANSPORTATION (MUNICIPAL COA,exact,public_works,true,high,keyword rule 'STREET'
in_department,TRANSPORTATION (MUNICIPAL COACH),exact,public_works,true,high,keyword rule 'STREET'
in_department,TRASH/ELECTRIC,exact,utilities,true,high,keyword rule 'WATER'
in_department,TREASURER (CITY/TOWN UNITS ONLY),exact,general_government,true,medium,keyword rule 'COURT'
in_department,UNALLOCATED MVH,exact,public_works,true,high,keyword rule 'STREET'
in_department,UNAPPROPRIATED,exact,transfers_other,true,low,keyword rule 'RAINY DAY'
in_department,UNAPPROPRIATED EXPENSES,exact,transfers_other,true,low,keyword rule 'RAINY DAY'
in_department,UNAPPROPRIATED FUNDS,exact,transfers_other,true,low,keyword rule 'RAINY DAY'
in_department,UNEMPLOYMENT RESERVE,exact,transfers_other,true,low,keyword rule 'RAINY DAY'
in_department,UTILITY,exact,utilities,true,high,keyword rule 'WATER'
in_department,UTILITY (WATER & UTILITY BILLS),exact,utilities,true,high,keyword rule 'WATER'
in_department,UTILITY BILLING DEPT.,exact,utilities,true,high,keyword rule 'WATER'
in_department,VEHICLE MAINTENANCE,exact,public_works,true,high,keyword rule 'STREET'
in_department,VENUES PARKS & ARTS,exact,culture_recreation,true,high,keyword rule 'PARK'
in_department,VOLUNTEER FIRE,exact,public_safety,true,high,keyword rule 'POLICE'
in_department,W.N.I.T. CONTRACT,exact,general_government,true,medium,keyword rule 'COURT'
in_department,WASTEWATER DEPARTMENT,exact,utilities,true,high,keyword rule 'WATER'
in_department,WASTEWATER GENERAL,exact,utilities,true,high,keyword rule 'WATER'
in_department,WASTEWATER OFFICE - ADMIN,exact,utilities,true,high,keyword rule 'WATER'
in_department,WASTEWATER OFFICE - CUST. SERVICE,exact,utilities,true,high,keyword rule 'WATER'
in_department,WATER,exact,utilities,true,high,keyword rule 'WATER'
in_department,WATER FIELD OFFICE (14),exact,utilities,true,high,keyword rule 'WATER'
in_department,WATER REIMB. - DEP. CITY ACCT.,exact,utilities,true,high,keyword rule 'WATER'
in_department,WAYNE STREET PARKING GARAGE,exact,public_works,true,high,keyword rule 'STREET'
in_department,WELBORN/WALNUT ST PROJECT,exact,capital_projects,true,medium,keyword rule 'CUMULATIVE'
in_department,YARD (LIMBS/LEAF) RECYCLING,exact,public_works,true,high,keyword rule 'STREET'
in_department,YOUTH BASEBALL,exact,culture_recreation,true,high,keyword rule 'PARK'
in_department,YOUTH CENTER (BOYS/GIRLS CLUB-WOOD CENTER-JUV. HOM,exact,culture_recreation,true,high,keyword rule 'PARK'
in_department,YOUTH CENTER (BOYS/GIRLS CLUB-WOOD CENTER-JUV. HOME),exact,culture_recreation,true,high,keyword rule 'PARK'
in_department,YOUTH ENRICHMENT,exact,culture_recreation,true,high,keyword rule 'PARK'
in_department,YOUTH PROGRAMS,exact,culture_recreation,true,high,keyword rule 'PARK'
in_department,YOUTH SPORTS,exact,culture_recreation,true,high,keyword rule 'PARK'
in_fund,(ARP) AMERICAN RESCUE PLAN,exact,transfers_other,true,low,keyword rule 'NON.?DEPARTMENTAL'
in_fund,0101 - GENERAL FUND,exact,transfers_other,true,low,keyword rule 'GENERAL'
in_fund,0154 LAW ENFORCE CONT ED,exact,general_government,true,medium,keyword rule 'COURT'
in_fund,0176 AMERICAN RESCUE PLAN ACT,exact,transfers_other,true,low,keyword rule 'NON.?DEPARTMENTAL'
in_fund,0249 PUBLIC SAFETY,exact,public_safety,true,high,keyword rule 'POLICE'
in_fund,1% FOOD & BEVERAGE FUND 280,exact,transfers_other,true,low,keyword rule 'LOIT'
in_fund,101 - GENERAL FUND,exact,transfers_other,true,low,keyword rule 'GENERAL'
in_fund,101-GENERAL FUND,exact,transfers_other,true,low,keyword rule 'GENERAL'
in_fund,109TH IMPROVEMENTS,exact,capital_projects,true,medium,keyword rule 'CUMULATIVE'
in_fund,176 - AMERICAN RESCUE PLAN,exact,transfers_other,true,low,keyword rule 'NON.?DEPARTMENTAL'
in_fund,176 - ARP CORONAVIRUS LOCAL FISCAL RECOVERY FUND,exact,transfers_other,true,low,keyword rule 'NON.?DEPARTMENTAL'
in_fund,176 ARP CORONAVIRUS LOCAL FISCAL RECOVERY,exact,transfers_other,true,low,keyword rule 'NON.?DEPARTMENTAL'
in_fund,1993 TIF TAX MONEY,exact,community_development,true,medium,keyword rule 'REDEVELOP'
in_fund,2000 TIF TAX MONEY,exact,community_development,true,medium,keyword rule 'REDEVELOP'
in_fund,2005 TIF TAX MONEY,exact,community_development,true,medium,keyword rule 'REDEVELOP'
in_fund,2011 BOND FUND,exact,debt_service,true,high,keyword rule 'DEBT'
in_fund,2012 BDWY PROJECT BOND DS,exact,debt_service,true,high,keyword rule 'DEBT'
in_fund,2015 PARKS BOND DEBT SERVICE,exact,debt_service,true,high,keyword rule 'DEBT'
in_fund,2016 LOIT SPECIAL DISTR (FOR ROADS),exact,transfers_other,true,low,keyword rule 'LOIT'
in_fund,2016 TIF TAX MONEY (TIF 4),exact,community_development,true,medium,keyword rule 'REDEVELOP'
in_fund,2017 GO BOND PROCEEDS,exact,debt_service,true,high,keyword rule 'DEBT'
in_fund,2017 PARK BOND PROCEEDS (474),exact,debt_service,true,high,keyword rule 'DEBT'
in_fund,2017 PARKS BOND CAPITAL,exact,debt_service,true,high,keyword rule 'DEBT'
in_fund,2017 SANITARY BOND PROCEEDS,exact,debt_service,true,high,keyword rule 'DEBT'
in_fund,2018 COMM CROSS LOCAL RD & BRIDGE MATCHING GRANT,exact,public_works,true,high,keyword rule 'STREET'
in_fund,2018 GO BOND CONSTRUCTION,exact,debt_service,true,high,keyword rule 'DEBT'
in_fund,2018 GO BOND PROCEEDS,exact,debt_service,true,high,keyword rule 'DEBT'
in_fund,2018 TIF PARK BOND CAPITAL,exact,debt_service,true,high,keyword rule 'DEBT'
in_fund,2019 PARK DISTRICT CONST FUND,exact,culture_recreation,true,high,keyword rule 'PARK'
in_fund,2020 BOND CONSTRUCTION FUND,exact,debt_service,true,high,keyword rule 'DEBT'
in_fund,2020 COMM CROSS LOCAL RD & BRIDGE MATCHING GRANT,exact,public_works,true,high,keyword rule 'STREET'
in_fund,2021 COMM CROSSING LOCAL RD & BRIDGE GRANT,exact,public_works,true,high,keyword rule 'STREET'
in_fund,2021 GO BOND A&B PROCEEDS,exact,debt_service,true,high,keyword rule 'DEBT'
in_fund,2022 GO BOND PROCEEDS,exact,debt_service,true,high,keyword rule 'DEBT'
in_fund,2022 RDC BOND  A & B PROCEEDS,exact,debt_service,true,high,keyword rule 'DEBT'
in_fund,2023 DELAWARE EXPANSION TIF,exact,community_development,true,medium,keyword rule 'REDEVELOP'
in_fund,2023 POLICE GO PROCEEDS,exact,debt_service,true,high,keyword rule 'DEBT'
in_fund,2023 STREET GO BOND PROCEEDS,exact,debt_service,true,high,keyword rule 'DEBT'
in_fund,2025 BOND PROCEEDS,exact,debt_service,true,high,keyword rule 'DEBT'
in_fund,2207 PARKING METER FUND,exact,public_works,true,high,keyword rule 'STREET'
in_fund,2245 RENTAL PROPERTY INSPECTION,exact,public_safety,true,high,keyword rule 'POLICE'
in_fund,2249 MUNICIPAL SURTAX,exact,public_works,true,high,keyword rule 'COMMUNITY CROSSINGS'
in_fund,2250 MUNICIPAL WHEEL TAX,exact,public_works,true,high,keyword rule 'COMMUNITY CROSSINGS'
in_fund,2370 PARK DONATION NON REVERTING,exact,culture_recreation,true,high,keyword rule 'PARK'
in_fund,2401 - ARP CORONAVIRUS LOCAL FISCAL RECOVERY FUND,exact,transfers_other,true,low,keyword rule 'NON.?DEPARTMENTAL'
in_fund,2401 ARP CORONAVIRUS RECOVERY FUND,exact,transfers_other,true,low,keyword rule 'NON.?DEPARTMENTAL'
in_fund,2401 ARP FUND HR#47,exact,transfers_other,true,low,keyword rule 'NON.?DEPARTMENTAL'
in_fund,2403 ARPA CORONAVIRUS LOCAL FISCAL RECOVERY FUND,exact,transfers_other,true,low,keyword rule 'NON.?DEPARTMENTAL'
in_fund,247 TECHNOLOGY,exact,general_government,true,medium,keyword rule 'COURT'
in_fund,249 PUBLIC SAFETY,exact,public_safety,true,high,keyword rule 'POLICE'
in_fund,2530 HEALTHY COMMUNITY OCCF,exact,health_human_services,true,medium,keyword rule 'HEALTH'
in_fund,254 RENTAL PROPERTY INSPECTION,exact,public_safety,true,high,keyword rule 'POLICE'
in_fund,2547 TECHNOLOGY,exact,general_government,true,medium,keyword rule 'COURT'
in_fund,257 LOIT SPECIAL DISTRIBUTION,exact,transfers_other,true,low,keyword rule 'LOIT'
in_fund,2570 ELECTRIC FUND,exact,utilities,true,high,keyword rule 'WATER'
in_fund,258 MUNICIPAL SURTAX,exact,public_works,true,high,keyword rule 'COMMUNITY CROSSINGS'
in_fund,2580 SEWER MAINTENANCE,exact,utilities,true,high,keyword rule 'WATER'
in_fund,2583 SEWER DEPRECIATION,exact,utilities,true,high,keyword rule 'WATER'
in_fund,259 - MUNICIPAL WHEEL TAX,exact,public_works,true,high,keyword rule 'COMMUNITY CROSSINGS'
in_fund,263-RAINY DAY RESTRICTED - MVH TRANSFERS,exact,public_works,true,high,keyword rule 'STREET'
in_fund,270 ELECTRIC,exact,utilities,true,high,keyword rule 'WATER'
in_fund,270 LAW ENFORCEMENT,exact,general_government,true,medium,keyword rule 'COURT'
in_fund,270-LOCAL GRANT FUND STREETSCAPE,exact,public_works,true,high,keyword rule 'STREET'
in_fund,280 SEWER MAINTENANCE,exact,utilities,true,high,keyword rule 'WATER'
in_fund,283 SEWER DEPRECIATION,exact,utilities,true,high,keyword rule 'WATER'
in_fund,328 EDC B & I,exact,debt_service,true,high,keyword rule 'B ?& ?I'
in_fund,330 REDEVELOPMENT RESERVE,exact,community_development,true,medium,keyword rule 'REDEVELOP'
in_fund,331 EDC RESERVE,exact,transfers_other,true,low,keyword rule 'RAINY DAY'
in_fund,3328 EDC BOND & INTEREST FUND,exact,debt_service,true,high,keyword rule 'B ?& ?I'
in_fund,3330 REDEVELOPMENT RESERVE,exact,community_development,true,medium,keyword rule 'REDEVELOP'
in_fund,3331 EDC BOND RESERVE FUND,exact,debt_service,true,high,keyword rule 'DEBT'
in_fund,4445 TIF ALLOCATION FUND,exact,community_development,true,medium,keyword rule 'REDEVELOP'
in_fund,471 TIF ALLOCATION,exact,community_development,true,medium,keyword rule 'REDEVELOP'
in_fund,471-CCMG LOCAL ROAD & BRIDGE,exact,public_works,true,high,keyword rule 'STREET'
in_fund,504 SELF-FUNDED MEDICAL/DENTAL/LIFE INSURANCE,exact,employee_benefits,true,high,keyword rule 'EMPLOYEE BENEFIT'
in_fund,580 SELF FUNDED LIABILITY,exact,employee_benefits,true,high,keyword rule 'EMPLOYEE BENEFIT'
in_fund,601 WATER CASH OPERATING,exact,utilities,true,high,keyword rule 'WATER'
in_fund,603 WATER DEPRECIATION,exact,utilities,true,high,keyword rule 'WATER'
in_fund,604 CONSUMER WATER DEPOSIT,exact,utilities,true,high,keyword rule 'WATER'
in_fund,610 WATER OPERATING,exact,utilities,true,high,keyword rule 'WATER'
in_fund,6101 WATER CASH OPERATING,exact,utilities,true,high,keyword rule 'WATER'
in_fund,6102 WATER BOND & INTEREST,exact,debt_service,true,high,keyword rule 'B ?& ?I'
in_fund,6103 WATER DEPRECIATION,exact,utilities,true,high,keyword rule 'WATER'
in_fund,6104 CONSUMERS WATER DEPOSIT,exact,utilities,true,high,keyword rule 'WATER'
in_fund,6105 WATER CONSTRUCTION & IMPROVEMENT,exact,utilities,true,high,keyword rule 'WATER'
in_fund,6106 WATER BOND RESERVE,exact,debt_service,true,high,keyword rule 'DEBT'
in_fund,"61ST AVE SERIES ""A"" BOND DS (324)",exact,debt_service,true,high,keyword rule 'DEBT'
in_fund,"61ST AVE SERIES ""B"" BOND DS (313)",exact,debt_service,true,high,keyword rule 'DEBT'
in_fund,61ST AVE SOUTHSIDE SEWER LEASE (411),exact,utilities,true,high,keyword rule 'WATER'
in_fund,623 SOLID WASTE MANAGEMENT,exact,public_works,true,high,keyword rule 'STREET'
in_fund,6604 SOLID WASTE MANAGEMENT,exact,public_works,true,high,keyword rule 'STREET'
in_fund,670 WATER AVAILABILITY,exact,utilities,true,high,keyword rule 'WATER'
in_fund,710 WASTEWATER OPERATING,exact,utilities,true,high,keyword rule 'WATER'
in_fund,715 STORM WATER OPERATING,exact,utilities,true,high,keyword rule 'WATER'
in_fund,770 PARK NON-REVERTING,exact,culture_recreation,true,high,keyword rule 'PARK'
in_fund,770 WASTE WATER AVAILABILITY,exact,utilities,true,high,keyword rule 'WATER'
in_fund,7704 SELF-FUNDED LIABILITY,exact,employee_benefits,true,high,keyword rule 'EMPLOYEE BENEFIT'
in_fund,771 PARK LAND ESCROW,exact,transfers_other,true,low,keyword rule 'LOIT'
in_fund,7727 SELF-FUNDED MED & LIFE/DENT,exact,employee_benefits,true,high,keyword rule 'EMPLOYEE BENEFIT'
in_fund,780 INTERGOVERNMENTAL ESCROW,exact,transfers_other,true,low,keyword rule 'LOIT'
in_fund,783 ESCROW,exact,transfers_other,true,low,keyword rule 'LOIT'
in_fund,8871 PARK LAND ESCROW,exact,transfers_other,true,low,keyword rule 'LOIT'
in_fund,8880 INTERGOVERNMENTAL ESCROW,exact,transfers_other,true,low,keyword rule 'LOIT'
in_fund,8883 ESCROW,exact,transfers_other,true,low,keyword rule 'LOIT'
in_fund,9500 ARPA 2021,exact,transfers_other,true,low,keyword rule 'NON.?DEPARTMENTAL'
in_fund,9500 LAW ENFORCEMENT CONT. ED,exact,general_government,true,medium,keyword rule 'COURT'
in_fund,9502 FIREWORKS-CELEBRATION DONATIONS,exact,public_safety,true,high,keyword rule 'POLICE'
in_fund,ABBEY ROAD ON THE RIVER,exact,public_works,true,high,keyword rule 'STREET'
in_fund,ADAMS STREET TIFF,exact,public_works,true,high,keyword rule 'STREET'
in_fund,AEP CAPITAL FUND,exact,capital_projects,true,medium,keyword rule 'CUMULATIVE'
in_fund,AIP COVID 19 IMP PROG 021-2021,exact,transfers_other,true,low,keyword rule 'NON.?DEPARTMENTAL'
in_fund,AIRPORT AUTHORITY,exact,public_works,true,high,keyword rule 'STREET'
in_fund,AIRPORT CARES COVID 19,exact,transfers_other,true,low,keyword rule 'NON.?DEPARTMENTAL'
in_fund,AIRPORT IMPROVEMENT,exact,public_works,true,high,keyword rule 'STREET'
in_fund,AMBULANCE,exact,public_safety,true,high,keyword rule 'POLICE'
in_fund,AMBULANCE CAPITAL FUND,exact,public_safety,true,high,keyword rule 'POLICE'
in_fund,AMBULANCE CAPITAL REPLACEMENT,exact,public_safety,true,high,keyword rule 'POLICE'
in_fund,AMBULANCE DONATION,exact,public_safety,true,high,keyword rule 'POLICE'
in_fund,AMBULANCE FUND,exact,public_safety,true,high,keyword rule 'POLICE'
in_fund,AMBULANCE NON-REVERTING,exact,public_safety,true,high,keyword rule 'POLICE'
in_fund,AMBULANCE SERVICE,exact,public_safety,true,high,keyword rule 'POLICE'
in_fund,AMERICAN  RESCUE PLAN FUND,exact,public_safety,true,high,keyword rule 'POLICE'
in_fund,AMERICAN RESCUE ACT,exact,transfers_other,true,low,keyword rule 'NON.?DEPARTMENTAL'
in_fund,AMERICAN RESCUE FUND,exact,transfers_other,true,low,keyword rule 'NON.?DEPARTMENTAL'
in_fund,AMERICAN RESCUE PLAN,exact,transfers_other,true,low,keyword rule 'NON.?DEPARTMENTAL'
in_fund,AMERICAN RESCUE PLAN (2402),exact,transfers_other,true,low,keyword rule 'NON.?DEPARTMENTAL'
in_fund,AMERICAN RESCUE PLAN (ARP),exact,transfers_other,true,low,keyword rule 'NON.?DEPARTMENTAL'
in_fund,AMERICAN RESCUE PLAN ACT,exact,transfers_other,true,low,keyword rule 'NON.?DEPARTMENTAL'
in_fund,AMERICAN RESCUE PLAN ACT (ARPA),exact,transfers_other,true,low,keyword rule 'NON.?DEPARTMENTAL'
in_fund,AMERICAN RESCUE PLAN ACT (ARPA) OF 2021,exact,transfers_other,true,low,keyword rule 'NON.?DEPARTMENTAL'
in_fund,AMERICAN RESCUE PLAN ACT - NR,exact,transfers_other,true,low,keyword rule 'NON.?DEPARTMENTAL'
in_fund,AMERICAN RESCUE PLAN ACT FUND,exact,transfers_other,true,low,keyword rule 'NON.?DEPARTMENTAL'
in_fund,AMERICAN RESCUE PLAN ACT FUND REVENUE,exact,transfers_other,true,low,keyword rule 'NON.?DEPARTMENTAL'
in_fund,AMERICAN RESCUE PLAN CORONAVIRUS FUNDS,exact,transfers_other,true,low,keyword rule 'NON.?DEPARTMENTAL'
in_fund,AMERICAN RESCUE PLAN FUND,exact,transfers_other,true,low,keyword rule 'NON.?DEPARTMENTAL'
in_fund,AMERICAN RESCUE PLAN FUNDS,exact,transfers_other,true,low,keyword rule 'NON.?DEPARTMENTAL'
in_fund,AMERICAN RESCUE PLAN GRANT,exact,transfers_other,true,low,keyword rule 'NON.?DEPARTMENTAL'
in_fund,AMERIPLEX TIF PROJECT,exact,community_development,true,medium,keyword rule 'REDEVELOP'
in_fund,ANIMAL CONTROL,exact,public_safety,true,high,keyword rule 'POLICE'
in_fund,ANIMAL CONTROL-NONREVERTING-DONATIONS,exact,public_safety,true,high,keyword rule 'POLICE'
in_fund,ANIMAL SHELTER,exact,public_safety,true,high,keyword rule 'POLICE'
in_fund,ANIMAL SHELTER DONATIONS,exact,public_safety,true,high,keyword rule 'POLICE'
in_fund,ARBUCKLE COMMONS TIF DISTRICT,exact,community_development,true,medium,keyword rule 'REDEVELOP'
in_fund,ARP,exact,transfers_other,true,low,keyword rule 'NON.?DEPARTMENTAL'
in_fund,ARP - AIRPORT,exact,transfers_other,true,low,keyword rule 'NON.?DEPARTMENTAL'
in_fund,ARP - AMERICAN RESCUE PLAN,exact,transfers_other,true,low,keyword rule 'NON.?DEPARTMENTAL'
in_fund,ARP AMERICAN RESCUE PLAN,exact,transfers_other,true,low,keyword rule 'NON.?DEPARTMENTAL'
in_fund,ARP CLFR GRANT,exact,transfers_other,true,low,keyword rule 'NON.?DEPARTMENTAL'
in_fund,ARP CLFRGF,exact,transfers_other,true,low,keyword rule 'NON.?DEPARTMENTAL'
in_fund,ARP CORONA LOCAL FISCAL REC. FUND,exact,transfers_other,true,low,keyword rule 'NON.?DEPARTMENTAL'
in_fund,ARP CORONA REL. FUND,exact,transfers_other,true,low,keyword rule 'NON.?DEPARTMENTAL'
in_fund,ARP CORONAVIRUS,exact,transfers_other,true,low,keyword rule 'NON.?DEPARTMENTAL'
in_fund,ARP CORONAVIRUS FISCAL RECOVERY FUND,exact,transfers_other,true,low,keyword rule 'NON.?DEPARTMENTAL'
in_fund,ARP CORONAVIRUS GRANT,exact,transfers_other,true,low,keyword rule 'NON.?DEPARTMENTAL'
in_fund,ARP CORONAVIRUS LOCAL FISCAL REC,exact,transfers_other,true,low,keyword rule 'NON.?DEPARTMENTAL'
in_fund,ARP CORONAVIRUS LOCAL FISCAL RECOVERY,exact,transfers_other,true,low,keyword rule 'NON.?DEPARTMENTAL'
in_fund,ARP CORONAVIRUS LOCAL FISCAL RECOVERY FUND,exact,transfers_other,true,low,keyword rule 'NON.?DEPARTMENTAL'
in_fund,ARP CORONAVIRUS LOCAL FISCAL RECOVERY FUND 176,exact,transfers_other,true,low,keyword rule 'NON.?DEPARTMENTAL'
in_fund,ARP CORONAVIRUS LOCAL FISCAL RECOVERY GRANT,exact,transfers_other,true,low,keyword rule 'NON.?DEPARTMENTAL'
in_fund,ARP CORONAVIRUS LOCAL FISCAL RECOVERY GRANT (176),exact,transfers_other,true,low,keyword rule 'NON.?DEPARTMENTAL'
in_fund,ARP CORONAVIRUS LOCAL FISCAL RECOVERY GRANT FUND,exact,transfers_other,true,low,keyword rule 'NON.?DEPARTMENTAL'
in_fund,ARP CORONAVIRUS LOCAL FISCAL RELEIF FUND,exact,transfers_other,true,low,keyword rule 'NON.?DEPARTMENTAL'
in_fund,ARP CORONAVIRUS LOCAL RELIEF,exact,transfers_other,true,low,keyword rule 'NON.?DEPARTMENTAL'
in_fund,ARP CORONAVIRUS RECOVERY,exact,transfers_other,true,low,keyword rule 'NON.?DEPARTMENTAL'
in_fund,ARP CORONAVIRUS RECOVERY FUND,exact,transfers_other,true,low,keyword rule 'NON.?DEPARTMENTAL'
in_fund,ARP CORONAVIRUS RECOVERY GRANT,exact,transfers_other,true,low,keyword rule 'NON.?DEPARTMENTAL'
in_fund,ARP CORONAVIRUS RECOVERY GRANT FUND,exact,transfers_other,true,low,keyword rule 'NON.?DEPARTMENTAL'
in_fund,ARP CORONAVIRUS RECOVERY GRANT FUND (176),exact,transfers_other,true,low,keyword rule 'NON.?DEPARTMENTAL'
in_fund,ARP CORONAVIRUS STATE AND LOCAL FISCAL RECOVERY,exact,transfers_other,true,low,keyword rule 'NON.?DEPARTMENTAL'
in_fund,ARP CORONAVISRUS LOCAL FISCAL RECOVERY FUND,exact,transfers_other,true,low,keyword rule 'NON.?DEPARTMENTAL'
in_fund,ARP CORONOVIRUS LOCAL FISC. REC,exact,transfers_other,true,low,keyword rule 'NON.?DEPARTMENTAL'
in_fund,ARP COVID LOCAL RECOVERY FUND,exact,transfers_other,true,low,keyword rule 'NON.?DEPARTMENTAL'
in_fund,ARP COVID RECOVERY,exact,transfers_other,true,low,keyword rule 'NON.?DEPARTMENTAL'
in_fund,ARP COVID-19 CORONAVIRUS LOCAL FISCAL FUND,exact,transfers_other,true,low,keyword rule 'NON.?DEPARTMENTAL'
in_fund,ARP DISTRIBUTION FUND,exact,transfers_other,true,low,keyword rule 'NON.?DEPARTMENTAL'
in_fund,ARP FISCAL RECOVERY FUND,exact,transfers_other,true,low,keyword rule 'NON.?DEPARTMENTAL'
in_fund,ARP FUND,exact,transfers_other,true,low,keyword rule 'NON.?DEPARTMENTAL'
in_fund,ARP GRANT,exact,transfers_other,true,low,keyword rule 'NON.?DEPARTMENTAL'
in_fund,ARP GRANT FUND,exact,transfers_other,true,low,keyword rule 'NON.?DEPARTMENTAL'
in_fund,ARP LOCAL FISCAL REC,exact,transfers_other,true,low,keyword rule 'NON.?DEPARTMENTAL'
in_fund,ARP RECOVERY PLAN,exact,transfers_other,true,low,keyword rule 'NON.?DEPARTMENTAL'
in_fund,ARP-CLFR FUND,exact,transfers_other,true,low,keyword rule 'NON.?DEPARTMENTAL'
in_fund,ARP-CORONAVIRUS LOCAL FISCAL RECOVERY FUND,exact,transfers_other,true,low,keyword rule 'NON.?DEPARTMENTAL'
in_fund,ARP-CORONAVIRUS LOCAL RECOVERY FUND,exact,transfers_other,true,low,keyword rule 'NON.?DEPARTMENTAL'
in_fund,ARP-CORONAVIRUS LOCAL RELIEF FUND,exact,transfers_other,true,low,keyword rule 'NON.?DEPARTMENTAL'
in_fund,ARPA,exact,transfers_other,true,low,keyword rule 'NON.?DEPARTMENTAL'
in_fund,ARPA (2257),exact,transfers_other,true,low,keyword rule 'NON.?DEPARTMENTAL'
in_fund,ARPA (AM RESCUE PLAN ACT),exact,transfers_other,true,low,keyword rule 'NON.?DEPARTMENTAL'
in_fund,ARPA (CORONAVIRUS) GRANT FUND (2404),exact,transfers_other,true,low,keyword rule 'NON.?DEPARTMENTAL'
in_fund,ARPA - CARES,exact,transfers_other,true,low,keyword rule 'NON.?DEPARTMENTAL'
in_fund,ARPA CORNA LOCAL RELIEF,exact,transfers_other,true,low,keyword rule 'NON.?DEPARTMENTAL'
in_fund,ARPA CORONAVIRUS,exact,transfers_other,true,low,keyword rule 'NON.?DEPARTMENTAL'
in_fund,ARPA CORONAVIRUS LOCAL FISCAL,exact,transfers_other,true,low,keyword rule 'NON.?DEPARTMENTAL'
in_fund,ARPA CORONAVIRUS LOCAL FISCAL RECOVERY,exact,transfers_other,true,low,keyword rule 'NON.?DEPARTMENTAL'
in_fund,ARPA CORONAVIRUS RECOVERY FUND,exact,transfers_other,true,low,keyword rule 'NON.?DEPARTMENTAL'
in_fund,ARPA COVID LOCAL FISCAL RECOVERY F176,exact,transfers_other,true,low,keyword rule 'NON.?DEPARTMENTAL'
in_fund,ARPA FISCAL GRANT,exact,transfers_other,true,low,keyword rule 'NON.?DEPARTMENTAL'
in_fund,ARPA FUND,exact,transfers_other,true,low,keyword rule 'NON.?DEPARTMENTAL'
in_fund,ARPA FUNDS,exact,transfers_other,true,low,keyword rule 'NON.?DEPARTMENTAL'
in_fund,ARPA GRANT,exact,transfers_other,true,low,keyword rule 'NON.?DEPARTMENTAL'
in_fund,ARPA GRANT FUND,exact,transfers_other,true,low,keyword rule 'NON.?DEPARTMENTAL'
in_fund,ARPA OF 2021,exact,transfers_other,true,low,keyword rule 'NON.?DEPARTMENTAL'
in_fund,ARPA RECOVERY FUND,exact,transfers_other,true,low,keyword rule 'NON.?DEPARTMENTAL'
in_fund,ARPA-COVID-19 FUND,exact,transfers_other,true,low,keyword rule 'NON.?DEPARTMENTAL'
in_fund,ARPA-STATE & LOCAL RECOVERY,exact,transfers_other,true,low,keyword rule 'NON.?DEPARTMENTAL'
in_fund,ARPA/CLFRF FUND,exact,transfers_other,true,low,keyword rule 'NON.?DEPARTMENTAL'
in_fund,ARPA/GRANT/176,exact,transfers_other,true,low,keyword rule 'NON.?DEPARTMENTAL'
in_fund,ARTS CENTER EXPANSION FUND,exact,culture_recreation,true,high,keyword rule 'PARK'
in_fund,AVIATION,exact,public_works,true,high,keyword rule 'FAA'
in_fund,AVIATION DEPRECIATION,exact,public_works,true,high,keyword rule 'FAA'
in_fund,AVIATION FUEL,exact,public_works,true,high,keyword rule 'FAA'
in_fund,AVIATION FUEL NON-REVERTING,exact,public_works,true,high,keyword rule 'FAA'
in_fund,AVIATION FUEL ROTARY,exact,public_works,true,high,keyword rule 'FAA'
in_fund,AVIATION HANGAR LOAN,exact,public_works,true,high,keyword rule 'FAA'
in_fund,AVIATION NON-REVERTING,exact,public_works,true,high,keyword rule 'FAA'
in_fund,AVIATION NRO FUND 2294,exact,public_works,true,high,keyword rule 'FAA'
in_fund,AVIATION ROTARY,exact,public_works,true,high,keyword rule 'FAA'
in_fund,AVIATION ROTARY FUEL,exact,public_works,true,high,keyword rule 'FAA'
in_fund,AVIATION/AIRPORT,exact,public_works,true,high,keyword rule 'FAA'
in_fund,BARTH COUNTY EDIT,exact,community_development,true,medium,keyword rule 'REDEVELOP'
in_fund,BEESON PARK,exact,culture_recreation,true,high,keyword rule 'PARK'
in_fund,BOND #2,exact,debt_service,true,high,keyword rule 'DEBT'
in_fund,BOND #3,exact,debt_service,true,high,keyword rule 'DEBT'
in_fund,BOND #3 PROCEEDS,exact,debt_service,true,high,keyword rule 'DEBT'
in_fund,BOND #4,exact,debt_service,true,high,keyword rule 'DEBT'
in_fund,BOND #5,exact,debt_service,true,high,keyword rule 'DEBT'
in_fund,BOND PROCEEDS,exact,debt_service,true,high,keyword rule 'DEBT'
in_fund,BOND PROCEEDS/PROJECT,exact,debt_service,true,high,keyword rule 'DEBT'
in_fund,BOND-GENERAL SINKING,exact,debt_service,true,high,keyword rule 'DEBT'
in_fund,BONDS 2020 SERIES,exact,debt_service,true,high,keyword rule 'DEBT'
in_fund,BOYD DEVELOPMENT,exact,community_development,true,medium,keyword rule 'REDEVELOP'
in_fund,BRIDGE IMPACT FEES,exact,public_works,true,high,keyword rule 'STREET'
in_fund,BROADWAY TIF,exact,community_development,true,medium,keyword rule 'REDEVELOP'
in_fund,BROOKSIDE ALLOCATION AREA,exact,community_development,true,medium,keyword rule 'REDEVELOP'
in_fund,BUILDING MAINTENANCE,exact,public_works,true,high,keyword rule 'STREET'
in_fund,BUSINESS DEVELOPMENT FUND,exact,community_development,true,medium,keyword rule 'REDEVELOP'
in_fund,BUSINESS IMPROVEMENT DISTRICT,exact,capital_projects,true,medium,keyword rule 'CUMULATIVE'
in_fund,CAPITAL HILL CEMETERY,exact,public_works,true,high,keyword rule 'STREET'
in_fund,CAPITAL IMPROVEMENT BOND,exact,debt_service,true,high,keyword rule 'DEBT'
in_fund,CAPITAL IMPROVEMENT-GENERAL,exact,capital_projects,true,medium,keyword rule 'CUMULATIVE'
in_fund,CAPITAL PROJECTS,exact,capital_projects,true,medium,keyword rule 'CUMULATIVE'
in_fund,CARDINAL CAMPUS ALLOCATION AREA FUND,exact,community_development,true,medium,keyword rule 'REDEVELOP'
in_fund,CARES ACT ARP,exact,transfers_other,true,low,keyword rule 'NON.?DEPARTMENTAL'
in_fund,CARES ACT FUND COVID-19,exact,transfers_other,true,low,keyword rule 'NON.?DEPARTMENTAL'
in_fund,CARES PROVIDER RELIEF (COVID-19),exact,transfers_other,true,low,keyword rule 'NON.?DEPARTMENTAL'
in_fund,CARMEL HOUSING AUTHORITY FUND,exact,community_development,true,medium,keyword rule 'REDEVELOP'
in_fund,CASINO,exact,community_development,true,medium,keyword rule 'REDEVELOP'
in_fund,CASINO GAMING,exact,community_development,true,medium,keyword rule 'REDEVELOP'
in_fund,CASINO GAMING GRANT,exact,community_development,true,medium,keyword rule 'REDEVELOP'
in_fund,CASINO GAMING REVENUE,exact,community_development,true,medium,keyword rule 'REDEVELOP'
in_fund,CASINO RIVERBOAT,exact,community_development,true,medium,keyword rule 'REDEVELOP'
in_fund,CASINO RIVERBOAT FUND,exact,community_development,true,medium,keyword rule 'REDEVELOP'
in_fund,CASINO RIVERBOAT SHARING,exact,community_development,true,medium,keyword rule 'REDEVELOP'
in_fund,CASINO/RIVERBOAT,exact,community_development,true,medium,keyword rule 'REDEVELOP'
in_fund,CC JACK HOPKINS SOCIAL SERVICES NR (F270) 17-42,exact,health_human_services,true,medium,keyword rule 'HEALTH'
in_fund,CDBG-COVID,exact,transfers_other,true,low,keyword rule 'NON.?DEPARTMENTAL'
in_fund,CEDIT,exact,community_development,true,medium,keyword rule 'REDEVELOP'
in_fund,CEDIT FUND,exact,community_development,true,medium,keyword rule 'REDEVELOP'
in_fund,CEDIT PARK IMPROVEMENT,exact,culture_recreation,true,high,keyword rule 'PARK'
in_fund,CEDIT-ECONOMIC DEVELOPMENT LIT,exact,community_development,true,medium,keyword rule 'REDEVELOP'
in_fund,CEDIT/INFRASTRUCTURE FUND,exact,community_development,true,medium,keyword rule 'REDEVELOP'
in_fund,CEMETERY,exact,public_works,true,high,keyword rule 'STREET'
in_fund,CEMETERY ENDOWMENT,exact,public_works,true,high,keyword rule 'STREET'
in_fund,CEMETERY EXTENSION FUND,exact,public_works,true,high,keyword rule 'STREET'
in_fund,CEMETERY NON-REVERTING CAPITAL,exact,public_works,true,high,keyword rule 'STREET'
in_fund,CEMETERY OUTSIDE MUNICIPALITY,exact,public_works,true,high,keyword rule 'STREET'
in_fund,CEMETERY PERM,exact,public_works,true,high,keyword rule 'STREET'
in_fund,CEMETERY PERPETUAL CARE,exact,public_works,true,high,keyword rule 'STREET'
in_fund,CEMETERY TRUST,exact,public_works,true,high,keyword rule 'STREET'
in_fund,CEMETERY/PERPETUAL CARE,exact,public_works,true,high,keyword rule 'STREET'
in_fund,CENTER TOWNSHIP FIRE DEPT.,exact,public_safety,true,high,keyword rule 'POLICE'
in_fund,CENTRAL SERVICES CAPITAL,exact,capital_projects,true,medium,keyword rule 'CUMULATIVE'
in_fund,CENTURY CENTER CAPITAL,exact,capital_projects,true,medium,keyword rule 'CUMULATIVE'
in_fund,CENTURY CENTER ENERGY CONSERVATION DEBT SVC,exact,debt_service,true,high,keyword rule 'DEBT'
in_fund,CERTIFIED TECH PARK,exact,culture_recreation,true,high,keyword rule 'PARK'
in_fund,CERTIFIED TECHNOLOGY PARK,exact,culture_recreation,true,high,keyword rule 'PARK'
in_fund,CERTIFIED TECHOLOGY PARK,exact,culture_recreation,true,high,keyword rule 'PARK'
in_fund,CHET'S PARK,exact,culture_recreation,true,high,keyword rule 'PARK'
in_fund,CINERGY REDEVELOPMENT,exact,community_development,true,medium,keyword rule 'REDEVELOP'
in_fund,CITY BLDG PROJ SINKING,exact,debt_service,true,high,keyword rule 'DEBT'
in_fund,CITY COURT PROGRAMS,exact,general_government,true,medium,keyword rule 'COURT'
in_fund,CITY COURT USER FEES FUND,exact,general_government,true,medium,keyword rule 'COURT'
in_fund,CITY COURT USER FUND,exact,general_government,true,medium,keyword rule 'COURT'
in_fund,CITY HALL NON-REV,exact,general_government,true,medium,keyword rule 'COURT'
in_fund,CITY IMPROVEMENT FUND (SERV. CHARGE),exact,capital_projects,true,medium,keyword rule 'CUMULATIVE'
in_fund,CITY LAW ENFORCEMENT AID FUND,exact,general_government,true,medium,keyword rule 'COURT'
in_fund,CITY PARK DONATIONS,exact,culture_recreation,true,high,keyword rule 'PARK'
in_fund,CITY SPONSORED SPECIAL EVENTS FUND,exact,culture_recreation,true,high,keyword rule 'PARK'
in_fund,CITY TRANSPORTATION,exact,public_works,true,high,keyword rule 'STREET'
in_fund,CIVIC CENTER,exact,culture_recreation,true,high,keyword rule 'PARK'
in_fund,CIVIC PARK DEVELOPMENT FUND,exact,culture_recreation,true,high,keyword rule 'PARK'
in_fund,CIVIL CITY CAPITAL PROJECTS RESERVE,exact,capital_projects,true,medium,keyword rule 'CUMULATIVE'
in_fund,CLERK RECORD PERP. FUND,exact,general_government,true,medium,keyword rule 'COURT'
in_fund,CLERK RECORD PERPETUATION,exact,general_government,true,medium,keyword rule 'COURT'
in_fund,CLERK RECORD PERPETUATION FUND,exact,general_government,true,medium,keyword rule 'COURT'
in_fund,CLERK'S PERPETUAL,exact,general_government,true,medium,keyword rule 'COURT'
in_fund,CLERK'S PERPETUATION,exact,general_government,true,medium,keyword rule 'COURT'
in_fund,CLERK'S PERPETUATION FUND,exact,general_government,true,medium,keyword rule 'COURT'
in_fund,CLERK'S RECORD PERPETUAL FUND,exact,general_government,true,medium,keyword rule 'COURT'
in_fund,CLERK'S RECORD PERPETUATION,exact,general_government,true,medium,keyword rule 'COURT'
in_fund,CLERKS  RECORD PERPETUATION N/R,exact,general_government,true,medium,keyword rule 'COURT'
in_fund,CLERKS RECORD PERPETUATION,exact,general_government,true,medium,keyword rule 'COURT'
in_fund,CODE ENFORCEMENT,exact,public_safety,true,high,keyword rule 'POLICE'
in_fund,COIT SPECIAL DISTRIBUTION,exact,transfers_other,true,low,keyword rule 'LOIT'
in_fund,COIT SPECIAL DISTRIBUTION - 0075,exact,transfers_other,true,low,keyword rule 'LOIT'
in_fund,COMMERCE PARK BOND & INTEREST,exact,debt_service,true,high,keyword rule 'B ?& ?I'
in_fund,COMMERCIAL/RETAIL FACADE IMPROVEMENT,exact,capital_projects,true,medium,keyword rule 'CUMULATIVE'
in_fund,COMMONS OPERATING/CAPITAL FUND,exact,capital_projects,true,medium,keyword rule 'CUMULATIVE'
in_fund,COMMUNICATIONS CENTER,exact,public_safety,true,high,keyword rule 'POLICE'
in_fund,COMMUNITY CENTER,exact,culture_recreation,true,high,keyword rule 'PARK'
in_fund,COMMUNITY CENTER & PARK,exact,culture_recreation,true,high,keyword rule 'PARK'
in_fund,COMMUNITY CENTER FUND,exact,culture_recreation,true,high,keyword rule 'PARK'
in_fund,COMMUNITY CENTER GIFT FUND,exact,culture_recreation,true,high,keyword rule 'PARK'
in_fund,COMMUNITY CROSSING,exact,public_works,true,high,keyword rule 'COMMUNITY CROSSING'
in_fund,COMMUNITY CROSSING GRANT,exact,public_works,true,high,keyword rule 'COMMUNITY CROSSING'
in_fund,COMMUNITY CROSSING GRANT FUND,exact,public_works,true,high,keyword rule 'COMMUNITY CROSSING'
in_fund,COMMUNITY CROSSING MATCHING GRANT,exact,public_works,true,high,keyword rule 'COMMUNITY CROSSING'
in_fund,COMMUNITY CROSSING MATCHING GRANT 2022,exact,public_works,true,high,keyword rule 'COMMUNITY CROSSING'
in_fund,COMMUNITY CROSSING MATCHING GRANT 2023,exact,public_works,true,high,keyword rule 'COMMUNITY CROSSING'
in_fund,COMMUNITY CROSSING MATCHING GRANT 2024,exact,public_works,true,high,keyword rule 'COMMUNITY CROSSING'
in_fund,COMMUNITY CROSSING MATCHING GRANT 2025,exact,public_works,true,high,keyword rule 'COMMUNITY CROSSING'
in_fund,COMMUNITY CROSSING MATCHING GRANT 2026,exact,public_works,true,high,keyword rule 'COMMUNITY CROSSING'
in_fund,COMMUNITY CROSSING MATCHING GRANT PROGRAM,exact,public_works,true,high,keyword rule 'COMMUNITY CROSSING'
in_fund,COMMUNITY CROSSINGS,exact,public_works,true,high,keyword rule 'COMMUNITY CROSSINGS'
in_fund,COMMUNITY CROSSINGS GRANT,exact,public_works,true,high,keyword rule 'COMMUNITY CROSSINGS'
in_fund,COMMUNITY CROSSINGS GRANT FUND,exact,public_works,true,high,keyword rule 'COMMUNITY CROSSINGS'
in_fund,COMMUNITY CROSSINGS GRANT MATCH,exact,public_works,true,high,keyword rule 'COMMUNITY CROSSINGS'
in_fund,COMMUNITY CROSSINGS MATCHING GRANT,exact,public_works,true,high,keyword rule 'COMMUNITY CROSSINGS'
in_fund,COMMUNITY DEVELOPMENT,exact,community_development,true,medium,keyword rule 'REDEVELOP'
in_fund,COMMUNITY DEVELOPMENT BLOCK GRANT,exact,community_development,true,medium,keyword rule 'REDEVELOP'
in_fund,COMMUNITY DEVELOPMENT CDBG-CV,exact,community_development,true,medium,keyword rule 'REDEVELOP'
in_fund,COMMUNITY DEVELOPMENT FUND HR 3,exact,community_development,true,medium,keyword rule 'REDEVELOP'
in_fund,COMMUNITY DEVELOPMENT- CDBG,exact,community_development,true,medium,keyword rule 'REDEVELOP'
in_fund,COMMUNITY EVENTS,exact,culture_recreation,true,high,keyword rule 'PARK'
in_fund,COMMUNITY IMPROVEMENT,exact,capital_projects,true,medium,keyword rule 'CUMULATIVE'
in_fund,COMMUNITY PLAY PARK,exact,culture_recreation,true,high,keyword rule 'PARK'
in_fund,COMMUNITY SERVICES,exact,community_development,true,low,keyword rule 'COMMUNITY SERVICES'
in_fund,COMMUNITY SERVICES - ARP,exact,transfers_other,true,low,keyword rule 'NON.?DEPARTMENTAL'
in_fund,COMMUNUNITY FOUNDATION - POLICE DONATION FUND,exact,public_safety,true,high,keyword rule 'POLICE'
in_fund,COMPUTER TRAINING CENTER,exact,general_government,true,medium,keyword rule 'COURT'
in_fund,CONSTRUCTION,exact,capital_projects,true,medium,keyword rule 'CUMULATIVE'
in_fund,CONSTRUCTION 2021 GO,exact,debt_service,true,high,keyword rule 'DEBT'
in_fund,CONSTRUCTION 2022,exact,capital_projects,true,medium,keyword rule 'CUMULATIVE'
in_fund,CONTINUING EDUCATION,exact,education,true,medium,keyword rule 'CONTINUING EDUCATION'
in_fund,CONTINUING LAW ED,exact,general_government,true,medium,keyword rule 'COURT'
in_fund,CONVERSE TRAIL CONSTRUCTION,exact,culture_recreation,true,high,keyword rule 'PARK'
in_fund,CORONAVIRUS LOCAL RECOVERY FUND- ARPA,exact,transfers_other,true,low,keyword rule 'NON.?DEPARTMENTAL'
in_fund,CORPORATION BOND (BOND #2 PROCEEDS),exact,debt_service,true,high,keyword rule 'DEBT'
in_fund,CORPORATION BOND AND INTEREST,exact,debt_service,true,high,keyword rule 'B ?& ?I'
in_fund,COUNTY ECONOMIC DEVELOPMEMT INCOME TAX(CEDIT),exact,community_development,true,medium,keyword rule 'REDEVELOP'
in_fund,COUNTY WHEEL TAX,exact,public_works,true,high,keyword rule 'COMMUNITY CROSSINGS'
in_fund,COURT ADMIN FEES,exact,general_government,true,medium,keyword rule 'COURT'
in_fund,COURT CASH DUE COUNTY,exact,general_government,true,medium,keyword rule 'COURT'
in_fund,COURT CLERK'S REC PERPETUATION 236,exact,general_government,true,medium,keyword rule 'COURT'
in_fund,COURT DEFERRAL USER FEE,exact,general_government,true,medium,keyword rule 'COURT'
in_fund,COURT DOC STORAGE FEE,exact,general_government,true,medium,keyword rule 'COURT'
in_fund,COURT PROBATION,exact,general_government,true,medium,keyword rule 'COURT'
in_fund,COURT RECORD PERPETUATION,exact,general_government,true,medium,keyword rule 'COURT'
in_fund,COURT RECORD PERPETUATION FUND 068,exact,general_government,true,medium,keyword rule 'COURT'
in_fund,COURT RECORDS PERPETUATION,exact,general_government,true,medium,keyword rule 'COURT'
in_fund,COURT RECORDS PREPETUATION FUND,exact,general_government,true,medium,keyword rule 'COURT'
in_fund,COURT USER FEE (DEFERRAL/DIVERSION),exact,general_government,true,medium,keyword rule 'COURT'
in_fund,COVELESKI STADIUM CAPITAL,exact,capital_projects,true,medium,keyword rule 'CUMULATIVE'
in_fund,COVID ARPA,exact,transfers_other,true,low,keyword rule 'NON.?DEPARTMENTAL'
in_fund,COVID CARES RECOVERY ACT FUND,exact,transfers_other,true,low,keyword rule 'NON.?DEPARTMENTAL'
in_fund,COVID LOCAL FISCAL RELIEF,exact,transfers_other,true,low,keyword rule 'NON.?DEPARTMENTAL'
in_fund,COVID RECOVERY FUND,exact,transfers_other,true,low,keyword rule 'NON.?DEPARTMENTAL'
in_fund,COVID RELIEF,exact,transfers_other,true,low,keyword rule 'NON.?DEPARTMENTAL'
in_fund,CREEKSIDE TAX INCREMENT FINANCE,exact,community_development,true,medium,keyword rule 'REDEVELOP'
in_fund,CRIME PREVENTION,exact,culture_recreation,true,high,keyword rule 'PARK'
in_fund,CRIME PREVENTION / K-9,exact,culture_recreation,true,high,keyword rule 'PARK'
in_fund,CROWN POINT REDEVELOPMENT FUND,exact,community_development,true,medium,keyword rule 'REDEVELOP'
in_fund,CROWN POINT SPORTSPLEX TIF,exact,culture_recreation,true,high,keyword rule 'PARK'
in_fund,CRRSAA - AIRPORT,exact,public_works,true,high,keyword rule 'STREET'
in_fund,CUMULATIVE BRIDGE,exact,public_works,true,high,keyword rule 'STREET'
in_fund,CUMULATIVE BRIDGE & STREET,exact,public_works,true,high,keyword rule 'STREET'
in_fund,CUMULATIVE BUILDING,exact,capital_projects,true,medium,keyword rule 'CUMULATIVE'
in_fund,CUMULATIVE BUILDING & EQUIP,exact,capital_projects,true,medium,keyword rule 'CUMULATIVE'
in_fund,CUMULATIVE CAPITAL DEVELOPMENT,exact,community_development,true,medium,keyword rule 'REDEVELOP'
in_fund,CUMULATIVE CAPITAL IMP (CIG TAX),exact,capital_projects,true,medium,keyword rule 'CUMULATIVE'
in_fund,CUMULATIVE CAPITAL IMP (RATE),exact,capital_projects,true,medium,keyword rule 'CUMULATIVE'
in_fund,CUMULATIVE CHANNEL MAINTENANCE,exact,public_works,true,high,keyword rule 'STREET'
in_fund,CUMULATIVE FIRE SPECIAL,exact,public_safety,true,high,keyword rule 'POLICE'
in_fund,CUMULATIVE PARK & RECREATION,exact,culture_recreation,true,high,keyword rule 'PARK'
in_fund,CUMULATIVE POOL,exact,culture_recreation,true,high,keyword rule 'PARK'
in_fund,CUMULATIVE SEWER,exact,utilities,true,high,keyword rule 'WATER'
in_fund,CVFD CAPITAL CASH,exact,capital_projects,true,medium,keyword rule 'CUMULATIVE'
in_fund,DEBT PAYMENT,exact,debt_service,true,high,keyword rule 'DEBT'
in_fund,DEBT SERVICE,exact,debt_service,true,high,keyword rule 'DEBT'
in_fund,DEFERRAL FEES - POLICE DEPT,exact,public_safety,true,high,keyword rule 'POLICE'
in_fund,DEFERRAL FEES - TOWN COURT,exact,general_government,true,medium,keyword rule 'COURT'
in_fund,DISTRICT SOLID WASTE MANAGEMENT,exact,public_works,true,high,keyword rule 'STREET'
in_fund,DOG PARK,exact,culture_recreation,true,high,keyword rule 'PARK'
in_fund,DONATION/PARKS,exact,culture_recreation,true,high,keyword rule 'PARK'
in_fund,DOWNTOWN CONSTRUCTION & MAINTENANCE,exact,public_works,true,high,keyword rule 'STREET'
in_fund,DOWNTOWN DEVELOPMENT,exact,community_development,true,medium,keyword rule 'REDEVELOP'
in_fund,DOWNTOWN INFRASTRUCTURE LEASE (407),exact,community_development,true,medium,keyword rule 'REDEVELOP'
in_fund,DOWNTOWN REVITALIZATION,exact,community_development,true,medium,keyword rule 'REDEVELOP'
in_fund,DOWNTOWN TIF,exact,community_development,true,medium,keyword rule 'REDEVELOP'
in_fund,DRAIN IMPROVEMENT,exact,capital_projects,true,medium,keyword rule 'CUMULATIVE'
in_fund,DTR ECONOMIC DEVELOPMENT 4471,exact,community_development,true,medium,keyword rule 'REDEVELOP'
in_fund,E-911 COMMUNICATIONS (HCCC),exact,public_safety,true,high,keyword rule 'POLICE'
in_fund,E.M.S. - EQUIPMENT (DO NOT USE AFTER PAY 2023),exact,capital_projects,true,medium,keyword rule 'CUMULATIVE'
in_fund,E.M.S. - FIRE (DO NOT USE AFTER PAY 2023),exact,public_safety,true,high,keyword rule 'POLICE'
in_fund,EAST & MAIN TIF,exact,community_development,true,medium,keyword rule 'REDEVELOP'
in_fund,EAST END TIF,exact,community_development,true,medium,keyword rule 'REDEVELOP'
in_fund,EAST US 27 TIF,exact,community_development,true,medium,keyword rule 'REDEVELOP'
in_fund,EAST US 27 TIF SERIES 2021 2008,exact,community_development,true,medium,keyword rule 'REDEVELOP'
in_fund,ECONOMIC DEV,exact,community_development,true,medium,keyword rule 'REDEVELOP'
in_fund,ECONOMIC DEV ABATEMENT,exact,community_development,true,medium,keyword rule 'REDEVELOP'
in_fund,ECONOMIC DEV INCOME TAX CEDIT,exact,community_development,true,medium,keyword rule 'REDEVELOP'
in_fund,ECONOMIC DEV LOAN FUND,exact,community_development,true,medium,keyword rule 'REDEVELOP'
in_fund,ECONOMIC DEV NON-REVERTING,exact,community_development,true,medium,keyword rule 'REDEVELOP'
in_fund,ECONOMIC DEV NON-REVERTING FUND,exact,community_development,true,medium,keyword rule 'REDEVELOP'
in_fund,ECONOMIC DEV NRO FUND 2297,exact,community_development,true,medium,keyword rule 'REDEVELOP'
in_fund,ECONOMIC DEV. NON-REVERTING,exact,community_development,true,medium,keyword rule 'REDEVELOP'
in_fund,ECONOMIC DEVELOP ABATEMENT,exact,community_development,true,medium,keyword rule 'REDEVELOP'
in_fund,ECONOMIC DEVELOPMENT,exact,community_development,true,medium,keyword rule 'REDEVELOP'
in_fund,ECONOMIC DEVELOPMENT (EDIT),exact,community_development,true,medium,keyword rule 'REDEVELOP'
in_fund,ECONOMIC DEVELOPMENT ALLOCATION NONREVERTING FUND,exact,community_development,true,medium,keyword rule 'REDEVELOP'
in_fund,ECONOMIC DEVELOPMENT COMMISSION,exact,community_development,true,medium,keyword rule 'REDEVELOP'
in_fund,ECONOMIC DEVELOPMENT FUND,exact,community_development,true,medium,keyword rule 'REDEVELOP'
in_fund,ECONOMIC DEVELOPMENT INCOME TAX,exact,community_development,true,medium,keyword rule 'REDEVELOP'
in_fund,ECONOMIC DEVELOPMENT LIT,exact,community_development,true,medium,keyword rule 'REDEVELOP'
in_fund,ECONOMIC DEVELOPMENT LOAN FUND,exact,community_development,true,medium,keyword rule 'REDEVELOP'
in_fund,ECONOMIC DEVELOPMENT REVITALIZATION,exact,community_development,true,medium,keyword rule 'REDEVELOP'
in_fund,ECONOMIC DEVELOPMENT STATE GRANTS,exact,community_development,true,medium,keyword rule 'REDEVELOP'
in_fund,EDA PROJECT INDUSTRIAL PARK GRANT FUND,exact,culture_recreation,true,high,keyword rule 'PARK'
in_fund,EDDY STREET COMMONS DEBT SERVICE,exact,debt_service,true,high,keyword rule 'DEBT'
in_fund,EDIT,exact,community_development,true,medium,keyword rule 'REDEVELOP'
in_fund,EDIT (COUNTY ECONOMIC DEV INCOME TAX),exact,community_development,true,medium,keyword rule 'REDEVELOP'
in_fund,EDIT (COUNTY ECONOMIC DEVELOPMENT INCOME TAX),exact,community_development,true,medium,keyword rule 'REDEVELOP'
in_fund,EDIT - ECONOMIC DEV. INCOME TAX,exact,community_development,true,medium,keyword rule 'REDEVELOP'
in_fund,EDIT - ECONOMIC DEVELOPMENT LIT,exact,community_development,true,medium,keyword rule 'REDEVELOP'
in_fund,EDIT DOWNTOWN FACADE PROGRAM,exact,community_development,true,medium,keyword rule 'REDEVELOP'
in_fund,EDIT FUND,exact,community_development,true,medium,keyword rule 'REDEVELOP'
in_fund,EDIT RESERVE,exact,community_development,true,medium,keyword rule 'REDEVELOP'
in_fund,EDIT REVOLVING LOAN,exact,community_development,true,medium,keyword rule 'REDEVELOP'
in_fund,EMERGENCY AMBULANCE/MED SERVICES-FIRE,exact,public_safety,true,high,keyword rule 'POLICE'
in_fund,EMERGENCY MEDICAL SERVICES,exact,public_safety,true,high,keyword rule 'POLICE'
in_fund,EMERGENCY MEDICAL SERVICES CAPITAL,exact,public_safety,true,high,keyword rule 'POLICE'
in_fund,EMERGENCY MEDICAL SERVICES OPERATING,exact,public_safety,true,high,keyword rule 'POLICE'
in_fund,EMPLOYEE WELFARE BENEFIT,exact,health_human_services,true,medium,keyword rule 'HEALTH'
in_fund,EMS,exact,public_safety,true,high,keyword rule 'POLICE'
in_fund,EMS AMBULANCE REPLACEMENT,exact,public_safety,true,high,keyword rule 'POLICE'
in_fund,EMS BILLING,exact,public_safety,true,high,keyword rule 'POLICE'
in_fund,EMS EDUCATION FUND,exact,public_safety,true,high,keyword rule 'POLICE'
in_fund,EMS EQUIPMENT,exact,public_safety,true,high,keyword rule 'POLICE'
in_fund,EMS LIT,exact,public_safety,true,high,keyword rule 'POLICE'
in_fund,ENGINEERING,exact,public_works,true,high,keyword rule 'STREET'
in_fund,ENGINEERING NON-REVERTING,exact,public_works,true,high,keyword rule 'STREET'
in_fund,ENGINEERING SPECIAL PROJECTS,exact,public_works,true,high,keyword rule 'STREET'
in_fund,EQUIPMENT/VEHICLE LEASING,exact,capital_projects,true,medium,keyword rule 'CUMULATIVE'
in_fund,EVENTS,exact,culture_recreation,true,high,keyword rule 'PARK'
in_fund,EVENTS & FESTIVALS FUND,exact,culture_recreation,true,high,keyword rule 'PARK'
in_fund,EXEMPT DEBT - LAKE AND ST. JOSEPH COUNTIES ONLY,exact,debt_service,true,high,keyword rule 'DEBT'
in_fund,FAA GRANTS,exact,public_works,true,high,keyword rule 'FAA'
in_fund,FACADE IMPROVEMENT FUND,exact,capital_projects,true,medium,keyword rule 'CUMULATIVE'
in_fund,FAIRVIEW CEMETERY CAPITAL IMPROVEMENT FUND (4651),exact,public_works,true,high,keyword rule 'STREET'
in_fund,FALL FESTIVAL,exact,culture_recreation,true,high,keyword rule 'PARK'
in_fund,FEDERAL GRANT/STREETSCAPE,exact,public_works,true,high,keyword rule 'STREET'
in_fund,FESTIVAL,exact,culture_recreation,true,high,keyword rule 'PARK'
in_fund,FESTIVAL NON-REVERTING,exact,culture_recreation,true,high,keyword rule 'PARK'
in_fund,FIELDHOUSE TIF PROJECT,exact,community_development,true,medium,keyword rule 'REDEVELOP'
in_fund,FIRE & HAZMAT,exact,public_safety,true,high,keyword rule 'POLICE'
in_fund,FIRE - BENEFICENT,exact,public_safety,true,high,keyword rule 'POLICE'
in_fund,FIRE BENEFICENT,exact,public_safety,true,high,keyword rule 'POLICE'
in_fund,FIRE BLDG & EQUIP,exact,public_safety,true,high,keyword rule 'POLICE'
in_fund,FIRE BLDG MATCHING GRANT,exact,public_safety,true,high,keyword rule 'POLICE'
in_fund,FIRE BUILDING DEBT,exact,debt_service,true,high,keyword rule 'DEBT'
in_fund,FIRE CONSTRUCTION,exact,public_safety,true,high,keyword rule 'POLICE'
in_fund,FIRE CONTRIBUTION,exact,public_safety,true,high,keyword rule 'POLICE'
in_fund,FIRE DEPT EQUIPMENT,exact,public_safety,true,high,keyword rule 'POLICE'
in_fund,FIRE DEPT PROF DEV,exact,public_safety,true,high,keyword rule 'POLICE'
in_fund,FIRE DNR GRANT,exact,public_safety,true,high,keyword rule 'POLICE'
in_fund,FIRE DONATION,exact,public_safety,true,high,keyword rule 'POLICE'
in_fund,FIRE DONATION FUND,exact,public_safety,true,high,keyword rule 'POLICE'
in_fund,FIRE EQUIPMENT,exact,public_safety,true,high,keyword rule 'POLICE'
in_fund,FIRE EQUIPMENT BOND,exact,debt_service,true,high,keyword rule 'DEBT'
in_fund,FIRE EQUIPMENT DEBT,exact,debt_service,true,high,keyword rule 'DEBT'
in_fund,FIRE EQUIPMENT FUND (EQUIPMENT COSTS NOT DEBT SER,exact,debt_service,true,high,keyword rule 'DEBT'
in_fund,FIRE FIGHTING,exact,public_safety,true,high,keyword rule 'POLICE'
in_fund,FIRE GIFT,exact,public_safety,true,high,keyword rule 'POLICE'
in_fund,FIRE GRANT,exact,public_safety,true,high,keyword rule 'POLICE'
in_fund,FIRE INSPECTION NON-REVERTING,exact,public_safety,true,high,keyword rule 'POLICE'
in_fund,FIRE NON-REV AMBULANCE,exact,public_safety,true,high,keyword rule 'POLICE'
in_fund,FIRE NON-REVERT,exact,public_safety,true,high,keyword rule 'POLICE'
in_fund,FIRE NON-REVERTING,exact,public_safety,true,high,keyword rule 'POLICE'
in_fund,FIRE NON-REVERTING (4600),exact,public_safety,true,high,keyword rule 'POLICE'
in_fund,FIRE NONREVERTING,exact,public_safety,true,high,keyword rule 'POLICE'
in_fund,FIRE PENSION,exact,employee_benefits,true,high,keyword rule 'PENSION'
in_fund,FIRE PUBLIC EDUCATION,exact,public_safety,true,high,keyword rule 'POLICE'
in_fund,FIRE RISK REDUCTION GIFT,exact,public_safety,true,high,keyword rule 'POLICE'
in_fund,FIRE SERVICE FEE FUND,exact,public_safety,true,high,keyword rule 'POLICE'
in_fund,FIRE STATION DEBT (3321),exact,debt_service,true,high,keyword rule 'DEBT'
in_fund,FIRE TERRITORY FEES AND FINES,exact,public_safety,true,high,keyword rule 'POLICE'
in_fund,FIRE TERRITORY GIFT FUND - 777,exact,public_safety,true,high,keyword rule 'POLICE'
in_fund,FIRE TERRITORY GRANT FUND,exact,public_safety,true,high,keyword rule 'POLICE'
in_fund,FIRE TRAINING ACADEMY NON-REVERTING,exact,public_safety,true,high,keyword rule 'POLICE'
in_fund,FIRE TRAINING FACILITY,exact,public_safety,true,high,keyword rule 'POLICE'
in_fund,FIRE/POLICE,exact,public_safety,true,high,keyword rule 'POLICE'
in_fund,FIREARMS TRAINING,exact,public_safety,true,high,keyword rule 'POLICE'
in_fund,FIREHOUSE,exact,public_safety,true,high,keyword rule 'POLICE'
in_fund,FIREWORKS,exact,public_safety,true,high,keyword rule 'POLICE'
in_fund,FIREWORKS DONATION,exact,public_safety,true,high,keyword rule 'POLICE'
in_fund,FIREWORKS DONATIONS,exact,public_safety,true,high,keyword rule 'POLICE'
in_fund,FIREWORKS FUND,exact,public_safety,true,high,keyword rule 'POLICE'
in_fund,FLEET MAINTENANCE,exact,public_works,true,high,keyword rule 'STREET'
in_fund,FOOD & BEVERAGE,exact,transfers_other,true,low,keyword rule 'LOIT'
in_fund,FOOD & BEVERAGE FUND,exact,transfers_other,true,low,keyword rule 'LOIT'
in_fund,FOOD & BEVERAGE TAX,exact,transfers_other,true,low,keyword rule 'LOIT'
in_fund,FOOD & BEVERAGE TAX (F152),exact,transfers_other,true,low,keyword rule 'LOIT'
in_fund,FOOD & BEVERAGE TAX FUND,exact,transfers_other,true,low,keyword rule 'LOIT'
in_fund,FOOD & BEVERAGE TAX FUND 4439,exact,transfers_other,true,low,keyword rule 'LOIT'
in_fund,FOOD AND BEVERAGE,exact,transfers_other,true,low,keyword rule 'LOIT'
in_fund,FOOD AND BEVERAGE TAX,exact,transfers_other,true,low,keyword rule 'LOIT'
in_fund,FOOD AND BEVERAGE TAX RECEIPT FUND,exact,transfers_other,true,low,keyword rule 'LOIT'
in_fund,FREEDOM PARK GRANT,exact,culture_recreation,true,high,keyword rule 'PARK'
in_fund,FREEDOM PARK NON-REVERTING,exact,culture_recreation,true,high,keyword rule 'PARK'
in_fund,FUND 257 LOIT SPECIAL DISTRIBUTION,exact,transfers_other,true,low,keyword rule 'LOIT'
in_fund,G.O. BOND PROCEEDS,exact,debt_service,true,high,keyword rule 'DEBT'
in_fund,G.O. BOND PROJECT FUND,exact,debt_service,true,high,keyword rule 'DEBT'
in_fund,GAMBLING/CASINO,exact,community_development,true,medium,keyword rule 'REDEVELOP'
in_fund,GAMING,exact,transfers_other,true,low,keyword rule 'NON.?DEPARTMENTAL'
in_fund,GARBAGE,exact,public_works,true,high,keyword rule 'STREET'
in_fund,GARBAGE DEPOSIT FUND,exact,public_works,true,high,keyword rule 'STREET'
in_fund,GARBAGE FUND,exact,public_works,true,high,keyword rule 'STREET'
in_fund,GARBAGE SERVICE FUND,exact,public_works,true,high,keyword rule 'STREET'
in_fund,GATEWAY MAINTENANCE,exact,public_works,true,high,keyword rule 'STREET'
in_fund,GENERAL,exact,transfers_other,true,low,keyword rule 'GENERAL'
in_fund,GENERAL (0101),exact,transfers_other,true,low,keyword rule 'LOIT'
in_fund,GENERAL FUND,exact,transfers_other,true,low,keyword rule 'GENERAL'
in_fund,GENERAL FUND 0101,exact,transfers_other,true,low,keyword rule 'GENERAL'
in_fund,GENERAL IMPROVEMENT,exact,capital_projects,true,medium,keyword rule 'CUMULATIVE'
in_fund,GENERAL REV BOND PROJECT COSTS,exact,debt_service,true,high,keyword rule 'DEBT'
in_fund,GEORGETOWN ARP CORONAVIRUS LOCAL FISCAL RECOVERY,exact,transfers_other,true,low,keyword rule 'NON.?DEPARTMENTAL'
in_fund,GO BOND PROCEEDS,exact,debt_service,true,high,keyword rule 'DEBT'
in_fund,GO BOND PROJECT,exact,debt_service,true,high,keyword rule 'DEBT'
in_fund,GOLF,exact,culture_recreation,true,high,keyword rule 'PARK'
in_fund,GOLF CART FUND,exact,culture_recreation,true,high,keyword rule 'PARK'
in_fund,GOLF COURSE OPERATING,exact,culture_recreation,true,high,keyword rule 'PARK'
in_fund,GOLF IRRIGATION SYSTEM_NONREVERTING,exact,culture_recreation,true,high,keyword rule 'PARK'
in_fund,GOLF NON REVERTING,exact,culture_recreation,true,high,keyword rule 'PARK'
in_fund,GOLF NON-REVERTING,exact,culture_recreation,true,high,keyword rule 'PARK'
in_fund,GOLF PRO SHOP NONREVERTING FUND,exact,culture_recreation,true,high,keyword rule 'PARK'
in_fund,GOODRICH PARK TRUST,exact,culture_recreation,true,high,keyword rule 'PARK'
in_fund,GRANT SPENCER CO PARKS & REC,exact,culture_recreation,true,high,keyword rule 'PARK'
in_fund,GRANTS FIRE & POLICE,exact,public_safety,true,high,keyword rule 'POLICE'
in_fund,GRANTS/POLICE,exact,public_safety,true,high,keyword rule 'POLICE'
in_fund,HARRISON STREET & ST. ROAD 9 FUND 430,exact,public_works,true,high,keyword rule 'STREET'
in_fund,HARRISON STREET TRAIL,exact,public_works,true,high,keyword rule 'STREET'
in_fund,HAZ MAT  - FIRE,exact,public_safety,true,high,keyword rule 'POLICE'
in_fund,HAZMAT,exact,public_safety,true,high,keyword rule 'POLICE'
in_fund,HAZMAT REVENUE,exact,public_safety,true,high,keyword rule 'POLICE'
in_fund,HEALTH,exact,health_human_services,true,medium,keyword rule 'HEALTH'
in_fund,HEALTH DEPT - STATE FUNDS,exact,health_human_services,true,medium,keyword rule 'HEALTH'
in_fund,HEALTH INSURANCE,exact,employee_benefits,true,medium,keyword rule 'HEALTH INS'
in_fund,HEALTH MAINTENANCE,exact,public_works,true,high,keyword rule 'STREET'
in_fund,HEALTHY COMMUNITY OCCF,exact,health_human_services,true,medium,keyword rule 'HEALTH'
in_fund,HERITAGE MUSEUM,exact,culture_recreation,true,high,keyword rule 'PARK'
in_fund,HIGHWAY,exact,public_works,true,high,keyword rule 'STREET'
in_fund,HIGHWAY RELINQUISHMENT,exact,public_works,true,high,keyword rule 'STREET'
in_fund,HIGHWAY SPECIAL,exact,public_works,true,high,keyword rule 'STREET'
in_fund,HOBBS STATION TIF,exact,community_development,true,medium,keyword rule 'REDEVELOP'
in_fund,HOME RULE #11 POLICE DONATION FUND,exact,public_safety,true,high,keyword rule 'POLICE'
in_fund,HOME RULE #94 PLEDGE REVENUE,exact,community_development,true,medium,keyword rule 'REDEVELOP'
in_fund,HOME RULE FUND #10 - LOCAL RD & BRIDGE MATCH GRANT,exact,public_works,true,high,keyword rule 'STREET'
in_fund,HOME RULE FUND #4 - LECE,exact,community_development,true,medium,keyword rule 'REDEVELOP'
in_fund,HOME RULE FUND #5 - LOIT SPECIAL DISTRIBUTION,exact,transfers_other,true,low,keyword rule 'LOIT'
in_fund,HOME RULE FUND #6 - LIT PUBLIC SAFETY,exact,public_safety,true,high,keyword rule 'POLICE'
in_fund,HOME RULE FUND #7 - POLICE NON-REVERTING,exact,public_safety,true,high,keyword rule 'POLICE'
in_fund,HOME RULE FUND #8 - PARK DONATIONS (EQUIP ETC),exact,culture_recreation,true,high,keyword rule 'PARK'
in_fund,HOME RULE FUND - EMS - COMPTON,exact,public_safety,true,high,keyword rule 'POLICE'
in_fund,HOME RULE FUND - FIRE - COMPTON,exact,public_safety,true,high,keyword rule 'POLICE'
in_fund,HOME RULE FUND - FIREWORKS,exact,public_safety,true,high,keyword rule 'POLICE'
in_fund,HOME RULE FUND - LOIT SPECIAL DISTRIBUTION,exact,transfers_other,true,low,keyword rule 'LOIT'
in_fund,HOME RULE FUND - OPIOD UNRESTRICTED,exact,community_development,true,medium,keyword rule 'REDEVELOP'
in_fund,HOME RULE FUND - PARK DONATIONS,exact,culture_recreation,true,high,keyword rule 'PARK'
in_fund,HOME RULE FUND - REDEVELOPMENT COMMISSION,exact,community_development,true,medium,keyword rule 'REDEVELOP'
in_fund,HOME RULE FUND - TOURISM,exact,culture_recreation,true,high,keyword rule 'PARK'
in_fund,HOME-ARP,exact,transfers_other,true,low,keyword rule 'NON.?DEPARTMENTAL'
in_fund,HOME-RULE #1 CITY IMPROV FUND,exact,community_development,true,medium,keyword rule 'REDEVELOP'
in_fund,HOME-RULE #12 QUAIL CROSSING GOLF COURSE,exact,culture_recreation,true,high,keyword rule 'PARK'
in_fund,HOME-RULE #15 SIDEWALK FUND,exact,public_works,true,high,keyword rule 'STREET'
in_fund,HOME-RULE #16 LOCAL/HIGHWAY/STREETS & ROAD GRANTS,exact,public_works,true,high,keyword rule 'STREET'
in_fund,HOME-RULE #23 HAZ MAT FUND,exact,community_development,true,medium,keyword rule 'REDEVELOP'
in_fund,HOME-RULE #25 FIRE DONATION,exact,public_safety,true,high,keyword rule 'POLICE'
in_fund,HOME-RULE #6 POL PUB RELATIONS,exact,community_development,true,medium,keyword rule 'REDEVELOP'
in_fund,HOME-RULE #88 EDIT EXCESS FUND,exact,community_development,true,medium,keyword rule 'REDEVELOP'
in_fund,HOME-RULE #96 FIRE GRANT SOFTWARE,exact,public_safety,true,high,keyword rule 'POLICE'
in_fund,HOME-RULE #97 LEASE RENTAL RESERVE,exact,debt_service,true,high,keyword rule 'DEBT'
in_fund,HOME-RULE #98 MUNIC-WHEEL TAX,exact,public_works,true,high,keyword rule 'COMMUNITY CROSSINGS'
in_fund,HOME-RULE FUND #1,exact,community_development,true,medium,keyword rule 'REDEVELOP'
in_fund,HOME-RULE FUND #10,exact,community_development,true,medium,keyword rule 'REDEVELOP'
in_fund,HOME-RULE FUND #100,exact,community_development,true,medium,keyword rule 'REDEVELOP'
in_fund,HOME-RULE FUND #11,exact,community_development,true,medium,keyword rule 'REDEVELOP'
in_fund,HOME-RULE FUND #11  OPIOID RESTRICTED,exact,community_development,true,medium,keyword rule 'REDEVELOP'
in_fund,HOME-RULE FUND #12,exact,community_development,true,medium,keyword rule 'REDEVELOP'
in_fund,HOME-RULE FUND #13,exact,community_development,true,medium,keyword rule 'REDEVELOP'
in_fund,HOME-RULE FUND #14,exact,community_development,true,medium,keyword rule 'REDEVELOP'
in_fund,HOME-RULE FUND #15,exact,community_development,true,medium,keyword rule 'REDEVELOP'
in_fund,HOME-RULE FUND #16,exact,community_development,true,medium,keyword rule 'REDEVELOP'
in_fund,HOME-RULE FUND #18,exact,community_development,true,medium,keyword rule 'REDEVELOP'
in_fund,HOME-RULE FUND #19,exact,community_development,true,medium,keyword rule 'REDEVELOP'
in_fund,HOME-RULE FUND #2,exact,community_development,true,medium,keyword rule 'REDEVELOP'
in_fund,HOME-RULE FUND #2 TIF,exact,community_development,true,medium,keyword rule 'REDEVELOP'
in_fund,HOME-RULE FUND #22,exact,community_development,true,medium,keyword rule 'REDEVELOP'
in_fund,HOME-RULE FUND #24,exact,community_development,true,medium,keyword rule 'REDEVELOP'
in_fund,HOME-RULE FUND #25,exact,community_development,true,medium,keyword rule 'REDEVELOP'
in_fund,HOME-RULE FUND #29,exact,community_development,true,medium,keyword rule 'REDEVELOP'
in_fund,HOME-RULE FUND #3,exact,community_development,true,medium,keyword rule 'REDEVELOP'
in_fund,HOME-RULE FUND #3 CINERGY TIF,exact,community_development,true,medium,keyword rule 'REDEVELOP'
in_fund,HOME-RULE FUND #31,exact,community_development,true,medium,keyword rule 'REDEVELOP'
in_fund,HOME-RULE FUND #39,exact,community_development,true,medium,keyword rule 'REDEVELOP'
in_fund,HOME-RULE FUND #4,exact,community_development,true,medium,keyword rule 'REDEVELOP'
in_fund,HOME-RULE FUND #42,exact,community_development,true,medium,keyword rule 'REDEVELOP'
in_fund,HOME-RULE FUND #49 - LAW ENFORCE OPER,exact,community_development,true,medium,keyword rule 'REDEVELOP'
in_fund,HOME-RULE FUND #5,exact,community_development,true,medium,keyword rule 'REDEVELOP'
in_fund,HOME-RULE FUND #52 SCHOOL RESOURCE OFFCR,exact,community_development,true,medium,keyword rule 'REDEVELOP'
in_fund,HOME-RULE FUND #6,exact,community_development,true,medium,keyword rule 'REDEVELOP'
in_fund,HOME-RULE FUND #68,exact,community_development,true,medium,keyword rule 'REDEVELOP'
in_fund,HOME-RULE FUND #7,exact,community_development,true,medium,keyword rule 'REDEVELOP'
in_fund,HOME-RULE FUND #76,exact,community_development,true,medium,keyword rule 'REDEVELOP'
in_fund,HOME-RULE FUND #78,exact,community_development,true,medium,keyword rule 'REDEVELOP'
in_fund,HOME-RULE FUND #8,exact,community_development,true,medium,keyword rule 'REDEVELOP'
in_fund,HOME-RULE FUND #82,exact,community_development,true,medium,keyword rule 'REDEVELOP'
in_fund,HOME-RULE FUND #88,exact,community_development,true,medium,keyword rule 'REDEVELOP'
in_fund,HOME-RULE FUND #9,exact,community_development,true,medium,keyword rule 'REDEVELOP'
in_fund,HOME-RULE FUND #94,exact,community_development,true,medium,keyword rule 'REDEVELOP'
in_fund,HOME-RULE FUND #98,exact,community_development,true,medium,keyword rule 'REDEVELOP'
in_fund,HOME-RULE#24 FIRE DEPT. TRAINING,exact,public_safety,true,high,keyword rule 'POLICE'
in_fund,HOMERULE # 1 CITY IMPROVEMENT FUND,exact,community_development,true,medium,keyword rule 'REDEVELOP'
in_fund,HOMERULE #11-POL DON FUND,exact,community_development,true,medium,keyword rule 'REDEVELOP'
in_fund,HOMERULE #12-QUAIL OPERATING,exact,community_development,true,medium,keyword rule 'REDEVELOP'
in_fund,HOMERULE #98-MUNICIPAL WHEEL TAX,exact,public_works,true,high,keyword rule 'COMMUNITY CROSSINGS'
in_fund,HOMERULE - #15 SIDEWALK FUND,exact,public_works,true,high,keyword rule 'STREET'
in_fund,HOMERULE-#25 FIRE DONATION FUND,exact,public_safety,true,high,keyword rule 'POLICE'
in_fund,HOMERULE-#88 EDIT RESERVE,exact,community_development,true,medium,keyword rule 'REDEVELOP'
in_fund,HOMERULE-#97 HOMELAND SEC GRANT,exact,community_development,true,medium,keyword rule 'REDEVELOP'
in_fund,HOMERULED #16-LOCALROAD & BRIDGE MATCHING FUND,exact,public_works,true,high,keyword rule 'STREET'
in_fund,HOMERULED #24-FIRE DEPT TRAINING,exact,public_safety,true,high,keyword rule 'POLICE'
in_fund,HOMERULED #94-PLEDGE REVEN-TRANSF,exact,community_development,true,medium,keyword rule 'REDEVELOP'
in_fund,HOMERULED #96-LEASE RENTAL RESERV,exact,debt_service,true,high,keyword rule 'DEBT'
in_fund,HOMERULED - #23 HAZ MAT FUND FIRE,exact,public_safety,true,high,keyword rule 'POLICE'
in_fund,HOMERULED#6 POL PUB RELATIONS,exact,community_development,true,medium,keyword rule 'REDEVELOP'
in_fund,HOOSIER GAS FESTIVAL,exact,utilities,true,high,keyword rule 'WATER'
in_fund,HOUSING GRANT IHCDA,exact,community_development,true,medium,keyword rule 'REDEVELOP'
in_fund,HOUSING REHAB PROJECT,exact,community_development,true,medium,keyword rule 'REDEVELOP'
in_fund,HOUSING TRUST (F905)(ORD17-03),exact,community_development,true,medium,keyword rule 'REDEVELOP'
in_fund,HRH ALLOCATION AREA,exact,community_development,true,medium,keyword rule 'REDEVELOP'
in_fund,I-65 TIF AREA,exact,community_development,true,medium,keyword rule 'REDEVELOP'
in_fund,I65 WEST TIF,exact,community_development,true,medium,keyword rule 'REDEVELOP'
in_fund,I70 TIF FUND,exact,community_development,true,medium,keyword rule 'REDEVELOP'
in_fund,IHCDA PARK GRANT FUND,exact,culture_recreation,true,high,keyword rule 'PARK'
in_fund,IN FINANCE AUTHORITY IHFA,exact,general_government,true,medium,keyword rule 'COURT'
in_fund,IN HOUSING FINANCE,exact,community_development,true,medium,keyword rule 'REDEVELOP'
in_fund,INDIANA RIVER RESCUE,exact,public_safety,true,high,keyword rule 'POLICE'
in_fund,INDUSTRIAL DEVELOPMENT,exact,community_development,true,medium,keyword rule 'REDEVELOP'
in_fund,INDUSTRIAL DEVELOPMENT RLF,exact,community_development,true,medium,keyword rule 'REDEVELOP'
in_fund,INDUSTRIAL PARK EDA,exact,culture_recreation,true,high,keyword rule 'PARK'
in_fund,INDUSTRIAL REVOLVING FUND,exact,community_development,true,medium,keyword rule 'REDEVELOP'
in_fund,INFORMATION & COMMUNICATION TECHNOLOGY FUND,exact,general_government,true,medium,keyword rule 'COURT'
in_fund,INNKEEPER TAX (278),exact,transfers_other,true,low,keyword rule 'LOIT'
in_fund,INNKEEPERS,exact,transfers_other,true,low,keyword rule 'LOIT'
in_fund,INNKEEPERS TAX,exact,transfers_other,true,low,keyword rule 'LOIT'
in_fund,INSURANCE,exact,employee_benefits,true,medium,keyword rule 'HEALTH INS'
in_fund,INSURANCE NON REVERTING,exact,employee_benefits,true,medium,keyword rule 'HEALTH INS'
in_fund,INSURANCE SURPLUS NON-REVERTING,exact,employee_benefits,true,medium,keyword rule 'HEALTH INS'
in_fund,INSURANCE/DEDUCTIBLES 275,exact,employee_benefits,true,medium,keyword rule 'HEALTH INS'
in_fund,IT INTERNAL SERVICE,exact,general_government,true,medium,keyword rule 'COURT'
in_fund,IVY TECH BOND & INTEREST,exact,debt_service,true,high,keyword rule 'B ?& ?I'
in_fund,JASONVILLE REDEVELOPMENT,exact,community_development,true,medium,keyword rule 'REDEVELOP'
in_fund,JASPER UNIVERSITY HEIGHTS TIF FUND,exact,community_development,true,medium,keyword rule 'REDEVELOP'
in_fund,JEFF BLDG AUTH CAP IMPROVEMENT,exact,capital_projects,true,medium,keyword rule 'CUMULATIVE'
in_fund,JEFF BUILDING AUTHORITY CAPITAL IMPROV,exact,capital_projects,true,medium,keyword rule 'CUMULATIVE'
in_fund,JEFFERSONVILLE ANIMAL SHELTER,exact,public_safety,true,high,keyword rule 'POLICE'
in_fund,JOHNSON COUNTY EDIT,exact,community_development,true,medium,keyword rule 'REDEVELOP'
in_fund,JOINT PARK BOARD #8,exact,culture_recreation,true,high,keyword rule 'PARK'
in_fund,JOINT PARK BOARD FUND,exact,culture_recreation,true,high,keyword rule 'PARK'
in_fund,JUDICIAL SALARIES FEE FUND,exact,general_government,true,medium,keyword rule 'COURT'
in_fund,JUDICIAL SALARY FEE FUND,exact,general_government,true,medium,keyword rule 'COURT'
in_fund,KROGER PACE DAIRY TIF,exact,community_development,true,medium,keyword rule 'REDEVELOP'
in_fund,LAKE COUNTY CEDIT,exact,community_development,true,medium,keyword rule 'REDEVELOP'
in_fund,LAKE COUNTY PUBLIC SAFETY,exact,public_safety,true,high,keyword rule 'POLICE'
in_fund,LAKE COUNTY SOLID WASTE,exact,public_works,true,high,keyword rule 'STREET'
in_fund,LAPORTE STREET FOOTBRIDGE,exact,public_works,true,high,keyword rule 'STREET'
in_fund,LAW CONT ED,exact,general_government,true,medium,keyword rule 'COURT'
in_fund,LAW CONTINUING EDUCATION,exact,education,true,medium,keyword rule 'CONTINUING EDUCATION'
in_fund,LAW ENF CONT ED,exact,general_government,true,medium,keyword rule 'COURT'
in_fund,LAW ENF CONT EDUC,exact,general_government,true,medium,keyword rule 'COURT'
in_fund,LAW ENFORCE CONT. ED,exact,general_government,true,medium,keyword rule 'COURT'
in_fund,LAW ENFORCEMENT,exact,general_government,true,medium,keyword rule 'COURT'
in_fund,LAW ENFORCEMENT - COUNTY COURT,exact,general_government,true,medium,keyword rule 'COURT'
in_fund,LAW ENFORCEMENT AID,exact,general_government,true,medium,keyword rule 'COURT'
in_fund,LAW ENFORCEMENT AID FUND,exact,general_government,true,medium,keyword rule 'COURT'
in_fund,LAW ENFORCEMENT CON'T ED,exact,general_government,true,medium,keyword rule 'COURT'
in_fund,LAW ENFORCEMENT CONT ED,exact,general_government,true,medium,keyword rule 'COURT'
in_fund,LAW ENFORCEMENT CONT ED (2228),exact,general_government,true,medium,keyword rule 'COURT'
in_fund,LAW ENFORCEMENT CONT ED (LECE),exact,general_government,true,medium,keyword rule 'COURT'
in_fund,LAW ENFORCEMENT CONT EDUCATION,exact,general_government,true,medium,keyword rule 'COURT'
in_fund,LAW ENFORCEMENT CONT. ED.,exact,general_government,true,medium,keyword rule 'COURT'
in_fund,LAW ENFORCEMENT CONT. ED. FUND 233,exact,general_government,true,medium,keyword rule 'COURT'
in_fund,LAW ENFORCEMENT CONTINUE EDUCATION,exact,general_government,true,medium,keyword rule 'COURT'
in_fund,LAW ENFORCEMENT CONTINUED EDUCATION,exact,general_government,true,medium,keyword rule 'COURT'
in_fund,LAW ENFORCEMENT CONTINUING ED,exact,general_government,true,medium,keyword rule 'COURT'
in_fund,LAW ENFORCEMENT CONTINUING EDUCATION,exact,education,true,medium,keyword rule 'CONTINUING EDUCATION'
in_fund,LAW ENFORCEMENT PUBLIC SAFETY,exact,public_safety,true,high,keyword rule 'POLICE'
in_fund,LAW ENFORCEMENT RECORDING FEE,exact,general_government,true,medium,keyword rule 'COURT'
in_fund,LAW ENFORCEMENT TRAINING,exact,general_government,true,medium,keyword rule 'COURT'
in_fund,LAW ENFORCEMENT TRAINING (233),exact,general_government,true,medium,keyword rule 'COURT'
in_fund,LAW ENFORCEMENT TRAINING (LECE),exact,general_government,true,medium,keyword rule 'COURT'
in_fund,LAW ENFORCEMENT TRAINING FUND,exact,general_government,true,medium,keyword rule 'COURT'
in_fund,LAWRENCEBURG REDEVELOPMENT,exact,community_development,true,medium,keyword rule 'REDEVELOP'
in_fund,LEASE RENTAL PAYMENT,exact,debt_service,true,high,keyword rule 'DEBT'
in_fund,LEASE RENTAL PAYMENT EXEMPT FROM CIRCUIT BREAKERS,exact,transfers_other,false,high,keyword rule 'PROPERTY TAX CAP'
in_fund,LEASE RENTAL PAYMENTS,exact,debt_service,true,high,keyword rule 'DEBT'
in_fund,LEASE RENTAL RESERVE,exact,debt_service,true,high,keyword rule 'DEBT'
in_fund,LECE - LAW ENFORCEMENT CONTINUING EDUCATION,exact,education,true,medium,keyword rule 'CONTINUING EDUCATION'
in_fund,LECE - LOCAL LAW ENFORCEMENT CONT. EDUCATION,exact,general_government,true,medium,keyword rule 'COURT'
in_fund,LECE - LOCAL LAW ENFORCEMENT CONTINUING ED.,exact,general_government,true,medium,keyword rule 'COURT'
in_fund,LEGION-REPAIRS AND MAINTENANCE,exact,public_works,true,high,keyword rule 'STREET'
in_fund,LFR-ARP GRANT (STATE),exact,transfers_other,true,low,keyword rule 'NON.?DEPARTMENTAL'
in_fund,LIABILITY AND PROPERTY INSURANCE,exact,employee_benefits,true,medium,keyword rule 'HEALTH INS'
in_fund,LIABILITY INSURANCE,exact,employee_benefits,true,medium,keyword rule 'HEALTH INS'
in_fund,LIBRARY (NON-LIBRARY UNIT),exact,culture_recreation,true,high,keyword rule 'PARK'
in_fund,LIBRARY FUND,exact,culture_recreation,true,high,keyword rule 'PARK'
in_fund,LIT - ECONOMIC DEVELOPMENT,exact,community_development,true,medium,keyword rule 'REDEVELOP'
in_fund,LIT - PUBLIC SAFETY,exact,public_safety,true,high,keyword rule 'POLICE'
in_fund,LIT COMMUNITY DEVELOPMENT FUND,exact,community_development,true,medium,keyword rule 'REDEVELOP'
in_fund,LIT ECONOMIC DEVELOPMENT,exact,community_development,true,medium,keyword rule 'REDEVELOP'
in_fund,LIT EMS PUBLIC SAFETY,exact,public_safety,true,high,keyword rule 'POLICE'
in_fund,LIT FIRE PUBLIC SAFETY,exact,public_safety,true,high,keyword rule 'POLICE'
in_fund,LIT POLICE PUBLIC SAFETY,exact,public_safety,true,high,keyword rule 'POLICE'
in_fund,LIT PUBLIC SAFETY,exact,public_safety,true,high,keyword rule 'POLICE'
in_fund,LIT PUBLIC SAFETY FUND,exact,public_safety,true,high,keyword rule 'POLICE'
in_fund,LIT PUBLIC SAFETY HR51,exact,public_safety,true,high,keyword rule 'POLICE'
in_fund,LIT/PUBLIC SAFETY,exact,public_safety,true,high,keyword rule 'POLICE'
in_fund,LLEC POLICE,exact,public_safety,true,high,keyword rule 'POLICE'
in_fund,LOAN & INTEREST PAYMENT,exact,debt_service,true,high,keyword rule 'DEBT'
in_fund,LOCAL CONTINUING EDUCATION,exact,education,true,medium,keyword rule 'CONTINUING EDUCATION'
in_fund,LOCAL DEVELOPMENT AGREEMENT,exact,community_development,true,medium,keyword rule 'REDEVELOP'
in_fund,LOCAL DEVELOPMENT FUND,exact,community_development,true,medium,keyword rule 'REDEVELOP'
in_fund,LOCAL ECONOMIC DEV FUND 2413,exact,community_development,true,medium,keyword rule 'REDEVELOP'
in_fund,LOCAL INCOME TAX,exact,transfers_other,true,low,keyword rule 'NON.?DEPARTMENTAL'
in_fund,LOCAL INCOME TAX - PUBLIC SAFETY,exact,transfers_other,true,low,keyword rule 'NON.?DEPARTMENTAL'
in_fund,LOCAL INCOME TAX PUBLIC SAFETY,exact,transfers_other,true,low,keyword rule 'NON.?DEPARTMENTAL'
in_fund,LOCAL LAW,exact,general_government,true,medium,keyword rule 'COURT'
in_fund,LOCAL LAW CONT,exact,general_government,true,medium,keyword rule 'COURT'
in_fund,LOCAL LAW CONT ED,exact,general_government,true,medium,keyword rule 'COURT'
in_fund,LOCAL LAW CONT EDUCATION,exact,general_government,true,medium,keyword rule 'COURT'
in_fund,LOCAL LAW CONTINUING EDUCATION,exact,education,true,medium,keyword rule 'CONTINUING EDUCATION'
in_fund,LOCAL LAW EDUCATION LLE,exact,general_government,true,medium,keyword rule 'COURT'
in_fund,LOCAL LAW ENF CONT ED,exact,general_government,true,medium,keyword rule 'COURT'
in_fund,LOCAL LAW ENF CONT EDUC,exact,general_government,true,medium,keyword rule 'COURT'
in_fund,LOCAL LAW ENFORCEMENT,exact,general_government,true,medium,keyword rule 'COURT'
in_fund,LOCAL LAW ENFORCEMENT CONT ED,exact,general_government,true,medium,keyword rule 'COURT'
in_fund,LOCAL LAW ENFORCEMENT CONT. ED,exact,general_government,true,medium,keyword rule 'COURT'
in_fund,LOCAL LAW ENFORCEMENT CONT. ED.,exact,general_government,true,medium,keyword rule 'COURT'
in_fund,LOCAL LAW ENFORCEMENT CONTINUED EDUC. 029,exact,general_government,true,medium,keyword rule 'COURT'
in_fund,LOCAL LAW ENFORCEMENT CONTINUING ED,exact,general_government,true,medium,keyword rule 'COURT'
in_fund,LOCAL LAW ENFORCEMENT CONTINUING EDUCATION,exact,education,true,medium,keyword rule 'CONTINUING EDUCATION'
in_fund,LOCAL LAW ENFORCEMENT CONTINUING EDUCATION FUND,exact,education,true,medium,keyword rule 'CONTINUING EDUCATION'
in_fund,LOCAL OPTION INCOME TAX PUBLIC SAFETY,exact,public_safety,true,high,keyword rule 'POLICE'
in_fund,LOCAL OPTION INCOME TAX(LOIT) PUBLIC SAFETY,exact,transfers_other,true,low,keyword rule 'LOIT'
in_fund,LOCAL POLICE CONTINUING ED,exact,public_safety,true,high,keyword rule 'POLICE'
in_fund,LOCAL POLICE CONTINUING EDUCATION FUND,exact,education,true,medium,keyword rule 'CONTINUING EDUCATION'
in_fund,LOCAL PUBLIC SAFETY,exact,public_safety,true,high,keyword rule 'POLICE'
in_fund,LOCAL PUBLIC SAFETY FUND,exact,public_safety,true,high,keyword rule 'POLICE'
in_fund,LOCAL RD & BRIDGE 18,exact,public_works,true,high,keyword rule 'STREET'
in_fund,LOCAL RD & BRIDGE GRANT 2022,exact,public_works,true,high,keyword rule 'STREET'
in_fund,LOCAL RD & BRIDGE GRANT 2023,exact,public_works,true,high,keyword rule 'STREET'
in_fund,LOCAL RD & BRIDGE GRANT 2025,exact,public_works,true,high,keyword rule 'STREET'
in_fund,LOCAL RD & BRIDGE MATCHING GRANT,exact,public_works,true,high,keyword rule 'STREET'
in_fund,LOCAL RD & BRIDGE/CCMG,exact,public_works,true,high,keyword rule 'STREET'
in_fund,LOCAL RD BRIDGE MATCHING GRANT,exact,public_works,true,high,keyword rule 'STREET'
in_fund,LOCAL RD. & BRIDGE GRANT 2024,exact,public_works,true,high,keyword rule 'STREET'
in_fund,LOCAL RD/STREET MATCH GRANT FUND,exact,public_works,true,high,keyword rule 'STREET'
in_fund,LOCAL ROAD & BRIDGE 19,exact,public_works,true,high,keyword rule 'STREET'
in_fund,LOCAL ROAD & BRIDGE 21,exact,public_works,true,high,keyword rule 'STREET'
in_fund,LOCAL ROAD & BRIDGE CCMG,exact,public_works,true,high,keyword rule 'STREET'
in_fund,LOCAL ROAD & BRIDGE FUND,exact,public_works,true,high,keyword rule 'STREET'
in_fund,LOCAL ROAD & BRIDGE GRANT,exact,public_works,true,high,keyword rule 'STREET'
in_fund,LOCAL ROAD & BRIDGE GRANT FUND,exact,public_works,true,high,keyword rule 'STREET'
in_fund,LOCAL ROAD & BRIDGE GRANT MATCHING FUND,exact,public_works,true,high,keyword rule 'STREET'
in_fund,LOCAL ROAD & BRIDGE MATCH,exact,public_works,true,high,keyword rule 'STREET'
in_fund,LOCAL ROAD & BRIDGE MATCH GRANT,exact,public_works,true,high,keyword rule 'STREET'
in_fund,LOCAL ROAD & BRIDGE MATCH GRANT FUND,exact,public_works,true,high,keyword rule 'STREET'
in_fund,LOCAL ROAD & BRIDGE MATCHING,exact,public_works,true,high,keyword rule 'STREET'
in_fund,LOCAL ROAD & BRIDGE MATCHING FUND,exact,public_works,true,high,keyword rule 'STREET'
in_fund,LOCAL ROAD & BRIDGE MATCHING GR,exact,public_works,true,high,keyword rule 'STREET'
in_fund,LOCAL ROAD & BRIDGE MATCHING GRANT,exact,public_works,true,high,keyword rule 'STREET'
in_fund,LOCAL ROAD & BRIDGE MATCHING GRANT #1,exact,public_works,true,high,keyword rule 'STREET'
in_fund,LOCAL ROAD & BRIDGE MATCHING GRANT FUND,exact,public_works,true,high,keyword rule 'STREET'
in_fund,LOCAL ROAD & BRIDGE MATCHING GRANT(451),exact,public_works,true,high,keyword rule 'STREET'
in_fund,LOCAL ROAD & STREET,exact,public_works,true,high,keyword rule 'STREET'
in_fund,LOCAL ROAD AND BRIDGE,exact,public_works,true,high,keyword rule 'STREET'
in_fund,LOCAL ROAD AND BRIDGE COMMUNITY CROSSINGS GRANT,exact,public_works,true,high,keyword rule 'COMMUNITY CROSSINGS'
in_fund,LOCAL ROAD AND BRIDGE GRANT,exact,public_works,true,high,keyword rule 'STREET'
in_fund,LOCAL ROAD AND BRIDGE GRANT FUND,exact,public_works,true,high,keyword rule 'STREET'
in_fund,LOCAL ROAD AND BRIDGE MATCHING,exact,public_works,true,high,keyword rule 'STREET'
in_fund,LOCAL ROAD AND BRIDGE MATCHING GRANT,exact,public_works,true,high,keyword rule 'STREET'
in_fund,LOCAL ROAD AND BRIDGE MATCHING GRANT FUND,exact,public_works,true,high,keyword rule 'STREET'
in_fund,LOCAL ROAD AND BRIDGE MGF,exact,public_works,true,high,keyword rule 'STREET'
in_fund,LOCAL ROAD AND BRIDGES MATCH - TOWN PORTION,exact,public_works,true,high,keyword rule 'STREET'
in_fund,LOCAL ROAD MATCHING GRANT FUND,exact,public_works,true,high,keyword rule 'STREET'
in_fund,LOCAL ROAD/BRIDGE MATCHING GRAND FUND,exact,public_works,true,high,keyword rule 'STREET'
in_fund,LOCAL ROADS & BRIDGES MATCHING GRANT,exact,public_works,true,high,keyword rule 'STREET'
in_fund,LOIT,exact,transfers_other,true,low,keyword rule 'LOIT'
in_fund,LOIT - LOCAL OPTION INCOME TAX,exact,transfers_other,true,low,keyword rule 'LOIT'
in_fund,LOIT - PUBLIC SAFETY,exact,transfers_other,true,low,keyword rule 'LOIT'
in_fund,LOIT - SD 257,exact,transfers_other,true,low,keyword rule 'LOIT'
in_fund,LOIT - SPECIAL DISTRIBUTION,exact,transfers_other,true,low,keyword rule 'LOIT'
in_fund,LOIT - SPECIAL MVH DISTRIBUTION,exact,transfers_other,true,low,keyword rule 'LOIT'
in_fund,LOIT 2016 SPECIAL DIST.,exact,transfers_other,true,low,keyword rule 'LOIT'
in_fund,LOIT 2016 SPECIAL DISTRIBUTION,exact,transfers_other,true,low,keyword rule 'LOIT'
in_fund,LOIT CEDIT,exact,transfers_other,true,low,keyword rule 'LOIT'
in_fund,LOIT FOR PUBLIC SAFETY,exact,transfers_other,true,low,keyword rule 'LOIT'
in_fund,LOIT FUND,exact,transfers_other,true,low,keyword rule 'LOIT'
in_fund,LOIT FUND 257,exact,transfers_other,true,low,keyword rule 'LOIT'
in_fund,LOIT PS,exact,transfers_other,true,low,keyword rule 'LOIT'
in_fund,LOIT PUB SAFETY,exact,transfers_other,true,low,keyword rule 'LOIT'
in_fund,LOIT PUBLIC SAFETY,exact,transfers_other,true,low,keyword rule 'LOIT'
in_fund,LOIT PUBLIC SAFETY (249),exact,transfers_other,true,low,keyword rule 'LOIT'
in_fund,LOIT PUBLIC SAFETY FUND,exact,transfers_other,true,low,keyword rule 'LOIT'
in_fund,LOIT REVENUE 2019 DEBT SERVICE RESERVE,exact,transfers_other,true,low,keyword rule 'LOIT'
in_fund,LOIT REVENUE BOND 2019 DEBT SERVICE FUND,exact,transfers_other,true,low,keyword rule 'LOIT'
in_fund,LOIT SEA 67,exact,transfers_other,true,low,keyword rule 'LOIT'
in_fund,LOIT SP FUND 257,exact,transfers_other,true,low,keyword rule 'LOIT'
in_fund,LOIT SPECIAL DIST,exact,transfers_other,true,low,keyword rule 'LOIT'
in_fund,LOIT SPECIAL DISTIBUTION,exact,transfers_other,true,low,keyword rule 'LOIT'
in_fund,LOIT SPECIAL DISTRIBUTIOIN,exact,transfers_other,true,low,keyword rule 'LOIT'
in_fund,LOIT SPECIAL DISTRIBUTION,exact,transfers_other,true,low,keyword rule 'LOIT'
in_fund,LOIT SPECIAL DISTRIBUTION - SEA 67,exact,transfers_other,true,low,keyword rule 'LOIT'
in_fund,LOIT SPECIAL DISTRIBUTION 2016,exact,transfers_other,true,low,keyword rule 'LOIT'
in_fund,LOIT SPECIAL DISTRIBUTION 257,exact,transfers_other,true,low,keyword rule 'LOIT'
in_fund,LOIT SPECIAL DISTRIBUTION FUND (257),exact,transfers_other,true,low,keyword rule 'LOIT'
in_fund,LOIT SPECIAL DISTRIBUTION FUND 257,exact,transfers_other,true,low,keyword rule 'LOIT'
in_fund,LOIT SPECIAL DISTRIBUTION SEA 67,exact,transfers_other,true,low,keyword rule 'LOIT'
in_fund,LOIT SPECIAL DISTRUBTION,exact,transfers_other,true,low,keyword rule 'LOIT'
in_fund,LOIT SPECIAL SEA DISTRIBUTION,exact,transfers_other,true,low,keyword rule 'LOIT'
in_fund,LOIT-PUBLIC SAFETY,exact,transfers_other,true,low,keyword rule 'LOIT'
in_fund,LOIT-PUBLIC SAFETY FUND,exact,transfers_other,true,low,keyword rule 'LOIT'
in_fund,LOIT-PUBLIC SAFETY-FIRE,exact,transfers_other,true,low,keyword rule 'LOIT'
in_fund,LOIT-PUBLIC SAFETY-POLICE,exact,transfers_other,true,low,keyword rule 'LOIT'
in_fund,LOIT-SPECIAL DISTRIBUTION,exact,transfers_other,true,low,keyword rule 'LOIT'
in_fund,LOT 41 PROJECT,exact,capital_projects,true,medium,keyword rule 'CUMULATIVE'
in_fund,MAIN STREET GRANT,exact,public_works,true,high,keyword rule 'STREET'
in_fund,MAIN STREET GRANTS FUND HR 12,exact,public_works,true,high,keyword rule 'STREET'
in_fund,MAIN STREET PROJECT,exact,public_works,true,high,keyword rule 'STREET'
in_fund,MAIN STREET SUSTAINABILITY,exact,public_works,true,high,keyword rule 'STREET'
in_fund,MAINSTREET BOND,exact,debt_service,true,high,keyword rule 'DEBT'
in_fund,MAINSTREET TIF,exact,public_works,true,high,keyword rule 'STREET'
in_fund,MARIA REINER SENIOR CENTER (255),exact,culture_recreation,true,high,keyword rule 'PARK'
in_fund,MARKET ST PARK - SUPPORT,exact,culture_recreation,true,high,keyword rule 'PARK'
in_fund,MARKET ST PARK-JAY HOUCHIN COURTYARD,exact,culture_recreation,true,high,keyword rule 'PARK'
in_fund,MARKETPLACE TIF,exact,community_development,true,medium,keyword rule 'REDEVELOP'
in_fund,MARSHAL DONATION,exact,public_safety,true,high,keyword rule 'POLICE'
in_fund,MARSHAL FUEL,exact,public_safety,true,high,keyword rule 'POLICE'
in_fund,MERR. RD. TIF DS,exact,community_development,true,medium,keyword rule 'REDEVELOP'
in_fund,MERR. RD. TIF PROJECT,exact,community_development,true,medium,keyword rule 'REDEVELOP'
in_fund,METRO FIBERNET TAX INCREMENT FINANCE,exact,community_development,true,medium,keyword rule 'REDEVELOP'
in_fund,METRO FIRE ARSON,exact,public_safety,true,high,keyword rule 'POLICE'
in_fund,MIDWEST INDUSTRIAL PARK,exact,culture_recreation,true,high,keyword rule 'PARK'
in_fund,MIDWEST INDUSTRIAL PARK FUND,exact,culture_recreation,true,high,keyword rule 'PARK'
in_fund,MINNOW CREEK MAINTENANCE,exact,public_works,true,high,keyword rule 'STREET'
in_fund,MISS ST. PROJECT,exact,capital_projects,true,medium,keyword rule 'CUMULATIVE'
in_fund,MISS. ST. TIF DS,exact,community_development,true,medium,keyword rule 'REDEVELOP'
in_fund,MORRIS PERFORMING ARTS CENTER CAPITAL,exact,culture_recreation,true,high,keyword rule 'PARK'
in_fund,MOTOR VEHICLE HIGHWAY,exact,public_works,true,high,keyword rule 'STREET'
in_fund,MOTOR VEHICLE HIGHWAY - RESTRICTED,exact,public_works,true,high,keyword rule 'STREET'
in_fund,MOTOR VEHICLE HIGHWAY RESTRICED,exact,public_works,true,high,keyword rule 'STREET'
in_fund,MOTOR VEHICLE HIGHWAY RESTRICTED,exact,public_works,true,high,keyword rule 'STREET'
in_fund,MOTOR VEHICLE HIGHWAY RESTRICTED (456),exact,public_works,true,high,keyword rule 'STREET'
in_fund,MOTOR VEHICLE HIGHWAY-RESTRICTED,exact,public_works,true,high,keyword rule 'STREET'
in_fund,MS-4 STORMWATER,exact,utilities,true,high,keyword rule 'WATER'
in_fund,MUNICIPAL DEVELOPMENT,exact,community_development,true,medium,keyword rule 'REDEVELOP'
in_fund,MUNICIPAL EMERGENCY MEDICAL SERVICES,exact,public_safety,true,high,keyword rule 'POLICE'
in_fund,MUNICIPAL FIRE,exact,public_safety,true,high,keyword rule 'POLICE'
in_fund,MUNICIPAL FIRE AND EMERGENCY MEDICAL SERVICES,exact,public_safety,true,high,keyword rule 'POLICE'
in_fund,MUNICIPAL SURTAX,exact,public_works,true,high,keyword rule 'COMMUNITY CROSSINGS'
in_fund,MUNICIPAL SURTAX FUND,exact,public_works,true,high,keyword rule 'COMMUNITY CROSSINGS'
in_fund,MUNICIPAL VEHICLE EXCISE SURTAX/WHEEL TAX,exact,public_works,true,high,keyword rule 'COMMUNITY CROSSINGS'
in_fund,MUNICIPAL WHEEL TAX,exact,public_works,true,high,keyword rule 'COMMUNITY CROSSINGS'
in_fund,MUNICIPAL WHEEL TAX FUND,exact,public_works,true,high,keyword rule 'COMMUNITY CROSSINGS'
in_fund,MVH - RESTRICTED,exact,public_works,true,high,keyword rule 'STREET'
in_fund,MVH FUND RESTRICTED,exact,public_works,true,high,keyword rule 'STREET'
in_fund,MVH RESTICTED,exact,public_works,true,high,keyword rule 'STREET'
in_fund,MVH RESTRICTED,exact,public_works,true,high,keyword rule 'STREET'
in_fund,MVH RESTRICTED FUND,exact,public_works,true,high,keyword rule 'STREET'
in_fund,MVH/RESTRICTED,exact,public_works,true,high,keyword rule 'STREET'
in_fund,N.V. POLICE EDUCATION,exact,public_safety,true,high,keyword rule 'POLICE'
in_fund,N/R GOLF CARTS,exact,culture_recreation,true,high,keyword rule 'PARK'
in_fund,N/R JOHN LOWERY POOL,exact,culture_recreation,true,high,keyword rule 'PARK'
in_fund,N/R OTIS PARK,exact,culture_recreation,true,high,keyword rule 'PARK'
in_fund,N/R TRANSIT CAP IMP FUND,exact,public_works,true,high,keyword rule 'STREET'
in_fund,NATURE PRESERVE,exact,transfers_other,true,low,keyword rule 'RAINY DAY'
in_fund,NESTLE TIF CAPITAL,exact,community_development,true,medium,keyword rule 'REDEVELOP'
in_fund,NEXT LEVEL TRAIL GRANT,exact,culture_recreation,true,high,keyword rule 'PARK'
in_fund,NEXT LEVEL TRAIL GRANT PROJECT,exact,culture_recreation,true,high,keyword rule 'PARK'
in_fund,NEXT LEVEL TRAILS,exact,culture_recreation,true,high,keyword rule 'PARK'
in_fund,NEXUS PARK FUND,exact,culture_recreation,true,high,keyword rule 'PARK'
in_fund,NON  REVERTING PARK,exact,culture_recreation,true,high,keyword rule 'PARK'
in_fund,NON REV MUNIC MV LICENSE EXCISE SURTAX,exact,public_works,true,high,keyword rule 'COMMUNITY CROSSINGS'
in_fund,NON REV MUNIC WHEEL TAX,exact,public_works,true,high,keyword rule 'COMMUNITY CROSSINGS'
in_fund,NON REV VEHICLE/EQUIPMENT 067,exact,capital_projects,true,medium,keyword rule 'CUMULATIVE'
in_fund,NON REVERTING TOWN HALL MAINTENANCE,exact,public_works,true,high,keyword rule 'STREET'
in_fund,NON-REV CODE ENFORCEMENT,exact,public_safety,true,high,keyword rule 'POLICE'
in_fund,NON-REV SIDEWALK PROGRAM,exact,public_works,true,high,keyword rule 'STREET'
in_fund,NON-REVERTING BUILDING DEPT USER FEE FUND,exact,public_safety,true,high,keyword rule 'POLICE'
in_fund,NON-REVERTING CAPITAL PROJECTS,exact,capital_projects,true,medium,keyword rule 'CUMULATIVE'
in_fund,NON-REVERTING EMS OPERATING,exact,public_safety,true,high,keyword rule 'POLICE'
in_fund,NON-REVERTING HOUSING,exact,community_development,true,medium,keyword rule 'REDEVELOP'
in_fund,NON-REVERTING PARK,exact,culture_recreation,true,high,keyword rule 'PARK'
in_fund,NON-REVERTING PARK CAPITAL,exact,culture_recreation,true,high,keyword rule 'PARK'
in_fund,NON-REVERTING PARK CAPITAL IMPROVEMENT,exact,culture_recreation,true,high,keyword rule 'PARK'
in_fund,NON-REVERTING PARK FUND,exact,culture_recreation,true,high,keyword rule 'PARK'
in_fund,NON-REVERTING PARK OPERATING,exact,culture_recreation,true,high,keyword rule 'PARK'
in_fund,NON-REVERTING RENTAL HOUSING,exact,community_development,true,medium,keyword rule 'REDEVELOP'
in_fund,NON-REVERTING TECHNOLOGY,exact,general_government,true,medium,keyword rule 'COURT'
in_fund,NORTHERN RESIDENTIAL TIF,exact,community_development,true,medium,keyword rule 'REDEVELOP'
in_fund,NR BUILDING COMMISSIONER,exact,public_safety,true,high,keyword rule 'POLICE'
in_fund,NR CRIME PREVENTION INITIATIVE,exact,culture_recreation,true,high,keyword rule 'PARK'
in_fund,NR FIRE DONATION,exact,public_safety,true,high,keyword rule 'POLICE'
in_fund,NR GOLF OPERATING,exact,culture_recreation,true,high,keyword rule 'PARK'
in_fund,NR GRANT ADMINISTRATIVE,exact,general_government,true,medium,keyword rule 'COURT'
in_fund,NR PARK OPERATING,exact,culture_recreation,true,high,keyword rule 'PARK'
in_fund,NR PARKING FEES,exact,public_works,true,high,keyword rule 'STREET'
in_fund,NR POLICE EQUIP,exact,public_safety,true,high,keyword rule 'POLICE'
in_fund,NV PARK/POOL,exact,culture_recreation,true,high,keyword rule 'PARK'
in_fund,OAK STREET TAX INCREMENT FINANCE,exact,public_works,true,high,keyword rule 'STREET'
in_fund,OAKWOOD INFRASTRUCTURE IMPROVEMENT,exact,capital_projects,true,medium,keyword rule 'CUMULATIVE'
in_fund,OCRA GRANT- COMMUNITY DEVELOPMENT,exact,community_development,true,medium,keyword rule 'REDEVELOP'
in_fund,OFFSTREET PARKING,exact,public_works,true,high,keyword rule 'STREET'
in_fund,OLD TOWN LAKE PROJECT,exact,capital_projects,true,medium,keyword rule 'CUMULATIVE'
in_fund,OPIOID-POLICE RESTRICTED,exact,public_safety,true,high,keyword rule 'POLICE'
in_fund,OPIOID-POLICE UNRESTRICTED,exact,public_safety,true,high,keyword rule 'POLICE'
in_fund,OWEN ABBOTT MEMORIAL PARKWAY,exact,culture_recreation,true,high,keyword rule 'PARK'
in_fund,PANTHEON THEATER,exact,culture_recreation,true,high,keyword rule 'THEAT(ER'
in_fund,PARK,exact,culture_recreation,true,high,keyword rule 'PARK'
in_fund,PARK & DAM FUND,exact,culture_recreation,true,high,keyword rule 'PARK'
in_fund,PARK & REC NON-REVERTING,exact,culture_recreation,true,high,keyword rule 'PARK'
in_fund,PARK & REC NON-REVERTING FUND 211,exact,culture_recreation,true,high,keyword rule 'PARK'
in_fund,PARK & RECREATION,exact,culture_recreation,true,high,keyword rule 'PARK'
in_fund,PARK & RECREATION CAPITAL,exact,culture_recreation,true,high,keyword rule 'PARK'
in_fund,PARK & RECREATION INFRASTRUCTURE IMPROVEMENT,exact,culture_recreation,true,high,keyword rule 'PARK'
in_fund,PARK & RECREATION NON-REVERTING (211),exact,culture_recreation,true,high,keyword rule 'PARK'
in_fund,PARK ACTIVITIES,exact,culture_recreation,true,high,keyword rule 'PARK'
in_fund,PARK BENEFICENT,exact,culture_recreation,true,high,keyword rule 'PARK'
in_fund,PARK BOARD,exact,culture_recreation,true,high,keyword rule 'PARK'
in_fund,PARK BOARD OPERATING,exact,culture_recreation,true,high,keyword rule 'PARK'
in_fund,PARK BOND,exact,debt_service,true,high,keyword rule 'DEBT'
in_fund,PARK BOND #2,exact,debt_service,true,high,keyword rule 'DEBT'
in_fund,PARK BOND EXEMPT FROM CIRCUIT BREAKERS,exact,transfers_other,false,high,keyword rule 'PROPERTY TAX CAP'
in_fund,PARK CAPITAL FUND,exact,culture_recreation,true,high,keyword rule 'PARK'
in_fund,PARK CAPITAL IMPROVEMENT,exact,culture_recreation,true,high,keyword rule 'PARK'
in_fund,PARK CONCESSIONS,exact,culture_recreation,true,high,keyword rule 'PARK'
in_fund,PARK CONSTRUCTION,exact,culture_recreation,true,high,keyword rule 'PARK'
in_fund,PARK COURT REV/REPAIRS & MAINTENANCE,exact,public_works,true,high,keyword rule 'STREET'
in_fund,PARK DEPOSITS / CEMETERY DEPOSITS,exact,public_works,true,high,keyword rule 'STREET'
in_fund,PARK DEPT NON REVERTING,exact,culture_recreation,true,high,keyword rule 'PARK'
in_fund,PARK DEPT NON-REVERTING,exact,culture_recreation,true,high,keyword rule 'PARK'
in_fund,PARK DONATION,exact,culture_recreation,true,high,keyword rule 'PARK'
in_fund,PARK DONATION FUND,exact,culture_recreation,true,high,keyword rule 'PARK'
in_fund,PARK DONATIONS,exact,culture_recreation,true,high,keyword rule 'PARK'
in_fund,PARK EVENTS,exact,culture_recreation,true,high,keyword rule 'PARK'
in_fund,PARK FESTIVAL FUND,exact,culture_recreation,true,high,keyword rule 'PARK'
in_fund,PARK GIFT,exact,culture_recreation,true,high,keyword rule 'PARK'
in_fund,PARK GRANT,exact,culture_recreation,true,high,keyword rule 'PARK'
in_fund,PARK GRANT FUND,exact,culture_recreation,true,high,keyword rule 'PARK'
in_fund,PARK GRANTS,exact,culture_recreation,true,high,keyword rule 'PARK'
in_fund,PARK GRANTS HR 31,exact,culture_recreation,true,high,keyword rule 'PARK'
in_fund,PARK HUMAN SERVICES,exact,culture_recreation,true,high,keyword rule 'PARK'
in_fund,PARK IMPACT,exact,culture_recreation,true,high,keyword rule 'PARK'
in_fund,PARK IMPACT FEE,exact,culture_recreation,true,high,keyword rule 'PARK'
in_fund,PARK IMPACT FEE FUND,exact,culture_recreation,true,high,keyword rule 'PARK'
in_fund,PARK IMPACT FEES,exact,culture_recreation,true,high,keyword rule 'PARK'
in_fund,PARK IMPROVEMENT & LAND ACQ. (405),exact,culture_recreation,true,high,keyword rule 'PARK'
in_fund,PARK IMPROVEMENT DONATIONS/GRANTS,exact,culture_recreation,true,high,keyword rule 'PARK'
in_fund,PARK INFRASTRUCTURE,exact,culture_recreation,true,high,keyword rule 'PARK'
in_fund,PARK INFRASTRUCTURE & IMPROVEMENT,exact,culture_recreation,true,high,keyword rule 'PARK'
in_fund,PARK MAINTENANCE,exact,public_works,true,high,keyword rule 'STREET'
in_fund,PARK MEMORIAL,exact,culture_recreation,true,high,keyword rule 'PARK'
in_fund,PARK N/R FUND,exact,culture_recreation,true,high,keyword rule 'PARK'
in_fund,PARK NON REV CAPITAL,exact,culture_recreation,true,high,keyword rule 'PARK'
in_fund,PARK NON REVERTING,exact,culture_recreation,true,high,keyword rule 'PARK'
in_fund,PARK NON REVERTING CAPITAL,exact,culture_recreation,true,high,keyword rule 'PARK'
in_fund,PARK NON REVERTING OPERATING,exact,culture_recreation,true,high,keyword rule 'PARK'
in_fund,PARK NON-REV LAND,exact,culture_recreation,true,high,keyword rule 'PARK'
in_fund,PARK NON-REV OPERATING,exact,culture_recreation,true,high,keyword rule 'PARK'
in_fund,PARK NON-REVERT,exact,culture_recreation,true,high,keyword rule 'PARK'
in_fund,PARK NON-REVERT OPERATION,exact,culture_recreation,true,high,keyword rule 'PARK'
in_fund,PARK NON-REVERTING,exact,culture_recreation,true,high,keyword rule 'PARK'
in_fund,PARK NON-REVERTING FUND,exact,culture_recreation,true,high,keyword rule 'PARK'
in_fund,PARK NON-REVERTING OPERATING,exact,culture_recreation,true,high,keyword rule 'PARK'
in_fund,PARK NON-REVERTING OPERATING - FARMERS' MARKET,exact,culture_recreation,true,high,keyword rule 'PARK'
in_fund,PARK NON-REVERTING OPERATING -25,exact,culture_recreation,true,high,keyword rule 'PARK'
in_fund,PARK NON-REVERTING POOL,exact,culture_recreation,true,high,keyword rule 'PARK'
in_fund,PARK NONREVERTING,exact,culture_recreation,true,high,keyword rule 'PARK'
in_fund,PARK NONREVERTING - CAPITAL,exact,culture_recreation,true,high,keyword rule 'PARK'
in_fund,PARK NONREVERTING -OPERATING,exact,culture_recreation,true,high,keyword rule 'PARK'
in_fund,PARK NONREVERTING CAPITAL,exact,culture_recreation,true,high,keyword rule 'PARK'
in_fund,PARK NONREVERTING OPERATING,exact,culture_recreation,true,high,keyword rule 'PARK'
in_fund,PARK OPERATIONAL NON REVERTING,exact,culture_recreation,true,high,keyword rule 'PARK'
in_fund,PARK PROGRAMS,exact,culture_recreation,true,high,keyword rule 'PARK'
in_fund,PARK RESTORATION,exact,culture_recreation,true,high,keyword rule 'PARK'
in_fund,PARK REVOLVING,exact,culture_recreation,true,high,keyword rule 'PARK'
in_fund,PARK ROAD NONREVERTING,exact,public_works,true,high,keyword rule 'STREET'
in_fund,PARK SEC DEPOSIT FUND HR 7,exact,culture_recreation,true,high,keyword rule 'PARK'
in_fund,PARK SPECIAL PROJECTS,exact,culture_recreation,true,high,keyword rule 'PARK'
in_fund,PARK-QUAIL CROSSING GOLF COURSE,exact,culture_recreation,true,high,keyword rule 'PARK'
in_fund,PARKING FACILITIES,exact,public_works,true,high,keyword rule 'STREET'
in_fund,PARKING GARAGE,exact,public_works,true,high,keyword rule 'STREET'
in_fund,PARKING METER,exact,public_works,true,high,keyword rule 'STREET'
in_fund,PARKING METERS,exact,public_works,true,high,keyword rule 'STREET'
in_fund,PARKING VIOLATIONS,exact,public_works,true,high,keyword rule 'STREET'
in_fund,PARKS,exact,culture_recreation,true,high,keyword rule 'PARK'
in_fund,PARKS - POOL,exact,culture_recreation,true,high,keyword rule 'PARK'
in_fund,PARKS B.A.S.E. NON-REVERTING,exact,culture_recreation,true,high,keyword rule 'PARK'
in_fund,PARKS FACILITIES FUND,exact,culture_recreation,true,high,keyword rule 'PARK'
in_fund,PARKS NON REVERTING,exact,culture_recreation,true,high,keyword rule 'PARK'
in_fund,PARKS NON REVERTING OPERATING,exact,culture_recreation,true,high,keyword rule 'PARK'
in_fund,PARKS NON-REVERTING CUMULATIVE,exact,culture_recreation,true,high,keyword rule 'PARK'
in_fund,PATRIOT PARK,exact,culture_recreation,true,high,keyword rule 'PARK'
in_fund,PLAN COMMISSION,exact,community_development,true,high,keyword rule 'PLAN COMMISSION'
in_fund,PLANNING,exact,community_development,true,medium,keyword rule 'REDEVELOP'
in_fund,PLANNING & ZONING,exact,community_development,true,medium,keyword rule 'REDEVELOP'
in_fund,PLANNING AND ZONING,exact,community_development,true,medium,keyword rule 'REDEVELOP'
in_fund,PLANNING COMMISSION,exact,community_development,true,medium,keyword rule 'REDEVELOP'
in_fund,PLANNING GRANT,exact,community_development,true,medium,keyword rule 'REDEVELOP'
in_fund,PLANNING NONREVERTING,exact,community_development,true,medium,keyword rule 'REDEVELOP'
in_fund,PLANNING PRESERVATION & DESIGN NON-REVERTING,exact,community_development,true,medium,keyword rule 'REDEVELOP'
in_fund,PLYMOUTH GREENWAYS TRAIL,exact,culture_recreation,true,high,keyword rule 'PARK'
in_fund,POINT 65 TIF AREA,exact,community_development,true,medium,keyword rule 'REDEVELOP'
in_fund,POLICE,exact,public_safety,true,high,keyword rule 'POLICE'
in_fund,POLICE - SPECIAL BEQUEST (MOOI) TRUST,exact,public_safety,true,high,keyword rule 'POLICE'
in_fund,POLICE ALARM SYS,exact,public_safety,true,high,keyword rule 'POLICE'
in_fund,POLICE ASSET FORFEITURE,exact,public_safety,true,high,keyword rule 'POLICE'
in_fund,POLICE ASSET FORFEITURE FUND,exact,public_safety,true,high,keyword rule 'POLICE'
in_fund,POLICE ASSET FORTEITURE,exact,public_safety,true,high,keyword rule 'POLICE'
in_fund,POLICE BENEFICENT,exact,public_safety,true,high,keyword rule 'POLICE'
in_fund,POLICE CHRISTMAS PARTY FUND,exact,public_safety,true,high,keyword rule 'POLICE'
in_fund,POLICE CONT ED,exact,public_safety,true,high,keyword rule 'POLICE'
in_fund,POLICE CONTINUING ED,exact,public_safety,true,high,keyword rule 'POLICE'
in_fund,POLICE CONTINUING EDUCATION,exact,education,true,medium,keyword rule 'CONTINUING EDUCATION'
in_fund,POLICE CURFEW VIOLATIONS,exact,public_safety,true,high,keyword rule 'POLICE'
in_fund,POLICE DEPARTMENT DONATION,exact,public_safety,true,high,keyword rule 'POLICE'
in_fund,POLICE DEPARTMENT DONATIONS,exact,public_safety,true,high,keyword rule 'POLICE'
in_fund,POLICE DEPARTMENT GRANTS,exact,public_safety,true,high,keyword rule 'POLICE'
in_fund,POLICE DEPARTMENT SPECIAL REVENUE,exact,public_safety,true,high,keyword rule 'POLICE'
in_fund,POLICE DEPT EQUIPMENT,exact,public_safety,true,high,keyword rule 'POLICE'
in_fund,POLICE DEPT FEDERAL EQUITABLE SHARING,exact,public_safety,true,high,keyword rule 'POLICE'
in_fund,POLICE DONATION,exact,public_safety,true,high,keyword rule 'POLICE'
in_fund,POLICE DONATION FUND,exact,public_safety,true,high,keyword rule 'POLICE'
in_fund,POLICE DONATION FUND 409,exact,public_safety,true,high,keyword rule 'POLICE'
in_fund,POLICE DONATION FUND 446,exact,public_safety,true,high,keyword rule 'POLICE'
in_fund,POLICE DONATIONS,exact,public_safety,true,high,keyword rule 'POLICE'
in_fund,POLICE DRUG TASK,exact,public_safety,true,high,keyword rule 'POLICE'
in_fund,POLICE EQUIP/DONATION FUND,exact,public_safety,true,high,keyword rule 'POLICE'
in_fund,POLICE EQUIPMENT,exact,public_safety,true,high,keyword rule 'POLICE'
in_fund,POLICE EQUIPMENT DONATION,exact,public_safety,true,high,keyword rule 'POLICE'
in_fund,POLICE EQUIPMENT GRANT FUND,exact,public_safety,true,high,keyword rule 'POLICE'
in_fund,POLICE EQUIPMENT-,exact,public_safety,true,high,keyword rule 'POLICE'
in_fund,POLICE EQUIPT & TRAINING,exact,public_safety,true,high,keyword rule 'POLICE'
in_fund,POLICE FEDERAL DRUG ENFORCEMENT,exact,public_safety,true,high,keyword rule 'POLICE'
in_fund,POLICE FEDERAL FORFEITURES,exact,public_safety,true,high,keyword rule 'POLICE'
in_fund,POLICE FORFEITURE,exact,public_safety,true,high,keyword rule 'POLICE'
in_fund,POLICE FORFEITURE FUND,exact,public_safety,true,high,keyword rule 'POLICE'
in_fund,POLICE FUND,exact,public_safety,true,high,keyword rule 'POLICE'
in_fund,POLICE GIFT,exact,public_safety,true,high,keyword rule 'POLICE'
in_fund,POLICE GIFT FUND,exact,public_safety,true,high,keyword rule 'POLICE'
in_fund,POLICE GRANTS,exact,public_safety,true,high,keyword rule 'POLICE'
in_fund,POLICE GRANTS HR 13,exact,public_safety,true,high,keyword rule 'POLICE'
in_fund,POLICE INVESTIGATIONS FUND 213,exact,public_safety,true,high,keyword rule 'POLICE'
in_fund,POLICE IPEP SAFETY GRANT,exact,public_safety,true,high,keyword rule 'POLICE'
in_fund,POLICE K-9,exact,public_safety,true,high,keyword rule 'POLICE'
in_fund,POLICE K-9 DONATION FUND,exact,public_safety,true,high,keyword rule 'POLICE'
in_fund,POLICE K-9 UNIT,exact,public_safety,true,high,keyword rule 'POLICE'
in_fund,POLICE LOCAL FORFEITURES,exact,public_safety,true,high,keyword rule 'POLICE'
in_fund,POLICE N/R,exact,public_safety,true,high,keyword rule 'POLICE'
in_fund,POLICE NON-REVERTING,exact,public_safety,true,high,keyword rule 'POLICE'
in_fund,POLICE NON-REVERTING (4601),exact,public_safety,true,high,keyword rule 'POLICE'
in_fund,POLICE NR FUND,exact,public_safety,true,high,keyword rule 'POLICE'
in_fund,POLICE OPERATING,exact,public_safety,true,high,keyword rule 'POLICE'
in_fund,POLICE PENSION,exact,employee_benefits,true,high,keyword rule 'PENSION'
in_fund,POLICE PR,exact,public_safety,true,high,keyword rule 'POLICE'
in_fund,POLICE RESERVE DONATION,exact,public_safety,true,high,keyword rule 'POLICE'
in_fund,POLICE RESERVE DONATION FUND,exact,public_safety,true,high,keyword rule 'POLICE'
in_fund,POLICE RESERVE UNIT FUND,exact,public_safety,true,high,keyword rule 'POLICE'
in_fund,POLICE SPECIAL EDUCATION,exact,public_safety,true,high,keyword rule 'POLICE'
in_fund,POLICE STATE SEIZURES,exact,public_safety,true,high,keyword rule 'POLICE'
in_fund,POLICE STATION CAPITAL PROJECTS,exact,public_safety,true,high,keyword rule 'POLICE'
in_fund,POLICE TRAINING,exact,public_safety,true,high,keyword rule 'POLICE'
in_fund,POLICE TRAINING FUND,exact,public_safety,true,high,keyword rule 'POLICE'
in_fund,POLICE-LAW ENFORCEMENT AID FUND,exact,public_safety,true,high,keyword rule 'POLICE'
in_fund,POLICE/NON REVERTING,exact,public_safety,true,high,keyword rule 'POLICE'
in_fund,POLICE/NON-REVERT EQUIPMENT,exact,public_safety,true,high,keyword rule 'POLICE'
in_fund,POLICE/NON-REVERTING,exact,public_safety,true,high,keyword rule 'POLICE'
in_fund,POOL & PARK DONATIONS,exact,culture_recreation,true,high,keyword rule 'PARK'
in_fund,POOL CONCESSIONS,exact,culture_recreation,true,high,keyword rule 'PARK'
in_fund,POOL DONATION,exact,culture_recreation,true,high,keyword rule 'PARK'
in_fund,POOL GRANTS HR 19,exact,culture_recreation,true,high,keyword rule 'PARK'
in_fund,PRECISION DATA ESCROW,exact,transfers_other,true,low,keyword rule 'LOIT'
in_fund,PRINC & INTEREST - TIF BOND FUND,exact,debt_service,true,high,keyword rule 'DEBT'
in_fund,PROFESSIONAL SPORTS DEVELOPMENT,exact,culture_recreation,true,high,keyword rule 'PARK'
in_fund,PROJECT RELEAF,exact,capital_projects,true,medium,keyword rule 'CUMULATIVE'
in_fund,PROMISE SCHOLARSHIP,exact,education,true,medium,keyword rule 'CONTINUING EDUCATION'
in_fund,PROPERTY MAINTENANCE,exact,public_works,true,high,keyword rule 'STREET'
in_fund,PS LOIT,exact,transfers_other,true,low,keyword rule 'LOIT'
in_fund,PUB SAF LOIT,exact,transfers_other,true,low,keyword rule 'LOIT'
in_fund,PUBLIC ART,exact,culture_recreation,true,high,keyword rule 'PARK'
in_fund,PUBLIC ARTS,exact,culture_recreation,true,high,keyword rule 'PARK'
in_fund,PUBLIC SAFETY,exact,public_safety,true,high,keyword rule 'POLICE'
in_fund,PUBLIC SAFETY - COIT,exact,transfers_other,true,low,keyword rule 'LOIT'
in_fund,PUBLIC SAFETY - LIT,exact,public_safety,true,high,keyword rule 'POLICE'
in_fund,PUBLIC SAFETY ACCESS POINT,exact,public_safety,true,high,keyword rule 'POLICE'
in_fund,PUBLIC SAFETY ACCESS POINT - OPERATING,exact,public_safety,true,high,keyword rule 'POLICE'
in_fund,PUBLIC SAFETY COIT,exact,transfers_other,true,low,keyword rule 'LOIT'
in_fund,PUBLIC SAFETY FUND,exact,public_safety,true,high,keyword rule 'POLICE'
in_fund,PUBLIC SAFETY FUND LOIT,exact,transfers_other,true,low,keyword rule 'LOIT'
in_fund,PUBLIC SAFETY INCOME TAX CAGIT,exact,public_safety,true,high,keyword rule 'POLICE'
in_fund,PUBLIC SAFETY L.O.I.T.,exact,public_safety,true,high,keyword rule 'POLICE'
in_fund,PUBLIC SAFETY LIT,exact,public_safety,true,high,keyword rule 'POLICE'
in_fund,PUBLIC SAFETY LOCAL INCOME TAX,exact,transfers_other,true,low,keyword rule 'NON.?DEPARTMENTAL'
in_fund,PUBLIC SAFETY LOCAL INCOME TAX (LIT),exact,transfers_other,true,low,keyword rule 'NON.?DEPARTMENTAL'
in_fund,PUBLIC SAFETY LOCAL INCOME TAX -,exact,transfers_other,true,low,keyword rule 'NON.?DEPARTMENTAL'
in_fund,PUBLIC SAFETY LOIT,exact,transfers_other,true,low,keyword rule 'LOIT'
in_fund,PUBLIC SAFETY LOIT (1170),exact,transfers_other,true,low,keyword rule 'LOIT'
in_fund,PUBLIC SAFETY LOIT FUND,exact,transfers_other,true,low,keyword rule 'LOIT'
in_fund,PUBLIC SAFETY LOIT FUND 2240,exact,transfers_other,true,low,keyword rule 'LOIT'
in_fund,PUBLIC SAFETY TAX,exact,public_safety,true,high,keyword rule 'POLICE'
in_fund,PUBLIC WORKS,exact,public_works,true,high,keyword rule 'STREET'
in_fund,RABERS GOLF COURSE,exact,culture_recreation,true,high,keyword rule 'PARK'
in_fund,RAINY DAY,exact,transfers_other,true,low,keyword rule 'RAINY DAY'
in_fund,RAINY DAY FUND,exact,transfers_other,true,low,keyword rule 'RAINY DAY'
in_fund,RANDOLPH CENTRAL DRIVER TIF,exact,community_development,true,medium,keyword rule 'REDEVELOP'
in_fund,RDC PROJECT FUND,exact,capital_projects,true,medium,keyword rule 'CUMULATIVE'
in_fund,REA PARK,exact,culture_recreation,true,high,keyword rule 'PARK'
in_fund,RECREATION,exact,culture_recreation,true,high,keyword rule 'PARK'
in_fund,RECREATION NON-REVERTING,exact,culture_recreation,true,high,keyword rule 'PARK'
in_fund,RECREATIONAL TRAIL PROGRAM RTP GRANT,exact,culture_recreation,true,high,keyword rule 'PARK'
in_fund,RECYCLE FUND,exact,public_works,true,high,keyword rule 'STREET'
in_fund,RECYCLING,exact,public_works,true,high,keyword rule 'STREET'
in_fund,RECYCLING GRANT,exact,public_works,true,high,keyword rule 'STREET'
in_fund,RED BOND & INT-KROGER,exact,debt_service,true,high,keyword rule 'DEBT'
in_fund,RED NESTLE TIF CAPITAL BOND FUND,exact,debt_service,true,high,keyword rule 'DEBT'
in_fund,REDEV NORTHERN TIF ALLOCATION,exact,community_development,true,medium,keyword rule 'REDEVELOP'
in_fund,REDEV R Z / TIF BOND DS (325),exact,debt_service,true,high,keyword rule 'DEBT'
in_fund,REDEV TIF AREA III,exact,community_development,true,medium,keyword rule 'REDEVELOP'
in_fund,REDEVEL EASTERN TIF,exact,community_development,true,medium,keyword rule 'REDEVELOP'
in_fund,REDEVEL TIF WINONA INTERURBAN,exact,community_development,true,medium,keyword rule 'REDEVELOP'
in_fund,REDEVELOPMENT,exact,community_development,true,medium,keyword rule 'REDEVELOP'
in_fund,REDEVELOPMENT - CAPITAL,exact,community_development,true,medium,keyword rule 'REDEVELOP'
in_fund,REDEVELOPMENT - EXPENSE,exact,community_development,true,medium,keyword rule 'REDEVELOP'
in_fund,REDEVELOPMENT - GENERAL,exact,community_development,true,medium,keyword rule 'REDEVELOP'
in_fund,REDEVELOPMENT - OPERATION,exact,community_development,true,medium,keyword rule 'REDEVELOP'
in_fund,REDEVELOPMENT - PROJECT,exact,community_development,true,medium,keyword rule 'REDEVELOP'
in_fund,REDEVELOPMENT ALLOCATION,exact,community_development,true,medium,keyword rule 'REDEVELOP'
in_fund,REDEVELOPMENT BOND,exact,debt_service,true,high,keyword rule 'DEBT'
in_fund,REDEVELOPMENT BOND EXEMPT FROM CIRCUIT BREAKERS,exact,transfers_other,false,high,keyword rule 'PROPERTY TAX CAP'
in_fund,REDEVELOPMENT CDBG,exact,community_development,true,medium,keyword rule 'REDEVELOP'
in_fund,REDEVELOPMENT COMMISSION,exact,community_development,true,medium,keyword rule 'REDEVELOP'
in_fund,REDEVELOPMENT COMMISSION - TIF 3,exact,community_development,true,medium,keyword rule 'REDEVELOP'
in_fund,REDEVELOPMENT COMMISSION - TIF 6 (COMB TIF 1 AND 4,exact,community_development,true,medium,keyword rule 'REDEVELOP'
in_fund,REDEVELOPMENT COMMISSION -TIF 1,exact,community_development,true,medium,keyword rule 'REDEVELOP'
in_fund,REDEVELOPMENT COMMISSION CAPITAL,exact,community_development,true,medium,keyword rule 'REDEVELOP'
in_fund,REDEVELOPMENT COMMISSION NON TIF,exact,community_development,true,medium,keyword rule 'REDEVELOP'
in_fund,REDEVELOPMENT COMMISSION TIF 2,exact,community_development,true,medium,keyword rule 'REDEVELOP'
in_fund,REDEVELOPMENT COMMISSION-CENTRAL AREA,exact,community_development,true,medium,keyword rule 'REDEVELOP'
in_fund,REDEVELOPMENT COMMISSION-TIF 5 (NEAR EAST SIDE),exact,community_development,true,medium,keyword rule 'REDEVELOP'
in_fund,REDEVELOPMENT COMMISSON-TIF 4 (SOUTHEAST),exact,community_development,true,medium,keyword rule 'REDEVELOP'
in_fund,REDEVELOPMENT DISTRICT CAPITAL,exact,community_development,true,medium,keyword rule 'REDEVELOP'
in_fund,REDEVELOPMENT EDUCATION,exact,community_development,true,medium,keyword rule 'REDEVELOP'
in_fund,REDEVELOPMENT FUND,exact,community_development,true,medium,keyword rule 'REDEVELOP'
in_fund,REDEVELOPMENT GENERAL 4417,exact,community_development,true,medium,keyword rule 'REDEVELOP'
in_fund,REDEVELOPMENT GIVEBACK FUND,exact,community_development,true,medium,keyword rule 'REDEVELOP'
in_fund,REDEVELOPMENT HOME PROGRAM,exact,community_development,true,medium,keyword rule 'REDEVELOP'
in_fund,REDEVELOPMENT NON-FEDERAL INCOME,exact,community_development,true,medium,keyword rule 'REDEVELOP'
in_fund,REDEVELOPMENT NORTHERN TIF,exact,community_development,true,medium,keyword rule 'REDEVELOP'
in_fund,REDEVELOPMENT NR,exact,community_development,true,medium,keyword rule 'REDEVELOP'
in_fund,REDEVELOPMENT REHAB ESCROW,exact,transfers_other,true,low,keyword rule 'LOIT'
in_fund,REDEVELOPMENT TIF,exact,community_development,true,medium,keyword rule 'REDEVELOP'
in_fund,REDEVELOPMENT TIF #1,exact,community_development,true,medium,keyword rule 'REDEVELOP'
in_fund,REDEVELOPMENT TIF #10 ST RD 46,exact,community_development,true,medium,keyword rule 'REDEVELOP'
in_fund,REDEVELOPMENT TIF #8 FT HARRISON BUS PARK,exact,culture_recreation,true,high,keyword rule 'PARK'
in_fund,REDEVELOPMENT TIF #9 JADCORE,exact,community_development,true,medium,keyword rule 'REDEVELOP'
in_fund,REDEVELOPMENT TIF WINONA INTERURBAN,exact,community_development,true,medium,keyword rule 'REDEVELOP'
in_fund,REDEVELOPMENT TIF/GEN,exact,community_development,true,medium,keyword rule 'REDEVELOP'
in_fund,REDEVELOPMENT US30 AND 69TH AVE #2,exact,community_development,true,medium,keyword rule 'REDEVELOP'
in_fund,REDEVELOPMENT-TIF,exact,community_development,true,medium,keyword rule 'REDEVELOP'
in_fund,REDEVELOPMENT: 61ST AVE & S R 51 (410),exact,community_development,true,medium,keyword rule 'REDEVELOP'
in_fund,REDEVELOPMENT: S R 130 & TOWN (406),exact,community_development,true,medium,keyword rule 'REDEVELOP'
in_fund,REDEVELOPMENT: US30 & 69TH AVE.,exact,community_development,true,medium,keyword rule 'REDEVELOP'
in_fund,REDEVELOPMENTCOMMISSION-RIVERFRONT AREA,exact,community_development,true,medium,keyword rule 'REDEVELOP'
in_fund,REES THEATRE GRANT,exact,culture_recreation,true,high,keyword rule 'THEAT(ER'
in_fund,REFERENDUM DEBT FUND - EXEMPT CAPITAL - POST 2009,exact,debt_service,true,high,keyword rule 'DEBT'
in_fund,REFUSE,exact,public_works,true,high,keyword rule 'STREET'
in_fund,REFUSE & RECYCLING,exact,public_works,true,high,keyword rule 'STREET'
in_fund,REFUSE CASH RESERVE,exact,public_works,true,high,keyword rule 'STREET'
in_fund,REFUSE COLLECTION,exact,public_works,true,high,keyword rule 'STREET'
in_fund,REFUSE OP,exact,public_works,true,high,keyword rule 'STREET'
in_fund,REFUSE OPERATING,exact,public_works,true,high,keyword rule 'STREET'
in_fund,REGIONAL POLICE ACADEMY,exact,public_safety,true,high,keyword rule 'POLICE'
in_fund,RENTAL HOUSING,exact,community_development,true,medium,keyword rule 'REDEVELOP'
in_fund,RENTAL HOUSING INSPECTION,exact,public_safety,true,high,keyword rule 'POLICE'
in_fund,RENTAL RESERVE,exact,transfers_other,true,low,keyword rule 'RAINY DAY'
in_fund,RES TIF 1 (4450),exact,community_development,true,medium,keyword rule 'REDEVELOP'
in_fund,RESERVE OFFICERS,exact,transfers_other,true,low,keyword rule 'RAINY DAY'
in_fund,RESTRICTED RAINY DAY,exact,transfers_other,true,low,keyword rule 'RAINY DAY'
in_fund,RETIREE'S INSURANCE FUND,exact,employee_benefits,true,high,keyword rule 'PENSION'
in_fund,RIVER PARK SQUARE PHASE 2 GRANT,exact,culture_recreation,true,high,keyword rule 'PARK'
in_fund,RIVERBOAT,exact,community_development,true,medium,keyword rule 'REDEVELOP'
in_fund,RIVERBOAT FUND,exact,community_development,true,medium,keyword rule 'REDEVELOP'
in_fund,RIVERBOAT REV SHAR.,exact,community_development,true,medium,keyword rule 'REDEVELOP'
in_fund,RIVERBOAT REVENUE,exact,community_development,true,medium,keyword rule 'REDEVELOP'
in_fund,RIVERBOAT WAGERING,exact,community_development,true,medium,keyword rule 'REDEVELOP'
in_fund,RIVERBOAT WAGERING TAX REVENUE,exact,community_development,true,medium,keyword rule 'REDEVELOP'
in_fund,RIVERFRONT DEVELOPMENT,exact,community_development,true,medium,keyword rule 'REDEVELOP'
in_fund,RIVERSIDE GARDENS CONSTRUCTION,exact,capital_projects,true,medium,keyword rule 'CUMULATIVE'
in_fund,ROAD IMPACT FEE,exact,public_works,true,high,keyword rule 'STREET'
in_fund,ROAD IMPACT FEES,exact,public_works,true,high,keyword rule 'STREET'
in_fund,ROAD IMPACT FUND,exact,public_works,true,high,keyword rule 'STREET'
in_fund,ROADS & CAPITAL PROJECTS,exact,public_works,true,high,keyword rule 'STREET'
in_fund,RONALD REAGAN/ALLPOINTS TIF FUND,exact,community_development,true,medium,keyword rule 'REDEVELOP'
in_fund,SANITARY OFFICERS PENSION,exact,employee_benefits,true,high,keyword rule 'PENSION'
in_fund,SANITATION,exact,public_works,true,high,keyword rule 'SANITATION'
in_fund,SANITATION -TRASH,exact,public_works,true,high,keyword rule 'SANITATION'
in_fund,SANITATION CAPITAL IMPROVEMENT FUND (497),exact,public_works,true,high,keyword rule 'SANITATION'
in_fund,SANITATION FUND,exact,public_works,true,high,keyword rule 'SANITATION'
in_fund,SANITATION TIP,exact,public_works,true,high,keyword rule 'SANITATION'
in_fund,SARAGOTA TIF,exact,community_development,true,medium,keyword rule 'REDEVELOP'
in_fund,SC TRAIL 219,exact,culture_recreation,true,high,keyword rule 'PARK'
in_fund,SC TRAILS/CONSTRUCT 219,exact,culture_recreation,true,high,keyword rule 'PARK'
in_fund,SELF INSURANCE,exact,employee_benefits,true,medium,keyword rule 'HEALTH INS'
in_fund,SELF-FUNDED EMPLOYEE BENEFITS,exact,employee_benefits,true,high,keyword rule 'EMPLOYEE BENEFIT'
in_fund,SENIOR CENTER,exact,culture_recreation,true,high,keyword rule 'PARK'
in_fund,SEWAGE IMPROVEMENT,exact,capital_projects,true,medium,keyword rule 'CUMULATIVE'
in_fund,SEWAGE IMPROVEMENTS,exact,capital_projects,true,medium,keyword rule 'CUMULATIVE'
in_fund,SEWAGE SINKING (DEBT SERVICE),exact,debt_service,true,high,keyword rule 'DEBT'
in_fund,SEWAGE WORKS CAPITAL,exact,capital_projects,true,medium,keyword rule 'CUMULATIVE'
in_fund,SEWAGE WORKS RESERVE OPERATIONS & MAINT.,exact,transfers_other,true,low,keyword rule 'RAINY DAY'
in_fund,SEWAGE WORKS REVENUE REFUNDING BONDS SERIES 2015A,exact,debt_service,true,high,keyword rule 'DEBT'
in_fund,SEWER,exact,utilities,true,high,keyword rule 'WATER'
in_fund,SEWER 2006 DEBT SERVICE,exact,debt_service,true,high,keyword rule 'DEBT'
in_fund,SEWER 2017 BAN DEBT SERVICE,exact,debt_service,true,high,keyword rule 'DEBT'
in_fund,SEWER LINE INSPECTION,exact,utilities,true,high,keyword rule 'WATER'
in_fund,SEWER OPERATING,exact,utilities,true,high,keyword rule 'WATER'
in_fund,SEWER REPAIR INSURANCE,exact,employee_benefits,true,medium,keyword rule 'HEALTH INS'
in_fund,SEWER UTILITY,exact,utilities,true,high,keyword rule 'WATER'
in_fund,SHELBURN HOUSING TIF - CURRY,exact,community_development,true,medium,keyword rule 'REDEVELOP'
in_fund,SHELBURN TIF,exact,community_development,true,medium,keyword rule 'REDEVELOP'
in_fund,SHELBURN TIF AREA - NORTHSIDE,exact,community_development,true,medium,keyword rule 'REDEVELOP'
in_fund,SHELBY COUNTY EDIT,exact,community_development,true,medium,keyword rule 'REDEVELOP'
in_fund,SIDEWALK CONSTRUCTION,exact,public_works,true,high,keyword rule 'STREET'
in_fund,SIDEWALK DONATION,exact,public_works,true,high,keyword rule 'STREET'
in_fund,SIDEWALK FUND,exact,public_works,true,high,keyword rule 'STREET'
in_fund,SIDEWALK PROJECT FUND,exact,public_works,true,high,keyword rule 'STREET'
in_fund,SIDEWALK RECONSTRUCTION,exact,public_works,true,high,keyword rule 'STREET'
in_fund,SIDEWALK REHABB,exact,public_works,true,high,keyword rule 'STREET'
in_fund,SIDEWALK REPAIR & MAINTENANCE FUND,exact,public_works,true,high,keyword rule 'STREET'
in_fund,SIDEWALK REPAIR/REPLACEMENT,exact,public_works,true,high,keyword rule 'STREET'
in_fund,SIDEWALK REPLACEMENT,exact,public_works,true,high,keyword rule 'STREET'
in_fund,SIDEWALK WAIVER,exact,public_works,true,high,keyword rule 'STREET'
in_fund,SIX POINTS TIF FUND,exact,community_development,true,medium,keyword rule 'REDEVELOP'
in_fund,SKATE PARK,exact,culture_recreation,true,high,keyword rule 'PARK'
in_fund,SKATE PARK DONATION,exact,culture_recreation,true,high,keyword rule 'PARK'
in_fund,SMART STREETS DEBT SERVICE,exact,debt_service,true,high,keyword rule 'DEBT'
in_fund,SOLID WASTE,exact,public_works,true,high,keyword rule 'STREET'
in_fund,SOLID WASTE CAPITAL,exact,public_works,true,high,keyword rule 'STREET'
in_fund,SOLID WASTE MANAGEMENT FUND,exact,public_works,true,high,keyword rule 'STREET'
in_fund,SOLID WASTE OPERATING,exact,public_works,true,high,keyword rule 'STREET'
in_fund,SOUTH BEND REDEVELOPMENT AUTHORITY,exact,community_development,true,medium,keyword rule 'REDEVELOP'
in_fund,SOUTH STREET RD 15 TIF #130,exact,public_works,true,high,keyword rule 'STREET'
in_fund,SOUTHERN RESIDENTIAL TIF,exact,community_development,true,medium,keyword rule 'REDEVELOP'
in_fund,SP FIRE DIS GEN,exact,public_safety,true,high,keyword rule 'POLICE'
in_fund,SPEC FIRE SERVICE GENERAL,exact,public_safety,true,high,keyword rule 'POLICE'
in_fund,SPEC LOIT,exact,transfers_other,true,low,keyword rule 'LOIT'
in_fund,SPECIAL CUM FIRE,exact,public_safety,true,high,keyword rule 'POLICE'
in_fund,SPECIAL CUMULATIVE CAPITAL DEVELOPMENT,exact,community_development,true,medium,keyword rule 'REDEVELOP'
in_fund,SPECIAL DIST LOIT,exact,transfers_other,true,low,keyword rule 'LOIT'
in_fund,SPECIAL DISTRIBUTION  LOIT,exact,transfers_other,true,low,keyword rule 'LOIT'
in_fund,SPECIAL EVENTS NON-REVERTING,exact,culture_recreation,true,high,keyword rule 'PARK'
in_fund,SPECIAL FIRE DEBT,exact,debt_service,true,high,keyword rule 'DEBT'
in_fund,SPECIAL FIRE PROTECTION TERRITORY EQUIPMENT REPLACE,exact,public_safety,true,high,keyword rule 'POLICE'
in_fund,SPECIAL FIRE PROTECTION TERRITORY GENERAL,exact,public_safety,true,high,keyword rule 'POLICE'
in_fund,SPECIAL LOIT,exact,transfers_other,true,low,keyword rule 'LOIT'
in_fund,SPECIAL LOIT 257,exact,transfers_other,true,low,keyword rule 'LOIT'
in_fund,SPECIAL LOIT DIST,exact,transfers_other,true,low,keyword rule 'LOIT'
in_fund,SPECIAL LOIT DISTRIBUTION,exact,transfers_other,true,low,keyword rule 'LOIT'
in_fund,SPECIAL LOIT DISTRIBUTION 2016,exact,transfers_other,true,low,keyword rule 'LOIT'
in_fund,SPECIAL LOIT FUND,exact,transfers_other,true,low,keyword rule 'LOIT'
in_fund,SPECIAL POLICE SERVICE GENERAL,exact,public_safety,true,high,keyword rule 'POLICE'
in_fund,SPECIAL REDEVELOPMENT DEBT,exact,debt_service,true,high,keyword rule 'DEBT'
in_fund,SPECIAL STREET & SAN CCI,exact,public_works,true,high,keyword rule 'STREET'
in_fund,SPECIAL TRANSPORTATION CUMULATIVE,exact,public_works,true,high,keyword rule 'STREET'
in_fund,SPECIAL TRANSPORTATION GEN,exact,public_works,true,high,keyword rule 'STREET'
in_fund,SPECL FIRE TERRITORY EQUIPMENT REPLACE (POST 2022),exact,public_safety,true,high,keyword rule 'POLICE'
in_fund,SPECL FIRE TERRITORY GENERAL (POST 2022),exact,public_safety,true,high,keyword rule 'POLICE'
in_fund,SPIDER TIF INDIANA WATER,exact,utilities,true,high,keyword rule 'WATER'
in_fund,SR 267 TIF FUND,exact,community_development,true,medium,keyword rule 'REDEVELOP'
in_fund,ST. ANTHONY TIF BOND,exact,debt_service,true,high,keyword rule 'DEBT'
in_fund,STAGE EQUIPMENT GRANT HR 42,exact,capital_projects,true,medium,keyword rule 'CUMULATIVE'
in_fund,STATE GRANT CCMG LOCAL RD & BRIDGE MATCHING,exact,public_works,true,high,keyword rule 'STREET'
in_fund,STATE RIVERBOAT FUND,exact,community_development,true,medium,keyword rule 'REDEVELOP'
in_fund,STATE ROAD 66 - UPKEEP & REPAIR FUND,exact,public_works,true,high,keyword rule 'STREET'
in_fund,STINESVILLE COMMUNITY CENTER FUND,exact,culture_recreation,true,high,keyword rule 'PARK'
in_fund,STORM SEWER,exact,utilities,true,high,keyword rule 'WATER'
in_fund,STORM SEWER BOND,exact,debt_service,true,high,keyword rule 'DEBT'
in_fund,STORM SEWER BOND EXEMPT FROM CIRCUIT BREAKERS,exact,transfers_other,false,high,keyword rule 'PROPERTY TAX CAP'
in_fund,STORM SEWER BUILDING,exact,utilities,true,high,keyword rule 'WATER'
in_fund,STORM SEWER MAINTENANCE,exact,utilities,true,high,keyword rule 'WATER'
in_fund,STORM SEWER NON-REV,exact,utilities,true,high,keyword rule 'WATER'
in_fund,STORM WATER,exact,utilities,true,high,keyword rule 'WATER'
in_fund,STORM WATER AVAILABILITY,exact,utilities,true,high,keyword rule 'WATER'
in_fund,STORM WATER BOND,exact,debt_service,true,high,keyword rule 'DEBT'
in_fund,STORM WATER FUND,exact,utilities,true,high,keyword rule 'WATER'
in_fund,STORM WATER MANAGEMENT FUND,exact,utilities,true,high,keyword rule 'WATER'
in_fund,STORM WATER TAX FUND,exact,utilities,true,high,keyword rule 'WATER'
in_fund,STORM WATER UTILITY,exact,utilities,true,high,keyword rule 'WATER'
in_fund,STORMWATER,exact,utilities,true,high,keyword rule 'WATER'
in_fund,STORMWATER B&I,exact,debt_service,true,high,keyword rule 'B ?& ?I'
in_fund,STORMWATER CONSTRUCTION,exact,utilities,true,high,keyword rule 'WATER'
in_fund,STORMWATER FUND,exact,utilities,true,high,keyword rule 'WATER'
in_fund,STORMWATER GRANTS,exact,utilities,true,high,keyword rule 'WATER'
in_fund,STORMWATER IMPROVEMENT FUND,exact,utilities,true,high,keyword rule 'WATER'
in_fund,STORMWATER OP,exact,utilities,true,high,keyword rule 'WATER'
in_fund,STORMWATER OPERATING,exact,utilities,true,high,keyword rule 'WATER'
in_fund,STORMWATER UTILITY,exact,utilities,true,high,keyword rule 'WATER'
in_fund,STREET BOND,exact,debt_service,true,high,keyword rule 'DEBT'
in_fund,STREET CUT DEPOSIT AND REFUND,exact,public_works,true,high,keyword rule 'STREET'
in_fund,STREET CUT REPAIRS,exact,public_works,true,high,keyword rule 'STREET'
in_fund,STREET DANCE GIFT,exact,public_works,true,high,keyword rule 'STREET'
in_fund,STREET DEPRECIATION,exact,public_works,true,high,keyword rule 'STREET'
in_fund,STREET DEPT GRANT FUNDS HR 41,exact,public_works,true,high,keyword rule 'STREET'
in_fund,STREET IMPACT FEE FUND,exact,public_works,true,high,keyword rule 'STREET'
in_fund,STREET MAINTENANCE FUND,exact,public_works,true,high,keyword rule 'STREET'
in_fund,STREET NON-REVERTING,exact,public_works,true,high,keyword rule 'STREET'
in_fund,STREETSCAPE,exact,public_works,true,high,keyword rule 'STREET'
in_fund,STUDEBAKER-OLIVER REVITALIZING GRANTS,exact,community_development,true,medium,keyword rule 'REDEVELOP'
in_fund,SUMMER RECREATION,exact,culture_recreation,true,high,keyword rule 'PARK'
in_fund,SUMMER YOUTH PROGRAM,exact,culture_recreation,true,high,keyword rule 'PARK'
in_fund,SUMMER YOUTH TRAINING PROGRAM,exact,culture_recreation,true,high,keyword rule 'PARK'
in_fund,SUNRISE GOLF COURSE NRO,exact,culture_recreation,true,high,keyword rule 'PARK'
in_fund,SURTAX DISTRIBUTION,exact,public_works,true,high,keyword rule 'COMMUNITY CROSSINGS'
in_fund,SURVIVOR HEALTH COVERAGE CUMULATIVE FUND,exact,capital_projects,true,medium,keyword rule 'CUMULATIVE'
in_fund,SW BOND PROCEEDS,exact,debt_service,true,high,keyword rule 'DEBT'
in_fund,SW QUADRANT TIF,exact,community_development,true,medium,keyword rule 'REDEVELOP'
in_fund,SWEETSER TIF,exact,community_development,true,medium,keyword rule 'REDEVELOP'
in_fund,SWIMMING POOL,exact,culture_recreation,true,high,keyword rule 'PARK'
in_fund,TAKE HOME VEHICLE POLICE,exact,public_safety,true,high,keyword rule 'POLICE'
in_fund,TAX ABATE ECON DEVELOPMENT,exact,community_development,true,medium,keyword rule 'REDEVELOP'
in_fund,TAX INCREMENT FINANCE,exact,community_development,true,medium,keyword rule 'REDEVELOP'
in_fund,TAX INCREMENT FINANCING,exact,community_development,true,medium,keyword rule 'REDEVELOP'
in_fund,TAX INCREMENT FINANCING ALLOCATION,exact,community_development,true,medium,keyword rule 'REDEVELOP'
in_fund,TAX INCREMENT REPLACEMENT,exact,community_development,true,medium,keyword rule 'REDEVELOP'
in_fund,TECHNOLOGY PARK,exact,culture_recreation,true,high,keyword rule 'PARK'
in_fund,THIRD STREET BRIDGE,exact,public_works,true,high,keyword rule 'STREET'
in_fund,THOROUGHFARE,exact,public_works,true,high,keyword rule 'COMMUNITY CROSSING'
in_fund,THOROUGHFARE BOND,exact,public_works,true,high,keyword rule 'COMMUNITY CROSSING'
in_fund,TIF,exact,community_development,true,medium,keyword rule 'REDEVELOP'
in_fund,TIF  US GYPSUM,exact,community_development,true,medium,keyword rule 'REDEVELOP'
in_fund,TIF #10 HEBRON,exact,community_development,true,medium,keyword rule 'REDEVELOP'
in_fund,TIF #178 SEAHAWK ALLOCATION AREA,exact,community_development,true,medium,keyword rule 'REDEVELOP'
in_fund,TIF #180 VALMONT / THOR,exact,community_development,true,medium,keyword rule 'REDEVELOP'
in_fund,TIF #182 RAILPARK,exact,culture_recreation,true,high,keyword rule 'PARK'
in_fund,TIF #2 DOWNTOWN AREA,exact,community_development,true,medium,keyword rule 'REDEVELOP'
in_fund,TIF #20 PARK RIDGE,exact,culture_recreation,true,high,keyword rule 'PARK'
in_fund,TIF #21 WINDY HILL,exact,community_development,true,medium,keyword rule 'REDEVELOP'
in_fund,TIF - GE/THRIVE ALLOCATION AREA,exact,community_development,true,medium,keyword rule 'REDEVELOP'
in_fund,TIF - HSA,exact,community_development,true,medium,keyword rule 'REDEVELOP'
in_fund,TIF - INDUSTRIAL PARK ALLOCATION AREA,exact,culture_recreation,true,high,keyword rule 'PARK'
in_fund,TIF - OAKWOOD,exact,community_development,true,medium,keyword rule 'REDEVELOP'
in_fund,TIF - OTHER CONTRACTUAL,exact,community_development,true,medium,keyword rule 'REDEVELOP'
in_fund,TIF - REDEVELOPMENT COMMISSION,exact,community_development,true,medium,keyword rule 'REDEVELOP'
in_fund,TIF - SOUTH BENTON,exact,community_development,true,medium,keyword rule 'REDEVELOP'
in_fund,TIF - WOODMIZER ALLOCATION AREA,exact,community_development,true,medium,keyword rule 'REDEVELOP'
in_fund,TIF -T34021,exact,community_development,true,medium,keyword rule 'REDEVELOP'
in_fund,TIF 10 INDUSTRIAL PARK WEST SIDE,exact,culture_recreation,true,high,keyword rule 'PARK'
in_fund,TIF 11 PROJECT FUSION,exact,community_development,true,medium,keyword rule 'REDEVELOP'
in_fund,TIF 12 ENGINE PLANT,exact,community_development,true,medium,keyword rule 'REDEVELOP'
in_fund,TIF 13 INDUSTRIAL PARK EAST SIDE,exact,culture_recreation,true,high,keyword rule 'PARK'
in_fund,TIF 14 IND PARK EAST & WEST,exact,culture_recreation,true,high,keyword rule 'PARK'
in_fund,TIF 15 TRIBUNE APT,exact,community_development,true,medium,keyword rule 'REDEVELOP'
in_fund,TIF 16  SOUTH SIDE,exact,community_development,true,medium,keyword rule 'REDEVELOP'
in_fund,TIF 17  TRAILS,exact,culture_recreation,true,high,keyword rule 'PARK'
in_fund,TIF 18  COOPER/MORGAN,exact,community_development,true,medium,keyword rule 'REDEVELOP'
in_fund,TIF 19 UNIVERSITY PARK,exact,culture_recreation,true,high,keyword rule 'PARK'
in_fund,TIF 2 WEST SIDE,exact,community_development,true,medium,keyword rule 'REDEVELOP'
in_fund,TIF 20 ELWOOD,exact,community_development,true,medium,keyword rule 'REDEVELOP'
in_fund,TIF 3 NORTH MAIN,exact,community_development,true,medium,keyword rule 'REDEVELOP'
in_fund,TIF 5 / WINONA TIF AREA,exact,community_development,true,medium,keyword rule 'REDEVELOP'
in_fund,TIF 5 NEAR EAST,exact,community_development,true,medium,keyword rule 'REDEVELOP'
in_fund,TIF 6 / CENTENNIAL CROSSINGS TIF,exact,community_development,true,medium,keyword rule 'REDEVELOP'
in_fund,TIF 6 DOWNTOWN AND SOUTHEAST,exact,community_development,true,medium,keyword rule 'REDEVELOP'
in_fund,TIF 7 / PRETZELS TIF AIR PARCEL,exact,community_development,true,medium,keyword rule 'REDEVELOP'
in_fund,TIF 7 SYCAMORE AND APPERSON,exact,community_development,true,medium,keyword rule 'REDEVELOP'
in_fund,TIF 8 OLD YMCA,exact,community_development,true,medium,keyword rule 'REDEVELOP'
in_fund,TIF 9 CHAMPIONSHIP PARK,exact,culture_recreation,true,high,keyword rule 'PARK'
in_fund,TIF A&C ALLOC,exact,community_development,true,medium,keyword rule 'REDEVELOP'
in_fund,TIF ANNEX ALLOCATION AREA,exact,community_development,true,medium,keyword rule 'REDEVELOP'
in_fund,TIF BOND & INTEREST,exact,debt_service,true,high,keyword rule 'B ?& ?I'
in_fund,TIF BOND & INTEREST - INTEREST,exact,debt_service,true,high,keyword rule 'B ?& ?I'
in_fund,TIF BOND & INTEREST - OTHER CONT.,exact,debt_service,true,high,keyword rule 'B ?& ?I'
in_fund,TIF BOND & INTEREST - PRINCIPAL,exact,debt_service,true,high,keyword rule 'B ?& ?I'
in_fund,TIF CENTRAL ALLOC AREA (4448),exact,community_development,true,medium,keyword rule 'REDEVELOP'
in_fund,TIF DIST #1 MALL,exact,community_development,true,medium,keyword rule 'REDEVELOP'
in_fund,TIF DISTRICT,exact,community_development,true,medium,keyword rule 'REDEVELOP'
in_fund,TIF DISTRICT #1,exact,community_development,true,medium,keyword rule 'REDEVELOP'
in_fund,TIF DISTRICT #2,exact,community_development,true,medium,keyword rule 'REDEVELOP'
in_fund,TIF DISTRICT #3,exact,community_development,true,medium,keyword rule 'REDEVELOP'
in_fund,TIF DISTRICT - NORTH,exact,community_development,true,medium,keyword rule 'REDEVELOP'
in_fund,TIF DISTRICT - SOUTH,exact,community_development,true,medium,keyword rule 'REDEVELOP'
in_fund,TIF DOWNTOWN 109TH & RANDOLPH,exact,community_development,true,medium,keyword rule 'REDEVELOP'
in_fund,TIF DOWNTOWN FACADE PROGRAM,exact,community_development,true,medium,keyword rule 'REDEVELOP'
in_fund,TIF EAST #148,exact,community_development,true,medium,keyword rule 'REDEVELOP'
in_fund,TIF FUND,exact,community_development,true,medium,keyword rule 'REDEVELOP'
in_fund,TIF GGT,exact,community_development,true,medium,keyword rule 'REDEVELOP'
in_fund,TIF I-69,exact,community_development,true,medium,keyword rule 'REDEVELOP'
in_fund,TIF INDUSTRIAL 475,exact,community_development,true,medium,keyword rule 'REDEVELOP'
in_fund,TIF LAKEFRONT,exact,community_development,true,medium,keyword rule 'REDEVELOP'
in_fund,TIF LAKEFRONT ALLOC AREA I,exact,community_development,true,medium,keyword rule 'REDEVELOP'
in_fund,TIF LAKEFRONT ALLOC AREA II,exact,community_development,true,medium,keyword rule 'REDEVELOP'
in_fund,TIF LAKEFRONT ALLOC AREA III,exact,community_development,true,medium,keyword rule 'REDEVELOP'
in_fund,TIF LAKESIDE GARDEN,exact,community_development,true,medium,keyword rule 'REDEVELOP'
in_fund,TIF MAXWELL ALLOC AREA/ST. E (4446),exact,community_development,true,medium,keyword rule 'REDEVELOP'
in_fund,TIF NORTHTOWN VILLAGE TOWNHOMES,exact,community_development,true,medium,keyword rule 'REDEVELOP'
in_fund,TIF PRINCIPLE & INTEREST-(2012,exact,debt_service,true,high,keyword rule 'DEBT'
in_fund,TIF REDEVELOPMENT CAP IMP,exact,community_development,true,medium,keyword rule 'REDEVELOP'
in_fund,TIF RESIDENTIAL,exact,community_development,true,medium,keyword rule 'REDEVELOP'
in_fund,TIF RILEY PLAZA,exact,community_development,true,medium,keyword rule 'REDEVELOP'
in_fund,TIF SOUTH ALLOC AREA (4449),exact,community_development,true,medium,keyword rule 'REDEVELOP'
in_fund,TIF SOUTH EAST,exact,community_development,true,medium,keyword rule 'REDEVELOP'
in_fund,TIF SOUTH WEST,exact,community_development,true,medium,keyword rule 'REDEVELOP'
in_fund,TIF SUPPLIERS BUSINESS PARK AREA,exact,culture_recreation,true,high,keyword rule 'PARK'
in_fund,TIF US GYPSUM,exact,community_development,true,medium,keyword rule 'REDEVELOP'
in_fund,TIF WINONA LAKE,exact,community_development,true,medium,keyword rule 'REDEVELOP'
in_fund,TIF- ALLOCATION FUND,exact,community_development,true,medium,keyword rule 'REDEVELOP'
in_fund,TIF- FLEECE,exact,community_development,true,medium,keyword rule 'REDEVELOP'
in_fund,TIF- SDI,exact,community_development,true,medium,keyword rule 'REDEVELOP'
in_fund,TIF-HSA,exact,community_development,true,medium,keyword rule 'REDEVELOP'
in_fund,TIF-MIDLAND PROJECT,exact,community_development,true,medium,keyword rule 'REDEVELOP'
in_fund,TOB CONSTRUCTION ACCOUNT (REMC RLF),exact,capital_projects,true,medium,keyword rule 'CUMULATIVE'
in_fund,TOB CONSTRUCTION RETAINAGE,exact,capital_projects,true,medium,keyword rule 'CUMULATIVE'
in_fund,TOB-CONSTRUCTION RETAINAGE FUND,exact,capital_projects,true,medium,keyword rule 'CUMULATIVE'
in_fund,TOURISM,exact,culture_recreation,true,high,keyword rule 'PARK'
in_fund,TOURISM FUND,exact,culture_recreation,true,high,keyword rule 'PARK'
in_fund,TOURISM INNKEEPER,exact,transfers_other,true,low,keyword rule 'LOIT'
in_fund,TOURISM INNKEEPER'S TAX,exact,transfers_other,true,low,keyword rule 'LOIT'
in_fund,TOWN CENTER DEBT,exact,debt_service,true,high,keyword rule 'DEBT'
in_fund,TOWN CENTER TIF 244,exact,community_development,true,medium,keyword rule 'REDEVELOP'
in_fund,TOWN HALL SALE,exact,general_government,true,medium,keyword rule 'COURT'
in_fund,TOWNSHIP ASSISTANCE,exact,health_human_services,true,medium,keyword rule 'HEALTH'
in_fund,TOWNSHIP FIRE AND E.M.S.,exact,public_safety,true,high,keyword rule 'POLICE'
in_fund,TRAINING FUND - FIRE,exact,public_safety,true,high,keyword rule 'POLICE'
in_fund,TRANSIT CENTER,exact,public_works,true,high,keyword rule 'STREET'
in_fund,TRANSIT NON-REVERTING,exact,public_works,true,high,keyword rule 'STREET'
in_fund,TRANSPORTATION,exact,public_works,true,high,keyword rule 'STREET'
in_fund,TRANSPORTATION GRANT (2418),exact,public_works,true,high,keyword rule 'STREET'
in_fund,TRASH,exact,public_works,true,high,keyword rule 'STREET'
in_fund,TRASH / SANITATION - OPERATING,exact,public_works,true,high,keyword rule 'SANITATION'
in_fund,TRASH AND GARBAGE PICKUP,exact,public_works,true,high,keyword rule 'STREET'
in_fund,TRASH FUND 623,exact,public_works,true,high,keyword rule 'STREET'
in_fund,TRASH OPERATING,exact,public_works,true,high,keyword rule 'STREET'
in_fund,TRASH SERVICE,exact,public_works,true,high,keyword rule 'STREET'
in_fund,TRASH SERVICE FUND,exact,public_works,true,high,keyword rule 'STREET'
in_fund,TURTLE MEADOW TIF,exact,community_development,true,medium,keyword rule 'REDEVELOP'
in_fund,URBAN DEVELOPMENT ACTION GRANT,exact,community_development,true,medium,keyword rule 'REDEVELOP'
in_fund,US 231 ECONOMIC DEVELOPMENT TIF,exact,community_development,true,medium,keyword rule 'REDEVELOP'
in_fund,US 33 TIF,exact,community_development,true,medium,keyword rule 'REDEVELOP'
in_fund,US 40 TIF FUND,exact,community_development,true,medium,keyword rule 'REDEVELOP'
in_fund,US30 ALLOCATION AREA NO. 2 BOND,exact,debt_service,true,high,keyword rule 'DEBT'
in_fund,USER FEE (TRASH FEE),exact,public_works,true,high,keyword rule 'STREET'
in_fund,VANDALIA ARH TIF,exact,community_development,true,medium,keyword rule 'REDEVELOP'
in_fund,VERM CO GRANT FIREFIGHTER/EMT,exact,public_safety,true,high,keyword rule 'POLICE'
in_fund,VETERAN'S WAY TIF,exact,community_development,true,medium,keyword rule 'REDEVELOP'
in_fund,VETERANS MEMORIAL,exact,health_human_services,true,medium,keyword rule 'HEALTH'
in_fund,VETERANS MONUMENT FUND,exact,health_human_services,true,medium,keyword rule 'HEALTH'
in_fund,VIPS/PARK PUBLIC SAFETY FUND,exact,public_safety,true,high,keyword rule 'POLICE'
in_fund,VISION PARK EXPANSION TOMASCO TIF,exact,culture_recreation,true,high,keyword rule 'PARK'
in_fund,VISION PARK SER 2021 EXP TOMASCO TIF,exact,culture_recreation,true,high,keyword rule 'PARK'
in_fund,VISION PARK TIF,exact,culture_recreation,true,high,keyword rule 'PARK'
in_fund,VISION PARK TIF EXPANSION,exact,culture_recreation,true,high,keyword rule 'PARK'
in_fund,WAGGERING & RIVERBOAT,exact,community_development,true,medium,keyword rule 'REDEVELOP'
in_fund,WARSAW POLICE FORFEITURE FUND,exact,public_safety,true,high,keyword rule 'POLICE'
in_fund,WARVEL PARK DONATION,exact,culture_recreation,true,high,keyword rule 'PARK'
in_fund,WASTE & REFUSE COLLECTION N/R,exact,public_works,true,high,keyword rule 'STREET'
in_fund,WASTE DISPOSAL  & RECYCLING,exact,public_works,true,high,keyword rule 'STREET'
in_fund,WASTE DISPOSAL & RECYCLING,exact,public_works,true,high,keyword rule 'STREET'
in_fund,WASTE WATER O & M,exact,utilities,true,high,keyword rule 'WATER'
in_fund,WASTEWATER AVAILABILITY,exact,utilities,true,high,keyword rule 'WATER'
in_fund,WASTEWATER B & I 2005,exact,debt_service,true,high,keyword rule 'B ?& ?I'
in_fund,WASTEWATER B & I 2019,exact,debt_service,true,high,keyword rule 'B ?& ?I'
in_fund,WASTEWATER OPERATING,exact,utilities,true,high,keyword rule 'WATER'
in_fund,WASTEWATER TREATMENT,exact,utilities,true,high,keyword rule 'WATER'
in_fund,WATER,exact,utilities,true,high,keyword rule 'WATER'
in_fund,WATER CAPITAL IMPROVEMENT,exact,utilities,true,high,keyword rule 'WATER'
in_fund,WATER DEBT PAYMENT,exact,debt_service,true,high,keyword rule 'DEBT'
in_fund,WATER FUND,exact,utilities,true,high,keyword rule 'WATER'
in_fund,WATER IMPROVEMENT,exact,utilities,true,high,keyword rule 'WATER'
in_fund,WATER MAIN SURCHARGE,exact,utilities,true,high,keyword rule 'WATER'
in_fund,WATER O & M,exact,utilities,true,high,keyword rule 'WATER'
in_fund,WATER OPERATING,exact,utilities,true,high,keyword rule 'WATER'
in_fund,WATER UTILITY,exact,utilities,true,high,keyword rule 'WATER'
in_fund,WATER WORKS BOND RESERVE,exact,debt_service,true,high,keyword rule 'DEBT'
in_fund,WATER WORKS CAPITAL,exact,utilities,true,high,keyword rule 'WATER'
in_fund,WATER WORKS CUSTOMER DEPOSIT,exact,utilities,true,high,keyword rule 'WATER'
in_fund,WATER WORKS OPERATIONS,exact,utilities,true,high,keyword rule 'WATER'
in_fund,WATER WORKS RESERVE OPERATIONS & MAINTENANCE,exact,utilities,true,high,keyword rule 'WATER'
in_fund,WATER WORKS SINKING (DEBT SERVICE),exact,debt_service,true,high,keyword rule 'DEBT'
in_fund,WATERWORKS IMPROVEMENTS,exact,utilities,true,high,keyword rule 'WATER'
in_fund,WATERWORKS REFUNDING REVENUE BOND OF 2017,exact,debt_service,true,high,keyword rule 'DEBT'
in_fund,WEED ASSESSMENT,exact,general_government,true,medium,keyword rule 'COURT'
in_fund,WHEEL TAX,exact,public_works,true,high,keyword rule 'COMMUNITY CROSSINGS'
in_fund,WHEEL TAX DISTRIBUTION,exact,public_works,true,high,keyword rule 'COMMUNITY CROSSINGS'
in_fund,WHEEL TAX SURTAX,exact,public_works,true,high,keyword rule 'COMMUNITY CROSSINGS'
in_fund,WHITE/NASSAU PARK CONSTRUCTION FUND,exact,culture_recreation,true,high,keyword rule 'PARK'
in_fund,WILKERSON PARK MEMORIAL FUND,exact,culture_recreation,true,high,keyword rule 'PARK'
in_fund,WILLER PARK,exact,culture_recreation,true,high,keyword rule 'PARK'
in_fund,WILLOW RIDGE TIF,exact,community_development,true,medium,keyword rule 'REDEVELOP'
in_fund,WIND TURBINE B & I,exact,debt_service,true,high,keyword rule 'B ?& ?I'
in_fund,WIND TURBINE BOND & INTEREST TIF,exact,debt_service,true,high,keyword rule 'B ?& ?I'
in_fund,WIND TURBINE OP & MAINTENANCE,exact,public_works,true,high,keyword rule 'STREET'
in_fund,WIRTH PARK,exact,culture_recreation,true,high,keyword rule 'PARK'
in_fund,WORKERS COMPENSATION,exact,employee_benefits,true,medium,keyword rule 'HEALTH INS'
in_fund,WORKERS COMPENSATION FUND,exact,employee_benefits,true,medium,keyword rule 'HEALTH INS'
in_fund,WTR B&I 19,exact,debt_service,true,high,keyword rule 'B ?& ?I'
in_fund,WTR B&I 2019,exact,debt_service,true,high,keyword rule 'B ?& ?I'
in_fund,WTR B&I 2023,exact,debt_service,true,high,keyword rule 'B ?& ?I'
in_fund,WTR B&I 23,exact,debt_service,true,high,keyword rule 'B ?& ?I'
in_fund,WTR B&I 24,exact,debt_service,true,high,keyword rule 'B ?& ?I'
in_fund,WW B&I 19,exact,debt_service,true,high,keyword rule 'B ?& ?I'
in_fund,WW B&I 2005,exact,debt_service,true,high,keyword rule 'B ?& ?I'
in_fund,WW B&I 2019,exact,debt_service,true,high,keyword rule 'B ?& ?I'
in_fund,ZONING PERMITS,exact,community_development,true,medium,keyword rule 'REDEVELOP'
in_fund,ZOO DONATION FUND,exact,culture_recreation,true,high,keyword rule 'PARK'
in_fund,ZOO EDUCATION NON REVERTING FUND,exact,culture_recreation,true,high,keyword rule 'PARK'
