projet_id,projet_year,projet_nom,projet_montant,projet_arr,numero_marche,fournisseur_nom,fournisseur_siret,marche_objet,marche_annee,marche_montant,score,label,reason
2025_12_33_011,2025,"Gymnase - 26, boulevard Carnot - Grand projet de renouvellement urbain",17600000.0,12,20242024S07779,ESPACE TEMPS,34217010700086,MOE HORS LOI MOP CHANGT ENERGIE CS 26 BOULEVARD CARNOT,2024,67300.0,0.85,confirmed,overlap=['carnot'] ; jugé en session : adresse exacte 26 boulevard Carnot ; relu
2025_10_27_009,2025,"Piscine - 31, rue du Château-Landon - Travaux de rénovation Château-Landon",7683112.38,10,20242024T03749,BOUYGUES BATIMENT ILE DE FRANCE,43390083400188,SA4-TRVX DE RENOVATION DE LA PISCINE CHATEAU LANDON PARIS 10,2024,8461700.12,1.0,confirmed,"overlap=['chateau', 'landon'] ; jugé en session : rénovation piscine Château-Landon exacte ; relu"
2025_18_51_015,2025,Réaménagement de la porte de la Chapelle,6145436.8,18,20242024S00371,ARCADIS ESG,40150379200533,MOE RÉAMÉNAGEMENT DE LA PORTE DE LA CHAPELLE 3,2024,261200.0,0.9,confirmed,overlap=['chapelle'] ; jugé en session : MOE Porte de la Chapelle exacte ; relu
2025_18_51_015,2025,Réaménagement de la porte de la Chapelle,6145436.8,18,20222022T09784,TERIDEAL,32307786700212,SA4 VOIRIE ECLAIRAGE PUBLIC FEUX TRICOLORE PORTE CHAPELLE,2023,15935704.17,0.9,confirmed,overlap=['chapelle'] ; jugé en session : voirie Porte Chapelle même lieu ; relu
2025_18_51_015,2025,Réaménagement de la porte de la Chapelle,6145436.8,18,20232023T03034,FREYSSINET FRANCE,33405736100308,SA3 TRAVAUX OUVRAGES ART REAMENAGEMENT PORTE CHAPELLE 18EME,2023,3556491.2,0.9,confirmed,overlap=['chapelle'] ; jugé en session : ouvrages d'art Porte Chapelle 18e ; relu
2025_18_51_015,2025,Réaménagement de la porte de la Chapelle,6145436.8,18,20222022S01527,ARCADIS ESG,40150379200533,MOE RÉAMÉNAGEMENT DE LA PORTE DE LA CHAPELLE,2022,1151853.98,0.9,confirmed,overlap=['chapelle'] ; jugé en session : MOE Porte de la Chapelle exacte ; relu
2025_18_51_015,2025,Réaménagement de la porte de la Chapelle,6145436.8,18,20222022T09890,TERIDEAL AGRIGEX ENVIRONNEMENT,32534895100030,SA3 MSAC TVX AMENAGEMENT ESPACES VERTS PORTE DE LA CHAPELLE,2022,510070.49,0.9,confirmed,overlap=['chapelle'] ; jugé en session : espaces verts Porte de la Chapelle ; relu
2025_14_39_012,2025,Abords de la Tour Montparnasse - Réaménagement de la rue Mouchotte,4350544.6,14,20232023S10527,AREP,44457238200034,SA3_ACBCMS_MOE REAMENAGEMENT ABORDS GARE MONTPARNASSE,2023,8000000.0,1.0,confirmed,"overlap=['abords', 'montparnasse'] ; jugé en session : abords gare Montparnasse, même secteur ; relu"
2025_12_33_012,2025,Place Feliz Eboué - Aménagement,4094274.53,12,20242024T12421,GROUPE LOISELEUR GRAND PARIS SUD,57213977200030,SA3_MS TRX ESPACES VERTS REAMENAGEMT PLACE FELIX EBOUE 12EME,2024,329111.47,0.7,probable,overlap=['eboue'] ; jugé en session : place Félix Éboué 12e exacte ; relu
2025_00_9_022,2025,"Crèche collective - 26, rue Saint-Roch - Restructuration",3487945.11,0,20222022S01010,AMOES,49519128000066,SUBSÉQUENT AMO RESTRUCTURATION CRECHE SAINT ROCH,2022,69972.0,1.0,confirmed,"overlap=['restructuration', 'roch'] ; jugé en session : AMO crèche Saint-Roch exacte ; relu"
2025_00_9_022,2025,"Crèche collective - 26, rue Saint-Roch - Restructuration",3487945.11,0,20232023T07496,DP.R,42878198300039,SA4-TVX RESTRUCTURATION CRECHE ST ROCH 75001 - LOT 1 TCE,2023,3750422.0,1.0,confirmed,"overlap=['restructuration', 'roch'] ; jugé en session : travaux crèche Saint-Roch 75001 ; relu"
2025_19_54_002,2025,Embellir votre quartier - Danube,3084488.36,19,20242024T09046,COCHERY ILE DE FRANCE,41797626300018,SA3.MS_AC.TRVX AMÉNAGEMENT PLACE RHIN ET DANUBE PARIS 19,2024,1092467.27,0.85,confirmed,"overlap=['danube'] ; jugé en session : place Rhin et Danube, même quartier ; relu"
2025_19_54_012,2025,Secteur des Orgues de Flandre - Aménagement Orgues de Flandre,2966558.48,19,20242024T08007,COCHERY ILE DE FRANCE,41797626300018,SA3.REAMENAGEMENT ILOT RIQUET ORGUES DE FLANDRES-LOT 1,2024,1814881.44,0.85,confirmed,overlap=['orgues'] ; jugé en session : îlot Riquet Orgues de Flandre exact ; relu
2025_19_54_012,2025,Secteur des Orgues de Flandre - Aménagement Orgues de Flandre,2966558.48,19,20242024T08008,BOTANICA JARDINS SERVICES,34063214000133,SA3 REAMENAG ILOT RIGUET ORGUES DES FLANDRES LOT3,2024,266204.0,0.85,confirmed,overlap=['orgues'] ; jugé en session : îlot Orgues de Flandre exact ; relu
2025_19_54_006,2025,"Jardin de l'îlot Riquet - 2, rue du docteur Lamaze - Rénovation du jardin",2269489.58,19,20242024T08007,COCHERY ILE DE FRANCE,41797626300018,SA3.REAMENAGEMENT ILOT RIQUET ORGUES DE FLANDRES-LOT 1,2024,1814881.44,1.0,confirmed,"overlap=['ilot', 'riquet'] ; jugé en session : îlot Riquet exact, même jardin ; relu"
2025_19_54_004,2025,"Médiathèque James Baldwin - 12, rue Henri Ribière - Mediathèque Jean Quarré",2094542.51,19,20232023F10342,VIDELIO,35009370400657,MS_INSTALLATION SON ET VIDEO MEDIATHEQUE J BALDWIN 19 EME,2023,181839.19,0.85,confirmed,overlap=['baldwin'] ; jugé en session : médiathèque J. Baldwin 19e exacte ; relu
2025_14_39_006,2025,Embellir votre quartier - Montparnasse,1592413.49,14,2025S125620000,AREP,44457238200034,MSAC N°2 MOE RUE DE L'ARRIVEE PLACE 18JUIN1940 MONTPARNASSE,2025,211618.0,0.85,confirmed,overlap=['montparnasse'] ; jugé en session : place 18 juin 1940 Montparnasse même quartier ; relu
2025_14_39_006,2025,Embellir votre quartier - Montparnasse,1592413.49,14,20232023S10527,AREP,44457238200034,SA3_ACBCMS_MOE REAMENAGEMENT ABORDS GARE MONTPARNASSE,2023,8000000.0,0.85,confirmed,"overlap=['montparnasse'] ; jugé en session : abords gare Montparnasse, même quartier ; relu"
2025_14_39_013,2025,Place Denfert Rochereau - Aménagement,1510330.88,14,2025T008060000,EUROVIA ILE DE FRANCE,42094822600089,SA3_TVX INFRASTRUCTURE PR REAMNGMT PLACE DENFERT-ROCHEREAU,2025,8220708.5,1.0,confirmed,"overlap=['denfert', 'rochereau'] ; jugé en session : place Denfert-Rochereau exacte ; relu"
2025_14_39_013,2025,Place Denfert Rochereau - Aménagement,1510330.88,14,decp-2025T00806,EUROVIA ILE DE FRANCE,42094822600089,Travaux d’infrastructure pour le réaménagement de la place Denfert-Rochereau,2025,6220708.5,1.0,confirmed,"overlap=['denfert', 'rochereau'] ; jugé en session : place Denfert-Rochereau exacte ; relu"
2025_14_39_013,2025,Place Denfert Rochereau - Aménagement,1510330.88,14,decp-2025T01113,TERIDEAL ESPACES VERTS ILE DE FRANCE,32534895100030,Travaux de végétalisation dans le cadre du réaménagement de la place Denfert-Rochereau à Paris 14e,2025,1830081.63,1.0,confirmed,"overlap=['denfert', 'rochereau'] ; jugé en session : place Denfert-Rochereau exacte ; relu"
2025_14_39_013,2025,Place Denfert Rochereau - Aménagement,1510330.88,14,decp-2025T03460,BOUYGUES ENERGIES & SERVICES,77566487302158,"Travaux d’éclairage public, d’illuminations et de signalisation lumineuse et tricolore (EP/SLT) dans le cadre du réaménagement de la place Denfert-Rochereau à Paris 14ème.",2025,439932.21,1.0,confirmed,"overlap=['denfert', 'rochereau'] ; jugé en session : place Denfert-Rochereau exacte ; relu"
2025_14_39_013,2025,Place Denfert Rochereau - Aménagement,1510330.88,14,20242024S02949,BUREAU DES PAYSAGES,50409691800033,MSAC2 MOE PLACE DENFERT ROCHEREAU,2024,755300.0,1.0,confirmed,"overlap=['denfert', 'rochereau'] ; jugé en session : MOE place Denfert-Rochereau exacte ; relu"
2025_13_36_003,2025,Embellir votre quartier - Rungis,1367763.78,13,2025T014700000,TERIDEAL ESPACES VERTS IDF,32534895100139,SA3_MSAC_AMGMT ESPACEVERTS_PL RUNGIS&RUE FONTAINE MULARD_13È,2025,747996.61,0.9,confirmed,overlap=['rungis'] ; jugé en session : place Rungis 13e exacte ; relu
2025_13_36_003,2025,Embellir votre quartier - Rungis,1367763.78,13,decp-2025T01470,TERIDEAL ESPACES VERTS ILE DE FRANCE,32534895100030,"Travaux d'aménagement des espaces verts de la place de Rungis et de la rue de la Fontaine à Mulard, Paris 13ème",2025,552895.57,0.9,confirmed,overlap=['rungis'] ; jugé en session : place Rungis 13e exacte ; relu
2025_13_36_003,2025,Embellir votre quartier - Rungis,1367763.78,13,20242024T09622,COCHERY ILE DE FRANCE,41797626300018,SA3.MS.TRVX.AMENAGEMENT PL RUNGIS PARIS 13,2024,1389220.82,0.85,confirmed,overlap=['rungis'] ; jugé en session : place Rungis Paris 13 exacte ; relu
2025_13_36_010,2025,Eglise Sainte-Anne-de-la-Butte-aux-Cailles - consolidation pérenne,1315289.21,13,20222022T02119,LEFEVRE SAS,35331873600058,SA4 EGLISE STE ANNE BUTTE AUX CAILLES LOT 1 GROS OEUVRE,2022,6164413.5,1.0,confirmed,"overlap=['anne', 'butte', 'cailles'] ; jugé en session : église Ste Anne Butte aux Cailles exacte ; relu"
2025_13_36_010,2025,Eglise Sainte-Anne-de-la-Butte-aux-Cailles - consolidation pérenne,1315289.21,13,20222022T02120,STE LOUIS GENESTE ET SES FILS,86020025200093,SA4 EGLISE STE ANNE BUTTE AUX CAILLES LOT2 : MACONNERIE…,2022,1697781.97,1.0,confirmed,"overlap=['anne', 'butte', 'cailles'] ; jugé en session : église Ste Anne Butte aux Cailles exacte ; relu"
2025_19_54_008,2025,Crèche collective Eiders - Restructuration,1269347.8,19,20222022S00457,RMDM ARCHITECTES,43955573100033,MOE RESTRUCTURATION CRECHE 7 ALLÉE DES EIDERS 75019,2022,416650.0,1.0,confirmed,"overlap=['eiders', 'restructuration'] ; jugé en session : crèche allée des Eiders exacte ; relu"
2025_18_51_016,2025,Goutte d'Or - rues Myrha et Léon,1222749.29,18,20222022T03942,ENT. DE TRAVAUX FAYOLLE ET FILS,50163916500015,SA3 MSAC TVX INFRASTRUCTURE VOIRIE RUE LEON ET MYRHA 18E,2022,898681.67,0.9,confirmed,"overlap=['leon', 'myrha'] ; jugé en session : rue Léon et Myrha exacte ; relu"
2025_12_33_002,2025,Embellir votre quartier - Aligre,1178834.51,12,2025T038430000,SERI,82572049300014,REALISATION TRANSPORT POSE ARCHE D'ALIGRE 12EME,2025,50024.0,0.85,confirmed,overlap=['aligre'] ; jugé en session : arche d'Aligre 12e exacte ; relu
2025_19_54_010,2025,Crèche collective Préault - Restructuration,1126004.95,19,2025T038750000,BRIAND SAS,33498245100059,SA4_TVX RESTRUCTURATION CRECHE PREAULT_ LOT1_TCE,2025,3597241.77,1.0,confirmed,"overlap=['preault', 'restructuration'] ; jugé en session : crèche Préault exacte ; relu"
2025_19_54_010,2025,Crèche collective Préault - Restructuration,1126004.95,19,20242024S00374,MANERGY,32858182200033,SA4_AC BC&MS MOE RESTRUCTURATION CRECHE PREAULT 19ÈME,2024,1000000.0,1.0,confirmed,"overlap=['preault', 'restructuration'] ; jugé en session : MOE crèche Préault 19e exacte ; relu"
2025_19_54_017,2025,"Bains-douches - 1, rue Petitot - Rénovation des bains-douches",1041595.26,19,20242024T13194,PATRIMOINE ET RENOVATION,44016479600060,SA4_TRX RENOVAT BAINS-DOUCHES PETITOT_LOT 1_STRUT FACAD,2024,220222.53,1.0,confirmed,"overlap=['bains', 'douches', 'petitot'] ; jugé en session : bains-douches Petitot exacte ; relu"
2025_19_54_017,2025,"Bains-douches - 1, rue Petitot - Rénovation des bains-douches",1041595.26,19,20232023S05505,ARCHITECTE(S),52851697400029,MOE BAINS-DOUCHES PETITOT 19EME,2023,162600.0,1.0,confirmed,"overlap=['bains', 'douches', 'petitot'] ; jugé en session : MOE bains-douches Petitot exacte ; relu"
2025_19_54_017,2025,"Bains-douches - 1, rue Petitot - Rénovation des bains-douches",1041595.26,19,20242024T13197,BALAS,56207779200082,SA4_TRX RENOVATION BAINS-DOUCHES PETITOT_LOT 4_FLUIDES,2024,699000.0,1.0,confirmed,"overlap=['bains', 'douches', 'petitot'] ; jugé en session : bains-douches Petitot exacte ; relu"
2025_19_54_017,2025,"Bains-douches - 1, rue Petitot - Rénovation des bains-douches",1041595.26,19,20242024T10437,MARTO ET FILS,39219382700012,TRVX BAINS DOUCHES PETITOT PARIS 75019 PARIS,2024,140000.0,1.0,confirmed,"overlap=['bains', 'douches', 'petitot'] ; jugé en session : bains-douches Petitot 75019 exacte ; relu"
2025_19_54_017,2025,"Bains-douches - 1, rue Petitot - Rénovation des bains-douches",1041595.26,19,20242024T13195,FMD,30118807400035,SA4_TRX RENOVATION BAINS-DOUCHES PETITOT_LOT 2,2024,132232.0,1.0,confirmed,"overlap=['bains', 'douches', 'petitot'] ; jugé en session : bains-douches Petitot exacte ; relu"
2025_00_9_019,2025,CMR Victor Hugo - Cour oasis Barbette,993357.92,0,20232023S04979,AREP,44457238200034,AMÉNAGEMENT COURS OASIS RATTACHÉE ANNEXE BARBETTE,2023,157220.0,1.0,confirmed,"overlap=['barbette', 'oasis'] ; jugé en session : cour oasis annexe Barbette exacte ; relu"
2025_19_54_005,2025,"École maternelle - 59bis, rue de Romainville - Restructuration du groupe scolaire",926604.09,19,decp-2025T13578,SPIE BATIGNOLLES ILE-DE-FRANCE,58201495700218,Marché de travaux de restructuration du groupe scolaire Romainville à Paris 19ème,2026,10500000.0,1.0,confirmed,"overlap=['restructuration', 'romainville'] ; jugé en session : groupe scolaire Romainville 19e exacte ; relu"
2025_13_36_020,2025,Création d'une nouvelle Maison de la Vie Associative et Citoyenne,918215.43,13,20242024S01792,JAGG,82990496000038,MOE TRAVAUX DE TRANSF DE L'EM EN MAISON ASSOCIATIVE R. BOBIL,2024,62050.0,1.0,confirmed,"overlap=['associative', 'maison'] ; jugé en session : transformation en maison associative, même programme ; relu"
2025_15_42_020,2025,Coulée verte 15e arrondissement,877259.37,15,20242024T09781,MARCEL VILLETTE,39040929000033,SA3.MS_AC.TRX ESP VERTS PHASE4 COULÉE VERTE BEAUGRENE 15E VP,2024,631490.43,1.0,confirmed,"overlap=['coulee', 'verte'] ; jugé en session : coulée verte Beaugrenelle 15e exacte ; relu"
2025_00_9_023,2025,Rue Richelieu,813772.7,0,20242024T10698,COCHERY ILE DE FRANCE,41797626300018,SA3_MS_TVX REAMENAG R. RICHELIEU PARIS 1 ET 2,2024,2457818.39,0.85,confirmed,overlap=['richelieu'] ; jugé en session : rue Richelieu exacte ; relu
2025_18_51_008,2025,ZAC Chapelle Charbon - école - création - Construction de 12 classes,658063.44,18,decp-2026T00873,MAITRE CUBE,81046080800027,"Eco-construction d’une école polyvalente, d’une cuisine centrale et de locaux sociaux, ZAC Chapelle-Charbon Paris 18ème - Travaux TCE",2026,15500000.0,1.0,confirmed,"overlap=['chapelle', 'charbon'] ; jugé en session : ZAC Chapelle-Charbon exacte ; relu"
2025_18_51_008,2025,ZAC Chapelle Charbon - école - création - Construction de 12 classes,658063.44,18,decp-2026T00874,EUROVIA ILE DE FRANCE,42094822600089,"Eco-construction d’une école polyvalente, d’une cuisine centrale et de locaux sociaux, ZAC Chapelle-Charbon Paris 18ème - Espaces extérieurs",2026,425158.28,1.0,confirmed,"overlap=['chapelle', 'charbon'] ; jugé en session : ZAC Chapelle-Charbon exacte ; relu"
2025_18_51_008,2025,ZAC Chapelle Charbon - école - création - Construction de 12 classes,658063.44,18,20232023S02669,LA ARCHITECTURES,51443180800039,MOE ÉCO-CONSTRUCTION ÉCOLE POLYVALENTE ZAC CHAPELLE CHARBON,2023,2148790.02,1.0,confirmed,"overlap=['chapelle', 'charbon'] ; jugé en session : ZAC Chapelle Charbon exacte ; relu"
2025_18_51_008,2025,ZAC Chapelle Charbon - école - création - Construction de 12 classes,658063.44,18,20222022S10639,DEERNS FRANCE,52203871000045,SUBSEQUENT MS AC ECOLE POLY CUISINE CHAPELLE CHARBON PARIS18,2023,76320.0,1.0,confirmed,"overlap=['chapelle', 'charbon'] ; jugé en session : école cuisine Chapelle Charbon exacte ; relu"
2025_18_51_008,2025,ZAC Chapelle Charbon - école - création - Construction de 12 classes,658063.44,18,20222022S10086,APAVE PARISIENNE SAS,39316827300299,SUBSÉQUENT CSPS ÉCO-CONSTRUCTION ZAC CHAPELLE CHARBON 75018,2022,53136.0,1.0,confirmed,"overlap=['chapelle', 'charbon'] ; jugé en session : CSPS éco-construction Chapelle Charbon ; relu"
2025_09_24_017,2025,"École élémentaire - 15, rue Turgot - Cour oasis",644297.87,9,2025T033420000,COCHERY ILE DE FRANCE,41797626300018,CRÉATION COUR OASIS EE 15 RUE TURGOT 75009 PARIS,2025,559872.86,1.0,confirmed,"overlap=['oasis', 'turgot'] ; jugé en session : cour oasis 15 rue Turgot exacte ; relu"
2025_15_42_009,2025,106 rue Brancion - pôle culturel - création - Travaux,555514.6,15,2025S031160000,E'NERGYS,47791348700146,SUBSEQUENT AMO PERF.ENERG.ET COMMISSIONNT POLE CULTUREL,2025,100992.75,1.0,confirmed,"overlap=['culturel', 'pole'] ; jugé en session : pôle culturel, même programme ; relu"
2025_15_42_009,2025,106 rue Brancion - pôle culturel - création - Travaux,555514.6,15,2025S040350000,APB ARCHITECTURE,84874182300019,MOE AMENAGEMENT D'UN EQUIPEMENT CULTUREL RUE BRANCION,2025,90374.0,1.0,confirmed,"overlap=['brancion', 'culturel'] ; jugé en session : équipement culturel rue Brancion exacte ; relu"
2025_15_42_009,2025,106 rue Brancion - pôle culturel - création - Travaux,555514.6,15,2025S108410000,SOREIB,32132669600069,MODERNISATION CHAUFFAGE VENTILATION 106 RUE BRANCION,2025,59300.0,0.85,confirmed,overlap=['brancion'] ; jugé en session : 106 rue Brancion adresse exacte ; relu
2025_19_54_007,2025,Parc des Buttes Chaumont - Travaux préparatoires : Buttes Chaumont,549965.98,19,decp-2025T13056,TERIDEAL,32307786700055,"Travaux pour le réaménagement d’une aire de loisirs au parc des Buttes-Chaumont à Paris 19ème - Travaux de terrassement, maçonnerie, réseaux divers, brumisation, sols souples et fourniture et pose de jeux pour le réaménagement d’une aire de loisirs au parc des Buttes Chaumont à Paris 19ème",2025,576028.61,1.0,confirmed,"overlap=['buttes', 'chaumont'] ; jugé en session : parc Buttes-Chaumont 19e exacte ; relu"
2025_19_54_007,2025,Parc des Buttes Chaumont - Travaux préparatoires : Buttes Chaumont,549965.98,19,decp-2025T13454,EIFFAGE ROUTE ILE DE FRANCE / CENTRE OUEST,43360419600496,Marché de conception réalisation pour la restauration structurelle et paysagère durable du parc des Buttes-Chaumont à Paris 19ème,2026,94000000.0,1.0,confirmed,"overlap=['buttes', 'chaumont'] ; jugé en session : parc Buttes-Chaumont 19e exacte ; relu"
2025_19_54_007,2025,Parc des Buttes Chaumont - Travaux préparatoires : Buttes Chaumont,549965.98,19,decp-2026S00531,SOCOTEC CONSTRUCTION,83415751300815,Missions de contrôle technique relative à la restauration structurelle et paysagère durable du parc des Buttes-Chaumont à Paris 19ème,2026,691560.0,1.0,confirmed,"overlap=['buttes', 'chaumont'] ; jugé en session : parc Buttes-Chaumont 19e exacte ; relu"
2025_19_54_007,2025,Parc des Buttes Chaumont - Travaux préparatoires : Buttes Chaumont,549965.98,19,20232023T06948,ENT. DE TRAVAUX FAYOLLE ET FILS,50163916500015,SA3/ACBC_TVX SECURISATION DU PARC BUTTES CHAUMONT (19EME),2023,2400000.0,1.0,confirmed,"overlap=['buttes', 'chaumont'] ; jugé en session : parc Buttes Chaumont 19e exacte ; relu"
2025_19_54_007,2025,Parc des Buttes Chaumont - Travaux préparatoires : Buttes Chaumont,549965.98,19,20232023S10513,ANTEA FRANCE,39320673500598,SA3_ACBC_AMO RESTAURATION ILE FALAISE PARC BUTTES CHAUMONT,2023,1374700.0,1.0,confirmed,"overlap=['buttes', 'chaumont'] ; jugé en session : île falaise parc Buttes Chaumont exacte ; relu"
2025_18_51_007,2025,Collège Aimé Césaire: Refonte de la cuisine,526809.16,18,20242024T00788,TERENOVE,84161473800026,SA4_LOT1 TCE_ ADAPTAT° CUISINE COLLEGE AIME CESAIRE 18E,2024,338786.38,1.0,confirmed,"overlap=['aime', 'cesaire'] ; jugé en session : cuisine collège Aimé Césaire exacte ; relu"
2025_18_51_007,2025,Collège Aimé Césaire: Refonte de la cuisine,526809.16,18,20242024T00790,COOLTHERM,80744936800016,SA4-LOT4 CHAUFF PLOMB VENTIL° CUISINE COLL AIME CESAIRE 18E,2024,103591.41,1.0,confirmed,"overlap=['aime', 'cesaire'] ; jugé en session : cuisine collège Aimé Césaire exacte ; relu"
2025_07_18_012,2025,"Etablissement multi-accueil collectif et familial - 145, rue de l'Université - Restructuration",488827.59,7,20222022S07603,CABINET MAITRISE TECHNIQ. CONSTRUC.,66201291300031,MO RESTRUCTURATION CRECHE UNIVERSITE 75007,2022,198986.0,1.0,confirmed,"overlap=['restructuration', 'universite'] ; jugé en session : crèche rue Université 75007 exacte ; relu"
2025_07_18_012,2025,"Etablissement multi-accueil collectif et familial - 145, rue de l'Université - Restructuration",488827.59,7,20242024T09129,EDILE CONSTRUCTION,37770055400050,SA4_RESTRUCT CRECHE UNIVERSITE 145 RUE DE L UNIVERSITE 75007,2024,1499282.84,0.85,confirmed,overlap=['universite'] ; jugé en session : crèche 145 rue Université 75007 exacte ; relu
2025_13_36_012,2025,"Square Marie Curie - 27, boulevard de l'Hôpital - Aménagement du square Marie Curie",476688.65,13,20232023S00080,OMNIUM GENERAL D'INGENIERIE,38400090700020,SA3 MSAC MISSIONS ÉTUDES_RÉAMÉNAGEMENT JARDIN MARIE CURIE,2023,195675.0,0.9,confirmed,"overlap=['curie', 'marie'] ; jugé en session : jardin Marie Curie exacte ; relu"
2025_09_24_014,2025,"Etablissement multi-accueil - 11, rue Drouot - Restructuration",474187.25,9,decp-2025T01374,ATELIER FRANCILIEN MIROITERIE METALLERIE,45137632100019,"Travaux de restructuration d’une crèche et une halte garderie en un multi-accueil, 11 rue Drouot à Paris 9ème, en quatre lots. - Menuiseries extérieures",2025,191470.0,1.0,confirmed,"overlap=['drouot', 'restructuration'] ; jugé en session : 11 rue Drouot 9e exacte ; relu"
2025_09_24_014,2025,"Etablissement multi-accueil - 11, rue Drouot - Restructuration",474187.25,9,20242024T13665,DP.R,42878198300039,SA4_TVX RESTRUCT°CRECHE 11RUE DROUOT P9_L1:AMNGT INT/ETANCHE,2025,1980000.0,0.85,confirmed,overlap=['drouot'] ; jugé en session : crèche 11 rue Drouot exacte ; relu
2025_06_15_014,2025,Restauration de l'église Saint-Sulpice,442881.89,6,20212021T10119,ALTIUS,41180144200020,SA4 TVX SERRURIE EGLISE SAINT-SULPICE LOT2,2022,56774.0,0.85,confirmed,overlap=['sulpice'] ; jugé en session : église Saint-Sulpice exacte ; relu
2025_18_51_000,2025,"École élémentaire - 29, rue Joseph de Maistre - Cour oasis",432000.0,18,2025T059730000,ETS JEAN LEFEBVRE IDF,31547453600051,SUBSÉQUENT TVX AMÉNAGEMENT COUR OASIS EE 29 J.DE MAISTRE 18È,2025,439395.78,1.0,confirmed,"overlap=['maistre', 'oasis'] ; jugé en session : cour oasis 29 J. de Maistre exacte ; relu"
2025_12_33_015,2025,"École élémentaire Robert-Jean Longuet - 10, avenue Lamoricière - Confort thermique",422866.88,12,20222023S06170,COHEN- POUILLARD ARCHITECTES,51953214700021,MOE RAVALEMENT ET CONFORT THERMIQUE GS LAMORICIERE 12EME,2023,206544.0,1.0,confirmed,"overlap=['confort', 'lamoriciere', 'thermique'] ; jugé en session : GS Lamoricière 12e exacte ; relu"
2025_19_54_001,2025,Embellir votre quartier - Danube,404664.62,19,20242024T09046,COCHERY ILE DE FRANCE,41797626300018,SA3.MS_AC.TRVX AMÉNAGEMENT PLACE RHIN ET DANUBE PARIS 19,2024,1092467.27,0.85,confirmed,"overlap=['danube'] ; jugé en session : place Rhin-et-Danube, meme quartier Danube ; relu"
2025_12_33_006,2025,"Ecole maternelle - 167, rue de Bercy - Extension de la cuisine",404649.76,12,decp-2025T05622,HENCO,33479637200012,"Travaux de modernisation d’une cuisine pour le groupe scolaire Bercy – 165/167 rue de Bercy, 75012 Paris, en 4 lots juridiques - Equipements de cuisine",2025,167795.6,0.7,probable,"overlap=['bercy'] ; jugé en session : meme adresse/ecole, cuisine GS Bercy ; relu"
2025_12_33_006,2025,"Ecole maternelle - 167, rue de Bercy - Extension de la cuisine",404649.76,12,decp-2025T04959,DMW,81014577100012,"Travaux de modernisation d’une cuisine pour le groupe scolaire Bercy – 165/167 rue de Bercy, 75012 Paris, en 4 lots juridiques - Tous corps d'état",2025,161593.43,0.7,probable,"overlap=['bercy'] ; jugé en session : meme adresse/ecole, cuisine GS Bercy ; relu"
2025_12_33_006,2025,"Ecole maternelle - 167, rue de Bercy - Extension de la cuisine",404649.76,12,decp-2025T05621,TRAVAUX BATIMENTS ELECTRICITE SECURITE,39436621500041,"Travaux de modernisation d’une cuisine pour le groupe scolaire Bercy – 165/167 rue de Bercy, 75012 Paris, en 4 lots juridiques - Electricité CFO/CFA",2025,116200.44,0.7,probable,"overlap=['bercy'] ; jugé en session : meme adresse/ecole, cuisine GS Bercy ; relu"
2025_12_33_006,2025,"Ecole maternelle - 167, rue de Bercy - Extension de la cuisine",404649.76,12,20242024S04675,ARWYTEC,51810838600047,MOE EXTENSION ET MODERNISATION D'UNE CUISINE POUR GS BERCY,2024,76594.0,0.7,probable,"overlap=['bercy'] ; jugé en session : meme adresse/ecole, cuisine GS Bercy ; relu"
2025_12_33_006,2025,"Ecole maternelle - 167, rue de Bercy - Extension de la cuisine",404649.76,12,2025T049590000,DMW,81014577100020,SA4_LOT 1 TCE TVX MODERN CUISINE GRPE SCOLAIRE BERCY,2025,161593.43,0.7,probable,"overlap=['bercy'] ; jugé en session : meme adresse/ecole, cuisine GS Bercy ; relu"
2025_17_48_013,2025,Centre sportif Max Rousié - Gazon rugby,371093.56,17,20222022T03913,AGILIS,44322232800025,SA4_ RÉFECTION GAZON SYNTHÉTIQUE - TERRAIN DE RUGBY _LOT1,2022,462922.0,0.9,confirmed,"overlap=['gazon', 'rugby'] ; jugé en session : refection gazon synthetique terrain de rugby ; relu"
2025_15_42_012,2025,"Ecole maternelle - 5, avenue de la porte Brancion - Restructuration",368294.72,15,20242024T04878,BAT. PEINTURE VITRERIE RAVALEMENT,41291607400047,"RÉFECTION TROIS BÂTIMENTS GS BRANCION ,5 AVENUE PORTE BRANCI",2024,318828.49,0.85,confirmed,"overlap=['brancion'] ; jugé en session : meme ecole, 5 avenue porte Brancion ; relu"
2025_15_42_018,2025,"Conservatoire Frédéric Chopin - 43, rue Bargue - Poursuite des aménagements",348793.4,15,20222022T09558,DP.R,42878198300039,SA4_LOT1_TVX_TOUS CORPS D’ÉTAT_CONSERVATOIRE FRÉDÉRIC CHOPIN,2022,4680000.0,1.0,confirmed,"overlap=['chopin', 'conservatoire', 'frederic'] ; jugé en session : meme conservatoire Frederic Chopin, TCE ; relu"
2025_15_42_018,2025,"Conservatoire Frédéric Chopin - 43, rue Bargue - Poursuite des aménagements",348793.4,15,20222022T02454,BAT'INOV CONCEPT,85075122300015,RELOGEMENT PROVISOIRE CONSERVATOIRE FRÉDÉRIC CHOPIN 15E,2022,188658.3,1.0,confirmed,"overlap=['chopin', 'conservatoire', 'frederic'] ; jugé en session : relogement provisoire du meme conservatoire Chopin ; relu"
2025_15_42_018,2025,"Conservatoire Frédéric Chopin - 43, rue Bargue - Poursuite des aménagements",348793.4,15,20222022T02620,BAT'INOV CONCEPT,85075122300015,RELOGEMENT PROVISOIRE CONSERVATOIRE FRÉDÉRIC CHOPIN 15 E,2022,130916.9,1.0,confirmed,"overlap=['chopin', 'conservatoire', 'frederic'] ; jugé en session : relogement provisoire du meme conservatoire Chopin ; relu"
2025_15_42_018,2025,"Conservatoire Frédéric Chopin - 43, rue Bargue - Poursuite des aménagements",348793.4,15,20232023S00196,ARCADIS ESG,40150379200533,OPC IC REHABILITATION ILOT BARGUE 75015,2023,52605.0,0.9,confirmed,"overlap=['bargue'] ; jugé en session : ilot Bargue, meme adresse que le conservatoire ; relu"
2025_12_33_007,2025,"Mairie du 12e - 130, avenue Daumesnil - Travaux suite à l'incendie",341600.0,12,decp-2025T12497,ABCD TELECOM,43935777300027,"Marché de travaux de modernisation des installations électriques en vue de la réouverture de la Mairie du XIIème suite à incendie, 130 avenue Daumesnil 75012 Paris, LOT1: CFO/CFA_VDI / LOT2: CFA_SSI_ Opération GO 202501521 - CFA_SSI",2025,122956.3,1.0,confirmed,"overlap=['daumesnil', 'incendie', 'suite'] ; jugé en session : meme mairie du 12e, suite incendie ; relu"
2025_19_54_009,2025,"Crèche collective - 10, rue Préault - Restructuration",338320.2,19,2025T038750000,BRIAND SAS,33498245100059,SA4_TVX RESTRUCTURATION CRECHE PREAULT_ LOT1_TCE,2025,3597241.77,1.0,confirmed,"overlap=['preault', 'restructuration'] ; jugé en session : meme creche Preault, restructuration ; relu"
2025_19_54_009,2025,"Crèche collective - 10, rue Préault - Restructuration",338320.2,19,20242024S00374,MANERGY,32858182200033,SA4_AC BC&MS MOE RESTRUCTURATION CRECHE PREAULT 19ÈME,2024,1000000.0,1.0,confirmed,"overlap=['preault', 'restructuration'] ; jugé en session : meme creche Preault, restructuration ; relu"
2025_13_36_017,2025,Collège George Sand - Création d'une cour oasis,333902.95,13,2025T040470000,VALLOIS,42030789400105,TRX DE VÉGÉTALISAT° AMÉNAGEMENT COUR OASIS COLL. G. SAND 13È,2025,535426.71,0.9,confirmed,"overlap=['oasis', 'sand'] ; jugé en session : meme college George Sand, cour oasis ; relu"
2025_15_42_000,2025,"École élémentaire A - 35, rue de l'amiral Roussin - Réfection de la cour oasis",326650.57,15,2025T042420000,ASTEN,54205733600878,TRANSFORMATION COUR ÉCOLE ÉLÉMENTAIRE AMIRAL ROUSSIN EN COUR,2025,462943.61,1.0,confirmed,"overlap=['amiral', 'roussin'] ; jugé en session : meme ecole, amiral Roussin ; relu"
2025_15_42_000,2025,"École élémentaire A - 35, rue de l'amiral Roussin - Réfection de la cour oasis",326650.57,15,20242024T00716,ESPACES TP,75331059800010,RÉFECTION SOL COUR EM 35AMIRAL ROUSSIN 75015 PARIS,2024,49682.78,0.85,confirmed,"overlap=['roussin'] ; jugé en session : meme ecole, amiral Roussin ; relu"
2025_07_18_017,2025,"Conservatoire Erik Satie - 135bis, rue de l'Université - Modernisation de l'accueil et de l'auditorium",322750.89,7,20232023S02639,ELLENA MEHL SARL,49296781500027,MOE MODERNISATION AUDITORIUM /ZONE D'ACCUEIL R.C.D CONS E S,2023,47500.0,0.85,confirmed,"overlap=['auditorium'] ; jugé en session : meme conservatoire Erik Satie, accueil/auditorium ; relu"
2025_05_12_020,2025,"École élémentaire - 21, rue Buffon - Cour oasis",322325.09,5,decp-2025T05114,ASTEN,54205733600738,"Marché subséquent suite à l’accord-cadre n° 20242024T00122 de travaux d’aménagement paysager des cours des établissements parisiens dans le cadre du programme « OASIS » concernant les deux cours de l'école élémentaire (CE et CM), sise 11 et 21 rue Buffon 75005 Paris.",2025,352313.13,1.0,confirmed,"overlap=['buffon', 'oasis'] ; jugé en session : meme adresse, rue Buffon cour oasis ; relu"
2025_05_12_020,2025,"École élémentaire - 21, rue Buffon - Cour oasis",322325.09,5,2025T051140000,ASTEN,54205733600878,TRVX D’AMÉNAGEMENT DE DEUX COURS EE 11 ET 21 RUE BUFFON 5È,2025,359012.13,0.85,confirmed,"overlap=['buffon'] ; jugé en session : meme adresse, rue Buffon cour oasis ; relu"
2025_18_51_002,2025,"École maternelle - 29, rue Marcadet - Cour oasis",322198.12,18,2025T059370000,COCHERY ILE DE FRANCE,41797626300018,SUBSÉQUENT TVX AMÉNAGEMENT COUR OASIS EM 29 MARCADET 75018,2025,319636.93,1.0,confirmed,"overlap=['marcadet', 'oasis'] ; jugé en session : meme ecole, 29 Marcadet cour oasis ; relu"
2025_14_39_014,2025,"École élémentaire - 5, rue Prisse d'Avennes - Travaux d'accessibilité",321905.57,14,decp-2025T03768,RST BTP,84149726600012,"Travaux de mise en accessibilité de l’école maternelle Sarrette et de l’école élémentaire Prisse d’Avennes – 55 rue Sarrette et 5 rue Prisse d’Avennes, 75014 Paris, en 4 lots juridiques - Gros œuvre – Fondations spéciales – Menuiserie exterieure",2025,236656.01,1.0,confirmed,"overlap=['accessibilite', 'avennes', 'prisse'] ; jugé en session : meme adresse, 5 rue Prisse d'Avennes ; relu"
2025_14_39_014,2025,"École élémentaire - 5, rue Prisse d'Avennes - Travaux d'accessibilité",321905.57,14,decp-2025T03769,RST BTP,84149726600012,"Travaux de mise en accessibilité de l’école maternelle Sarrette et de l’école élémentaire Prisse d’Avennes – 55 rue Sarrette et 5 rue Prisse d’Avennes, 75014 Paris, en 4 lots juridiques - Second œuvre – Menuiserie intérieure – Peinture – Electricite – Plomberie",2025,149974.88,1.0,confirmed,"overlap=['accessibilite', 'avennes', 'prisse'] ; jugé en session : meme adresse, 5 rue Prisse d'Avennes ; relu"
2025_14_39_014,2025,"École élémentaire - 5, rue Prisse d'Avennes - Travaux d'accessibilité",321905.57,14,decp-2025T03770,RST BTP,84149726600012,"Travaux de mise en accessibilité de l’école maternelle Sarrette et de l’école élémentaire Prisse d’Avennes – 55 rue Sarrette et 5 rue Prisse d’Avennes, 75014 Paris, en 4 lots juridiques - Serrurerie",2025,79995.95,1.0,confirmed,"overlap=['accessibilite', 'avennes', 'prisse'] ; jugé en session : meme adresse, 5 rue Prisse d'Avennes ; relu"
2025_14_39_014,2025,"École élémentaire - 5, rue Prisse d'Avennes - Travaux d'accessibilité",321905.57,14,decp-2025T03771,,8173500440,"Travaux de mise en accessibilité de l’école maternelle Sarrette et de l’école élémentaire Prisse d’Avennes – 55 rue Sarrette et 5 rue Prisse d’Avennes, 75014 Paris, en 4 lots juridiques - Ascenseur",2025,70000.0,1.0,confirmed,"overlap=['accessibilite', 'avennes', 'prisse'] ; jugé en session : meme adresse, 5 rue Prisse d'Avennes ; relu"
2025_11_30_003,2025,"Square Marcel Rajman - 13, rue Merlin - Travaux de réaménagement et modernisation",313674.06,11,decp-2025T06086,ARTOPIA,38307718700060,Travaux de réaménagement du square Marcel Rajman à Paris (11ème),2025,663421.25,1.0,confirmed,"overlap=['marcel', 'rajman'] ; jugé en session : meme square Marcel Rajman, reamenagement ; relu"
2025_05_12_011,2025,"Mairie du 5e - 21, place du Panthéon - Reprise planchers au 3e étage",307834.1,5,2025T050820000,BTM CONSTRUCTIONS,43886549500024,TRVX DE REPRISE DE STRUCTURE PLANCHER DE 2 BALCONS MAIRIE 5È,2025,246413.79,0.85,confirmed,"overlap=['reprise'] ; jugé en session : meme mairie du 5e, reprise plancher/structure ; relu"
2025_15_42_014,2025,"Crèche collective - 62, rue Cambronne - Restructuration des sections et de la cuisine",307384.13,15,2025T048090000,PATRIMOINE ET RENOVATION,44016479600060,RESTRUCTURATION SECTIONS CRÈCHE COLLECTIVE 62 CAMBRONNE 15E,2025,241249.4,1.0,confirmed,"overlap=['cambronne', 'collective', 'restructuration', 'sections'] ; jugé en session : meme creche, 62 rue Cambronne ; relu"
2025_15_42_014,2025,"Crèche collective - 62, rue Cambronne - Restructuration des sections et de la cuisine",307384.13,15,2025T048110000,TRAVAUX BATS ELECTRICITE SECURITE,39436621500066,RESTRUCTURATION SECTIONS CRÈCHE COLLECTIVE 62 CAMBRONNE 15E,2025,45606.0,1.0,confirmed,"overlap=['cambronne', 'collective', 'restructuration', 'sections'] ; jugé en session : meme creche, 62 rue Cambronne ; relu"
2025_15_42_014,2025,"Crèche collective - 62, rue Cambronne - Restructuration des sections et de la cuisine",307384.13,15,20242024S00213,ETUDES PLURIDISCIPLIN ET CONSEILS,39243247200059,MOE RESTRUCTURATION SECTIONS CUISINE MISE ACCESSIBILITÉ CC,2024,154000.0,1.0,confirmed,"overlap=['restructuration', 'sections'] ; jugé en session : meme nature, restructuration sections et cuisine ; relu"
2025_11_30_021,2025,Embellir votre quartier - rue Oberkampf,303204.69,11,20222022T10318,ENT. DE TRAVAUX FAYOLLE ET FILS,50163916500015,SA3 MSAC TRAVAUX INFRASTRUCTURE OBERKAMPF PARIS 11EME,2023,1620928.08,0.85,confirmed,"overlap=['oberkampf'] ; jugé en session : meme rue Oberkampf, travaux d'infrastructure ; relu"
2025_12_33_019,2025,Embellir votre quartier - rue Oberkampf,303204.69,12,20222022T10318,ENT. DE TRAVAUX FAYOLLE ET FILS,50163916500015,SA3 MSAC TRAVAUX INFRASTRUCTURE OBERKAMPF PARIS 11EME,2023,1620928.08,0.85,confirmed,"overlap=['oberkampf'] ; jugé en session : meme rue Oberkampf, travaux d'infrastructure ; relu"
2025_14_39_011,2025,Réinventer Montparnasse,282489.22,14,2025S125620000,AREP,44457238200034,MSAC N°2 MOE RUE DE L'ARRIVEE PLACE 18JUIN1940 MONTPARNASSE,2025,211618.0,0.85,confirmed,overlap=['montparnasse'] ; jugé en session : meme secteur gare/place Montparnasse ; relu
2025_14_39_011,2025,Réinventer Montparnasse,282489.22,14,20232023S10527,AREP,44457238200034,SA3_ACBCMS_MOE REAMENAGEMENT ABORDS GARE MONTPARNASSE,2023,8000000.0,0.85,confirmed,overlap=['montparnasse'] ; jugé en session : meme secteur gare/place Montparnasse ; relu
2025_14_39_011,2025,Réinventer Montparnasse,282489.22,14,20222022S09401,WSP FRANCE,34942875500095,SA3-MS-COORDIN.GLE CHANTIERS GARE MONTPARNASSE 6 14 ET 15EME,2022,587570.0,0.85,confirmed,overlap=['montparnasse'] ; jugé en session : meme secteur gare/place Montparnasse ; relu
2025_12_33_016,2025,"Ecole maternelle - 33, rue de Pommard - Cour oasis",281731.5,12,20242024T11065,TERIDEAL,32307786700212,TRAVAUX AMÉNAGEMENT DES 2 COURS OASIS POMMARD ET WATTIGNIES,2024,374385.22,1.0,confirmed,"overlap=['oasis', 'pommard'] ; jugé en session : meme ecole, cours Pommard/Wattignies ; relu"
2025_18_51_009,2025,"Mairie du 18e - 1, place Jules Joffrin - Ventilation du pôle logement",279900.11,18,decp-2026T00919,ERI,57207890500021,Travaux de modernisation des anciens bureaux de l'antenne logement (DLH) à la Mairie du 18ème Arrondissement - 1 place Jules Juffrin 75018 Paris,2026,42481.1,1.0,confirmed,"overlap=['jules', 'logement'] ; jugé en session : meme mairie du 18e, bureaux logement DLH ; relu"
2025_20_57_000,2025,"École maternelle - 68, rue Vitruve - Etanchéité de la terrasse et ventilation",274192.11,20,decp-2025T04939,CIEL ETANCHE,50772018300031,"Travaux de réfection de la toiture terrasse de l'école maternelle sise 68, rue Vitruve 75020 Paris. Il est prévu des travaux de remplacement de l'étanchéité de la toiture terrasse et le remplacement de l'échelle à crinoline.",2025,250145.5,1.0,confirmed,"overlap=['etancheite', 'terrasse', 'vitruve'] ; jugé en session : meme adresse, 68 rue Vitruve ; relu"
2025_20_57_000,2025,"École maternelle - 68, rue Vitruve - Etanchéité de la terrasse et ventilation",274192.11,20,2025T049390000,CIEL ETANCHE,50772018300056,TRVX RÉFECTION TOITURE TERRASSE ÉCOLE MATERNELLE SISE 68 RUE,2025,285094.8,0.85,confirmed,"overlap=['terrasse'] ; jugé en session : meme adresse, 68 rue ; relu"
2025_10_27_014,2025,"École élémentaire - 49bis, rue Louis Blanc - Installation des panneaux photovoltaïques",273316.57,10,2025T057660000,SOCIETE AURION ET COMPAGNIE,38302656400047,TVX MODERNISATION TOITURE-TERRASSE PANNEAUX PHOTOVOLTAIQUES,2025,164919.82,1.0,confirmed,"overlap=['panneaux', 'photovoltaiques'] ; jugé en session : meme nature, panneaux photovoltaiques toiture ; relu"
2025_14_39_018,2025,"Jardin d'enfants - 6, rue du général Humbert - Cour oasis",269167.6,14,decp-2025T04424,VALLOIS,42030789400022,"Marché subséquent relatif aux travaux de modernisation de la cour du jardin d’enfants du Général Humbert, 6-10 rue du Général Humbert 75014 Paris, en cour OASIS. fondé sur l’accord-cadre n°20242024T00122, LOT 2, Relance",2025,234904.34,1.0,confirmed,"overlap=['enfants', 'general', 'humbert', 'oasis'] ; jugé en session : meme jardin d'enfants general Humbert ; relu"
2025_00_9_004,2025,"Bassin-école Jean Dame - 17, rue Léopold Bellan - Réfection du système de désenfumage",267845.28,0,20222022T07798,SERVICES INSTALLATIONS ELECTRIQUES,42487348700039,TVX REMPLACEMENT SSI CRÉATION SYSTEME DESENFUMAGE,2022,180000.0,1.0,confirmed,"overlap=['desenfumage', 'systeme'] ; jugé en session : meme nature, desenfumage bassin-ecole Jean Dame ; relu"
2025_13_36_021,2025,"Parc de Choisy - 1, rue George Eastman - Rénovation du préau",266052.16,13,20242024T03823,SAVERBAT FR,83204136200019,"REMPLACEMENT PAVÉS DE VERRE PRÉAU, SANITAIRES PARC CHOISY 13",2024,112560.0,1.0,confirmed,"overlap=['choisy', 'preau'] ; jugé en session : meme parc de Choisy, travaux ; relu"
2025_17_48_012,2025,Crèche rue Salneuve - Restructuration,262999.97,17,2025T115100000,APPROCHE BATIMENT ASS TECHNOLOGIES,48080837700042,SA4_TVX RESTRUCTURATION TCE CRECHE SALNEUVE_LOT1,2025,1860433.39,1.0,confirmed,"overlap=['restructuration', 'salneuve'] ; jugé en session : meme creche rue Salneuve ; relu"
2025_17_48_012,2025,Crèche rue Salneuve - Restructuration,262999.97,17,decp-2025T11511,CULTURES EN VILLE,81256031600026,Travaux de restructuration de la crèche Salneuve (75017 Paris) avec aménagement paysager en cour Oasis - Aménagements paysagers et VRD,2025,146711.04,1.0,confirmed,"overlap=['restructuration', 'salneuve'] ; jugé en session : meme creche rue Salneuve ; relu"
2025_17_48_012,2025,Crèche rue Salneuve - Restructuration,262999.97,17,20222022S04440,DES CLICS ET DES CALQUES,74990877800014,MOE RESTRUCTURATION CRÈCHE MULTI-ACCUEIL 18 SALNEUVE SAMO,2022,279045.0,1.0,confirmed,"overlap=['restructuration', 'salneuve'] ; jugé en session : meme creche rue Salneuve ; relu"
2025_18_51_001,2025,"École maternelle - 19, rue Fernand Labori - Cour oasis",260194.02,18,2025T059360000,EUROVIA ILE DE FRANCE,42094822600089,SUBSÉQUENT TVX AMÉNAGEMENT COUR OASIS EM 19 LABORI 75018,2025,569307.88,1.0,confirmed,"overlap=['labori', 'oasis'] ; jugé en session : meme ecole, 19 Labori cour oasis ; relu"
2025_00_9_025,2025,"École polyvalente - 11, rue Saint-Merri - Création d'une salle arts plastiques",258154.73,0,20222022T04300,TRAVAUX BATIMENTS ELECTRICITE SECUR,39436621500041,TRAVAUX CRÉATION SALLE ARTS PLASTIQUES 3E ÉTG. GS ST MERRI 4,2022,439902.55,1.0,confirmed,"overlap=['arts', 'merri', 'plastiques'] ; jugé en session : meme groupe scolaire Saint-Merri, salle arts plastiques ; relu"
2025_00_9_025,2025,"École polyvalente - 11, rue Saint-Merri - Création d'une salle arts plastiques",258154.73,0,20242024T04181,SOGETHEC,51765203800020,TRAVAUX CRÉATION SALLE ARTS PLASTIQUE 3ÈME ÉTAGE GS ST-MERRI,2024,413495.81,0.9,confirmed,"overlap=['arts', 'merri'] ; jugé en session : meme groupe scolaire Saint-Merri, salle arts plastiques ; relu"
2025_19_54_015,2025,Pavillon Puebla : Travaux en terrasse,254666.44,19,20232023S09566,INFRANEO,41101878100079,SA4/MSAC-ETUDE TVX.MURS SOUTENEMNT TERRASSES PAVILLON PUEBLA,2023,42539.5,1.0,confirmed,"overlap=['pavillon', 'puebla'] ; jugé en session : meme pavillon Puebla, murs de soutenement ; relu"
2025_19_54_015,2025,Pavillon Puebla : Travaux en terrasse,254666.44,19,20242024T12209,URBAINE DE TRAVAUX,32105797800017,SA3_ACBC_TVX RESTAURAT° MURS SOUTENEMENT PAVILLON PUEBLA 19E,2024,1375147.58,1.0,confirmed,"overlap=['pavillon', 'puebla'] ; jugé en session : meme pavillon Puebla, murs de soutenement ; relu"
2025_20_57_005,2025,Grandes Rigoles - Création d'un équipement culturel Rigoles,251372.36,20,20242024S09199,ARRA,85036244300028,MOE ÉCOCONSTRUCTION ÉQUIPT CULTUREL 88 RUE DES RIGOLES 75020,2024,951000.0,1.0,confirmed,"overlap=['culturel', 'rigoles'] ; jugé en session : meme adresse, 88 rue des Rigoles ; relu"
2025_10_27_013,2025,"École élémentaire - 33, avenue Claude Vellefaux - Cour oasis et cours végétalisées",247259.54,10,2025T043650000,MAX TP,53216168400040,RÉNOVATION COUR EE 33 AVENUE CLAUDE VELLEFAUX PARIS 10E,2025,178987.18,1.0,confirmed,"overlap=['claude', 'vellefaux'] ; jugé en session : meme adresse, avenue Claude Vellefaux ; relu"
2025_08_21_016,2025,Eglise Sainte-Marie-Madeleine - corniches - Restauration de l'ensemble des façades,245871.2,8,20232023S03703,1090 ARCHITECTES,80352183000015,MO RESTAURATION FACADES EGLISE DE LA MADELEINE,2023,630720.0,0.85,confirmed,overlap=['madeleine'] ; jugé en session : meme eglise Sainte-Marie-Madeleine ; relu
2025_08_21_016,2025,Eglise Sainte-Marie-Madeleine - corniches - Restauration de l'ensemble des façades,245871.2,8,20232023S06120,BUREAU D ETUDES ET DE CONSEILS EN,40353972900034,CSPS RESTAURAT° FACADES OUEST/NORD/EST EGLISE LA MADELEINE,2023,90945.0,0.85,confirmed,overlap=['madeleine'] ; jugé en session : meme eglise Sainte-Marie-Madeleine ; relu
2025_09_24_018,2025,"École élémentaire - 16, rue de la Victoire - Cour oasis",242553.92,9,2025T025250000,ESPACES TP,75331059800010,TRAVAUX RÉNOVATION COUR EE 16 RUE DE LA VICTOIRE PARIS 9E,2025,237732.72,0.85,confirmed,"overlap=['victoire'] ; jugé en session : meme ecole, 16 rue de la Victoire ; relu"
2025_07_18_016,2025,Relevage de l'orgue de l'église Saint-François-Xavier,236470.22,7,20242024T00386,GERHARD GRENZING,#,TRAVAUX DE RELEVAGE PARTIEL GRD ORGUE ST FRANCOIS XAVIER,2024,200635.94,1.0,confirmed,"overlap=['francois', 'orgue', 'relevage', 'xavier'] ; jugé en session : meme eglise Saint-Francois-Xavier, orgue ; relu"
2025_16_45_000,2025,"Conservatoire Francis Poulenc - 11, rue Jean de la Fontaine - Etanchéité des toitures",220814.48,16,20242024T04169,ETANCHECO,42296795000029,RÉFECTION D'ÉTANCHÉITÉ TOITURES TERRASSES CM POULENC 75016,2024,409029.4,1.0,confirmed,"overlap=['etancheite', 'poulenc'] ; jugé en session : meme conservatoire Poulenc, etancheite toitures ; relu"
2025_00_9_007,2025,Rue Richelieu,211494.68,0,20242024T10698,COCHERY ILE DE FRANCE,41797626300018,SA3_MS_TVX REAMENAG R. RICHELIEU PARIS 1 ET 2,2024,2457818.39,0.85,confirmed,"overlap=['richelieu'] ; jugé en session : reamenagement rue Richelieu, meme rue ; relu"
2025_16_45_007,2025,"Crèche collective - 11, rue Serge Prokofiev - Modernisation des postes de change",176745.32,16,decp-2026T02606,H.A.R.C,81453753600033,"Modernisation des postes de change et la réfection des locaux du 1er étage de la crèche, 11 rue Serge Prokofiev 75016 Paris.",2026,209790.0,1.0,confirmed,"overlap=['change', 'postes', 'prokofiev', 'serge'] ; jugé en session : meme adresse exacte, postes de change ; relu"
2025_16_45_007,2025,"Crèche collective - 11, rue Serge Prokofiev - Modernisation des postes de change",176745.32,16,20222022S08528,IMPULSE,47791348700120,AMO RESTRUCTURATION DE LA CC 11 RUE SERGE PROKOFIEV 75016,2022,50820.0,1.0,confirmed,"overlap=['prokofiev', 'serge'] ; jugé en session : meme creche, AMO restructuration liee ; relu"
2025_16_45_007,2025,"Crèche collective - 11, rue Serge Prokofiev - Modernisation des postes de change",176745.32,16,2025T055460000,BAT. TRAV. NEUFS RENOV CONSTR.,39872259500046,MODERNISATION ZONE DE CHANGE AU 2ÈME ÉTAGE CC PROKOFIEV 16È,2025,167816.0,1.0,confirmed,"overlap=['change', 'prokofiev'] ; jugé en session : meme creche, zone de change autre etage ; relu"
2025_11_30_002,2025,"Ecole maternelle - 4, cité Souzy - Modernisation des menuiseries extérieures",175149.33,11,20242024T09620,SAS MENUISERIE MOREAU,32572963000013,SA4-TRVX RAV ECOLE SOUZY-LOT2 MENUISERIES EXTERIEURES BOIS,2024,743403.78,1.0,confirmed,"overlap=['exterieures', 'souzy'] ; jugé en session : meme ecole Souzy, menuiseries exterieures ; relu"
2025_11_30_002,2025,"Ecole maternelle - 4, cité Souzy - Modernisation des menuiseries extérieures",175149.33,11,20222022S08201,APB ARCHITECTURE,84874182300019,MOE MODERNISAT° DES FACADESDE EM 4/12 CITE SOUZY 75011 PARIS,2022,70760.0,0.9,confirmed,"overlap=['cite', 'souzy'] ; jugé en session : meme adresse cite Souzy, facades ; relu"
2025_00_9_021,2025,"Crèche collective - 26, rue Saint-Roch - Complément pour les travaux de restructuration",171204.21,0,20222022S01010,AMOES,49519128000066,SUBSÉQUENT AMO RESTRUCTURATION CRECHE SAINT ROCH,2022,69972.0,1.0,confirmed,"overlap=['restructuration', 'roch'] ; jugé en session : meme creche Saint-Roch, restructuration ; relu"
2025_00_9_021,2025,"Crèche collective - 26, rue Saint-Roch - Complément pour les travaux de restructuration",171204.21,0,20232023T07496,DP.R,42878198300039,SA4-TVX RESTRUCTURATION CRECHE ST ROCH 75001 - LOT 1 TCE,2023,3750422.0,1.0,confirmed,"overlap=['restructuration', 'roch'] ; jugé en session : meme creche Saint-Roch, travaux restructuration ; relu"
2025_07_18_000,2025,"Conservatoire Erik Satie - 135bis, rue de l'Université - Modernisation des menuiseries extérieures 4e tranche",151728.63,7,20222022T02842,SERRURERIE MENUISERIE,39314897800017,MODERNISATION MENUISERIES EXTÉR ALAMINIUM CONSERVAT ERIK SAT,2022,563196.0,0.7,probable,"overlap=['erik'] ; jugé en session : meme conservatoire Erik Satie, menuiseries ; relu"
2025_16_45_004,2025,Entretien des serres historiques et des ombrières claies,145433.67,16,20242024T09421,FRANCK CHARDON,90394843800010,"SA3.ACBC.ENTRETIEN SERRES AGRÉMENT ,ÉQUIPEMENTS TECHNIQUES",2024,1000000.0,1.0,confirmed,"overlap=['entretien', 'serres'] ; jugé en session : entretien serres agrement, meme nature ; relu"
2025_16_45_004,2025,Entretien des serres historiques et des ombrières claies,145433.67,16,20242024F13042,SERI,82572049300014,"SA3.ACBC.CONCEPT° FABRICAT°DÉPLOIEMT, ENTRETIEN OMBRIÈRES EP",2025,12000000.0,1.0,confirmed,"overlap=['entretien', 'ombrieres'] ; jugé en session : entretien ombrieres espaces publics, meme nature ; relu"
2025_05_12_021,2025,"École élémentaire - 28, rue Saint-Jacques - Cour oasis",140053.26,5,2025T053670000,ASTEN,54205733600878,TRVX D’AMÉNAGEMENT PAYSAGER COUR OASIS EE ST JACQUES 75005,2025,208529.72,1.0,confirmed,"overlap=['jacques', 'oasis'] ; jugé en session : meme ecole Saint-Jacques, cour oasis ; relu"
2025_00_9_026,2025,"École polyvalente Raphaël Esrail - 22, rue de l'Ave Maria - Cour oasis",136047.79,0,2025T041750000,IDVERDE,33960966101129,"CRÉATION COUR OASIS ÉCOLE AVE MARIA-FAUCONNIER, PARIS 4ÈME",2025,749195.3,0.9,confirmed,"overlap=['maria', 'oasis'] ; jugé en session : meme ecole, Ave Maria-Fauconnier ; relu"
2025_00_9_002,2025,"École polyvalente - 6, rue Vaucanson - Cour oasis",125267.48,0,20242024T04767,COCHERY ILE DE FRANCE,41797626300018,TRAVAUX CRÉATION COUR OASIS EP VAUCANSON/COLLÈGE MONTGOLFIER,2024,968454.79,1.0,confirmed,"overlap=['oasis', 'vaucanson'] ; jugé en session : meme ecole Vaucanson, cour oasis ; relu"
2025_07_18_003,2025,"École polyvalente - 28, avenue Rapp - Remplacement des menuiseries extérieures",122819.6,7,20222022T02822,SERRURERIE MENUISERIE,39314897800017,MODERNISATION MENUISERIES EXT. ALUMINIUM EM 28 AV. RAPP 7E,2022,116408.0,0.7,probable,"overlap=['rapp'] ; jugé en session : meme ecole, 28 avenue Rapp ; relu"
2025_05_12_015,2025,Rénovation de la piscine Pontoise,118655.9,5,20222022T04166,LEFEVRE SAS,35331873600058,SA4 PISCINE PONTOISE RENOVATION ACCES ET BASSIN,2022,2698652.0,0.9,confirmed,"overlap=['pontoise'] ; jugé en session : meme piscine Pontoise, renovation ; relu"
2025_05_12_015,2025,Rénovation de la piscine Pontoise,118655.9,5,20222022T00424,LEFEVRE SAS,35331873600058,SA4_TVX RÉPARATION BÉTON DU BASSIN/PLAGES PISCINE PONTOISE,2022,592784.96,0.9,confirmed,"overlap=['pontoise'] ; jugé en session : meme piscine Pontoise, reparation bassin ; relu"
2025_17_48_008,2025,"Crèche collective - 37, rue Bayen - Modernisation des postes de change",106326.58,17,decp-2025T08084,PCC.REALISATION,88071630300024,"Modernisation de 2 postes de change au RDC et au 1er étage de la crèche du 37, Rue Bayen 75017",2025,96860.0,1.0,confirmed,"overlap=['bayen', 'change', 'postes'] ; jugé en session : meme creche, 37 rue Bayen ; relu"
2025_17_48_008,2025,"Crèche collective - 37, rue Bayen - Modernisation des postes de change",106326.58,17,2025T080840000,PCC.REALISATION,88071630300024,MODERNISATION 2 POSTES DE CHANGE RDC/1ER ÉTAGE CC BAYEN 17E,2025,96860.0,1.0,confirmed,"overlap=['bayen', 'change', 'postes'] ; jugé en session : meme creche, postes de change Bayen ; relu"
2025_11_30_016,2025,"Ecole maternelle - 31, rue Godefroy-Cavaignac - Cour oasis",102094.69,11,20242024T04881,ETS JEAN LEFEBVRE IDF,31547453600051,CREATION D'UNE COUR OASIS DANS LE GROUPE SCOLAIRE GODEFROY,2024,436276.21,1.0,confirmed,"overlap=['godefroy', 'oasis'] ; jugé en session : meme ecole Godefroy, cour oasis ; relu"
2025_11_30_016,2025,"Ecole maternelle - 31, rue Godefroy-Cavaignac - Cour oasis",102094.69,11,20242024T04293,SOC COOP PRODUCT,57201099900033,CREATION D'UN AUVENT DANS LA COUR DE L'EM 31 RUE GODEFROY,2024,93055.91,0.85,confirmed,"overlap=['godefroy'] ; jugé en session : meme adresse, auvent cour Godefroy ; relu"
2025_06_15_012,2025,Abords de la Tour Montparnasse,100419.71,6,20232023S10527,AREP,44457238200034,SA3_ACBCMS_MOE REAMENAGEMENT ABORDS GARE MONTPARNASSE,2023,8000000.0,1.0,confirmed,"overlap=['abords', 'montparnasse'] ; jugé en session : abords gare Montparnasse, meme secteur ; relu"
2025_09_24_000,2025,"École élémentaire - 21, rue Milton - Peinture de 2 circulations",89996.15,9,2025T026130000,BOSSAL RENOVATION ET AGENCEMENT,52368581600010,LOT 2:RÉNOVATION DES CIRCULATIONS DE L'EE 21 RUE MILTON 9E,2025,211154.47,1.0,confirmed,"overlap=['circulations', 'milton'] ; jugé en session : meme ecole, 21 rue Milton ; relu"
2025_08_21_000,2025,"Mairie du 8e - 3, rue de Lisbonne - Réaménagement",81636.92,8,20232023T00613,EIFFAGE CONSTRUCTION,80869891400021,SA4.DEMOLIT°GROS OEUV DESAMENTIAGE 3 RUE LISBONNE 75008 LOT1,2023,334876.84,0.9,confirmed,"overlap=['lisbonne'] ; jugé en session : meme adresse, 3 rue de Lisbonne ; relu"
2025_08_21_003,2025,"École polyvalente - 8, rue Robert Estienne - Rénovation du hall",78706.02,8,2025T030450000,TRAVAUX BATS ELECTRICITE SECURITE,39436621500066,LOT 1 MODERNISATION HALLS ET SOL EP 8 RUE ROBERT ESTIENNE,2025,74987.15,1.0,confirmed,"overlap=['estienne', 'robert'] ; jugé en session : meme ecole, 8 rue Robert Estienne ; relu"
2025_09_24_004,2025,"École polyvalente - 32, rue de Bruxelles - Modernisation du bâtiment",75618.31,9,2025T026260000,DARRAS ET JOUANIN,77572541900086,LOT 1 RÉNOVATION LOCAUX GS 32-34 RUE DE BRUXELLES PARIS 9E,2025,317014.75,0.85,confirmed,"overlap=['bruxelles'] ; jugé en session : meme adresse, 32-34 rue de Bruxelles ; relu"
2025_08_21_004,2025,"Médiathèque d'Ormesson - 3, rue de Lisbonne - Aménagement suite schéma fonctionnel",60133.38,8,20232023T00613,EIFFAGE CONSTRUCTION,80869891400021,SA4.DEMOLIT°GROS OEUV DESAMENTIAGE 3 RUE LISBONNE 75008 LOT1,2023,334876.84,0.9,confirmed,"overlap=['lisbonne'] ; jugé en session : meme adresse, 3 rue de Lisbonne ; relu"
2025_18_51_012,2025,Construction de la piscine Solita Salgado,9424910.38,18,,,,,,,,no_match,aucun candidat retenu (score >= 0.60 puis jugement en session)
2025_18_51_018,2025,Gare des mines fillettes - Parvis Gare Mines- Fillettes,6039118.66,18,,,,,,,,no_match,aucun candidat retenu (score >= 0.60 puis jugement en session)
2025_16_45_020,2025,Réaménagement de la Porte Maillot,3685558.56,16,,,,,,,,no_match,aucun candidat retenu (score >= 0.60 puis jugement en session)
2025_12_33_013,2025,Porte de Vincennes - Rond point,2400000.0,12,,,,,,,,no_match,aucun candidat retenu (score >= 0.60 puis jugement en session)
2025_13_36_013,2025,Crèche Glacière - 13e - restructuration - Restructuration de la crèche collective Glacière,2393293.45,13,,,,,,,,no_match,aucun candidat retenu (score >= 0.60 puis jugement en session)
2025_07_18_013,2025,"Gymnase de l'Îlot Saint-Germain - 8-10, rue Saint-Dominique - Travaux",2318623.05,7,,,,,,,,no_match,aucun candidat retenu (score >= 0.60 puis jugement en session)
2025_18_51_006,2025,"École maternelle - 4, place Jean-Baptiste Clément - Transformation de la cuisine",2113301.15,18,,,,,,,,no_match,aucun candidat retenu (score >= 0.60 puis jugement en session)
2025_18_51_014,2025,Aménagement de la rue de la Chapelle - rue Marx Dormoy,2084053.07,18,,,,,,,,no_match,aucun candidat retenu (score >= 0.60 puis jugement en session)
2025_09_24_012,2025,Eglise Trinité - massif d'entrée - Restauration du massif d'entrée,2070547.43,9,,,,,,,,no_match,aucun candidat retenu (score >= 0.60 puis jugement en session)
2025_00_9_005,2025,Embellir votre quartier - Centre - Opéra,1831765.49,0,,,,,,,,no_match,aucun candidat retenu (score >= 0.60 puis jugement en session)
2025_20_57_008,2025,"Parc Aretha Franklin - 16, rue Henri Duvernois - Travaux tranche 2 sur 3",1778761.83,20,,,,,,,,no_match,aucun candidat retenu (score >= 0.60 puis jugement en session)
2025_10_27_008,2025,"Mairie du 10e - 72, rue du Faubourg Saint-Martin - Restauration des façades et des menuiseries",1642800.72,10,,,,,,,,no_match,aucun candidat retenu (score >= 0.60 puis jugement en session)
2025_06_15_006,2025,Embellir votre quartier - Odéon,1408285.34,6,,,,,,,,no_match,aucun candidat retenu (score >= 0.60 puis jugement en session)
2025_13_36_011,2025,Paul Bourget - construction de la médiathèque Virginia Woolf,1398405.67,13,,,,,,,,no_match,aucun candidat retenu (score >= 0.60 puis jugement en session)
2025_13_36_005,2025,Embellir votre quartier - Croulebrarbe,1373214.01,13,,,,,,,,no_match,aucun candidat retenu (score >= 0.60 puis jugement en session)
2025_12_33_003,2025,Embellir votre quartier - Bel Air,1319545.1,12,,,,,,,,no_match,aucun candidat retenu (score >= 0.60 puis jugement en session)
2025_20_57_007,2025,"Jardin Mélinée Manouchian - 17, avenue de la porte de Vincennes - Aménagement de la porte de Vincennes",1200000.0,20,,,,,,,,no_match,aucun candidat retenu (score >= 0.60 puis jugement en session)
2025_17_48_010,2025,Embellir votre quartier - Epinettes,1163013.74,17,,,,,,,,no_match,aucun candidat retenu (score >= 0.60 puis jugement en session)
2025_11_30_018,2025,Réaménagement du square Jules Verne,1142457.54,11,,,,,,,,no_match,aucun candidat retenu (score >= 0.60 puis jugement en session)
2025_10_27_011,2025,Ramblas Place de la Bastille - Stalingrad,1076142.1,10,,,,,,,,no_match,aucun candidat retenu (score >= 0.60 puis jugement en session)
2025_00_9_011,2025,Aménagement piste cyclable rue du 4 Septembre - Réaumur - Temple,1024095.1,0,,,,,,,,no_match,aucun candidat retenu (score >= 0.60 puis jugement en session)
2025_19_54_016,2025,Aménagement de la petite ceinture du 19e - Ferme du Rail,982592.59,19,,,,,,,,no_match,aucun candidat retenu (score >= 0.60 puis jugement en session)
2025_17_48_009,2025,Embellir votre quartier - Ternes,979795.66,17,,,,,,,,no_match,aucun candidat retenu (score >= 0.60 puis jugement en session)
2025_05_12_014,2025,Jardin de Cluny - Rénovation du jardin du Musée Cluny,965361.08,5,,,,,,,,no_match,aucun candidat retenu (score >= 0.60 puis jugement en session)
2025_20_57_002,2025,Embellir votre quartier - Réunion,956075.55,20,,,,,,,,no_match,aucun candidat retenu (score >= 0.60 puis jugement en session)
2025_15_42_010,2025,"Conservatoire Frédéric Chopin - 43, rue Bargue - Restructuration",924884.23,15,,,,,,,,no_match,aucun candidat retenu (score >= 0.60 puis jugement en session)
2025_15_42_019,2025,"Conservatoire Frédéric Chopin - 43, rue Bargue - Restructuration",915849.66,15,,,,,,,,no_match,aucun candidat retenu (score >= 0.60 puis jugement en session)
2025_20_57_001,2025,Embellir votre quartier - Saint Fargeau,914849.88,20,,,,,,,,no_match,aucun candidat retenu (score >= 0.60 puis jugement en session)
2025_16_45_014,2025,Chaussée rue Duret,839011.45,16,,,,,,,,no_match,aucun candidat retenu (score >= 0.60 puis jugement en session)
2025_08_21_008,2025,Embellir votre quartier - Europe,810651.29,8,,,,,,,,no_match,aucun candidat retenu (score >= 0.60 puis jugement en session)
2025_13_36_015,2025,Installation artistique Heure Bleue,731869.27,13,,,,,,,,no_match,aucun candidat retenu (score >= 0.60 puis jugement en session)
2025_00_9_018,2025,"École polyvalente - 3, rue Béranger - Cuisine centrale",713135.14,0,,,,,,,,no_match,aucun candidat retenu (score >= 0.60 puis jugement en session)
2025_15_42_021,2025,Réfection du terrain de football,672460.23,15,,,,,,,,no_match,aucun candidat retenu (score >= 0.60 puis jugement en session)
2025_20_57_010,2025,Rue des Vignoles - rénovation et remise aux normes des locaux,662824.03,20,,,,,,,,no_match,aucun candidat retenu (score >= 0.60 puis jugement en session)
2025_20_57_003,2025,Végétalisation de la rue de Lagny,626927.92,20,,,,,,,,no_match,aucun candidat retenu (score >= 0.60 puis jugement en session)
2025_20_57_018,2025,Divers projets 20e,600000.0,20,,,,,,,,no_match,aucun candidat retenu (score >= 0.60 puis jugement en session)
2025_10_27_001,2025,"Mairie du 10e - 72, rue du Faubourg Saint-Martin - Schéma directeur",597206.7,10,,,,,,,,no_match,aucun candidat retenu (score >= 0.60 puis jugement en session)
2025_20_57_009,2025,Construction de la piscine Davout,571094.33,20,,,,,,,,no_match,aucun candidat retenu (score >= 0.60 puis jugement en session)
2025_15_42_007,2025,Chaussée place Falguière,569665.96,15,,,,,,,,no_match,aucun candidat retenu (score >= 0.60 puis jugement en session)
2025_19_54_003,2025,Embellir votre quartier - Secrétan,558393.29,19,,,,,,,,no_match,aucun candidat retenu (score >= 0.60 puis jugement en session)
2025_07_18_011,2025,Crèche collective - 10 rue Saint Dominique - Travaux,543100.6,7,,,,,,,,no_match,aucun candidat retenu (score >= 0.60 puis jugement en session)
2025_17_48_005,2025,"Mairie du 17e - 16, rue des Batignolles - Réamenagement de l'accueil au rez-de- chaussée",542289.99,17,,,,,,,,no_match,aucun candidat retenu (score >= 0.60 puis jugement en session)
2025_00_9_006,2025,Embellir votre quartier - Centre - Marais,520614.49,0,,,,,,,,no_match,aucun candidat retenu (score >= 0.60 puis jugement en session)
2025_19_54_013,2025,"École élémentaire - 4, rue Fessart - Cour oasis",513270.58,19,,,,,,,,no_match,aucun candidat retenu (score >= 0.60 puis jugement en session)
2025_00_9_024,2025,Réaménager les établissements culturels jeunesse,500850.0,0,,,,,,,,no_match,aucun candidat retenu (score >= 0.60 puis jugement en session)
2025_11_30_019,2025,"Square Jules Verne - 1, rue Jules Verne - Rénovation du square",492866.0,11,,,,,,,,no_match,aucun candidat retenu (score >= 0.60 puis jugement en session)
2025_12_33_017,2025,Cour oasis,492156.47,12,,,,,,,,no_match,aucun candidat retenu (score >= 0.60 puis jugement en session)
2025_18_51_010,2025,Chapelle : Création d'une crèche associative,487479.8,18,,,,,,,,no_match,aucun candidat retenu (score >= 0.60 puis jugement en session)
2025_13_36_002,2025,"Mairie du 13e - 1, place d'Italie - Schéma fonctionnel : Etudes et travaux",463147.87,13,,,,,,,,no_match,aucun candidat retenu (score >= 0.60 puis jugement en session)
2025_15_42_001,2025,"École maternelle - 18, rue de la Fédération - Modernisation des menuiseries",451375.58,15,,,,,,,,no_match,aucun candidat retenu (score >= 0.60 puis jugement en session)
2025_16_45_015,2025,Chaussée rue Félicien David,427323.24,16,,,,,,,,no_match,aucun candidat retenu (score >= 0.60 puis jugement en session)
2025_05_12_000,2025,"Médiathèque - 15bis, rue Buffon - Restructuration des locaux",425757.36,5,,,,,,,,no_match,aucun candidat retenu (score >= 0.60 puis jugement en session)
2025_12_33_008,2025,Création d'un jardin dans la cour de l'école Gabriel Lamé - Travaux d'aménagement Jardin,419546.07,12,,,,,,,,no_match,aucun candidat retenu (score >= 0.60 puis jugement en session)
2025_19_54_019,2025,Marcher et pédaler en toute sécurité,418889.89,19,,,,,,,,no_match,aucun candidat retenu (score >= 0.60 puis jugement en session)
2025_15_42_008,2025,Chaussée et pavés de l'avenue de Versailles,418635.42,15,,,,,,,,no_match,aucun candidat retenu (score >= 0.60 puis jugement en session)
2025_13_36_014,2025,Secteur Nationale,406486.3,13,,,,,,,,no_match,aucun candidat retenu (score >= 0.60 puis jugement en session)
2025_18_51_019,2025,Divers projets 18e,405464.62,18,,,,,,,,no_match,aucun candidat retenu (score >= 0.60 puis jugement en session)
2025_18_51_003,2025,Embellir votre quartier - Goutte d'or,403299.91,18,,,,,,,,no_match,aucun candidat retenu (score >= 0.60 puis jugement en session)
2025_19_54_011,2025,Création de la médiathèque et maison des réfugiés,393308.27,19,,,,,,,,no_match,aucun candidat retenu (score >= 0.60 puis jugement en session)
2025_14_39_017,2025,"Square du serment de Koufra - 30, avenue Ernest Reyer - Création d'un skatepark",392519.77,14,,,,,,,,no_match,aucun candidat retenu (score >= 0.60 puis jugement en session)
2025_15_42_016,2025,Crèche multi-accueil 28/30 Théodore Deck - Restructuration,384356.29,15,,,,,,,,no_match,aucun candidat retenu (score >= 0.60 puis jugement en session)
2025_00_9_017,2025,Saint-Louis-en-l'île - Toitures et façades,383634.87,0,,,,,,,,no_match,aucun candidat retenu (score >= 0.60 puis jugement en session)
2025_18_51_013,2025,Goutte d'or - Aménagement du quartier,380596.07,18,,,,,,,,no_match,aucun candidat retenu (score >= 0.60 puis jugement en session)
2025_20_57_011,2025,Amélioration du secteur porte de Montreuil,376765.73,20,,,,,,,,no_match,aucun candidat retenu (score >= 0.60 puis jugement en session)
2025_07_18_014,2025,Restructuration de la Chapelle Saint Valère,368034.51,7,,,,,,,,no_match,aucun candidat retenu (score >= 0.60 puis jugement en session)
2025_20_57_016,2025,"École polyvalente - 51, boulevard Davout - Cour oasis",362153.12,20,,,,,,,,no_match,aucun candidat retenu (score >= 0.60 puis jugement en session)
2025_12_33_000,2025,"École élémentaire - 83, avenue du général Michel Bizot - Modernisation des menuiseries extérieures",351527.72,12,,,,,,,,no_match,aucun candidat retenu (score >= 0.60 puis jugement en session)
2025_10_27_010,2025,Création de l'Institut de Victimologie - Centre de Santé Richerand,350000.0,10,,,,,,,,no_match,aucun candidat retenu (score >= 0.60 puis jugement en session)
2025_20_57_014,2025,"École polyvalente - 10, rue Le Vau - Cour oasis",334832.79,20,,,,,,,,no_match,aucun candidat retenu (score >= 0.60 puis jugement en session)
2025_14_39_008,2025,Chaussée rue Emile Richard,332606.54,14,,,,,,,,no_match,aucun candidat retenu (score >= 0.60 puis jugement en session)
2025_20_57_006,2025,Saint-Blaise GPRU - école du clos/71-73 bd Davout - reconstruction - Relogement du Clos,331200.72,20,,,,,,,,no_match,aucun candidat retenu (score >= 0.60 puis jugement en session)
2025_13_36_025,2025,Injections rue du Moulinet,329999.95,13,,,,,,,,no_match,aucun candidat retenu (score >= 0.60 puis jugement en session)
2025_12_33_005,2025,Chaussée rue de Wattgnies,328248.54,12,,,,,,,,no_match,aucun candidat retenu (score >= 0.60 puis jugement en session)
2025_18_51_021,2025,Aménagement rue Lepic,326741.15,18,,,,,,,,no_match,aucun candidat retenu (score >= 0.60 puis jugement en session)
2025_12_33_009,2025,Crèche collective Charenton - Meunier,326613.31,12,,,,,,,,no_match,aucun candidat retenu (score >= 0.60 puis jugement en session)
2025_15_42_006,2025,Chaussée avenue Emile Zola,320691.16,15,,,,,,,,no_match,aucun candidat retenu (score >= 0.60 puis jugement en session)
2025_13_36_022,2025,"Square René Le Gall - 1, rue Emile Deslandres - Travaux de rénovation",316453.21,13,,,,,,,,no_match,aucun candidat retenu (score >= 0.60 puis jugement en session)
2025_13_36_008,2025,Chaussée rue Würtz,313145.14,13,,,,,,,,no_match,aucun candidat retenu (score >= 0.60 puis jugement en session)
2025_20_57_015,2025,"École polyvalente - 17, cité Champagne - Cour oasis",311756.57,20,,,,,,,,no_match,aucun candidat retenu (score >= 0.60 puis jugement en session)
2025_10_27_006,2025,Réfection du tapis Boulevad de la Villette,309162.19,10,,,,,,,,no_match,aucun candidat retenu (score >= 0.60 puis jugement en session)
2025_20_57_012,2025,"École élémentaire - 293, rue des Pyrénées - Cour oasis",308294.98,20,,,,,,,,no_match,aucun candidat retenu (score >= 0.60 puis jugement en session)
2025_12_33_001,2025,Embellir votre quartier - Reuilly,296876.92,12,,,,,,,,no_match,aucun candidat retenu (score >= 0.60 puis jugement en session)
2025_12_33_018,2025,Divers projets 12e,294000.0,12,,,,,,,,no_match,aucun candidat retenu (score >= 0.60 puis jugement en session)
2025_18_51_020,2025,Services généraux,292427.62,18,,,,,,,,no_match,aucun candidat retenu (score >= 0.60 puis jugement en session)
2025_07_18_002,2025,"École élémentaire - 42, avenue Duquesne - Cour oasis",279735.38,7,,,,,,,,no_match,aucun candidat retenu (score >= 0.60 puis jugement en session)
2025_11_30_012,2025,Chaussée rue de Nice,278769.36,11,,,,,,,,no_match,aucun candidat retenu (score >= 0.60 puis jugement en session)
2025_10_27_012,2025,"École élémentaire - 200, rue Saint-Maur - Cour oasis et cours végétalisées",272999.56,10,,,,,,,,no_match,aucun candidat retenu (score >= 0.60 puis jugement en session)
2025_08_21_023,2025,Ralentisseurs rue de Saint Petersbourg,271973.06,8,,,,,,,,no_match,aucun candidat retenu (score >= 0.60 puis jugement en session)
2025_13_36_000,2025,"École élémentaire - 173, rue du Château des rentiers - Rénovation intérieure des locaux - niveau 2",271389.15,13,,,,,,,,no_match,aucun candidat retenu (score >= 0.60 puis jugement en session)
2025_20_57_004,2025,Embellir votre quartier - Bagnolet,271065.67,20,,,,,,,,no_match,aucun candidat retenu (score >= 0.60 puis jugement en session)
2025_10_27_016,2025,Cuisine et légumerie,267347.2,10,,,,,,,,no_match,aucun candidat retenu (score >= 0.60 puis jugement en session)
2025_20_57_017,2025,Travaux pour la création d'une serre dans le préau,265145.22,20,,,,,,,,no_match,aucun candidat retenu (score >= 0.60 puis jugement en session)
2025_00_9_012,2025,Trottoir Boulevard Bourdon,263704.76,0,,,,,,,,no_match,aucun candidat retenu (score >= 0.60 puis jugement en session)
2025_10_27_005,2025,Chaussée Boulevard de Magenta,259830.57,10,,,,,,,,no_match,aucun candidat retenu (score >= 0.60 puis jugement en session)
2025_12_33_004,2025,Chaussée rue de Charenton,255537.02,12,,,,,,,,no_match,aucun candidat retenu (score >= 0.60 puis jugement en session)
2025_15_42_013,2025,Héliport de Paris,255418.0,15,,,,,,,,no_match,aucun candidat retenu (score >= 0.60 puis jugement en session)
2025_18_51_011,2025,Centre sportif Poisonniers - Rénovation des vestiaires,255223.31,18,,,,,,,,no_match,aucun candidat retenu (score >= 0.60 puis jugement en session)
2025_05_12_016,2025,Eglise Saint- Séverin - 1 rue des prêtres Saint-Séverin - Restauration de l'église,254499.94,5,,,,,,,,no_match,aucun candidat retenu (score >= 0.60 puis jugement en session)
2025_13_36_016,2025,"École élémentaire A - 53, rue Baudricourt - Cour oasis",253813.79,13,,,,,,,,no_match,aucun candidat retenu (score >= 0.60 puis jugement en session)
2025_14_39_003,2025,"École polyvalente - 69-71, rue de l'Ouest - Rénovation des menuiseries extérieures 1e tranche sur 4",253524.46,14,,,,,,,,no_match,aucun candidat retenu (score >= 0.60 puis jugement en session)
2025_00_9_020,2025,Hangar Lissac,251954.31,0,,,,,,,,no_match,aucun candidat retenu (score >= 0.60 puis jugement en session)
2025_05_12_012,2025,"Mairie du 5e - 21, place du Panthéon - Schéma Directeur : surcoût des travaux",239414.3,5,,,,,,,,no_match,aucun candidat retenu (score >= 0.60 puis jugement en session)
2025_14_39_016,2025,Création d'une salle culturelle BD,232950.4,14,,,,,,,,no_match,aucun candidat retenu (score >= 0.60 puis jugement en session)
2025_07_18_007,2025,Embellir votre quartier - Saint Thomas d'Aquin,232447.65,7,,,,,,,,no_match,aucun candidat retenu (score >= 0.60 puis jugement en session)
2025_17_48_001,2025,"École élémentaire - 18, rue Ampère - Réfection des ménuiseries extérieures sur cour",232433.43,17,,,,,,,,no_match,aucun candidat retenu (score >= 0.60 puis jugement en session)
2025_16_45_016,2025,Chaussée rue de Longchamp,230313.25,16,,,,,,,,no_match,aucun candidat retenu (score >= 0.60 puis jugement en session)
2025_13_36_009,2025,Trottoirs - Boulevard de l'Hôpital,229917.28,13,,,,,,,,no_match,aucun candidat retenu (score >= 0.60 puis jugement en session)
2025_13_36_019,2025,Divers projets 13e,226400.0,13,,,,,,,,no_match,aucun candidat retenu (score >= 0.60 puis jugement en session)
2025_10_27_000,2025,"Médiathèque Claire Brétécher - 11, rue de Lancry - Modernisation de la toiture",223599.08,10,,,,,,,,no_match,aucun candidat retenu (score >= 0.60 puis jugement en session)
2025_13_36_006,2025,Chausée rue du champ de l'alouette,220000.0,13,,,,,,,,no_match,aucun candidat retenu (score >= 0.60 puis jugement en session)
2025_12_33_010,2025,Parc de Bercy - Skate park - reconstruction - Reconstruction du skate park,217812.86,12,,,,,,,,no_match,aucun candidat retenu (score >= 0.60 puis jugement en session)
2025_16_45_019,2025,"Etablissement multi-accueil - 45, boulevard Exelmans - Création d'une crèche",213403.53,16,,,,,,,,no_match,aucun candidat retenu (score >= 0.60 puis jugement en session)
2025_08_21_019,2025,Rénovation du gymnase,211604.26,8,,,,,,,,no_match,aucun candidat retenu (score >= 0.60 puis jugement en session)
2025_17_48_007,2025,"Promenade Bernard Lafay - 8, boulevard de Reims - Rénovation de l'air de jeux et ses abords",206954.29,17,,,,,,,,no_match,aucun candidat retenu (score >= 0.60 puis jugement en session)
2025_13_36_007,2025,Chausée avenue de Choisy,206202.58,13,,,,,,,,no_match,aucun candidat retenu (score >= 0.60 puis jugement en session)
2025_11_30_004,2025,"Crèche collective - 65, rue de la Folie Régnault - Etanchéité et végétalisation de la toiture",203663.1,11,,,,,,,,no_match,aucun candidat retenu (score >= 0.60 puis jugement en session)
2025_11_30_000,2025,"École élémentaire - 77, boulevard de Belleville - Menuiseries extérieures",196916.6,11,,,,,,,,no_match,aucun candidat retenu (score >= 0.60 puis jugement en session)
2025_06_15_000,2025,"Conservatoire Jean-Philippe Rameau - 3ter, rue Mabillon - Réaménagement du hall d'accueil",196885.69,6,,,,,,,,no_match,aucun candidat retenu (score >= 0.60 puis jugement en session)
2025_17_48_014,2025,Restauration du cœur,192565.29,17,,,,,,,,no_match,aucun candidat retenu (score >= 0.60 puis jugement en session)
2025_05_12_023,2025,"Salle de sports Lucien Gaudin - 6, quai Saint-Bernard - Rénovation intérieure de la salle Gaudin",192499.7,5,,,,,,,,no_match,aucun candidat retenu (score >= 0.60 puis jugement en session)
2025_14_39_007,2025,Chaussée rue Broussais,191929.05,14,,,,,,,,no_match,aucun candidat retenu (score >= 0.60 puis jugement en session)
2025_17_48_015,2025,Rénovation des statues du 17e arrondissement,191695.79,17,,,,,,,,no_match,aucun candidat retenu (score >= 0.60 puis jugement en session)
2025_17_48_017,2025,"Ecole maternelle - 31, rue des Renaudes - Rénovation de l'éclairage",190939.93,17,,,,,,,,no_match,aucun candidat retenu (score >= 0.60 puis jugement en session)
2025_14_39_000,2025,"Ecole maternelle - 7, avenue Maurice d'Ocagne - Aménagement du préau",190387.06,14,,,,,,,,no_match,aucun candidat retenu (score >= 0.60 puis jugement en session)
2025_06_15_017,2025,"Halte-garderie - 85, boulevard Raspail - Solution de fraicheur",186601.13,6,,,,,,,,no_match,aucun candidat retenu (score >= 0.60 puis jugement en session)
2025_11_30_007,2025,"Gymnase Georges Rigal - 115, boulevard de Charonne - Remplacement des menuiseries des locaux sociaux",186087.67,11,,,,,,,,no_match,aucun candidat retenu (score >= 0.60 puis jugement en session)
2025_16_45_005,2025,Serres historiques - ombrières 2e tranche sur 3,185178.72,16,,,,,,,,no_match,aucun candidat retenu (score >= 0.60 puis jugement en session)
2025_14_39_004,2025,"Mairie du 14e - 2bis, place Ferdinand Brunot",183152.86,14,,,,,,,,no_match,aucun candidat retenu (score >= 0.60 puis jugement en session)
2025_16_45_012,2025,Chaussée rue Boissière,172319.55,16,,,,,,,,no_match,aucun candidat retenu (score >= 0.60 puis jugement en session)
2025_14_39_010,2025,Saint Vincent de Paul - espace vert - Création d'un espace vert site Saint Vincent de Paul,170745.12,14,,,,,,,,no_match,aucun candidat retenu (score >= 0.60 puis jugement en session)
2025_16_45_002,2025,"École élémentaire - 51, rue Michel-Ange - Rénovation des sanitaires",169847.55,16,,,,,,,,no_match,aucun candidat retenu (score >= 0.60 puis jugement en session)
2025_11_30_013,2025,Chaussée boulevard de Belleville,168924.14,11,,,,,,,,no_match,aucun candidat retenu (score >= 0.60 puis jugement en session)
2025_16_45_001,2025,"École élémentaire - 15, rue des Bauches - Rénovation des sanitaires de la cour 2e tranche",168580.29,16,,,,,,,,no_match,aucun candidat retenu (score >= 0.60 puis jugement en session)
2025_14_39_009,2025,Eglise Saint-Pierre-de-Montrouge - Restauration du beffroi,165986.52,14,,,,,,,,no_match,aucun candidat retenu (score >= 0.60 puis jugement en session)
2025_17_48_004,2025,"École maternelle - 90, boulevard Bessières - Rénovation des classes",165756.77,17,,,,,,,,no_match,aucun candidat retenu (score >= 0.60 puis jugement en session)
2025_11_30_006,2025,"Gymnase Georges Rigal - 115, boulevard de Charonne - Locaux sociaux: remplacement des menuiseries",164882.99,11,,,,,,,,no_match,aucun candidat retenu (score >= 0.60 puis jugement en session)
2025_09_24_009,2025,Embellir votre quartier - Martyrs,162404.0,9,,,,,,,,no_match,aucun candidat retenu (score >= 0.60 puis jugement en session)
2025_16_45_013,2025,Troittoir rue de Chaillot,161632.77,16,,,,,,,,no_match,aucun candidat retenu (score >= 0.60 puis jugement en session)
2025_16_45_018,2025,Allée du bord de l'eau,159999.23,16,,,,,,,,no_match,aucun candidat retenu (score >= 0.60 puis jugement en session)
2025_14_39_002,2025,"École polyvalente - 69-71, rue de l'Ouest - Modernisation des menuiseries extérieures 2e tranche sur 4",155814.21,14,,,,,,,,no_match,aucun candidat retenu (score >= 0.60 puis jugement en session)
2025_05_12_009,2025,Piste cyclable Jardin Tino Rossi,151372.16,5,,,,,,,,no_match,aucun candidat retenu (score >= 0.60 puis jugement en session)
2025_08_21_005,2025,Embellir votre quartier - Europe,150973.44,8,,,,,,,,no_match,aucun candidat retenu (score >= 0.60 puis jugement en session)
2025_17_48_020,2025,Divers projets 17e,150000.0,17,,,,,,,,no_match,aucun candidat retenu (score >= 0.60 puis jugement en session)
2025_00_9_009,2025,Chaussée rue de la Ferronerie,147253.83,0,,,,,,,,no_match,aucun candidat retenu (score >= 0.60 puis jugement en session)
2025_07_18_005,2025,Mise sécurité - aire de jeux,141830.51,7,,,,,,,,no_match,aucun candidat retenu (score >= 0.60 puis jugement en session)
2025_11_30_010,2025,Chaussée boulevard Voltaire,137903.09,11,,,,,,,,no_match,aucun candidat retenu (score >= 0.60 puis jugement en session)
2025_11_30_011,2025,Reprise du tapis de la rue Nemours,134556.25,11,,,,,,,,no_match,aucun candidat retenu (score >= 0.60 puis jugement en session)
2025_05_12_013,2025,"Mairie du 5e - 21, place du Panthéon - Schéma directeur sécurité accessibilité",133481.13,5,,,,,,,,no_match,aucun candidat retenu (score >= 0.60 puis jugement en session)
2025_16_45_006,2025,Rénovation de l'aire de jeux,133327.55,16,,,,,,,,no_match,aucun candidat retenu (score >= 0.60 puis jugement en session)
2025_16_45_008,2025,"Crèche collective - 78, rue Lauriston - Modernisation des postes de change",132910.51,16,,,,,,,,no_match,aucun candidat retenu (score >= 0.60 puis jugement en session)
2025_16_45_003,2025,"Mairie du 16e - 71, avenue Henri Martin - Réaménagement du service titres",130887.19,16,,,,,,,,no_match,aucun candidat retenu (score >= 0.60 puis jugement en session)
2025_11_30_017,2025,Divers projets 11e,130400.0,11,,,,,,,,no_match,aucun candidat retenu (score >= 0.60 puis jugement en session)
2025_08_21_002,2025,"Ecole maternelle - 16, rue Roquépine - Rénovation du préau",129999.97,8,,,,,,,,no_match,aucun candidat retenu (score >= 0.60 puis jugement en session)
2025_11_30_005,2025,"Etablissement multi-accueil collectif et familial - 3-11, passage Bullourde - Modernisation des menuiseries",129731.24,11,,,,,,,,no_match,aucun candidat retenu (score >= 0.60 puis jugement en session)
2025_07_18_008,2025,Rue des Saints Pères,128843.75,7,,,,,,,,no_match,aucun candidat retenu (score >= 0.60 puis jugement en session)
2025_17_48_006,2025,"Mairie du 17e - 16, rue des Batignolles - Schéma fonctionnel de la mairie",128568.63,17,,,,,,,,no_match,aucun candidat retenu (score >= 0.60 puis jugement en session)
2025_17_48_018,2025,"Square - 19, rue Pierre Demours - Rénovation du jardin",127339.9,17,,,,,,,,no_match,aucun candidat retenu (score >= 0.60 puis jugement en session)
2025_09_24_006,2025,"Square - 3, place d'Anvers - Rénovation de l'aire de jeux",127145.87,9,,,,,,,,no_match,aucun candidat retenu (score >= 0.60 puis jugement en session)
2025_00_9_015,2025,St-Gervais - Clocher et bras nord transept,126194.89,0,,,,,,,,no_match,aucun candidat retenu (score >= 0.60 puis jugement en session)
2025_00_9_003,2025,Gymnase Suzanne Berlioux - 10 Place de la Rotonde - Reprise revêtement,126068.22,0,,,,,,,,no_match,aucun candidat retenu (score >= 0.60 puis jugement en session)
2025_06_15_007,2025,Chaussée Rue de Seine,124455.91,6,,,,,,,,no_match,aucun candidat retenu (score >= 0.60 puis jugement en session)
2025_11_30_020,2025,Sonorisation des traversées piétonnes,123846.5,11,,,,,,,,no_match,aucun candidat retenu (score >= 0.60 puis jugement en session)
2025_00_9_008,2025,Tapis place de la Bourse,123803.17,0,,,,,,,,no_match,aucun candidat retenu (score >= 0.60 puis jugement en session)
2025_09_24_003,2025,"Ecole maternelle - 11, rue de la Grange Batelière - Modernisation des menuiseries extérieures",120559.47,9,,,,,,,,no_match,aucun candidat retenu (score >= 0.60 puis jugement en session)
2025_05_12_010,2025,Chaussée rue Poliveau,120212.72,5,,,,,,,,no_match,aucun candidat retenu (score >= 0.60 puis jugement en session)
2025_06_15_001,2025,Embellir votre quartier - Odéon,118921.79,6,,,,,,,,no_match,aucun candidat retenu (score >= 0.60 puis jugement en session)
2025_17_48_000,2025,"École élémentaire - 105, rue Lemercier - Réfection du sol du réfectoire",115112.05,17,,,,,,,,no_match,aucun candidat retenu (score >= 0.60 puis jugement en session)
2025_00_9_027,2025,"Square Louis XIII - 30, place des Vosges - Travaux d'entretien",112465.01,0,,,,,,,,no_match,aucun candidat retenu (score >= 0.60 puis jugement en session)
2025_17_48_011,2025,Chaussée rue Brochant,112184.06,17,,,,,,,,no_match,aucun candidat retenu (score >= 0.60 puis jugement en session)
2025_05_12_006,2025,"Square des Arènes de Lutèce - Capitan - 6, rue des Arènes - Travaux divers",111916.02,5,,,,,,,,no_match,aucun candidat retenu (score >= 0.60 puis jugement en session)
2025_17_48_002,2025,"École maternelle - 14, passage Saint-Ange - Réfection du réfectoire",110574.45,17,,,,,,,,no_match,aucun candidat retenu (score >= 0.60 puis jugement en session)
2025_11_30_001,2025,"Ecole maternelle - 19, rue Alphonse Baudin - Désamiantage des étages",108349.72,11,,,,,,,,no_match,aucun candidat retenu (score >= 0.60 puis jugement en session)
2025_05_12_001,2025,"École élémentaire - 19, rue des boulangers - Menuiseries du refectoire",107178.48,5,,,,,,,,no_match,aucun candidat retenu (score >= 0.60 puis jugement en session)
2025_17_48_003,2025,"École maternelle - 28, rue Brochant - Réfection des réfectoires",106208.61,17,,,,,,,,no_match,aucun candidat retenu (score >= 0.60 puis jugement en session)
2025_16_45_009,2025,Gymnase Coubertin - Garde-corps terrasse,104005.96,16,,,,,,,,no_match,aucun candidat retenu (score >= 0.60 puis jugement en session)
2025_09_24_020,2025,Bagagerie solidaire,104000.0,9,,,,,,,,no_match,aucun candidat retenu (score >= 0.60 puis jugement en session)
2025_08_21_001,2025,"École élémentaire - 18, rue de Surène - Remplacement de la clôture",102436.7,8,,,,,,,,no_match,aucun candidat retenu (score >= 0.60 puis jugement en session)
2025_08_21_018,2025,Rue du Faubourg Saint-Honoré,102071.42,8,,,,,,,,no_match,aucun candidat retenu (score >= 0.60 puis jugement en session)
2025_09_24_013,2025,"École polyvalente - 12, rue Chaptal - Mise aux normes de 3 cuisines",101435.68,9,,,,,,,,no_match,aucun candidat retenu (score >= 0.60 puis jugement en session)
2025_16_45_017,2025,Chaussée rue recteur Poincaré,101429.82,16,,,,,,,,no_match,aucun candidat retenu (score >= 0.60 puis jugement en session)
2025_16_45_011,2025,Chaussée rue Lauriston,101207.98,16,,,,,,,,no_match,aucun candidat retenu (score >= 0.60 puis jugement en session)
2025_08_21_012,2025,Chaussée avenue Hoche côté impair,99999.57,8,,,,,,,,no_match,aucun candidat retenu (score >= 0.60 puis jugement en session)
2025_06_15_004,2025,"Etablissement multi-accueil collectif et familial - 6, rue Félibien - Modernisation des fenêtres",98587.4,6,,,,,,,,no_match,aucun candidat retenu (score >= 0.60 puis jugement en session)
2025_09_24_019,2025,"Centre Paris Anim' Paul Valeyre - 24bis, rue Marguerite de Rochechouart - Divers travaux de rénovation",94062.97,9,,,,,,,,no_match,aucun candidat retenu (score >= 0.60 puis jugement en session)
2025_07_18_001,2025,"Conservatoire Erik Satie - 135bis, rue de l'Université - Réaménagement du rez-de-chaussée",93543.41,7,,,,,,,,no_match,aucun candidat retenu (score >= 0.60 puis jugement en session)
2025_08_21_013,2025,Chaussée avenue Georges V,87733.73,8,,,,,,,,no_match,aucun candidat retenu (score >= 0.60 puis jugement en session)
2025_06_15_002,2025,"Square Ozanam - 18, rue Stanislas - Rénovation de l'aire de jeux sol 2e tranche sur 2",87583.34,6,,,,,,,,no_match,aucun candidat retenu (score >= 0.60 puis jugement en session)
2025_09_24_015,2025,"Bibliothèque Louise Walser-Gaillard - 26bis, rue Chaptal - Favoriser l'accès à la lecture",85162.27,9,,,,,,,,no_match,aucun candidat retenu (score >= 0.60 puis jugement en session)
2025_06_15_016,2025,Réfection terre-plein Boulevard Raspail,83238.38,6,,,,,,,,no_match,aucun candidat retenu (score >= 0.60 puis jugement en session)
2025_06_15_003,2025,"Etablissement multi-accueil - 10, rue Lobineau - Modernisation des menuiseries extérieures",81504.16,6,,,,,,,,no_match,aucun candidat retenu (score >= 0.60 puis jugement en session)
2025_06_15_008,2025,Chaussée Rue du Dragon,79537.36,6,,,,,,,,no_match,aucun candidat retenu (score >= 0.60 puis jugement en session)
2025_08_21_009,2025,Chaussée rue Cambacérès,77738.98,8,,,,,,,,no_match,aucun candidat retenu (score >= 0.60 puis jugement en session)
2025_08_21_021,2025,Un 8e apaisé,76483.41,8,,,,,,,,no_match,aucun candidat retenu (score >= 0.60 puis jugement en session)
2025_09_24_007,2025,Rénovation de l'aire de jeux 3e tranche sur 6,75154.93,9,,,,,,,,no_match,aucun candidat retenu (score >= 0.60 puis jugement en session)
2025_08_21_007,2025,Réfection du bardage,73894.95,8,,,,,,,,no_match,aucun candidat retenu (score >= 0.60 puis jugement en session)
2025_08_21_022,2025,Protéger les piétons et réduire les nuisances,72322.89,8,,,,,,,,no_match,aucun candidat retenu (score >= 0.60 puis jugement en session)
2025_05_12_007,2025,"Centre Paris Anim' Arras - 48, rue du cardinal Lemoine - Etanchéité de la terrasse",71957.93,5,,,,,,,,no_match,aucun candidat retenu (score >= 0.60 puis jugement en session)
2025_08_21_010,2025,Chaussée rue Vernet,69999.96,8,,,,,,,,no_match,aucun candidat retenu (score >= 0.60 puis jugement en session)
2025_08_21_020,2025,Divers projets 8e,69465.6,8,,,,,,,,no_match,aucun candidat retenu (score >= 0.60 puis jugement en session)
2025_05_12_003,2025,"École élémentaire Pontoise - Poissy 1 - 21, rue de Pontoise - rénovation de l'escalier",69160.89,5,,,,,,,,no_match,aucun candidat retenu (score >= 0.60 puis jugement en session)
2025_05_12_022,2025,"Square des Arènes de Lutèce - Capitan - 6, rue des Arènes - Rénovation de la fontaine",68428.44,5,,,,,,,,no_match,aucun candidat retenu (score >= 0.60 puis jugement en session)
2025_05_12_002,2025,"École élémentaire - 2, rue Pierre Brossolette - Modernisation des menuiseries du réfectoire",67303.77,5,,,,,,,,no_match,aucun candidat retenu (score >= 0.60 puis jugement en session)
2025_07_18_015,2025,Sauvegarde des statues,67194.08,7,,,,,,,,no_match,aucun candidat retenu (score >= 0.60 puis jugement en session)
2025_07_18_010,2025,Trottoirs Place Denys Cochin,64520.17,7,,,,,,,,no_match,aucun candidat retenu (score >= 0.60 puis jugement en session)
2025_05_12_019,2025,"École élémentaire - 2, rue Pierre Brossolette - Sanitaires à doubler",62914.66,5,,,,,,,,no_match,aucun candidat retenu (score >= 0.60 puis jugement en session)
2025_07_18_019,2025,"Jardin Catherine Labouré - 29, rue de Babylone - Aire de jeux et accessibilité",62442.57,7,,,,,,,,no_match,aucun candidat retenu (score >= 0.60 puis jugement en session)
2025_06_15_009,2025,Chaussée rue Jean Bart,61627.34,6,,,,,,,,no_match,aucun candidat retenu (score >= 0.60 puis jugement en session)
2025_08_21_011,2025,Chaussée avenue Ruysdaël,60000.0,8,,,,,,,,no_match,aucun candidat retenu (score >= 0.60 puis jugement en session)
2025_08_21_014,2025,Chaussée avenue Van Dyck,59822.67,8,,,,,,,,no_match,aucun candidat retenu (score >= 0.60 puis jugement en session)
2025_05_12_017,2025,Restauration des chapelles de l'église Saint-Médard,59763.09,5,,,,,,,,no_match,aucun candidat retenu (score >= 0.60 puis jugement en session)
2025_06_15_005,2025,"Gymnase - 17, rue Garancière - changement du sol sportif du gymnase",54030.47,6,,,,,,,,no_match,aucun candidat retenu (score >= 0.60 puis jugement en session)
2025_06_15_010,2025,Chaussée rue de Buci,52586.82,6,,,,,,,,no_match,aucun candidat retenu (score >= 0.60 puis jugement en session)
2025_05_12_005,2025,"Square des Arènes de Lutèce - Capitan - 6, rue des Arènes - Rénovation des escaliers",51455.58,5,,,,,,,,no_match,aucun candidat retenu (score >= 0.60 puis jugement en session)
2025_12_33_014,2025,"Porte de Vincennes - Boulevard Carnot, rues Elie-Faure, Commandant Herminier",2400000.0,12,,,,,,,,no_match,aucun candidat retenu (score >= 0.60 puis jugement en session et relecture)
2025_11_30_009,2025,Embellir votre quartier - Belleville,2003065.1,11,,,,,,,,no_match,aucun candidat retenu (score >= 0.60 puis jugement en session et relecture)
2025_18_51_004,2025,Embellir votre quartier - Goutte d'or,1779909.28,18,,,,,,,,no_match,aucun candidat retenu (score >= 0.60 puis jugement en session et relecture)
2025_10_27_003,2025,Embellir votre quartier - Saint Denis,1709894.15,10,,,,,,,,no_match,aucun candidat retenu (score >= 0.60 puis jugement en session et relecture)
2025_15_42_004,2025,Embellir votre quartier - Emeriau - Zola,1487729.15,15,,,,,,,,no_match,aucun candidat retenu (score >= 0.60 puis jugement en session et relecture)
2025_15_42_005,2025,Embellir votre quartier - Vaugirard,1426018.52,15,,,,,,,,no_match,aucun candidat retenu (score >= 0.60 puis jugement en session et relecture)
2025_18_51_017,2025,Chapelle Charbon - raccordement CPCU,1395600.0,18,,,,,,,,no_match,aucun candidat retenu (score >= 0.60 puis jugement en session et relecture)
2025_05_12_008,2025,Embellir votre quartier - Val de Grâce,1216979.57,5,,,,,,,,no_match,aucun candidat retenu (score >= 0.60 puis jugement en session et relecture)
2025_09_24_010,2025,"Eglise Notre-Dame-de-Lorette - parements extérieurs, maçonnerie - Confortation et restauration",1209267.61,9,,,,,,,,no_match,aucun candidat retenu (score >= 0.60 puis jugement en session et relecture)
2025_13_36_004,2025,Embellir votre quartier - Jean d'Arc-Choisy,980971.69,13,,,,,,,,no_match,aucun candidat retenu (score >= 0.60 puis jugement en session et relecture)
2025_10_27_004,2025,Embellir votre quartier - Saint Vincent de Paul,952736.83,10,,,,,,,,no_match,aucun candidat retenu (score >= 0.60 puis jugement en session et relecture)
2025_10_27_002,2025,Embellir votre quartier - Louis Blanc,782076.13,10,,,,,,,,no_match,aucun candidat retenu (score >= 0.60 puis jugement en session et relecture)
2025_09_24_011,2025,"Eglise Notre-Dame-de-Lorette - parements extérieurs, maçonnerie - Restauration des façades",781046.97,9,,,,,,,,no_match,aucun candidat retenu (score >= 0.60 puis jugement en session et relecture)
2025_14_39_001,2025,"École polyvalente - 12, rue Severo - Modernisation des menuiseries extérieures",687979.5,14,,,,,,,,no_match,aucun candidat retenu (score >= 0.60 puis jugement en session et relecture)
2025_09_24_008,2025,Embellir votre quartier - Blanche,543028.32,9,,,,,,,,no_match,aucun candidat retenu (score >= 0.60 puis jugement en session et relecture)
2025_19_54_014,2025,"École maternelle - 34, rue du Maroc - Cour oasis",500682.02,19,,,,,,,,no_match,aucun candidat retenu (score >= 0.60 puis jugement en session et relecture)
2025_15_42_011,2025,"Ecole maternelle - 5, avenue de la porte Brancion - Cour oasis",498533.46,15,,,,,,,,no_match,aucun candidat retenu (score >= 0.60 puis jugement en session et relecture)
2025_00_9_016,2025,Saint Gervais - travaux supplémentaires,491167.15,0,,,,,,,,no_match,aucun candidat retenu (score >= 0.60 puis jugement en session et relecture)
2025_18_51_005,2025,Embellir votre quartier - Montmartre,451149.4,18,,,,,,,,no_match,aucun candidat retenu (score >= 0.60 puis jugement en session et relecture)
2025_17_48_016,2025,"Ecole maternelle - 22, avenue de la porte de Villiers - Cour oasis et auvent",446594.31,17,,,,,,,,no_match,aucun candidat retenu (score >= 0.60 puis jugement en session et relecture)
2025_11_30_014,2025,Réaménagement - Ramblas Richard Lenoir Jules Ferry,425410.92,11,,,,,,,,no_match,aucun candidat retenu (score >= 0.60 puis jugement en session et relecture)
2025_19_54_018,2025,"Gymnase - 61, rue Archereau - Rénovation du gymnase",419038.07,19,,,,,,,,no_match,aucun candidat retenu (score >= 0.60 puis jugement en session et relecture)
2025_15_42_002,2025,Embellir votre quartier - Emeriau - Zola,413623.81,15,,,,,,,,no_match,aucun candidat retenu (score >= 0.60 puis jugement en session et relecture)
2025_00_9_000,2025,"École polyvalente - 3, rue Béranger - Travaux de réfection de la cuisine",379248.98,0,,,,,,,,no_match,aucun candidat retenu (score >= 0.60 puis jugement en session et relecture)
2025_00_9_014,2025,Eglise Saint-Eustache - péristyle - Restructuration du massif d'entrée,369148.66,0,,,,,,,,no_match,aucun candidat retenu (score >= 0.60 puis jugement en session et relecture)
2025_09_24_016,2025,Chapelle des âmes,350992.47,9,,,,,,,,no_match,aucun candidat retenu (score >= 0.60 puis jugement en session et relecture)
2025_14_39_005,2025,"Gymnase - 33, rue du commandant René Mouchotte - Etanchéité de la toiture 2e tranche",350778.67,14,,,,,,,,no_match,aucun candidat retenu (score >= 0.60 puis jugement en session et relecture)
2025_15_42_017,2025,Centre sportif Suzanne Lenglen - Rénovation complète dans le cadre de l'étude urbaine,342168.16,15,,,,,,,,no_match,aucun candidat retenu (score >= 0.60 puis jugement en session et relecture)
2025_20_57_013,2025,"Ecole maternelle - 32, rue de Pali-Kao - Cour oasis",341920.37,20,,,,,,,,no_match,aucun candidat retenu (score >= 0.60 puis jugement en session et relecture)
2025_19_54_000,2025,"École maternelle - 20, rue Eugénie Cotton - Rénovation du réfectoire et périscolaire tranche 3 sur 3",326145.31,19,,,,,,,,no_match,aucun candidat retenu (score >= 0.60 puis jugement en session et relecture)
2025_15_42_015,2025,"Etablissement multi-accueil - 147, boulevard Lefebvre - Restructuration",309000.55,15,,,,,,,,no_match,aucun candidat retenu (score >= 0.60 puis jugement en session et relecture)
2025_16_45_010,2025,Nids de poule bois de Boulogne,291135.26,16,,,,,,,,no_match,aucun candidat retenu (score >= 0.60 puis jugement en session et relecture)
2025_15_42_003,2025,Centre Sportif Suzanne Lenglen - Etanchéité du bâtiment,285190.8,15,,,,,,,,no_match,aucun candidat retenu (score >= 0.60 puis jugement en session et relecture)
2025_13_36_023,2025,Rénovation des vestiaires côté Rugby,281772.26,13,,,,,,,,no_match,aucun candidat retenu (score >= 0.60 puis jugement en session et relecture)
2025_13_36_001,2025,"École élémentaire A - 33, place Jeanne d'Arc - Rénovation des menuiseries",277555.22,13,,,,,,,,no_match,aucun candidat retenu (score >= 0.60 puis jugement en session et relecture)
2025_13_36_024,2025,Rénovation des vestiaires côté Football,270268.83,13,,,,,,,,no_match,aucun candidat retenu (score >= 0.60 puis jugement en session et relecture)
2025_13_36_018,2025,"Gymnase Marcel Cerdan - 5bis, rue Eugène Oudiné - Rénovation de l'intérieur du gymnase",266070.48,13,,,,,,,,no_match,aucun candidat retenu (score >= 0.60 puis jugement en session et relecture)
2025_00_9_010,2025,Trottoir Place Joachim du Bellay,264461.0,0,,,,,,,,no_match,aucun candidat retenu (score >= 0.60 puis jugement en session et relecture)
2025_14_39_015,2025,"Ecole maternelle - 55, rue Sarrette - Cour oasis",249263.0,14,,,,,,,,no_match,aucun candidat retenu (score >= 0.60 puis jugement en session et relecture)
2025_11_30_015,2025,"École élémentaire - 13, rue Froment - Cour oasis",245916.74,11,,,,,,,,no_match,aucun candidat retenu (score >= 0.60 puis jugement en session et relecture)
2025_10_27_015,2025,"Square Saint-Laurent - 68, boulevard de Magenta - Aménagement du square Saint-Laurent",225703.64,10,,,,,,,,no_match,aucun candidat retenu (score >= 0.60 puis jugement en session et relecture)
2025_10_27_007,2025,Restauration des grilles de l'église St Vincent de Paul,222435.17,10,,,,,,,,no_match,aucun candidat retenu (score >= 0.60 puis jugement en session et relecture)
2025_10_27_017,2025,Embellir votre quartier - Louis Blanc,213871.06,10,,,,,,,,no_match,aucun candidat retenu (score >= 0.60 puis jugement en session et relecture)
2025_00_9_001,2025,"École polyvalente - 3, rue Béranger - Travaux de réfection de la cuisine - Transformation polyvalente",193480.05,0,,,,,,,,no_match,aucun candidat retenu (score >= 0.60 puis jugement en session et relecture)
2025_14_39_019,2025,Améliorations Centre Sportif Didot,160738.85,14,,,,,,,,no_match,aucun candidat retenu (score >= 0.60 puis jugement en session et relecture)
2025_17_48_019,2025,Pieds d'arbres avenue de Villiers,145440.25,17,,,,,,,,no_match,aucun candidat retenu (score >= 0.60 puis jugement en session et relecture)
2025_00_9_013,2025,Place des Vosges,141295.32,0,,,,,,,,no_match,aucun candidat retenu (score >= 0.60 puis jugement en session et relecture)
2025_09_24_001,2025,"École élémentaire - 9, rue Blanche - Modernisation des sanitaires dans la cour",127686.51,9,,,,,,,,no_match,aucun candidat retenu (score >= 0.60 puis jugement en session et relecture)
2025_11_30_008,2025,Embellir votre quartier - République,118519.03,11,,,,,,,,no_match,aucun candidat retenu (score >= 0.60 puis jugement en session et relecture)
2025_06_15_013,2025,Notre Dame des Champs - Rénovation du chœur,117805.02,6,,,,,,,,no_match,aucun candidat retenu (score >= 0.60 puis jugement en session et relecture)
2025_09_24_005,2025,Embellir votre quartier - Blanche,96590.36,9,,,,,,,,no_match,aucun candidat retenu (score >= 0.60 puis jugement en session et relecture)
2025_07_18_009,2025,Diverses chaussées,93625.53,7,,,,,,,,no_match,aucun candidat retenu (score >= 0.60 puis jugement en session et relecture)
2025_07_18_006,2025,Embellir votre quartier - Invalides,84072.31,7,,,,,,,,no_match,aucun candidat retenu (score >= 0.60 puis jugement en session et relecture)
2025_07_18_018,2025,"Champs de Mars - allées, pelouses et clôture",81221.36,7,,,,,,,,no_match,aucun candidat retenu (score >= 0.60 puis jugement en session et relecture)
2025_06_15_011,2025,Eglise Saint-Germain des Prés - Restauration de l'église,78120.66,6,,,,,,,,no_match,aucun candidat retenu (score >= 0.60 puis jugement en session et relecture)
2025_09_24_002,2025,"École élémentaire - 9, rue Blanche - Modernisation du réfectoire",76528.29,9,,,,,,,,no_match,aucun candidat retenu (score >= 0.60 puis jugement en session et relecture)
2025_06_15_015,2025,Informatique,73829.71,6,,,,,,,,no_match,aucun candidat retenu (score >= 0.60 puis jugement en session et relecture)
2025_08_21_006,2025,"Etablissement multi-accueil - 208, rue du Faubourg Saint-Honoré - Peinture de la circulation et des sections",72927.74,8,,,,,,,,no_match,aucun candidat retenu (score >= 0.60 puis jugement en session et relecture)
2025_08_21_017,2025,"Etablissement multi-accueil - 208, rue du Faubourg Saint-Honoré - Rénovation de la toiture",70794.02,8,,,,,,,,no_match,aucun candidat retenu (score >= 0.60 puis jugement en session et relecture)
2025_05_12_004,2025,Embellir votre quartier - Val de Grâce,59719.3,5,,,,,,,,no_match,aucun candidat retenu (score >= 0.60 puis jugement en session et relecture)
2025_07_18_004,2025,"Mairie du 7e - 116, rue de Grenelle - Modernisation des parties communes",56936.0,7,,,,,,,,no_match,aucun candidat retenu (score >= 0.60 puis jugement en session et relecture)
2025_05_12_018,2025,Chapelle Marie - Madeleine - Travée,55122.79,5,,,,,,,,no_match,aucun candidat retenu (score >= 0.60 puis jugement en session et relecture)
2025_08_21_015,2025,Eglise Saint-Augustin - Restauration transept ouest,52125.53,8,,,,,,,,no_match,aucun candidat retenu (score >= 0.60 puis jugement en session et relecture)
2019_01_il_013,2019,Salles de spectacle Théâtre du Châtelet - Mise aux normes et travaux de rénovation,13797058.0,1,20161210000010,QUALICONSULT SECURITE,40320025600440,CSP5 PI CSPS MISE AUX NORMES TECH. THEATRE DU CHATELET LOT2,2016,43505.0,1.0,confirmed,"overlap=['chatelet', 'theatre'] ; jugé en session : même lieu et même opération que le chantier"
2019_04_il_025,2019,Opérations d'aménagement Place de la Bastille - Etude préalable et travaux d'aménagement,9939342.0,4,20191370000452,COLAS FRANCE,32933888302274,"CSP4- TRAVAUX VOIRIE,RESEAU DIVERS, PIETONISATION BASTILLE",2019,4450460.85,0.85,confirmed,"overlap=['bastille'] ; jugé en session : même lieu et même opération : csp4- travaux voirie,reseau divers, piet"
2019_03_il_011,2019,"Boulevard Beaumarchais - Travaux de chaussée dans le cadre du projet ""Rocade des Gares""",8347135.0,3,20181370001691,IPCS,42813088400052,CSP4 MSAC OPC AMENAGEMENT ROCADE DES GARES/LIGNE BUS 72,2018,141350.0,1.0,confirmed,"overlap=['gares', 'rocade'] ; jugé en session : OPC même projet Rocade des Gares"
2019_18_il_022,2019,Grands projets de rénovation EP Chapelle International - Construction,5092680.0,18,20171210001180,BUREAU VERITAS CONSTRUCTION,79018278600950,MARCHÉ SUBSÉQUENT SPS EP ET CC CHAPELLE INTERNATIONAL 75018,2017,45920.0,1.0,confirmed,"overlap=['chapelle', 'international'] ; jugé en session : SPS de la même opération Chapelle International"
2019_18_il_022,2019,Grands projets de rénovation EP Chapelle International - Construction,5092680.0,18,20171210001317,ENTREPRISE GENERALE LEON GROSSE,74542065301089,CSP5 ECOLE POLYV & EQUIPT PETITE ENF CHAPELLE-INTERNATIONALE,2017,11709507.71,0.85,confirmed,"overlap=['chapelle'] ; jugé en session : même équipement Chapelle International, construction"
2019_08_il_010,2019,Avenue des Champs Elysées - Travaux dans le cadre du Plan Vélo,4734413.0,8,20181370001280,IPCS,42813088400052,CSP4.MSAC OPC RESEAU VELO EXPRESS – RIVOLI/CHAMPS ELYSEES L1,2018,121050.0,1.0,confirmed,"overlap=['champs', 'elysees', 'velo'] ; jugé en session : même lieu et même opération : csp4.msac opc reseau velo express – rivo"
2019_11_il_025,2019,Place de la Nation - Réaménagement,4546889.0,11,20191230000980,L23 SRL,#,"CSP EP FABRICAT°,POSE DE MOBILIERS BOIS, ACIER, PLACE NATION",2019,615365.0,0.85,confirmed,overlap=['nation'] ; jugé en session : même lieu et même opération que le chantier
2019_11_il_025,2019,Place de la Nation - Réaménagement,4546889.0,11,20191370000423,N 2 B ARROSAGE,33993568600040,CSP4 TVX FONTAINERIE & GENIE CIVIL BRUMISATION NATION -MIXTE,2019,284417.0,0.85,confirmed,overlap=['nation'] ; jugé en session : même lieu et même opération que le chantier
2019_11_il_025,2019,Place de la Nation - Réaménagement,4546889.0,11,20191230000884,ART PROJECT,41321152500030,CSP EP MARCHÉ RÉALISAT°FABRICAT°POSE AIRE JEUX PLACE NATION,2019,151500.0,0.85,confirmed,overlap=['nation'] ; jugé en session : même lieu et même opération que le chantier
2019_11_il_025,2019,Place de la Nation - Réaménagement,4546889.0,11,20181230000535,MARCEL VILLETTE,39040929000033,CSP4 MS TVX ESPACES VERTS AMENAGEMENT PLACE DE LA NATION,2018,1510132.5,0.85,confirmed,overlap=['nation'] ; jugé en session : même lieu et même opération que le chantier
2019_18_il_024,2019,Parc Chapelle Charbon - Travaux d'aménagement,4463070.0,18,20191230000147,COLAS FRANCE,32933888302274,CSP4 LOT 1 TVX GENIE CIVIL AMENAGEMENT PARC CHAPELLE CHARBON,2019,5982760.21,1.0,confirmed,"overlap=['chapelle', 'charbon'] ; jugé en session : génie civil même parc Chapelle-Charbon"
2019_18_il_024,2019,Parc Chapelle Charbon - Travaux d'aménagement,4463070.0,18,20191230000504,UNION TECHNIQUE DU BATIMENT,57206414500145,CSP4 AMENAGNT PARC CHAPELLE CHARBON (REHAB CHARPENTE/CONSTRU,2019,1522762.25,1.0,confirmed,"overlap=['chapelle', 'charbon'] ; jugé en session : aménagement même parc Chapelle-Charbon"
2019_18_il_024,2019,Parc Chapelle Charbon - Travaux d'aménagement,4463070.0,18,20191230000148,IDVERDE,33960966101129,CSP4 LOT2 TVX ESPACES VERTS PARC CHAPELLE CHARBON 8EME,2019,754391.35,1.0,confirmed,"overlap=['chapelle', 'charbon'] ; jugé en session : lot espaces verts même parc Chapelle-Charbon"
2019_18_il_024,2019,Parc Chapelle Charbon - Travaux d'aménagement,4463070.0,18,20171230001291,AGENCE LAVERNE,39028134300017,CSP4: MOE AMENAGEMENT PARC CHAPELLE-CHARBON,2017,1329900.0,1.0,confirmed,"overlap=['chapelle', 'charbon'] ; jugé en session : MOE aménagement même parc Chapelle-Charbon"
2019_18_il_024,2019,Parc Chapelle Charbon - Travaux d'aménagement,4463070.0,18,20171230000302,TAKTYK S A R L,49050562500015,CSP4 MISSION CONCEPT. CONST. AMENAGEMENT CHAPELLE CHARBON,2017,800000.0,1.0,confirmed,"overlap=['chapelle', 'charbon'] ; jugé en session : conception aménagement même parc Chapelle-Charbon"
2019_10_il_026,2019,Boulevard de La Chapelle - Aménagement de la promenade urbaine,4447536.0,10,20181370001428,EUROVIA ILE DE FRANCE,42094822600089,CSP4: TVX REAMENAGEMENT PROMENADE URBAINE CHAPELLE-VILLETTE,2018,3000000.0,1.0,confirmed,"overlap=['chapelle', 'promenade', 'urbaine'] ; jugé en session : même lieu et même opération que le chantier"
2019_10_il_026,2019,Boulevard de La Chapelle - Aménagement de la promenade urbaine,4447536.0,10,20181370000976,ARTELIA,44452352600564,CSP4.MISSION(OPC)URBAINE DE LA CHAPELLE DE LA VILLETTE LOT1.,2018,82931.3,1.0,confirmed,"overlap=['chapelle', 'urbaine'] ; jugé en session : même lieu et même opération que le chantier"
2019_08_il_001,2019,"graisse Œuvres d'art contemporain Jardin des Champs Elysées - Acquisition et implantation du ""Bouquet de Tulipes"" de Jeff Koons",4053062.0,8,20191320010581,ARNOLD AG,#,CSP EP OEUVRE BOUQUET OF TULIPS DANS LEJARDIN CHAMPS ELYSEES,2019,2985781.99,1.0,confirmed,"overlap=['bouquet', 'champs', 'elysees'] ; jugé en session : même lieu et même opération : csp ep oeuvre bouquet of tulips dans lej"
2019_01_il_008,2019,Rue de Rivoli - Création d'une piste cyclable,3966056.0,1,20171370090041,CABINET D ETUDES MARC MERLIN,42863435600011,CSP4: MA SUB_AC-LOT1 AMENAGEMENT PISTE CYCLABLE RUE RIVOLI,2017,145178.98,1.0,confirmed,"overlap=['cyclable', 'piste', 'rivoli'] ; jugé en session : même lieu et même opération que le chantier"
2019_01_il_008,2019,Rue de Rivoli - Création d'une piste cyclable,3966056.0,1,20181370001280,IPCS,42813088400052,CSP4.MSAC OPC RESEAU VELO EXPRESS – RIVOLI/CHAMPS ELYSEES L1,2018,121050.0,0.85,confirmed,overlap=['rivoli'] ; jugé en session : même lieu et même opération que le chantier
2019_18_il_021,2019,Boulevard périphérique - Enrobé phonique,3241390.0,18,20191370000516,EIFFAGE ROUTE ILE DE FRANCE/CENTRE,43360419600249,CSP4 TVX REALISATION ENROBE BOULEVARD PERIPHERIQUE,2019,1858036.27,1.0,confirmed,"overlap=['enrobe', 'peripherique'] ; jugé en session : enrobé boulevard périphérique, même opération"
2019_08_il_017,2019,Place de la Madeleine - Travaux de réaménagement,3077885.0,8,20181370001240,FAYOLLE ET FILS/FAYOLLE DESAMIANTAG,#,CSP4.AMÉNAGEMENT DE LA PLACE DE LA MADELEINE PARIS 8ÈME.,2018,1267254.42,0.85,confirmed,overlap=['madeleine'] ; jugé en session : même lieu et même opération : csp4.aménagement de la place de la madel
2019_08_il_017,2019,Place de la Madeleine - Travaux de réaménagement,3077885.0,8,20181370001286,IPCS,42813088400052,CSP4. MSAC – OPC – PLACES GAMBETTA/BASH/MADELEINE LOT1,2018,142110.0,0.85,confirmed,overlap=['madeleine'] ; jugé en session : même lieu et même opération : csp4. msac – opc – places gambetta/bash/
2019_08_il_017,2019,Place de la Madeleine - Travaux de réaménagement,3077885.0,8,20171370000094,EMMA BLANC,53823738900043,CSP4.MISSION AMÉNAGEMENT PLACE MADELEINE ET PLACE PANTHEON,2017,700000.0,0.85,confirmed,overlap=['madeleine'] ; jugé en session : même lieu et même opération : csp4.mission aménagement place madeleine
2019_19_il_026,2019,Place des Fêtes - Aménagement de la place,2375360.0,19,20171370000095,QUATORZE,75371115900024,CSP4 MISSION CO-CONCEPT° PLACES DES FETES ET GAMBETTA LOT 03,2017,600000.0,0.7,probable,overlap=['fetes'] ; jugé en session : co-conception aménagement place des Fêtes
2019_19_il_026,2019,Place des Fêtes - Aménagement de la place,2375360.0,19,20161370000782,ECOUTER POUR VOIR,42817108600013,CSP4: MISSION PROG.-REALISATION - LOT 1: AMENAG.PL.DES FETES,2016,79891.5,0.7,probable,overlap=['fetes'] ; jugé en session : réalisation aménagement même place des Fêtes
2019_12_il_026,2019,Esplanade Saint-Louis - Aménagement et végétalisation de l'esplanade,2172156.0,12,20191230000325,AGRIGEX ENVIRON/LACHAUX PAYSAGE/,#,CSP4 MS TRX D'AMÉNAGEM D'ESPACE VERT ESPLANADE SAINT LOUIS,2019,256456.24,1.0,confirmed,"overlap=['esplanade', 'louis'] ; jugé en session : même lieu et même opération que le chantier"
2019_12_il_026,2019,Esplanade Saint-Louis - Aménagement et végétalisation de l'esplanade,2172156.0,12,20191230000309,COLAS ILE DE FRANCE NORMANDIE,32916815700025,CSP4 MS AC TVX INFRASTRUCTURE DE VOIRIE ESPLANADE ST LOUIS,2019,2342718.16,1.0,confirmed,"overlap=['esplanade', 'louis'] ; jugé en session : même lieu et même opération que le chantier"
2019_08_il_012,2019,Eglise Saint-Philippe-du-Roule - Restauration des toitures,2012484.0,8,20161320000475,CAILLAULT,32959128300042,CSP5 MOE RESTAURATION TOITURES EGLISE ST PHILIPPE DU ROULE,2016,322160.28,1.0,confirmed,"overlap=['philippe', 'roule'] ; jugé en session : même lieu et même opération : csp5 moe restauration toitures eglise st"
2019_08_il_012,2019,Eglise Saint-Philippe-du-Roule - Restauration des toitures,2012484.0,8,20181320000610,CHAMPAGNE CONSTRUCTION RENOVATION,32088927200037,CSP5 TOITURE EGLISE ST PHILIPPE DU ROULE -LOT 1 MACONNERIE,2018,2479519.48,1.0,confirmed,"overlap=['philippe', 'roule'] ; jugé en session : même lieu et même opération : csp5 toiture eglise st philippe du roule"
2019_08_il_012,2019,Eglise Saint-Philippe-du-Roule - Restauration des toitures,2012484.0,8,20181320000612,LE BRAS FRERES,32018244700021,CSP5 TOITURE EGLISE ST PHILIPPE DU ROULE - LOT3 COUVERTURE,2018,1309955.16,1.0,confirmed,"overlap=['philippe', 'roule'] ; jugé en session : même lieu et même opération : csp5 toiture eglise st philippe du roule"
2019_08_il_012,2019,Eglise Saint-Philippe-du-Roule - Restauration des toitures,2012484.0,8,20181320000611,ATELIERS PERRAULT FRERES,06120108300013,CSP5 TOITURE EGLISE ST PHILIPPE DU ROULE -LOT 2- CHARPENTE,2018,743259.01,1.0,confirmed,"overlap=['philippe', 'roule'] ; jugé en session : même lieu et même opération : csp5 toiture eglise st philippe du roule"
2019_08_il_012,2019,Eglise Saint-Philippe-du-Roule - Restauration des toitures,2012484.0,8,20181320000613,ATELIERS PERRAULT FRERES,06120108300013,CSP5 TOITURE EGLISE ST PHILIPPE DU ROULE - LOT 4 MENUISERIES,2018,201452.33,1.0,confirmed,"overlap=['philippe', 'roule'] ; jugé en session : même lieu et même opération : csp5 toiture eglise st philippe du roule"
2019_11_il_019,2019,Jardin de Marianne - Végétalisation place de la Nation,1795123.0,11,20181230000535,MARCEL VILLETTE,39040929000033,CSP4 MS TVX ESPACES VERTS AMENAGEMENT PLACE DE LA NATION,2018,1510132.5,0.85,confirmed,overlap=['nation'] ; jugé en session : même lieu et même opération que le chantier
2019_18_il_028,2019,"Etablissements de petite enfance EP et CC Chapelle International 5, impasse du Gué - Construction",1753286.0,18,20171210001317,ENTREPRISE GENERALE LEON GROSSE,74542065301089,CSP5 ECOLE POLYV & EQUIPT PETITE ENF CHAPELLE-INTERNATIONALE,2017,11709507.71,1.0,confirmed,"overlap=['chapelle', 'petite'] ; jugé en session : même équipement petite enfance Chapelle International, construction"
2019_18_il_030,2019,Centres d'animation CPA Hébert - Reconstruction,1733574.0,18,20171210001745,COCHERY ILE DE FRANCE,41797626300018,CSP5 CENTRE ANIMATION HEBERT 2 TEP LOT 1 RECONSTRUCTION,2017,472227.89,1.0,confirmed,"overlap=['animation', 'hebert', 'reconstruction'] ; jugé en session : reconstruction même centre d'animation Hébert"
2019_18_il_030,2019,Centres d'animation CPA Hébert - Reconstruction,1733574.0,18,20161210000930,ERIK GIUDICE ARCHITECTURE,52294270500016,MOE RECONSTRUCTION CENTRE D'ANIMATION HÉBERT 75018,2016,471237.5,1.0,confirmed,"overlap=['animation', 'hebert', 'reconstruction'] ; jugé en session : MOE reconstruction même centre d'animation Hébert"
2019_18_il_027,2019,"CC 12, rue Georgette Agutte - Restructuration totale",1711221.0,18,20161210011501,ATELUX INGENIERIE,44044148300037,MOE RESTRUCTURATION CC 12 RUE GEORGETTE AGUTTE 75018,2016,123315.85,1.0,confirmed,"overlap=['agutte', 'georgette', 'restructuration'] ; jugé en session : MOE restructuration même crèche 12 Georgette Agutte"
2019_18_il_027,2019,"CC 12, rue Georgette Agutte - Restructuration totale",1711221.0,18,20171210001133,BAT TRAVAUX NEUFS RENOV CONSTRUCTIO,39872259500046,CSP5 TVX RESTRUCTURATION CRECHE AGUTTE 18ÈME,2017,1262857.54,1.0,confirmed,"overlap=['agutte', 'restructuration'] ; jugé en session : travaux restructuration même crèche Agutte"
2019_04_il_023,2019,"Piscine Piscine Saint Merri - Travaux de restructuration multi-équipements, piscine et école",1698578.0,4,20171210020025,BOUYGUES BATIMENT ILE DE FRANCE,43390083400014,CSP5 TVX RESTRUCTURATION MULTI EQUIPEMENT ST MERRI-TCE-LOT01,2017,8711496.84,1.0,confirmed,"overlap=['merri', 'restructuration'] ; jugé en session : même lieu et même opération : csp5 tvx restructuration multi equipemen"
2019_04_il_023,2019,"Piscine Piscine Saint Merri - Travaux de restructuration multi-équipements, piscine et école",1698578.0,4,20171210020021,MENUISERIE JUNG SARL,45189489300010,CSP5 TVX RESTRUCTURATION SAINT MERRI LOT3,2017,846898.82,1.0,confirmed,"overlap=['merri', 'restructuration'] ; jugé en session : même lieu et même opération : csp5 tvx restructuration saint merri lot"
2019_13_il_035,2019,Opérations d'aménagement Place d'Italie - Travaux d'aménagement,1606772.0,13,20191370000765,BELLE ENVIRONNEMENT,78814002800069,CSP EP TRAVAUX AMÉNAGEMENT FONTAINERIE PLACE ITALIE PARIS 13,2019,854908.25,0.85,confirmed,"overlap=['italie'] ; jugé en session : Fontainerie de l'aménagement de la place d'Italie, même place"
2019_13_il_035,2019,Opérations d'aménagement Place d'Italie - Travaux d'aménagement,1606772.0,13,20171370000093,CONTEMPORARY LANDSCAPE CREATIONS,50211564500017,CSP4 LOT 1 MISSION CO-CONCEPTION PLACE D'ITALIE PLACE NATION,2017,1000000.0,0.85,confirmed,overlap=['italie'] ; jugé en session : même lieu et même opération que le chantier
2019_06_il_012,2019,Edifices cultuels Eglise Saint-Germain-des-Prés - Travaux de restauration,1554939.0,6,20151320001972,VITRAILFRANCE,31703045000132,CSP5 TX DE RESTAURATION EGLISE SAINT GERMAIN DES PRES LOT 5,2016,367405.0,1.0,confirmed,"overlap=['germain', 'pres'] ; jugé en session : même lieu et même opération : csp5 tx de restauration eglise saint ger"
2019_06_il_012,2019,Edifices cultuels Eglise Saint-Germain-des-Prés - Travaux de restauration,1554939.0,6,20151320001973,FONDATION DE COUBERTIN,78512680600013,CSP5 TX RESTAURATION EGLISE SAINT GERMAIN DES PRES LOT 6,2016,162453.0,1.0,confirmed,"overlap=['germain', 'pres'] ; jugé en session : même lieu et même opération : csp5 tx restauration eglise saint germai"
2019_06_il_012,2019,Edifices cultuels Eglise Saint-Germain-des-Prés - Travaux de restauration,1554939.0,6,20151320001971,DARDE,35380338000032,CSP5 TX DE RESTAURATION EGLISE SAINT GERMAIN DES PRES LOT 4,2016,98126.0,1.0,confirmed,"overlap=['germain', 'pres'] ; jugé en session : même lieu et même opération : csp5 tx de restauration eglise saint ger"
2019_06_il_012,2019,Edifices cultuels Eglise Saint-Germain-des-Prés - Travaux de restauration,1554939.0,6,20151320001970,SOCIETE NOUVELLE PRADEAU MORIN,80869888000065,CSP5 EGLISE ST GERMAIN DES PRES RESTAURATION - LOT1 MIXTE,2016,1625082.64,1.0,confirmed,"overlap=['germain', 'pres'] ; jugé en session : même lieu et même opération : csp5 eglise st germain des pres restaura"
2019_16_il_023,2019,Opérations d'aménagement Square Alexandre et René Parodi - Réaménagement de la place de la Porte Maillot,1516141.0,16,20181370090022,SPL PARISEINE,83942912300020,MANDAT DE MAITRISE D'OUVRAGE REAMENAGEMENT PORTE MAILLOT,2018,1093031.0,0.85,confirmed,overlap=['maillot'] ; jugé en session : Mandat pour le réaménagement de la place de la Porte Maillot
2019_13_il_000,2019,"Médiathèque Jean-Pierre Melville - Modernisation, restructuration des locaux et acquisition de nouvelles Bibliothèques",1501018.0,13,20191210000234,SUPRAMIANTE,50057326600029,"CSP5 RESTRUCT MEDIATHEQUE MELVILLE LOT1 DESAMIANTAGE, DEMOLI",2019,258759.0,0.85,confirmed,overlap=['melville'] ; jugé en session : même lieu et même opération que le chantier
2019_20_il_015,2019,Patrimoine de voirie Ponts avenues Ibsen et Cartellier - Ouvrage d'art sur le boulevard périphérique,1440144.0,20,20171370000091,EIFFAGE GENIE CIVIL VIA PON/EIFFAGE,#,CSP4: TVX RENFORCEMENT TABLIER IBSEN-CARTELLIER PTE BAGNOLET,2017,3082606.17,1.0,confirmed,"overlap=['cartellier', 'ibsen'] ; jugé en session : tablier ponts Ibsen-Cartellier, mêmes ouvrages"
2019_20_il_026,2019,Place Gambetta - Réaménagement,1370375.0,20,20191370000902,PRO URBA NORD,31004845900062,CSP EP TVX AMENAGEMENT MOBILIERS ASSISE - GAMBETTA 20ÈME,2019,720388.6,0.85,confirmed,overlap=['gambetta'] ; jugé en session : mobilier assise même place Gambetta
2019_20_il_026,2019,Place Gambetta - Réaménagement,1370375.0,20,20181370001510,FAYOLLE ET FILS/FAYOLLE DESAMIANTAG,#,SA3-TRAVAUX D'INFRASTRUCTURE DE VOIRIE GAMBETTA PARIS 20ÈME,2018,1027534.39,0.85,confirmed,overlap=['gambetta'] ; jugé en session : voirie même réaménagement place Gambetta
2019_20_il_026,2019,Place Gambetta - Réaménagement,1370375.0,20,20181370001286,IPCS,42813088400052,CSP4. MSAC – OPC – PLACES GAMBETTA/BASH/MADELEINE LOT1,2018,142110.0,0.85,confirmed,overlap=['gambetta'] ; jugé en session : OPC même réaménagement place Gambetta
2019_20_il_026,2019,Place Gambetta - Réaménagement,1370375.0,20,20171370000095,QUATORZE,75371115900024,CSP4 MISSION CO-CONCEPT° PLACES DES FETES ET GAMBETTA LOT 03,2017,600000.0,0.85,confirmed,overlap=['gambetta'] ; jugé en session : co-conception même place Gambetta
2019_04_il_018,2019,Eglise de Saint-Louis en l'Île - Toitures et façades,1369187.0,4,20181320001115,LEFEVRE SAS,35331873600017,CSP5 TVX RESTAURAT° FACADES TOITURES EGLISE ST LOUIS LOT 01,2018,2945489.71,0.75,probable,overlap=['louis'] ; jugé en session : façades toitures même église Saint-Louis
2019_04_il_018,2019,Eglise de Saint-Louis en l'Île - Toitures et façades,1369187.0,4,20181320001118,ASSELIN,32621613200018,CSP5 RESTAURATION FACADES/TOITURES EGLISE ST LOUIS LOT4,2018,138339.36,0.7,probable,overlap=['louis'] ; jugé en session : même lieu et même opération : csp5 restauration facades/toitures eglis
2019_04_il_018,2019,Eglise de Saint-Louis en l'Île - Toitures et façades,1369187.0,4,20181320001119,VITRAILFRANCE,31703045000132,CSP5 RESTAURATION FAÇADES/TOITURES EGLISE ST LOUIS LOT 5,2018,233040.76,0.7,probable,overlap=['louis'] ; jugé en session : façades toitures même église Saint-Louis lot 5
2019_14_il_010,2019,Gymnase Huyghens - Restructuration du gymnase et mise en accessibilité,1237094.0,14,20181410001508,ENVIRONNEMENT SERVICES CONSTRUCTION,39772233100055,CSP5 RESTRUCTURATION GYMNASE HUYGHENS - LOT 2: SECOND OEUVRE,2018,967647.18,1.0,confirmed,"overlap=['huyghens', 'restructuration'] ; jugé en session : Restructuration gymnase Huyghens, lot second œuvre, même opération"
2019_14_il_010,2019,Gymnase Huyghens - Restructuration du gymnase et mise en accessibilité,1237094.0,14,20181410001507,ENVIRONNEMENT SERVICES CONSTRUCTION,39772233100055,CSP5 RESTRUCTURATION GYMNASE HUYGHENS - LOT 1 : GROS OEUVRE,2018,201972.5,1.0,confirmed,"overlap=['huyghens', 'restructuration'] ; jugé en session : Restructuration gymnase Huyghens, lot gros œuvre, même opération"
2019_04_il_019,2019,Edifices cultuels Eglise Saint-Merri - Restauration des façades sud du chevet,1122117.0,4,20181320000286,LEFEVRE SAS,35331873600165,CSP5 TVX RESTAURATION FACADE SUD CHEVET EGLISE ST MERI LOT01,2018,1037865.65,0.9,confirmed,overlap=['chevet'] ; jugé en session : façade sud chevet même église Saint-Merri
2019_04_il_019,2019,Edifices cultuels Eglise Saint-Merri - Restauration des façades sud du chevet,1122117.0,4,20161320000035,BRUNELLE,32406049000020,CSP5 MOE FACADES EGLISE SAINT MERRI 4ÈME,2016,93561.25,0.75,probable,overlap=['merri'] ; jugé en session : MOE façades même église Saint-Merri
2019_04_il_019,2019,Edifices cultuels Eglise Saint-Merri - Restauration des façades sud du chevet,1122117.0,4,20181320000288,CLAIRE BABET VITRAUX / SEA PINTO,#,CSP5 RESTAURATION DE FACADES EGLISE ST MERRI VITRAUX LOT 03,2018,269977.85,0.7,probable,overlap=['merri'] ; jugé en session : vitraux lot façades même église Saint-Merri
2019_16_il_028,2019,Edition 2016 Remise en eau - Fontaines de la porte de Saint-Cloud,1097399.0,16,20191210000129,TERIDEAL SEGEX ENERGIES,78805646300052,CSP5 RENOVATION FONTAINE SAINT CLOUD LOT4 FONTAINERIE,2019,982820.15,0.75,probable,overlap=['cloud'] ; jugé en session : Rénovation fontainerie des fontaines de la porte Saint-Cloud
2019_16_il_028,2019,Edition 2016 Remise en eau - Fontaines de la porte de Saint-Cloud,1097399.0,16,20171210000477,RL & ASSOCIES,80347543300014,FONTAINE PORTE SAINT CLOUD RENOVATION,2017,76632.01,0.7,probable,"overlap=['cloud'] ; jugé en session : Rénovation des fontaines de la porte Saint-Cloud, même opération"
2019_16_il_028,2019,Edition 2016 Remise en eau - Fontaines de la porte de Saint-Cloud,1097399.0,16,20191210000097,SOC NOUVELLE SOCRA,37890643200026,CSP5 FONTAINE SAINT CLOUD MOSAIQUE,2019,173419.0,0.7,probable,"overlap=['cloud'] ; jugé en session : Mosaïque des fontaines de Saint-Cloud, même remise en eau"
2019_20_il_027,2019,Opérations d'aménagement Projet 20ème - Python-Duvernois - Réaménagement,1056875.0,20,20212021S00182,ETUDES PLURIDISCIPLIN ET CONSEILS,39243247200059,SA4.MS_BET_CREATION DU PARC PYTHON DUVERNOIS A PARIS 20EME,2021,512300.0,1.0,confirmed,"overlap=['20eme', 'duvernois', 'python'] ; jugé en session : création parc Python-Duvernois, même opération"
2019_20_il_027,2019,Opérations d'aménagement Projet 20ème - Python-Duvernois - Réaménagement,1056875.0,20,20171360043300,ZCCS,50336773200040,ETUDE URBAIN PYTHON DUVERNOIS-PROGRAM-PRINCIPE ORG SPATIALE,2017,287800.0,1.0,confirmed,"overlap=['duvernois', 'python'] ; jugé en session : étude urbaine même projet Python-Duvernois"
2019_10_il_005,2019,"CC 15, rue Louis Blanc - Modernisation et mise en accessibilité de la crèche",982102.0,10,20191210000616,BATIMENTS ETUDES CONSTRUCTIONS,70204781200038,TRAVAUX REHABILITATION CC 15 RUE LOUIS BLANC 75010 PARIS,2019,946920.65,0.9,confirmed,"overlap=['blanc', 'louis'] ; jugé en session : même lieu et même opération que le chantier"
2019_10_il_005,2019,"CC 15, rue Louis Blanc - Modernisation et mise en accessibilité de la crèche",982102.0,10,20171210001712,ATELIER WALID GHANEM ARCHITECTES,50771748600041,MAITRISE D'OEUVRE POUR REHABILITAION CRECHE LOUIS BLANC 10E,2017,70000.0,0.9,confirmed,"overlap=['blanc', 'louis'] ; jugé en session : même lieu et même opération que le chantier"
2019_01_il_017,2019,Opérations d'aménagement Aménagement et végétalisation des berges de Seine,979727.0,1,20161370001374,FAYOLLE ET FILS/FAYOLLE DESAMIANTAG,#,CSP4 TX RÉAMÉNAGEMENT BERGES SEINE RIVE DROITE 1 ET 4 ÈME,2016,700000.01,1.0,confirmed,"overlap=['berges', 'seine'] ; jugé en session : même lieu et même opération que le chantier"
2019_05_il_015,2019,Opérations individualisées 1er Lycée municipal Lucas de Nehou - Accessibilité et mis en conformité,961426.0,5,20171210001442,SOCIETE NOUVELLE E.CO.TECH,80528979000018,MOE ATELIERS VITRAIL ET SSI LYCÉE TECHNO. LUCAS DE NEHOU,2017,91471.85,0.9,confirmed,"overlap=['lucas', 'nehou'] ; jugé en session : même lieu et même opération : moe ateliers vitrail et ssi lycée techno"
2019_17_il_031,2019,Edition 2016 Couverture des 3 courts de tennis du stade Max Rousié,891523.0,17,20181410000135,SMC2,45075840400047,CSP5 MCR COUVERTURE TERRAIN TENNIS AU CS MAX ROUSIE 17ÈME,2018,802214.33,1.0,confirmed,"overlap=['rousie', 'tennis'] ; jugé en session : Couverture des courts de tennis Max Rousié, même opération"
2019_20_il_011,2019,"d'équipement Groupe ""Square de la Salamandre""",885480.0,20,20191230001523,TERIDEAL MABILLON,74715071200053,SA4_TVX SQUARE SALAMANDRE_EAU POTABLE-TERRE VÉGÉTALE. LOT2,2019,268220.08,0.9,confirmed,overlap=['salamandre'] ; jugé en session : travaux lot 2 même square Salamandre
2019_20_il_011,2019,"d'équipement Groupe ""Square de la Salamandre""",885480.0,20,20191230001522,ACTIV TP,49964930900048,SA4_ TVX SQUARE SALAMANDRE -GROS OEUVRE-ASSAINISSEMT.LOT1,2019,1100040.2,0.85,confirmed,overlap=['salamandre'] ; jugé en session : travaux lot 1 même square Salamandre
2019_20_il_011,2019,"d'équipement Groupe ""Square de la Salamandre""",885480.0,20,20191230001524,MULTICLO,39890839200028,SA4_ TVX SQUARE SALAMANDRE _SERRURERIE LOT3,2019,199554.12,0.85,confirmed,overlap=['salamandre'] ; jugé en session : travaux lot 3 même square Salamandre
2019_17_il_017,2019,Autres enseignements Cinémathèque Robert-Lynen - Rénovation et mise aux normes,866833.0,17,20191210029809,CELSIO,38857243000048,CINEMATHEQUE ROBERT VENTILATION ET CHAUFFAGE,2019,78804.69,1.0,confirmed,"overlap=['cinematheque', 'robert'] ; jugé en session : Ventilation et chauffage cinémathèque Robert-Lynen, mise aux normes"
2019_11_il_014,2019,Eglise Saint-Joseph - Restauration du massif d'entrée,841490.0,11,20171320000089,AMIOT,53452340200012,CSP5 MOE RESTAURATION DU MASSIF ENTREE EGLISE SAINT JOSEPH,2017,139235.0,0.85,confirmed,overlap=['joseph'] ; jugé en session : même lieu et même opération que le chantier
2019_11_il_014,2019,Eglise Saint-Joseph - Restauration du massif d'entrée,841490.0,11,20181320001558,SOC COOP PRODUCT CHARPENTIER PARIS,57201099900017,CSP5 RESTAURAT°MASSIF ENTREE EGLISE ST JOSEPH DS NATIONS 11È,2018,102194.15,0.85,confirmed,overlap=['joseph'] ; jugé en session : même lieu et même opération que le chantier
2019_11_il_014,2019,Eglise Saint-Joseph - Restauration du massif d'entrée,841490.0,11,20181320001236,COUVERTURES DE LOIRE,82811019700013,CSP5 TVX RESTAURAT° MASSIF ENTREE EGLISE ST JOSEPH - LOT 2,2018,77029.53,0.85,confirmed,overlap=['joseph'] ; jugé en session : même lieu et même opération que le chantier
2019_12_il_009,2019,"Piscines Piscine Jean Boiteux - Création de vestiaires collectifs, installation filtration et divers travaux",835157.0,12,20191410000677,BATIMENTS ETUDES CONSTRUCTIONS,70204781200038,CSP5 RESTRUCTURATION PISCINE JEAN BOITEUX - LOT1: GROS OEUVR,2019,247742.28,1.0,confirmed,"overlap=['boiteux', 'jean'] ; jugé en session : même lieu et même opération que le chantier"
2019_12_il_009,2019,"Piscines Piscine Jean Boiteux - Création de vestiaires collectifs, installation filtration et divers travaux",835157.0,12,20191410000679,BSMG - LES TECHNICIENS DES FLUIDES,72204007800023,CSP5 RESTRUCTURATION PISCINE JEAN BOITEUX - LOT3 : P/V/C,2019,58767.76,1.0,confirmed,"overlap=['boiteux', 'jean'] ; jugé en session : même lieu et même opération que le chantier"
2019_20_il_024,2019,"Etablissements de petite enfance Jardin Enfants 3, rue Victor Dejeante - Restructuration",818284.0,20,20181210000657,EZEL,75359287200042,CSP5 RESTRUCTURAT° JARDIN ENFANTS RUE VICTOR DEJEANTE 20ÈME,2018,997922.77,1.0,confirmed,"overlap=['dejeante', 'enfants', 'victor'] ; jugé en session : restructuration même jardin d'enfants Victor Dejeante"
2019_13_il_021,2019,"Opérations individualisées 1er degré EE A 53, rue Baudricourt - Modernisation de la cuisine et du réfectoire",810595.0,13,20191210000249,CONPAS INNOVATIVE,87995310700015,SUBSÉQUENT CONSTRUCTION CUISINE 53/61 BAUDRICOURT 75013,2019,46280.01,0.85,confirmed,"overlap=['baudricourt'] ; jugé en session : Construction cuisine 53/61 Baudricourt, même école et opération"
2019_13_il_021,2019,"Opérations individualisées 1er degré EE A 53, rue Baudricourt - Modernisation de la cuisine et du réfectoire",810595.0,13,20191210000164,O B M CONSTRUCTION,34388930900047,CSP5 CCEPTION/REALISATION CUISINE CENTRALE RUE BAUDRICOURT,2019,10046418.0,0.85,confirmed,"overlap=['baudricourt'] ; jugé en session : Cuisine rue Baudricourt, même opération en conception-réalisation"
2019_18_il_000,2019,"Bibliothèque Robert Sabatier - Modernisation et accès PMR, désamiantage et déplombage, Bibliothèques",802019.0,18,20181210001306,EGSC,40333494900068,MARCHÉ SUBSÉQUENT COORDINATION BIBLIOTH.ROBERT SABATIER 18E,2018,42475.2,1.0,confirmed,"overlap=['robert', 'sabatier'] ; jugé en session : coordination chantier même bibliothèque Sabatier 18e"
2019_18_il_000,2019,"Bibliothèque Robert Sabatier - Modernisation et accès PMR, désamiantage et déplombage, Bibliothèques",802019.0,18,20191210000356,REA CONCEPT,44331692200014,CSP5 TVX RESTRUCTURATION BIBLIOTHEQUE SABATIER,2019,1149579.24,0.85,confirmed,"overlap=['sabatier'] ; jugé en session : Restructuration de la bibliothèque Sabatier, même opération"
2019_18_il_013,2019,"Gymnase Tristan Tzara - Rénovation de l'équipement, réfection de l'éclairage et mis en Gymnases et salles de sports",708829.0,18,20191410000456,SOCIETE GENERALE DE BATIMENT,38834569600032,CSP5 RENOV/MISE EN ACCESSIB VESTIAIRES GYMNASE TRISTAN TZARA,2019,460083.76,1.0,confirmed,"overlap=['tristan', 'tzara'] ; jugé en session : même gymnase Tzara, rénovation vestiaires"
2019_16_il_018,2019,"Opérations individualisées 1er degré EE 162, boulevard Murat - Etudes pour le relogement de l'EM Erlanger au sein du groupe scolaire Murat",706813.0,16,20161210001316,ICI ET LA ARCHITECTURE,52868645400018,MOE RELOGT TEMPORAIRE EM ERLANGER DANS GS MURAT 75016,2016,186046.87,1.0,confirmed,"overlap=['erlanger', 'murat'] ; jugé en session : Maîtrise d'œuvre du relogement de l'EM Erlanger dans le GS Murat"
2019_11_il_022,2019,"CC 12, rue de l'Asile Popincourt - Construction d'un équipement multi-accueil",704160.0,11,20191300000076,SCCV PARIS PASSAGE POPINCOURT,81188137400029,CSP5 CONSTRUCTION CRECHE VOL N°2 RUE ASILE POPINCOURT,2019,1462402.64,1.0,confirmed,"overlap=['asile', 'popincourt'] ; jugé en session : même lieu et même opération que le chantier"
2019_13_il_041,2019,Edition 2018 Rénovons les équipements Carpentier et Caillaux,689550.0,13,20191410000813,STTS,80487083000010,TVX PARQUET SPORTIF GYMNASE CENTRE SPORTIF CARPENTIER 75013,2019,139477.5,0.85,confirmed,overlap=['carpentier'] ; jugé en session : même lieu et même opération que le chantier
2019_13_il_041,2019,Edition 2018 Rénovons les équipements Carpentier et Caillaux,689550.0,13,20191410000259,STTS,80487083000010,RÉFECTION SOL SALLE TENNIS TABLE CENTRE SPORT.G. CARPENTIER,2019,93747.5,0.85,confirmed,overlap=['carpentier'] ; jugé en session : même lieu et même opération que le chantier
2019_18_il_042,2019,Edition 2018 Rénovons l’équipement sportif du Centre Bertrand Dauvin,662837.0,18,20191410001190,CAMMA SPORT,43137959300046,SA4 RÉNOVATION AIRES SPORTIVES EXTÉR. BERTRAND DAUVIN LOT2,2019,47969.06,1.0,confirmed,"overlap=['bertrand', 'dauvin'] ; jugé en session : même centre Dauvin, rénovation aires sportives"
2019_13_il_034,2019,"Stades Stade Boutroux 1, avenue Boutroux - Homologation du terrain de football",619133.0,13,20181410000463,AGILIS,44322232800025,CSP5 MISE AUX NORMES TERRAIN DE FOOT STADE BOUTROUX LOT1,2018,869388.4,1.0,confirmed,"overlap=['boutroux', 'stade', 'terrain'] ; jugé en session : Même stade Boutroux, mise aux normes du terrain, lot 1"
2019_13_il_034,2019,"Stades Stade Boutroux 1, avenue Boutroux - Homologation du terrain de football",619133.0,13,20181410000464,DUBOST RESEAUX TRAVAUX PUBLICS,38519444400019,CSP5 TVX MISE AU NORMES TERRAIN DE FOOT STADE BOUTROUX LOT02,2018,144262.0,1.0,confirmed,"overlap=['boutroux', 'stade', 'terrain'] ; jugé en session : Même stade Boutroux, mise aux normes du terrain de foot"
2019_13_il_031,2019,"Crèche collective 66, rue Pascal - Travaux de restructuration",605303.0,13,20191210000384,APPROCHE BATIMENT ASS TECHNOLOGIES,48080837700042,CSP5 TVX RESTRUCTURATION CRECHE RUE PASCAL 75013,2019,1443613.42,1.0,confirmed,"overlap=['pascal', 'restructuration'] ; jugé en session : même lieu et même opération que le chantier"
2019_10_il_028,2019,Opérations d'aménagement Square Alban Satragne - Travaux de voirie dans le cadre du réaménagement du quartier Alban Satragne,601084.0,10,20191370000768,EUROVIA ILE DE FRANCE,42094822600089,CSP MS EP TRAVX INFRAST VOIERIE-AMENAG SQUARE ALBAN SATRAGNE,2019,931012.2,1.0,confirmed,"overlap=['alban', 'satragne'] ; jugé en session : même lieu et même opération que le chantier"
2019_20_il_007,2019,"Cimetière du Père Lachaise - Entretien des sols, des cheminements et des escaliers, Cimetières",598407.0,20,20191230001493,PARENGE - CIE PARISIENNE ENTREPR ..,33505124900084,SA3 CONFORTEMENT SOLS/REHABIL. MURS CIMETIERE PERE LACHAISE,2019,1323474.53,1.0,confirmed,"overlap=['cimetiere', 'lachaise', 'pere', 'sols'] ; jugé en session : sols même cimetière Père Lachaise"
2019_10_il_019,2019,Edifices cultuels Eglise Saint-Vincent-de-Paul - Restauration des toitures,583268.0,10,20191320000331,BALAS,56207779200058,CSP5 RESTAUR. TOITURES EGLISE ST VINCENT DE PAUL -LOT1 MIXTE,2019,3092763.8,1.0,confirmed,"overlap=['paul', 'vincent'] ; jugé en session : même lieu et même opération que le chantier"
2019_10_il_019,2019,Edifices cultuels Eglise Saint-Vincent-de-Paul - Restauration des toitures,583268.0,10,20191320000343,VITRINES LELIEVRE DRIOT,32484700300039,CSP5 RESTAUR.TOITURES EGLISE ST VINCENT DE PAUL - LOT4 MIXTE,2019,420033.0,1.0,confirmed,"overlap=['paul', 'vincent'] ; jugé en session : même lieu et même opération que le chantier"
2019_10_il_019,2019,Edifices cultuels Eglise Saint-Vincent-de-Paul - Restauration des toitures,583268.0,10,20191320000332,SOC COOP PRODUCT CHARPENTIER PARIS,57201099900017,CSP5 RESTAUR. TOITURES EGLISE ST VINCENT DE PAUL - LOT2 CHAR,2019,243080.0,1.0,confirmed,"overlap=['paul', 'vincent'] ; jugé en session : même lieu et même opération que le chantier"
2019_10_il_019,2019,Edifices cultuels Eglise Saint-Vincent-de-Paul - Restauration des toitures,583268.0,10,20191320000342,ENTREPRISE GEORGES LANFRY,34892274100049,CSP5 RESTAUR.TOITURES EGLISE ST VINCENT DE PAUL -LOT3 MACONN,2019,142853.55,1.0,confirmed,"overlap=['paul', 'vincent'] ; jugé en session : même lieu et même opération que le chantier"
2019_10_il_019,2019,Edifices cultuels Eglise Saint-Vincent-de-Paul - Restauration des toitures,583268.0,10,20191320000344,VITRINES LELIEVRE DRIOT,32484700300039,CSP5 RESTAUR.TOITURES EGLISE ST VINCENT DE PAUL -LOT5:VERRIE,2019,131118.0,1.0,confirmed,"overlap=['paul', 'vincent'] ; jugé en session : même lieu et même opération que le chantier"
2019_20_il_001,2019,"CC 82, rue des Orteaux - Changement d'énergie dans le cadre du plan climat",578593.0,20,20181210004031,EIFFAGE ENERGIE SYSTEMES,32381463200150,CHANGEMENT D'ÉNERGIE CRÈCHE 82 RUE DES ORTEAUX,2018,550000.0,1.0,confirmed,"overlap=['changement', 'energie', 'orteaux'] ; jugé en session : changement d'énergie même crèche 82 rue des Orteaux"
2019_15_il_006,2019,"Travaux EM 72, rue Gutenberg - Plan Climat, mise aux normes de l'électricité",559422.0,15,20181210004025,EIFFAGE ENERGIE SYSTEMES,32381463200150,CHANGEMENT D'ÉNERGIE ECOLE MATERNELLE 72 RUE GUTENBERG,2018,630000.0,0.9,confirmed,"overlap=['gutenberg'] ; jugé en session : Changement d'énergie à l'école EM 72 Gutenberg, Plan Climat"
2019_15_il_006,2019,"Travaux EM 72, rue Gutenberg - Plan Climat, mise aux normes de l'électricité",559422.0,15,20161210005427,ALTEREA,47955801700063,MOE CHANGT NRJ MODERNI +VENTIL EM 72 RUE GUTENBERG,2016,46540.0,0.85,confirmed,"overlap=['gutenberg'] ; jugé en session : Maîtrise d'œuvre énergie/ventilation EM 72 Gutenberg, même opération"
2019_09_il_017,2019,Edifices cultuels Eglise de la Sainte Trinité - Restauration du massif d'entrée,544032.0,9,20202020T06241,LEFEVRE SAS,35331873600017,SA4 TVX RESTAURATION MASSIF ENTREE EGLISE TRINITE LOT1,2020,14656080.1,0.9,confirmed,overlap=['trinite'] ; jugé en session : même lieu et même opération : sa4 tvx restauration massif entree eglis
2019_09_il_017,2019,Edifices cultuels Eglise de la Sainte Trinité - Restauration du massif d'entrée,544032.0,9,20202020T06247,TOLLIS,40081821700012,SA4 TVX RESTAURATION MASSIF ENTREE EGLISE TRINITE LOT2,2020,4325172.0,0.9,confirmed,overlap=['trinite'] ; jugé en session : même lieu et même opération : sa4 tvx restauration massif entree eglis
2019_09_il_017,2019,Edifices cultuels Eglise de la Sainte Trinité - Restauration du massif d'entrée,544032.0,9,20202020T06249,LE BRAS FRERES,32018244700054,SA4 TVX RESTAURATION MASSIF ENTREE EGLISE TRINITE LOT3,2020,1384208.71,0.9,confirmed,overlap=['trinite'] ; jugé en session : même lieu et même opération : sa4 tvx restauration massif entree eglis
2019_09_il_017,2019,Edifices cultuels Eglise de la Sainte Trinité - Restauration du massif d'entrée,544032.0,9,20212021T00307,LOUBIERE LA FORGE D'ART,35220000000029,SA4 RESTAURATION MASSIF ENTREE EGLISE TRINITE LOT5 SERRURERI,2021,662719.7,0.9,confirmed,overlap=['trinite'] ; jugé en session : même lieu et même opération : sa4 restauration massif entree eglise tr
2019_03_il_001,2019,"Enseignement artistique Théâtre de la Gaîté Lyrique - Amélioration du réseau de désenfumage, travaux divers",537351.0,3,20181210000601,TRAVAUX BATIMENTS ELECTRICITE SECUR,39436621500041,THEATRE GAITE LYRIQUE DESENFUMAGE,2018,245846.5,1.0,confirmed,"overlap=['desenfumage', 'gaite', 'lyrique', 'theatre'] ; jugé en session : désenfumage même théâtre Gaîté Lyrique"
2019_19_il_003,2019,"Bâtiments EM 34, rue du Maroc - Modernisation du centre thermique",535435.0,19,20181210003425,SANICLIMA,47901298100037,MODERNISATION CT VAPEUR ÉCOLES 34 R. DU MAROC 14 R. MATHIS,2018,540000.0,0.7,probable,overlap=['maroc'] ; jugé en session : centre thermique mêmes écoles 34 rue du Maroc
2019_18_il_012,2019,"CS Fillettes 54 bis, boulevard Ney - Travaux d'aménagement",514393.0,18,20191070000112,POLYTAN FRANCE,31778114400041,LOT1 AMENAGEMENT-TRVX TERRAIN FOOT SYNTHETIQUE CS FILLETTES,2018,310625.0,0.85,confirmed,"overlap=['fillettes'] ; jugé en session : même CS Fillettes, aménagement terrain synthétique"
2019_18_il_012,2019,"CS Fillettes 54 bis, boulevard Ney - Travaux d'aménagement",514393.0,18,20191070000113,MAIA ENERGIE,51214337100049,LOT 2 ECLAIRAGE-TRVX TERRAIN FOOT SYNTHETIQUE CS FILLETTES,2018,57127.46,0.85,confirmed,"overlap=['fillettes'] ; jugé en session : même CS Fillettes, terrain synthétique éclairage"
2019_18_il_009,2019,Cimetière de Saint-Vincent - Travaux de confortement du mur et acquisition de mobilier,508493.0,18,20181230000962,T.P. GEO,34001868800028,CSP4 TVX REHABILITATION PORTION MUR CIMETIERE SAINT VINCENT,2018,594893.0,1.0,confirmed,"overlap=['cimetiere', 'vincent'] ; jugé en session : mur du cimetière Saint-Vincent, même opération"
2019_10_il_009,2019,Gymnases et salles de sports Centre Sportif de la Grange-aux-Belles - Rénovation du terrain d'éducation physique,497171.0,10,20191410000488,LES PAVEURS DE MONTROUGE,57213102700029,CSP5 TVX DE RÉNOVATION DU TEP LA GRANGE AUX BELLES 75010,2019,609962.86,1.0,confirmed,"overlap=['belles', 'grange'] ; jugé en session : même lieu et même opération que le chantier"
2019_16_il_013,2019,Pont d'Iéna - Travaux de réparation des douelles,488212.0,16,20191370000560,FREYSSINET FRANCE,33405736100183,CSP4 TVX REPARATION DOUELLES PONT D'IENA A PARIS 7E & 16E,2019,974876.6,1.0,confirmed,"overlap=['douelles', 'iena', 'pont', 'reparation'] ; jugé en session : Réparation des douelles du pont d'Iéna, même ouvrage"
2019_05_il_018,2019,Pont de Sully - Réparation de l’arche n°2,474052.0,5,20191370000920,FREYSSINET FRANCE,33405736100183,CSP EP REPARATION ARCHE METALLIQUE N°2 DU PONT DE SULLY,2019,988183.0,1.0,confirmed,"overlap=['arche', 'pont', 'reparation', 'sully'] ; jugé en session : même lieu et même opération : csp ep reparation arche metallique n°2 d"
2019_07_il_002,2019,"Mairie du 7ème arrondissement - Remplacement de menuiseries, aménagement des locaux dans le Mairies",469020.0,7,20191210000846,NORBA ILE DE FRANCE SUD,50943381900042,MAIRIE 7EME MODERNISATION MENUISERIES EXTERIEURES BOIS,2019,660582.5,0.7,probable,overlap=['7eme'] ; jugé en session : même lieu et même opération : mairie 7eme modernisation menuiseries ex
2019_19_il_034,2019,Edition 2016 Une coulée verte de la Villette aux Buttes-Chaumont,467506.0,19,20191230000201,COCHERY ILE DE FRANCE,41797626300018,CSP4 AMENAGEMENT COULEE VERTE PARC VILLETTE BUTTES CHAUMONT,2019,571345.86,1.0,confirmed,"overlap=['buttes', 'chaumont', 'coulee', 'verte'] ; jugé en session : aménagement même coulée verte Villette–Buttes-Chaumont"
2019_08_il_003,2019,"EP 8, rue Robert Estienne - Embellissement des menuiseries extérieures, achat de mobilier",420377.0,8,20181210001533,ART ET TECHNIQUE DE LA MENUISERIE,47777174500023,TRAVAUX MODERNISATION MENUISERIES EXT.RDC/1/2 EP ROBERT ESTI,2018,470522.0,0.85,confirmed,overlap=['robert'] ; jugé en session : même lieu et même opération : travaux modernisation menuiseries ext.rd
2019_15_il_002,2019,"EM A 33, rue Amiral Roussin - Création d'une cour Oasis, réfection de revêtement du sol, création d'un 428 415 auvent, acquisition de matériels Entretien 1er degré EE, 12 rue Fondary - Modernisation des menuiseries extérieures, désamiantage",415598.0,15,20191210000832,BATI MAUD,49814571300026,EM AMIRAL ROUSSIN CREATION OASIS,2019,278042.5,1.0,confirmed,"overlap=['amiral', 'oasis', 'roussin'] ; jugé en session : Création cour Oasis à l'école Amiral Roussin, même opération"
2019_15_il_005,2019,"EE A 10, rue Saint-Lambert - Modernisation du centre thermique",411270.0,15,20181210003632,DALKIA,45650053700018,MODERNISATION CT ET VENTILATION DU GS 10 RUE SAINT LAMBERT,2018,594290.0,0.85,confirmed,"overlap=['lambert'] ; jugé en session : Centre thermique du GS 10 rue Saint-Lambert, même opération"
2019_16_il_017,2019,"Marchés Marché de Passy - Démolition et reconstruction des resserres, réouverture du 2ème accès à la cour",406288.0,16,20191210020016,BATIMENTS ETUDES CONSTRUCTIONS,70204781200038,CSP5 MARCHE PASSY RESSERRE DEMOLITION RECONSTRUCTION,2019,619867.5,1.0,confirmed,"overlap=['demolition', 'passy', 'reconstruction'] ; jugé en session : Démolition-reconstruction des resserres du marché de Passy"
2019_16_il_017,2019,"Marchés Marché de Passy - Démolition et reconstruction des resserres, réouverture du 2ème accès à la cour",406288.0,16,20161210001193,GUILLEMOT,41460431400057,CSP5 MARCHE PASSY RESTRUCTURATION DES RESSERRES,2016,86500.0,1.0,confirmed,"overlap=['passy', 'resserres'] ; jugé en session : Restructuration des resserres du marché de Passy, même opération"
2019_08_il_000,2019,"Théâtre du Rond-Point - Travaux de rénovation, changement de la moquette, remplacement du bac à Salles de spectacles",403962.0,8,20181210000403,SARL TAMBE,35268305600043,TRAVAUX RÉNOVATION ET MISE EN CONFORMITÉ THÉÂTRE ROND-POINT,2018,430331.0,1.0,confirmed,"overlap=['point', 'rond', 'theatre'] ; jugé en session : même lieu et même opération : travaux rénovation et mise en conformité"
2019_08_il_000,2019,"Théâtre du Rond-Point - Travaux de rénovation, changement de la moquette, remplacement du bac à Salles de spectacles",403962.0,8,20181210000402,EDILE CONSTRUCTION,37770055400019,THEATRE ROND-POINT RENOVATION ET MISE EN CONFORMITE LOT 1,2018,343242.86,1.0,confirmed,"overlap=['point', 'rond', 'theatre'] ; jugé en session : même lieu et même opération : theatre rond-point renovation et mise en"
2019_08_il_000,2019,"Théâtre du Rond-Point - Travaux de rénovation, changement de la moquette, remplacement du bac à Salles de spectacles",403962.0,8,20181210000404,GENERALE D'ELECTRICITE,81463671800011,TRAVAUX RÉNOVATION ET MISE EN CONFORMITÉ THÉÂTRE ROND-POINT,2018,166078.0,1.0,confirmed,"overlap=['point', 'rond', 'theatre'] ; jugé en session : même lieu et même opération : travaux rénovation et mise en conformité"
2019_12_il_019,2019,Boulevard périphérique - Entretien et réfection de la chaussée,400000.0,12,20191370000516,EIFFAGE ROUTE ILE DE FRANCE/CENTRE,43360419600249,CSP4 TVX REALISATION ENROBE BOULEVARD PERIPHERIQUE,2019,1858036.27,0.9,confirmed,overlap=['peripherique'] ; jugé en session : même lieu et même opération que le chantier
2019_17_il_032,2019,Edition 2017 Un terrain de foot à 5 au Centre Sportif Courcelles,397840.0,17,20191410000672,COCHERY ILE DE FRANCE,41797626300018,CSP5 CREATION TERRAIN FOOTBALL AU CS COURCELLES - LOT1: VRD,2019,219978.2,1.0,confirmed,"overlap=['courcelles', 'terrain'] ; jugé en session : Création du terrain de foot au CS Courcelles, lot 1"
2019_17_il_032,2019,Edition 2017 Un terrain de foot à 5 au Centre Sportif Courcelles,397840.0,17,20191410000673,ART-DAN ILE-DE-FRANCE,48940507600071,CSP5 CREAT TERRAIN FOOTBALL AU CS COURCELLES LOT2:SOLS/EQUIP,2019,83895.1,1.0,confirmed,"overlap=['courcelles', 'terrain'] ; jugé en session : Création du terrain de foot au CS Courcelles, lot 2"
2019_04_il_016,2019,Patrimoine de voirie Rue du Renard - Travaux de reprise de la sortie du tunnel des Halles,395953.0,4,20191370000736,FAYOLLE,50163916500015,SA3- EP AMENAGEMENT SORTIE TUNNEL ROUTIER DES HALLES,2019,819948.0,1.0,confirmed,"overlap=['halles', 'sortie', 'tunnel'] ; jugé en session : même lieu et même opération : sa3- ep amenagement sortie tunnel routie"
2019_04_il_016,2019,Patrimoine de voirie Rue du Renard - Travaux de reprise de la sortie du tunnel des Halles,395953.0,4,20171370002312,PROGEXIAL,50087785700010,CSP4-MS/AC-AMÉNAGEMENT SORTIE-TUNNEL-ROUTIER DES HALLES 4ÈME,2017,45542.4,1.0,confirmed,"overlap=['halles', 'sortie', 'tunnel'] ; jugé en session : même lieu et même opération : csp4-ms/ac-aménagement sortie-tunnel-rou"
2019_14_il_003,2019,"Gymnase 99, rue d' Alésia - Modernisation du centre thermique",393925.0,14,20182210004821,SOREIB,32132669600044,MOE POUR MODERNISATION CT COLLÈGE A.DAUDET ET GYMNASE ALESIA,2018,40000.0,0.85,confirmed,"overlap=['alesia'] ; jugé en session : Maîtrise d'œuvre du centre thermique du gymnase Alésia, même opération"
2019_11_il_015,2019,Edifices cultuels Eglise Notre Dame du Perpétuel Secours - Restauration de la toiture,391623.0,11,20161320001415,LYMPIA ARCHITECTURE,53219405700024,CSP5 MOE EGLISE NOTRE DAME PERPETUEL SECOURS 11ÈME,2016,154419.09,1.0,confirmed,"overlap=['dame', 'notre', 'perpetuel', 'secours'] ; jugé en session : même lieu et même opération que le chantier"
2019_11_il_015,2019,Edifices cultuels Eglise Notre Dame du Perpétuel Secours - Restauration de la toiture,391623.0,11,20191320000380,UNION TECHNIQUE DU BATIMENT,57206414500145,CSP5 RESTAUR TOITURES BASILIQ N/DAME PERPETUEL SECOURS LOT2,2019,964360.0,1.0,confirmed,"overlap=['dame', 'perpetuel', 'secours'] ; jugé en session : même lieu et même opération que le chantier"
2019_11_il_000,2019,"Eglise Saint-Ambroise - Mise aux normes des installations électriques, travaux d'accessibilité, travaux Edifices cultuels",388629.0,11,20181320000831,SATELEC,97120154600043,CSP5 MISE CONFORMITE INSTALL ELECTRIQUES EGLISE ST AMBROISE,2018,229324.29,1.0,confirmed,"overlap=['ambroise', 'electriques'] ; jugé en session : même lieu et même opération que le chantier"
2019_14_il_017,2019,Patrimoine de voirie Rue Didot (entre boulevard Brune et rue Duthy) - Travaux d'aménagement (phase 1),377621.0,14,20191370000879,ENTREPRISE JEAN LEFEBVRE ILE DE FRA,31547453600051,CSP4 MS AMENAGEMENT RUE DIDOT ENTR BD BRUNE &D'ALESIA LOT1,2019,803392.4,0.9,confirmed,"overlap=['brune', 'didot'] ; jugé en session : Aménagement de la même rue Didot, même période, tronçon voisin"
2019_15_il_025,2019,"Piscines Stade Suzanne Lenglen - Réfection de la toiture, renouvellement du gazon, travaux sur le local associatif",371325.0,15,20171410010091,POLYTAN FRANCE,31778114400041,CSP5 TVX REFECTION 2 TERRAINS FOOT EN GAZON SYNTHE S.LENGLEN,2017,230670.0,1.0,confirmed,"overlap=['gazon', 'lenglen'] ; jugé en session : Gazon synthétique des terrains du stade Lenglen, renouvellement du gazon"
2019_15_il_025,2019,"Piscines Stade Suzanne Lenglen - Réfection de la toiture, renouvellement du gazon, travaux sur le local associatif",371325.0,15,20171210001212,BATI MAUD,49814571300026,SUZANNE LENGLEN ETANCHEITE BATIMENT TENNIS,2017,139526.0,1.0,confirmed,"overlap=['lenglen', 'suzanne'] ; jugé en session : Étanchéité du bâtiment tennis Lenglen, réfection de toiture du stade"
2019_10_il_002,2019,"EM 18, rue de l'Hôpital Saint-Louis - Réfection de la toiture en zinc et des peintures, création d'une plexi- 285 724 barrière EE, 41 rue de Chabrol - Travaux de mise en accessibilité, démolition du auvent, reprise du chéneau et Entretien 1er degré",365551.0,10,20181210000785,AUCHET,44279938300041,MODERNISATION COUVERTURE EM 18 HOPITAL ST-LOUIS 75010 PARIS,2018,302713.06,1.0,confirmed,"overlap=['hopital', 'louis'] ; jugé en session : même lieu et même opération que le chantier"
2019_13_il_012,2019,"Bains-douches Bains-douches 5, place Paul Verlaine - Rénovation des bains",352330.0,13,20191210001178,CAMPENON BERNARD CONSTRUCTION,34197215600119,SA4 PISCINE BUTTE AUX CAILLES RENOVATION BAINS DOUCHES LOT 1,2019,1815647.28,1.0,confirmed,"overlap=['bains', 'douches'] ; jugé en session : même lieu et même opération que le chantier"
2019_03_il_003,2019,"EM 6, rue Paul Dubois - Modernisation des menuiseries extérieures et de la toiture, 387 511 désamiantage, travaux d'accessibilité, acquisition de matériel, mobilier et vidéoprojecteurs EE 10 bis, rue des Quatre Fils - Modernisation des sanitaires, travaux d'accessibilité, Entretien 1er degré",349030.0,3,20191210000341,ART DU BOIS SABIR,51000928500014,SUBSÉQUENT MENUISERIES EXTÉRIEURES EM 6 PAUL DUBOIS 75003,2019,231213.81,1.0,confirmed,"overlap=['dubois', 'exterieures', 'paul'] ; jugé en session : menuiseries extérieures même EM 6 Paul Dubois"
2019_03_il_003,2019,"EM 6, rue Paul Dubois - Modernisation des menuiseries extérieures et de la toiture, 387 511 désamiantage, travaux d'accessibilité, acquisition de matériel, mobilier et vidéoprojecteurs EE 10 bis, rue des Quatre Fils - Modernisation des sanitaires, travaux d'accessibilité, Entretien 1er degré",349030.0,3,20181210000495,S.N FOUILLOUZE S.A.R.L,81202024600029,EM PAUL DUBOIS REFECTION TOITURE,2018,66437.57,1.0,confirmed,"overlap=['dubois', 'paul'] ; jugé en session : toiture même EM Paul Dubois"
2019_05_il_019,2019,Opérations d'aménagement Place du Panthéon - Aménagement,346425.0,5,20171370000094,EMMA BLANC,53823738900043,CSP4.MISSION AMÉNAGEMENT PLACE MADELEINE ET PLACE PANTHEON,2017,700000.0,0.85,confirmed,overlap=['pantheon'] ; jugé en session : même lieu et même opération : csp4.mission aménagement place madeleine
2019_05_il_019,2019,Opérations d'aménagement Place du Panthéon - Aménagement,346425.0,5,20161370000783,ASSOCIATION DEDALE,44234839700047,CSP4: MISSION DE CONCEPTION - LOT 2: AMENAG. PL. DU PANTHEON,2016,78350.0,0.85,confirmed,overlap=['pantheon'] ; jugé en session : même lieu et même opération : csp4: mission de conception - lot 2: ame
2019_04_il_026,2019,Edition 2017 Aménagement du grenier de l'école des Tournelles,340462.0,4,20191210000786,ABC BATIMENT,38492320700037,AMÉNAGEMENT DES COMBLES DU GS TOURNELLES-VOSGES 75004,2019,184953.0,0.85,confirmed,overlap=['tournelles'] ; jugé en session : combles même école Tournelles
2019_15_il_003,2019,"EE B 11, rue Vigée-Lebrun - Modernisation des menuiseries extérieures, mise aux normes PMR",337910.0,15,20181210001103,ART ET TECHNIQUE DE LA MENUISERIE,47777174500023,EE VIGEE LEBRUN MODERNISATION MENUISERIES EXTERIEURES,2018,279474.0,1.0,confirmed,"overlap=['exterieures', 'lebrun', 'vigee'] ; jugé en session : Menuiseries extérieures de l'école Vigée-Lebrun, même opération"
2019_15_il_003,2019,"EE B 11, rue Vigée-Lebrun - Modernisation des menuiseries extérieures, mise aux normes PMR",337910.0,15,20161210000465,ART ET TECHNIQUE DE LA MENUISERIE,47777174500023,EE VIGEE LEBRUN MODERNISATION MENUISERIES FACADE COUR,2016,78800.0,1.0,confirmed,"overlap=['lebrun', 'vigee'] ; jugé en session : Menuiseries façade cour de l'école Vigée-Lebrun, même opération"
2019_20_il_012,2019,Compte foncier Porte de Montreuil - Rénovation urbaine,332920.0,20,20191370000735,SETEC TRAVAUX PUBLICS ET INDUSTRIEL,67203828800060,MOE RÉAMÉNAGEMENT PORTE DE MONTREUIL,2019,355910.0,0.85,confirmed,"overlap=['montreuil'] ; jugé en session : réaménagement Porte de Montreuil, même opération plausible"
2019_05_il_017,2019,Mairie Mairie du 5ème arrondissement - Schéma directeur sécurité-accessibilité,330982.0,5,20191210001306,GM BATIMENT DE FRANCE 1,78842069300020,SA4 TVX MISE EN SECURITE/ACCESSIBILITE MAIRIE 5ÈME LOT1,2019,2042892.3,1.0,confirmed,"overlap=['5eme', 'accessibilite', 'securite'] ; jugé en session : même lieu et même opération : sa4 tvx mise en securite/accessibilite m"
2019_15_il_026,2019,Piscine Emile Anthoine - Réfection totale de la piscine,328415.0,15,20171410000161,HERVE THERMIQUE,62722004900654,CSP5 LOT 2 - TVX MODERNISATION PISCINE EMILE ANTHOINE,2017,1134366.32,1.0,confirmed,"overlap=['anthoine', 'emile'] ; jugé en session : Travaux de modernisation piscine Emile Anthoine, même piscine"
2019_15_il_026,2019,Piscine Emile Anthoine - Réfection totale de la piscine,328415.0,15,20171410000160,EDILE CONSTRUCTION,37770055400019,CSP5 LOT 01 - TVX MODERNISATION PISCINE E. ANTHOINE,2017,1730061.95,0.85,confirmed,"overlap=['anthoine'] ; jugé en session : Lot 1 de modernisation de la piscine Emile Anthoine, même opération"
2019_16_il_005,2019,Jardin du Ranelagh - Réfection des locaux sociaux,315350.0,16,20181210000074,EDILE CONSTRUCTION,37770055400019,TVX JARDIN RANELAGH EXTENSION LOCAUX JARDINIERS,2018,380571.43,0.85,confirmed,"overlap=['ranelagh'] ; jugé en session : Locaux des jardiniers du jardin du Ranelagh, locaux sociaux"
2019_16_il_011,2019,Stade Parc des Princes - Rénovation du parking,312767.0,16,20191210000135,SERVICES INSTALLATIONS ELECTRIQUES,42487348700039,CSP5 PARC DES PRINCES SECURITE PARKING SOUTERRAIN,2019,519500.0,1.0,confirmed,"overlap=['parking', 'princes'] ; jugé en session : Sécurité du parking souterrain du Parc des Princes, rénovation du parking"
2019_01_il_012,2019,Edifices cultuels Eglise Saint-Eustache - Restauration de la façade sud du transept,309810.0,1,20161320000845,H. CHEVALIER,62980277800064,CSP5 TVX RESTAURAT° DU TRANSEPT FACADE ST EUSTACHE LOT 1,2016,1067472.35,1.0,confirmed,"overlap=['eustache', 'transept'] ; jugé en session : même lieu et même opération que le chantier"
2019_01_il_012,2019,Edifices cultuels Eglise Saint-Eustache - Restauration de la façade sud du transept,309810.0,1,20161320000846,ATELIER JEAN LOUP BOUVIER,35362219400028,CSP5 TVX RESTAURATION FACADE SUD TRANSEPT EGLISE ST LOT2,2016,312492.73,0.85,confirmed,overlap=['transept'] ; jugé en session : même lieu et même opération que le chantier
2019_01_il_012,2019,Edifices cultuels Eglise Saint-Eustache - Restauration de la façade sud du transept,309810.0,1,20161320000848,FERRONNERIE PICARD DUBOSCQ,51028604000025,CSP5 TVX RESTAUR° FACADE SUD DE L'EGLISE ST EUSTACHE LOT4,2016,115280.0,0.85,confirmed,overlap=['eustache'] ; jugé en session : même lieu et même opération que le chantier
2019_08_il_013,2019,Eglise Saint-Augustin - Restauration du massif d'entrée,308211.0,8,20161320010338,H. CHEVALIER,62980277800064,CSP5 LOT 1 EGLISE ST-AUGUSTIN RESTAURATION MASSIF,2016,2435696.07,0.85,confirmed,overlap=['augustin'] ; jugé en session : même lieu et même opération : csp5 lot 1 eglise st-augustin restaurati
2019_18_il_005,2019,"Médiathèque Clignancourt 29, rue Hermel - Travaux dans le cadre du plan climat",308047.0,18,20161210004407,ALTEREA,47955801700063,MOE MOD GÉNIE CLIM BIBLIO CLIGNANCOURT 29 RUE HERMEL,2016,41000.0,1.0,confirmed,"overlap=['clignancourt', 'hermel'] ; jugé en session : MOE génie climatique même médiathèque 29 rue Hermel"
2019_18_il_005,2019,"Médiathèque Clignancourt 29, rue Hermel - Travaux dans le cadre du plan climat",308047.0,18,20191210000146,LA LOUISIANE,32610261300022,MODERNISATION CT GAZ VENTILATION 29 R HERMEL BIBLIO SABATIER,2019,548412.51,0.85,confirmed,overlap=['hermel'] ; jugé en session : chauffage ventilation même bibliothèque 29 rue Hermel
2019_04_il_004,2019,"EE 9, rue de Moussy - Modernisation des menuiseries",306635.0,4,20201210000106,ART ET TECHNIQUE DE LA MENUISERIE,47777174500023,MODERNISATION MENUISERIES EXT. EE 9 RUE MOUSSY 75004 PARIS,2020,110273.82,0.85,confirmed,overlap=['moussy'] ; jugé en session : menuiseries même école 9 rue de Moussy
2019_04_il_004,2019,"EE 9, rue de Moussy - Modernisation des menuiseries",306635.0,4,20191210000511,ART ET TECHNIQUE DE LA MENUISERIE,47777174500023,MODERNISATION MENUISERIES EXTÉRIEURES EE MOUSSY 75004,2019,253968.74,0.85,confirmed,overlap=['moussy'] ; jugé en session : menuiseries extérieures même école Moussy
2019_04_il_021,2019,"Opérations individualisées 1er EP 11, rue Saint-Merri - Travaux de restructuration multi-équipements",304429.0,4,20171210020025,BOUYGUES BATIMENT ILE DE FRANCE,43390083400014,CSP5 TVX RESTRUCTURATION MULTI EQUIPEMENT ST MERRI-TCE-LOT01,2017,8711496.84,1.0,confirmed,"overlap=['merri', 'restructuration'] ; jugé en session : même lieu et même opération : csp5 tvx restructuration multi equipemen"
2019_04_il_021,2019,"Opérations individualisées 1er EP 11, rue Saint-Merri - Travaux de restructuration multi-équipements",304429.0,4,20171210020021,MENUISERIE JUNG SARL,45189489300010,CSP5 TVX RESTRUCTURATION SAINT MERRI LOT3,2017,846898.82,1.0,confirmed,"overlap=['merri', 'restructuration'] ; jugé en session : même lieu et même opération : csp5 tvx restructuration saint merri lot"
2019_18_il_023,2019,"urbaine Opérations individualisées 1er EP 113, rue Championnet - Transformation d'un lycée municipal en école polyvalente",297011.0,18,20171210000376,PARIS OUEST CONSTRUCTION,54206261700031,CSP5 TVX TCE RESTRUCTURATION LYCEE CHAMPIONNET,2017,5445904.97,0.85,confirmed,overlap=['championnet'] ; jugé en session : restructuration même lycée Championnet en école
2019_17_il_000,2019,"Eglise Sainte-Marie des Batignolles - Rénovation de la chaufferie, mise aux normes des installations Edifices cultuels",291151.0,17,20191320000639,SOCIETE AURION ET COMPAGNIE,38302656400039,MS_MODERNISATION INSTALLATIONS DE CHAUFFAGE STE MARIE BATIGN,2019,230000.0,1.0,confirmed,"overlap=['installations', 'marie'] ; jugé en session : Chauffage de l'église Sainte-Marie des Batignolles, même opération"
2019_09_il_010,2019,"Salles de sport de la Tour d'Auvergne - Modernisation du chauffage et de la ventilation, rénovation de Gymnases et salles de sports",285449.0,9,20191210003824,CHAUFFAGE RATIONNEL & APPLIC MODERN,78821266000013,MO VENTIL ET CHAUFFAGE VESTIAIRE GYMNASE LA TOUR D'AUVERGNE,2019,284755.28,1.0,confirmed,"overlap=['auvergne', 'tour'] ; jugé en session : même lieu et même opération : mo ventil et chauffage vestiaire gymnase"
2019_09_il_010,2019,"Salles de sport de la Tour d'Auvergne - Modernisation du chauffage et de la ventilation, rénovation de Gymnases et salles de sports",285449.0,9,20171210005436,ALTEREA,47955801700063,MOE MODERNISATION SALLE SPORT 15B RUE DE LA TOUR D'AUVERGNE,2017,49500.0,1.0,confirmed,"overlap=['auvergne', 'sport', 'tour'] ; jugé en session : même lieu et même opération : moe modernisation salle sport 15b rue de"
2019_14_il_002,2019,Salles de spectacles Théâtre 14 - Modernisation et mise au normes,277906.0,14,20191210020029,REA CONCEPT,44331692200014,TRAVAUX RESTRUCTURATION THÉÂTRE 14-20 MARC SANGNIER PARIS 14,2019,291808.96,0.85,confirmed,"overlap=['theatre'] ; jugé en session : Restructuration du même Théâtre 14, modernisation et mise aux normes"
2019_15_il_031,2019,Réaliser une nouvelle coulée verte dans le quartier Beaugrenelle,273139.0,15,20191230000244,LACHAUX PAYSAGE,39044002200023,CSP4 AMENAGEMENT COULEE VERTE QUAI ANDRE CITROEN BEAUGRENELL,2019,379843.35,1.0,confirmed,"overlap=['coulee', 'verte'] ; jugé en session : Aménagement de la coulée verte Beaugrenelle, quai André Citroën"
2019_06_il_002,2019,"EE 12, rue Saint-Benoît - Déplombage des deux cours du groupe scolaire",270750.0,6,20191400001142,SECHE URGENCES INTERVENTIONS,85064982300018,CSP5 TVX SUR ENROBE PLOMB GROUPE SCOLAIRE ST BENOIT,2019,299757.0,0.85,confirmed,overlap=['benoit'] ; jugé en session : même lieu et même opération : csp5 tvx sur enrobe plomb groupe scolair
2019_11_il_007,2019,CC 16 cité Beauharnais - Restructuration partielle de l'établissement,270261.0,11,20191210000446,BRMP BATIMENT,41908796000037,RESTRUCTURATION DE LA CRÈCHE COLLECT 16 CITÉ BEAUHARNAIS 11È,2019,166396.0,1.0,confirmed,"overlap=['beauharnais', 'cite', 'restructuration'] ; jugé en session : même lieu et même opération que le chantier"
2019_17_il_004,2019,"EM 16, rue Dautancourt - Aménagement d'un cour Oasis, acquisition de mobilier",268222.0,17,20191210000657,ESPACES TP,75331059800010,EM DAUTANCOURT AMENAGEMENT COUR OASIS,2019,193536.57,1.0,confirmed,"overlap=['dautancourt', 'oasis'] ; jugé en session : Cour Oasis de l'école Dautancourt, même opération"
2019_14_il_004,2019,Gymnase Huyghens - Modernisation du centre thermique,262965.0,14,20191210000290,CHAUFFAGE RATIONNEL & APPLIC MODERN,78821266000013,MODERNISATION CHAUFFERIE GYMNASE 10 RUE HUYGHENS,2019,217855.0,0.85,confirmed,"overlap=['huyghens'] ; jugé en session : Chaufferie du gymnase rue Huyghens, même modernisation thermique"
2019_10_il_011,2019,Centres d'Animation CPA Espace Jemmapes - Rénovation de la salle de spectacle et modernisation de la ventilation,256213.0,10,20201410000062,SOCIETE GENERALE DE BATIMENT,38834569600032,SA4 TCE SALLE SPECTACLE JEMMAPES LOT 1,2020,624515.91,1.0,confirmed,"overlap=['jemmapes', 'spectacle'] ; jugé en session : même lieu et même opération que le chantier"
2019_10_il_011,2019,Centres d'Animation CPA Espace Jemmapes - Rénovation de la salle de spectacle et modernisation de la ventilation,256213.0,10,20191210003826,CIEC,43305622300152,CENTRE PARIS ANIM'JEMMAPES MODERNISATION VENTILATION,2019,301311.66,0.85,confirmed,overlap=['jemmapes'] ; jugé en session : même lieu et même opération que le chantier
2019_15_il_012,2019,"Piscine Armand Massard - Réfection du carrelage, remplacement des pompes de filtration, dépannage 329 472 Piscines du monte-charge et achat de mobiliers Piscine Blomet - Travaux de restructuration",252628.0,15,20212021T05619,EAUX COLLECTIVES ET TRAITEMENTS,39779986700064,FILTRATION PISCINE ARMAND MASSARD 75015,2021,69508.95,1.0,confirmed,"overlap=['armand', 'filtration', 'massard'] ; jugé en session : Filtration de la piscine Armand Massard, pompes de filtration citées"
2019_04_il_008,2019,"Etablissements de petite enfance CF 22 ter, rue des jardins Saint-Paul - Modernisation et restructuration",249286.0,4,20181210000883,RENOVER,43122949100037,RESTRUCTURATION CC 22TER RUE DES JARDINS ST PAUL 75004,2018,389356.72,1.0,confirmed,"overlap=['jardins', 'paul', 'restructuration'] ; jugé en session : même lieu et même opération : restructuration cc 22ter rue des jardins"
2019_13_il_002,2019,"CC 66, Pascal - Travaux de restructuration et de désamiantage",242312.0,13,20191210000384,APPROCHE BATIMENT ASS TECHNOLOGIES,48080837700042,CSP5 TVX RESTRUCTURATION CRECHE RUE PASCAL 75013,2019,1443613.42,1.0,confirmed,"overlap=['pascal', 'restructuration'] ; jugé en session : même lieu et même opération que le chantier"
2019_17_il_019,2019,Mairies Mairie du 17ème arrondissement - Requalification de la façade dans le cadre du plan climat,240964.0,17,20181210001065,TOA ARCHITECTES ASSOCIES,39979702600065,CSP5 MAIRIE 17EME FACADE RUE CONCEPTION ET TRAVAUX,2018,2495027.42,0.7,probable,"overlap=['17eme'] ; jugé en session : Façade de la mairie du 17e, même opération"
2019_19_il_000,2019,Edifices cultuels Eglise Saint-Jean-Baptiste-de-Belleville - Réfection des arcs boutants,240917.0,19,20181320001062,H. CHEVALIER,62980277800064,CSP5 RESTAUR. ARCS BOUTANTS CHOEUR EGLISE ST JEAN BAPTISTE,2018,236222.32,1.0,confirmed,"overlap=['arcs', 'baptiste', 'boutants', 'jean'] ; jugé en session : arcs boutants même église Saint-Jean-Baptiste"
2019_16_il_004,2019,"Mairie du 16ème arrondissement - Création d'un ascenseur, pré-étude pour le réaménagement des Mairies",220123.0,16,20191210000592,BATI MAUD,49814571300026,MAIRIE 16EME CREATION 3EME ASCENSEUR,2019,305599.4,1.0,confirmed,"overlap=['16eme', 'ascenseur'] ; jugé en session : Création d'un ascenseur à la mairie du 16e, même opération"
2019_15_il_007,2019,"EE 12, rue Fondary - Modernisation du centre thermique",210858.0,15,20191210000681,CHAUFFAGE RATIONNEL & APPLIC MODERN,78821266000013,MODERNISATION CT ET DISTRIBUTION CHAUFFAGE GS VIOLET/FONDARY,2019,839688.0,0.85,confirmed,"overlap=['fondary'] ; jugé en session : Centre thermique du GS Fondary, même école et opération"
2019_04_il_020,2019,Entretien 1er degré Musée Victor Hugo - Restructuration de l'annexe - Lycée Théophile Gautier,209050.0,4,20191210000255,BAT TRAVAUX NEUFS RENOV CONSTRUCTIO,39872259500046,CSP5 REAMENAGEMENT PARTIEL MUSEE VICTOR HUGO - LOT 1 : TCE,2019,3202935.19,1.0,confirmed,"overlap=['hugo', 'victor'] ; jugé en session : même lieu et même opération : csp5 reamenagement partiel musee victor"
2019_04_il_020,2019,Entretien 1er degré Musée Victor Hugo - Restructuration de l'annexe - Lycée Théophile Gautier,209050.0,4,20161210020049,AGENCE GOUTAL,45102277600020,MOE RÉAMÉNAGEMENT MUSÉE V. HUGO ET ANNEXE LYCÉE TH.GAUTIER,2016,606287.0,1.0,confirmed,"overlap=['annexe', 'gautier', 'hugo'] ; jugé en session : même lieu et même opération : moe réaménagement musée v. hugo et annex"
2019_11_il_003,2019,"EM 14, rue Merlin - Réfection du sol de la cour, réaménagement du local des animateurs, remplacement 290 224 de la façade d'entrée EE 109, avenue Parmentier - Remplacement des luminaires, modernisation des sanitaires, acquisition 183 911 Entretien 1er degré de mobilier EE, 4 rue Keller - Diagnostic avant travaux, modernisation de l'étanchéité, des plafonds, des sanitaires 231 652 et des menuiseries EM 19, rue Baudin - Modernisation de l'étanchéité de la cour haute et modernisation des façades",207767.0,11,20191210000534,ESPACES TP,75331059800010,MODERNISAT° DU SOL DE LA COUR DE EE 14 RUE MERLIN 11ÈME,2019,196489.85,0.85,confirmed,overlap=['merlin'] ; jugé en session : même lieu et même opération que le chantier
2019_12_il_004,2019,Tennis Léo Lagrange - Travaux de changement d'énergie dans le cadre du plan climat,204195.0,12,20191210000108,EIFFAGE ENERGIE SYSTEMES,32381463200150,CHGT NRJ BÂTIMENT TENNIS STADE LÉO LAGRANGE BD PONIATOWSKI,2019,150000.0,1.0,confirmed,"overlap=['lagrange', 'tennis'] ; jugé en session : même lieu et même opération que le chantier"
2019_10_il_010,2019,CPA Château Landon - Rénovation,196342.0,10,20172210000757,PATRIMOINE ET RENOVATION,44016479600060,CSP5 EPI CHÂTEAU LANDON LOT 2 MENUISERIES EXTERIEURES,2017,141609.63,1.0,confirmed,"overlap=['chateau', 'landon'] ; jugé en session : même lieu et même opération que le chantier"
2019_13_il_014,2019,Gymnases et salles de sports Stade Charles Moureu - Restructuration des extérieurs,188977.0,13,20171410001934,2C ARCHITECTES,43871360400017,CSP5/PA RESTRUCTURATION CS CHARLES MOUREU 17/47 AV EDISON,2017,64350.01,1.0,confirmed,"overlap=['charles', 'moureu', 'restructuration'] ; jugé en session : même lieu et même opération que le chantier"
2019_13_il_014,2019,Gymnases et salles de sports Stade Charles Moureu - Restructuration des extérieurs,188977.0,13,20191410001195,TECHNIFENCE SAS,53969620300048,SA4 CLOTURES DES AIRES SPORTIVES DU CS CHARLES MOUREUX LOT 4,2019,67980.17,0.85,confirmed,overlap=['charles'] ; jugé en session : même lieu et même opération que le chantier
2019_10_il_037,2019,Edition 2017 Réaménager les équipements sportifs extérieurs de la Grange-aux-Belles,188920.0,10,20191410000488,LES PAVEURS DE MONTROUGE,57213102700029,CSP5 TVX DE RÉNOVATION DU TEP LA GRANGE AUX BELLES 75010,2019,609962.86,1.0,confirmed,"overlap=['belles', 'grange'] ; jugé en session : même lieu et même opération que le chantier"
2019_12_il_024,2019,Espace Reuilly Espace Reuilly - Amélioration des locaux,188046.0,12,20181210000220,BATIMENTS ETUDES CONSTRUCTIONS,70204781200038,TRAVAUX D'AMÉLIORATION DE L'ESPACE REUILLY RUE HÉNARD 75012,2018,344289.68,1.0,confirmed,"overlap=['amelioration', 'reuilly'] ; jugé en session : même lieu et même opération que le chantier"
2019_12_il_024,2019,Espace Reuilly Espace Reuilly - Amélioration des locaux,188046.0,12,20161210000706,ATELIER D ARCHITECTURE TOPIQUE,50757546200068,MOE AMELIORATION DES CONDITIONS D'ACCUEIL DE L'ESPACE REUILL,2016,58750.0,0.85,confirmed,overlap=['amelioration'] ; jugé en session : même lieu et même opération que le chantier
2019_17_il_010,2019,"CS Max Rousié - Sécurisation des vestiaires, remplacement du portail, couverture du terrain de tennis",186009.0,17,20181410000135,SMC2,45075840400047,CSP5 MCR COUVERTURE TERRAIN TENNIS AU CS MAX ROUSIE 17ÈME,2018,802214.33,1.0,confirmed,"overlap=['rousie', 'tennis', 'terrain'] ; jugé en session : Couverture du tennis du CS Max Rousié, même opération"
2019_15_il_021,2019,Square des Périchaux - Aménagement,174787.0,15,20191230010097,TERIDEAL SEGEX,32307786700055,SA4 TVX VOIRIE/RESEAUX/DIVERS RENOVATION SQUARE PERICHAUX,2019,461289.6,0.9,confirmed,"overlap=['perichaux'] ; jugé en session : Rénovation voirie et réseaux du square des Périchaux, même square"
2019_15_il_021,2019,Square des Périchaux - Aménagement,174787.0,15,20191230010096,MARCEL VILLETTE,39040929000033,SA4 MS/AC TVX ESPACES VERTS RENOVATION SQUARE PERICHAUX,2019,485681.75,0.65,probable,"overlap=['perichaux'] ; jugé en session : Rénovation espaces verts du square des Périchaux, même square"
2019_12_il_030,2019,CS Léo Lagrange - Création d'un bassin estival,165157.0,12,20191410010202,EUROPEVENT,80820294900026,CSP5 BASSIN PROVISOIRE NATATION SAISON ESTIV CS LEO LAGRANGE,2019,86587.38,1.0,confirmed,"overlap=['bassin', 'lagrange'] ; jugé en session : même lieu et même opération que le chantier"
2019_09_il_016,2019,Eglise Notre-Dame-de-Lorette - Restauration de la chapelle et des maçonneries,165135.0,9,20191320000948,SOCIETE ENTREPRISE DEGAINE,56206287700021,CSP5 TRAVAUX EGLISE NOTRE DAME DE LORETTE - LOT1: MACONNERIE,2019,330433.47,1.0,confirmed,"overlap=['dame', 'lorette', 'notre'] ; jugé en session : même lieu et même opération : csp5 travaux eglise notre dame de lorett"
2019_09_il_016,2019,Eglise Notre-Dame-de-Lorette - Restauration de la chapelle et des maçonneries,165135.0,9,20191320000949,1STRUMESURE,81784825200018,CSP5 TVX EGLISE NOTRE DAME DE LORETTE - LOT2:INSTRUMENTATION,2019,49500.0,1.0,confirmed,"overlap=['dame', 'lorette', 'notre'] ; jugé en session : même lieu et même opération : csp5 tvx eglise notre dame de lorette -"
2019_09_il_016,2019,Eglise Notre-Dame-de-Lorette - Restauration de la chapelle et des maçonneries,165135.0,9,20161320001361,LAGNEAU ARCHITECTES,80039762200013,CSP5 MOE EGLISE NOTRE DAME DE LORETTE 9ÈME,2016,140765.0,1.0,confirmed,"overlap=['dame', 'lorette', 'notre'] ; jugé en session : même lieu et même opération : csp5 moe eglise notre dame de lorette 9è"
2019_15_il_004,2019,"EM 22, rue Sextius Michel - Modernisation des menuiseries extérieures, acquisition de matériel",163929.0,15,20181210001485,ART ET TECHNIQUE DE LA MENUISERIE,47777174500023,GS ROUELLE SEXTIUS MICHEL MENUISERIES EXTERIEURES,2018,126208.0,1.0,confirmed,"overlap=['exterieures', 'michel', 'sextius'] ; jugé en session : Menuiseries extérieures rue Sextius Michel, même opération"
2019_11_il_002,2019,"Vie associative Ateliers d'Artiste, 126, rue de Charonne - Réfection du local",159844.0,11,20181210001715,GENIE CLIMATI CHAUFFAGE CONSEIL,79467144600019,TRAVAUX DE RENOVAT° DU LOCAL ASSOCIATIF 126 RUE DE CHARONNE,2019,135622.55,1.0,confirmed,"overlap=['charonne', 'local'] ; jugé en session : même lieu et même opération que le chantier"
2019_04_il_030,2019,Edition 2017 Rue des Lombards et rue de la Verrerie accessibles pour tous !,155853.0,4,20202020T03842,DUBRAC T.P.,67201924700010,SA3: TRAVAUX DE VOIRIE POUR REAMENAGEMENT RUE DE LA VERRERIE,2020,408538.7,1.0,confirmed,"overlap=['pour', 'verrerie'] ; jugé en session : voirie rue de la Verrerie, même opération"
2019_17_il_018,2019,Bâtiments Mairie du 17ème arrondissement - Modernisation des ascenseurs A et B et restructuration du hall,153440.0,17,20191210000508,SARL AP ARCHITECTURE,53917927500018,CSP5 MAIRIE 17EME SCHEMA FONCTIONNEL RESTRUCTURATION RDC,2019,87915.0,1.0,confirmed,"overlap=['17eme', 'restructuration'] ; jugé en session : Restructuration du rez-de-chaussée de la mairie du 17e, hall"
2019_15_il_029,2019,Edition 2017 Un auditorium pour la médiathèque Marguerite Yourcenar,147820.0,15,20191210000976,HUSSON INTERNATIONAL,32115432000014,MEDIATHEQUE YOURCENAR CREATION AUDITORIUM,2019,88393.0,1.0,confirmed,"overlap=['auditorium', 'yourcenar'] ; jugé en session : Création de l'auditorium de la médiathèque Yourcenar, même opération"
2019_15_il_029,2019,Edition 2017 Un auditorium pour la médiathèque Marguerite Yourcenar,147820.0,15,20191210001098,REA CONCEPT,44331692200014,CRÉATION D'UN AUDITORIUM MÉDIATHÉQUE YOURCENAR 15ÈME,2019,267534.02,1.0,confirmed,"overlap=['auditorium', 'yourcenar'] ; jugé en session : Création de l'auditorium de la médiathèque Yourcenar, même opération"
2019_02_il_000,2019,"EE 42, rue Dussoubs - Travaux de réfection de la ventilation du réfectoire, diagnostic amiante et Entretien 1er degré",144312.0,2,20191210029810,BALAS,56207779200058,MODERNISATION VENTILATION CUISINE RÉFECTOIRE 42 R DUSSOUBS,2019,64864.13,0.85,confirmed,overlap=['dussoubs'] ; jugé en session : ventilation réfectoire même école 42 rue Dussoubs
2019_20_il_008,2019,"Piscine Alfred Nakache - Travaux amélioration filtrage et traitement d'eau, neutralisation 281 140 de l'ozoneur, changement de la porte d'entrée Piscines Piscine Georges Vallerey - Travaux de mise en conformité et rénovation, réfection de la 119 726 filtration Gymnases et salles de Gymnase Louis Lumière - Réfection du parquet des salles A et B",140619.0,20,20191410000619,TECHNIQUE FRANCAISE DE L EAU,40130307800034,TRAVAUX NEUTRALISATION OZONEUR PISCINE NAKACHE PARIS 20ÈME,2019,68096.5,1.0,confirmed,"overlap=['nakache', 'neutralisation', 'ozoneur'] ; jugé en session : ozoneur même piscine Nakache, même travaux"
2019_14_il_026,2019,Edition 2016 Réhabiliter la Ferme Montsouris pour en faire une maison à vocation citoyenne et culturelle,124132.0,14,20181210000424,CLARA SIMAY ARCHITECTURE,45088269100014,MOE RESTAURATION GRANGE ANCIENNE FERME MONTSOURIS 75014,2018,128450.0,1.0,confirmed,"overlap=['ferme', 'montsouris'] ; jugé en session : Même site Ferme Montsouris, maîtrise d'œuvre de la restauration"
2019_14_il_026,2019,Edition 2016 Réhabiliter la Ferme Montsouris pour en faire une maison à vocation citoyenne et culturelle,124132.0,14,20191210000972,BATIMENTS ETUDES CONSTRUCTIONS,70204781200038,CSP5 TCE RESTAURATION GRANGE MONTSOURIS 75014 LOT 2,2019,1153658.99,0.85,confirmed,"overlap=['montsouris'] ; jugé en session : Même site Ferme/Grange Montsouris, restauration tous corps d'état"
2019_14_il_026,2019,Edition 2016 Réhabiliter la Ferme Montsouris pour en faire une maison à vocation citoyenne et culturelle,124132.0,14,20191210000973,LE FEU ET L EAU,75291639500011,CSP5 CHAUF/VENT/CLIM/ELECT RESTAURAT.GRANGE MONTSOURIS LOT3,2019,137004.0,0.85,confirmed,"overlap=['montsouris'] ; jugé en session : Même site Grange Montsouris, lot chauffage-ventilation de la restauration"
2019_14_il_026,2019,Edition 2016 Réhabiliter la Ferme Montsouris pour en faire une maison à vocation citoyenne et culturelle,124132.0,14,20191210000273,CARDEM,30389008100043,CSP5 RESTRUCTURATION GRANGE MONTSOURIS - LOT1 : DEMOLITION,2019,58450.01,0.85,confirmed,"overlap=['montsouris'] ; jugé en session : Même site Ferme/Grange Montsouris, lot démolition de la restructuration"
2019_05_il_002,2019,"EE 21, rue de Pontoise - Travaux de modernisation des menuiseries, du sol de la cour, mise en 320 865 accessibilité handicapés et achat de mobilier EM 27, rue Poissy - Modernisation des menuiseries, rénovation du logement de fonction",115078.0,5,20171210000870,NOUVEAU FABRICANT,50883956000044,MENUISERIES EXTÉRIEURES BOIS EE 21 RUE DE PONTOISE 75005,2017,342565.0,0.85,confirmed,overlap=['pontoise'] ; jugé en session : même lieu et même opération : menuiseries extérieures bois ee 21 rue d
2019_14_il_001,2019,Edifices cultuels Eglise Saint-Pierre de Montrouge - Travaux de restauration et sécurisation des ornements,96782.0,14,20171320000661,APGO ARCHITECTURE ET PATRIMOINE,45283782600026,CSP5 FLECHE EGLISE ST PIERRE DE MONTROUGE,2017,141375.63,1.0,confirmed,"overlap=['montrouge', 'pierre'] ; jugé en session : Même église Saint-Pierre de Montrouge, restauration de la flèche"
2019_09_il_005,2019,Bâtiments Salles de sport de la Tour d'Auvergne - Modernisation du chauffage et de la ventilation,95428.0,9,20191210003824,CHAUFFAGE RATIONNEL & APPLIC MODERN,78821266000013,MO VENTIL ET CHAUFFAGE VESTIAIRE GYMNASE LA TOUR D'AUVERGNE,2019,284755.28,1.0,confirmed,"overlap=['auvergne', 'tour'] ; jugé en session : même lieu et même opération : mo ventil et chauffage vestiaire gymnase"
2019_01_il_005,2019,"EM 6, rue Saint-Germain l'Auxerrois - Modernisation des menuiseries extérieures et des 144 322 sanitaires Entretien 1er degré EP 28, rue Cambon - Consolidation du plancher du réfectoire et modernisation des 137 082 sanitaires EE 5, rue de l'Arbre Sec - Modernisation des sanitaires, restructuration des WC",87589.0,1,20181210020006,REOLIAN MULTITEC,69201718900048,RESTRUCTURATION SANITAIRES EM 6 ST GERMAIN L'AUXERROIS 75001,2018,75900.0,1.0,confirmed,"overlap=['auxerrois', 'germain', 'restructuration'] ; jugé en session : même lieu et même opération que le chantier"
2019_19_il_002,2019,"Conservatoire Jacques Ibert - Modernisation du chauffage des salles, Enseignement artistique",86796.0,19,20171210003419,DALKIA,45650053700018,MODERNISATION CT GAZ + VENTIL CM JACQUES IBERT RUE A. CARREL,2017,272095.97,1.0,confirmed,"overlap=['ibert', 'jacques'] ; jugé en session : chauffage même conservatoire Jacques Ibert"
2019_13_il_007,2019,Square René Le Gall - Travaux de réfection des réseaux et des sols,80290.0,13,20181210001401,APB ARCHITECTURE,84874182300019,MATRISE D'OEUVRE RESTRUCTURAT° DU SQUARE RENE GALL PARIS 13È,2018,77532.04,0.9,confirmed,"overlap=['gall', 'rene'] ; jugé en session : Même square René Le Gall, maîtrise d'œuvre de la restructuration"
2019_16_il_010,2019,"Piscines Piscine d'Auteuil - Réfection de la toiture, des verrières, des vestiaires et du réseau",74201.0,16,20191210001187,GEN ETANCHEITE COUVERTURE ID FRANCE,38898996400035,SA4 PISCINE AUTEUIL RENOVATION ETANCHEITE STRUCTURE,2019,1298570.33,0.85,confirmed,"overlap=['auteuil'] ; jugé en session : Étanchéité de la piscine d'Auteuil, réfection de la toiture"
2019_19_il_007,2019,"CC 12, rue Gaston Rebuffat - Modernisation des salles de bain et de la 113 921 biberonnerie Etablissements de petite enfance CC 7, allée des Eiders - Modernisation des salles de bain",71043.0,19,20191210000376,REA CONCEPT,44331692200014,MODERNISATION DES POSTES DE CHANGE CC 12 G. REBUFFAT 75019,2019,105636.74,0.85,confirmed,overlap=['rebuffat'] ; jugé en session : postes de change même crèche 12 Rebuffat
2019_12_il_031,2019,Piscines Piscine Roger Le Gall - Rénovation de la piscine,67910.0,12,20171410001189,GRUET INGENIERIE,34003652400015,CSP5 MOE RENOVATION DE LA PISCINE ROGER LE GALL PARIS 12,2017,152960.0,0.9,confirmed,"overlap=['gall', 'roger'] ; jugé en session : même lieu et même opération que le chantier"
2019_19_il_008,2019,"HG 8, passage Goix - Modernisation de la biberonnerie",67769.0,19,20191210000262,BARRAY SERVICES,44895411500029,MODERNISATION BIBERONNERIE ET RÉSERVES HG 6-8 PASSAGE GOIX,2019,62203.0,1.0,confirmed,"overlap=['biberonnerie', 'goix', 'passage'] ; jugé en session : biberonnerie même halte-garderie passage Goix"
2019_08_il_005,2019,"Jardin des Champs Elysées - Installation de la sculpture ""Bouquet de Tulipes"", rénovation du réseau 200 209 Entretien d'espaces verts électrique, mise aux normes des chambres de comptage Parc Monceau - Rénovation de la grille d'honneur et réparation du portail monumental",60003.0,8,20191320010581,ARNOLD AG,#,CSP EP OEUVRE BOUQUET OF TULIPS DANS LEJARDIN CHAMPS ELYSEES,2019,2985781.99,1.0,confirmed,"overlap=['bouquet', 'champs', 'elysees'] ; jugé en session : même lieu et même opération : csp ep oeuvre bouquet of tulips dans lej"
2019_10_il_036,2019,Edition 2016 Pergola végétalisée rue du Faubourg Saint-Martin entre la Gare de l'Est et Château Landon,58908.0,10,20191230000088,ENVIRONNEMENT SERVICES,41341774200025,CSP4 TVX PERGOLA VEGETALISEE RUE FAUBOURG SAINT MARTIN 10E,2019,190000.0,1.0,confirmed,"overlap=['faubourg', 'martin', 'pergola', 'vegetalisee'] ; jugé en session : même lieu et même opération que le chantier"
2019_03_il_002,2019,Bourse du travail Bourse du travail (annexe Varlin) - Travaux de rénovation et de mise aux normes,58314.0,3,20181210000377,TRAVAUX BATIMENTS ELECTRICITE SECUR,39436621500041,MISE AUX NORMES INSTALLATIONS ELECT.BOURSE TRAVAIL /VARLIN,2018,93008.8,1.0,confirmed,"overlap=['bourse', 'travail', 'varlin'] ; jugé en session : électricité Bourse du travail annexe Varlin, mêmes travaux"
2019_16_il_031,2019,Edition 2017 Construction d’une salle de boxe au centre sportif Suchet,46745.0,16,20181410001169,MONCEYRON,32436568300105,CSP5 MMO VESTIAIRES/SALLE BOXE/LOCAUX ANNEXES STADE SUCHET,2018,141400.0,1.0,confirmed,"overlap=['boxe', 'suchet'] ; jugé en session : Maîtrise d'œuvre salle de boxe du stade Suchet, même opération"
2019_16_il_031,2019,Edition 2017 Construction d’une salle de boxe au centre sportif Suchet,46745.0,16,20212021T08898,LAFON TCE,88033226700033,"SA4 STADE SUCHET LOT1: TVX TCE VESTIAIRES, SALLE BOXE, LOCAU",2021,2560681.27,1.0,confirmed,"overlap=['boxe', 'suchet'] ; jugé en session : Travaux salle de boxe au stade Suchet, même opération"
2019_16_il_012,2019,"Subventions d'équipement 82-92, Boulevard Murat",22451306.0,16,,,,,,,,no_match,aucun candidat retenu (score >= 0.60 puis jugement en session)
2019_14_il_018,2019,"Conservatoire du 14ème - Construction, acquisition de collections, équipements audiovisuels et Enseignement artistique",12918730.0,14,,,,,,,,no_match,aucun candidat retenu (score >= 0.60 puis jugement en session)
2019_01_il_014,2019,Bâtiments Carreau des Halles - Réaménagement,10242512.0,1,,,,,,,,no_match,aucun candidat retenu (score >= 0.60 puis jugement en session)
2019_15_il_024,2019,Piscine Blomet - Travaux de restructuration,9303482.0,15,,,,,,,,no_match,aucun candidat retenu (score >= 0.60 puis jugement en session)
2019_14_il_021,2019,Piscines Bassin école Elisabeth - Construction,8254394.0,14,,,,,,,,no_match,aucun candidat retenu (score >= 0.60 puis jugement en session)
2019_20_il_025,2019,Piscines Piscine Davout - Construction,7632387.0,20,,,,,,,,no_match,aucun candidat retenu (score >= 0.60 puis jugement en session)
2019_17_il_024,2019,ZAC Clichy Batignolles rue Cardinet - Acquisition bâtiment,7190000.0,17,,,,,,,,no_match,aucun candidat retenu (score >= 0.60 puis jugement en session)
2019_15_il_014,2019,"13, rue Jules Simon",6801187.0,15,,,,,,,,no_match,aucun candidat retenu (score >= 0.60 puis jugement en session)
2019_17_il_020,2019,Créations d'espaces verts Parc Martin Luther King - Aménagement (phase 3),6685230.0,17,,,,,,,,no_match,aucun candidat retenu (score >= 0.60 puis jugement en session)
2019_18_il_029,2019,Gymnases et salles de sports Gymnase Madeleine Reberioux - Construction,5872160.0,18,,,,,,,,no_match,aucun candidat retenu (score >= 0.60 puis jugement en session)
2019_17_il_025,2019,Compte foncier ZAC Clichy Batignolles rue du Bastion - Acquisition bâtiment,5000000.0,17,,,,,,,,no_match,aucun candidat retenu (score >= 0.60 puis jugement en session)
2019_17_il_021,2019,Etablissements de petite enfance Parc Clichy Batignolles - Construction et aménagement d'une crèche (lot 06),4492904.0,17,,,,,,,,no_match,aucun candidat retenu (score >= 0.60 puis jugement en session)
2019_17_il_011,2019,"15, rue Saint-Just",4490000.0,17,,,,,,,,no_match,aucun candidat retenu (score >= 0.60 puis jugement en session)
2019_04_il_017,2019,Salles de théâtre Théâtre de la Ville - Rénovation et restructuration,3636122.0,4,,,,,,,,no_match,aucun candidat retenu (score >= 0.60 puis jugement en session)
2019_20_il_023,2019,"MA 21-29, rue de la Justice - Construction d'un multi-accueil",3424953.0,20,,,,,,,,no_match,aucun candidat retenu (score >= 0.60 puis jugement en session)
2019_18_il_016,2019,"21, rue de la Chapelle",3421284.0,18,,,,,,,,no_match,aucun candidat retenu (score >= 0.60 puis jugement en session)
2019_14_il_023,2019,Avenue du Général Leclerc - Rénovation de l'avenue,3237043.0,14,,,,,,,,no_match,aucun candidat retenu (score >= 0.60 puis jugement en session)
2019_13_il_020,2019,"EE 8, rue Kuss - Restructuration du groupe scolaire",3225074.0,13,,,,,,,,no_match,aucun candidat retenu (score >= 0.60 puis jugement en session)
2019_13_il_016,2019,"183-185, rue du Chevaleret",3091758.0,13,,,,,,,,no_match,aucun candidat retenu (score >= 0.60 puis jugement en session)
2019_11_il_013,2019,Vélos Boulevard Voltaire - Travaux dans le cadre du plan vélo,3039859.0,11,,,,,,,,no_match,aucun candidat retenu (score >= 0.60 puis jugement en session)
2019_13_il_015,2019,"11, rue du Chevaleret - 1-3 rue Oudinet",3001439.0,13,,,,,,,,no_match,aucun candidat retenu (score >= 0.60 puis jugement en session)
2019_14_il_024,2019,Opérations d'aménagement Square Auguste Renoir-Broussais - Opération d'aménagement (phase 2),2703014.0,14,,,,,,,,no_match,aucun candidat retenu (score >= 0.60 puis jugement en session)
2019_17_il_016,2019,Opérations individualisées 1er degré ZAC Clichy-Batignolles - Construction d'une école maternelle,2658626.0,17,,,,,,,,no_match,aucun candidat retenu (score >= 0.60 puis jugement en session)
2019_18_il_017,2019,"Subventions d'équipement 17, rue de la Chapelle",2646506.0,18,,,,,,,,no_match,aucun candidat retenu (score >= 0.60 puis jugement en session)
2019_19_il_025,2019,Boulevard Macdonald - Aménagement de la Promenade Sud,2467143.0,19,,,,,,,,no_match,aucun candidat retenu (score >= 0.60 puis jugement en session)
2019_13_il_032,2019,Gymnase Charcot - Construction,2322800.0,13,,,,,,,,no_match,aucun candidat retenu (score >= 0.60 puis jugement en session)
2019_19_il_027,2019,Opérations d'aménagement Gare Rosa Parks et pont-rail - Aménagement du secteur Eole-Evangile,2196998.0,19,,,,,,,,no_match,aucun candidat retenu (score >= 0.60 puis jugement en session)
2019_12_il_032,2019,ZAC Porte de Vincennes,2159750.0,12,,,,,,,,no_match,aucun candidat retenu (score >= 0.60 puis jugement en session)
2019_07_il_007,2019,Quai d'Orsay - Travaux dans le cadre du Plan Vélo,2139345.0,7,,,,,,,,no_match,aucun candidat retenu (score >= 0.60 puis jugement en session)
2019_12_il_025,2019,Porte de Vincennes - Création d'un jardin,2000750.0,12,,,,,,,,no_match,aucun candidat retenu (score >= 0.60 puis jugement en session)
2019_19_il_010,2019,"80, rue d'Aubervilliers",1963115.0,19,,,,,,,,no_match,aucun candidat retenu (score >= 0.60 puis jugement en session)
2019_15_il_015,2019,"Subventions d'équipement 222-224, rue de la Croix Nivert",1955498.0,15,,,,,,,,no_match,aucun candidat retenu (score >= 0.60 puis jugement en session)
2019_12_il_040,2019,Edition 2015 La reconquête de la Petite Ceinture !,1939971.0,12,,,,,,,,no_match,aucun candidat retenu (score >= 0.60 puis jugement en session)
2019_18_il_025,2019,"Créations d'espaces verts Jardin 122, rue des Poissonniers - Travaux d'aménagement",1930470.0,18,,,,,,,,no_match,aucun candidat retenu (score >= 0.60 puis jugement en session)
2019_06_il_015,2019,"Etablissements de petite enfance Multi-accueil 5, rue Guynemer - Construction CC 48, rue de Luxembourg",1882185.0,6,,,,,,,,no_match,aucun candidat retenu (score >= 0.60 puis jugement en session)
2019_09_il_009,2019,"Piscines Piscine Georges Drigny - Travaux de réhabilitation, restructuration des vestiaires et sanitaires",1873429.0,9,,,,,,,,no_match,aucun candidat retenu (score >= 0.60 puis jugement en session)
2019_15_il_017,2019,Vélos Rue Lecourbe - Aménagement d'une piste cyclable dans le cadre du plan vélo,1867856.0,15,,,,,,,,no_match,aucun candidat retenu (score >= 0.60 puis jugement en session)
2019_11_il_001,2019,sur la croix sommitale Bibliothèques Bibliothèque 46 bis rue Saint Maur - Acquisition de nouvelles collections,1827057.0,11,,,,,,,,no_match,aucun candidat retenu (score >= 0.60 puis jugement en session)
2019_15_il_016,2019,"Quai de Grenelle - Réseau Express Vélo, aménagement d'une piste cyclable",1783959.0,15,,,,,,,,no_match,aucun candidat retenu (score >= 0.60 puis jugement en session)
2019_08_il_008,2019,"12, rue Monceau",1725036.0,8,,,,,,,,no_match,aucun candidat retenu (score >= 0.60 puis jugement en session)
2019_13_il_028,2019,Paris Rive Gauche / Bruneseau Nord - Construction d'une crèche collective,1723715.0,13,,,,,,,,no_match,aucun candidat retenu (score >= 0.60 puis jugement en session)
2019_10_il_020,2019,Mairies modernisation Mairie du 10ème arrondissement - Restauration des façades et des menuiseries,1667882.0,10,,,,,,,,no_match,aucun candidat retenu (score >= 0.60 puis jugement en session)
2019_08_il_014,2019,"EE, 25/27 rue de Constantinople - Projet de construction",1635000.0,8,,,,,,,,no_match,aucun candidat retenu (score >= 0.60 puis jugement en session)
2019_19_il_023,2019,CC Mathurin Moreau - Travaux de transformation en centre multi-accueil,1630468.0,19,,,,,,,,no_match,aucun candidat retenu (score >= 0.60 puis jugement en session)
2019_13_il_018,2019,"11-13, rue Domrémy",1480000.0,13,,,,,,,,no_match,aucun candidat retenu (score >= 0.60 puis jugement en session)
2019_12_il_012,2019,"1-19, rue Villiot, 30-40, quai de la Rapée",1468669.0,12,,,,,,,,no_match,aucun candidat retenu (score >= 0.60 puis jugement en session)
2019_13_il_030,2019,"Etablissements de petite enfance Crèche collective 14, rue Max Jacob - Travaux de restructuration",1380693.0,13,,,,,,,,no_match,aucun candidat retenu (score >= 0.60 puis jugement en session)
2019_12_il_013,2019,13/16 Reuilly-Diderot,1314665.0,12,,,,,,,,no_match,aucun candidat retenu (score >= 0.60 puis jugement en session)
2019_10_il_022,2019,Jardin Alban Satragne - Travaux d'extension,1287043.0,10,,,,,,,,no_match,aucun candidat retenu (score >= 0.60 puis jugement en session)
2019_11_il_011,2019,"70, rue du Chemin Vert",1272105.0,11,,,,,,,,no_match,aucun candidat retenu (score >= 0.60 puis jugement en session)
2019_14_il_027,2019,Edition 2017 Rénover le pavillon Laprade (Cité Universitaire),1220689.0,14,,,,,,,,no_match,aucun candidat retenu (score >= 0.60 puis jugement en session)
2019_19_il_013,2019,Vélos Avenue de Flandre - Création d'une piste cyclable dans le cadre du Plan Vélo,1216834.0,19,,,,,,,,no_match,aucun candidat retenu (score >= 0.60 puis jugement en session)
2019_18_il_026,2019,Entretien d'espaces verts Square Binet - Rénovation,1205332.0,18,,,,,,,,no_match,aucun candidat retenu (score >= 0.60 puis jugement en session)
2019_19_il_011,2019,"Subventions d'équipement Groupe ""Cité Blanche"" - Solidarité",1190912.0,19,,,,,,,,no_match,aucun candidat retenu (score >= 0.60 puis jugement en session)
2019_12_il_028,2019,Etablissements de petite enfance Caserne Reuilly - Création crèche collective,1180733.0,12,,,,,,,,no_match,aucun candidat retenu (score >= 0.60 puis jugement en session)
2019_12_il_016,2019,Vélos Route de la Pyramide - Création d'une piste cyclable,1152431.0,12,,,,,,,,no_match,aucun candidat retenu (score >= 0.60 puis jugement en session)
2019_15_il_020,2019,"Créations d'espaces verts 34, boulevard Victor - Création d'un nouveau jardin",1146954.0,15,,,,,,,,no_match,aucun candidat retenu (score >= 0.60 puis jugement en session)
2019_13_il_017,2019,"Subventions d'équipement 63, rue du Chevaleret",1142088.0,13,,,,,,,,no_match,aucun candidat retenu (score >= 0.60 puis jugement en session)
2019_11_il_012,2019,"Subventions d'équipement 54, rue Léon Frot et 1, rue Carrière Main",1136400.0,11,,,,,,,,no_match,aucun candidat retenu (score >= 0.60 puis jugement en session)
2019_19_il_021,2019,"CC 133, rue de Belleville / 86 rue de la Villette",1114957.0,19,,,,,,,,no_match,aucun candidat retenu (score >= 0.60 puis jugement en session)
2019_01_il_015,2019,Déplacements Ligne de transport en commun à haut niveau de service (LHNS),1082158.0,1,,,,,,,,no_match,aucun candidat retenu (score >= 0.60 puis jugement en session)
2019_07_il_008,2019,Vélos Quai Anatole France - Travaux dans le cadre du Plan Vélo,1075945.0,7,,,,,,,,no_match,aucun candidat retenu (score >= 0.60 puis jugement en session)
2019_20_il_009,2019,"180-182, rue Pelleport",1074565.0,20,,,,,,,,no_match,aucun candidat retenu (score >= 0.60 puis jugement en session)
2019_19_il_022,2019,"Etablissements de petite enfance CC 34, rue Petit - Travaux de restructuration",1065738.0,19,,,,,,,,no_match,aucun candidat retenu (score >= 0.60 puis jugement en session)
2019_12_il_029,2019,"CC 25, rue Trousseau - Construction",1048226.0,12,,,,,,,,no_match,aucun candidat retenu (score >= 0.60 puis jugement en session)
2019_19_il_012,2019,20-22 bis rue de l'Ourcq,1033820.0,19,,,,,,,,no_match,aucun candidat retenu (score >= 0.60 puis jugement en session)
2019_15_il_036,2019,Edition 2015 En piste encore plus d'aménagement cyclables,1030180.0,15,,,,,,,,no_match,aucun candidat retenu (score >= 0.60 puis jugement en session)
2019_12_il_022,2019,"Opérations individualisées 1er EM 45, rue de Picpus - Restructuration et extension",1026946.0,12,,,,,,,,no_match,aucun candidat retenu (score >= 0.60 puis jugement en session)
2019_10_il_023,2019,"Créations d'espaces verts Jardin Marielle Franco, le Balcon vert - Création d'un jardin suspendu",1026453.0,10,,,,,,,,no_match,aucun candidat retenu (score >= 0.60 puis jugement en session)
2019_06_il_009,2019,Vélos Quai de Conti - Travaux dans le cadre du Réseau Express Vélo,1005877.0,6,,,,,,,,no_match,aucun candidat retenu (score >= 0.60 puis jugement en session)
2019_13_il_033,2019,"Gymnases et salles de sports CS Carpentier 81, boulevard Massena - Travaux d'amélioration fonctionnelle",995876.0,13,,,,,,,,no_match,aucun candidat retenu (score >= 0.60 puis jugement en session)
2019_14_il_012,2019,"144-160, rue de la Tombe Issoire",993049.0,14,,,,,,,,no_match,aucun candidat retenu (score >= 0.60 puis jugement en session)
2019_17_il_026,2019,ZAC Clichy Batignolles - Construction d'une passerelle (étude et travaux),992096.0,17,,,,,,,,no_match,aucun candidat retenu (score >= 0.60 puis jugement en session)
2019_20_il_010,2019,"Subventions 43-45, rue Borrego",991851.0,20,,,,,,,,no_match,aucun candidat retenu (score >= 0.60 puis jugement en session)
2019_10_il_012,2019,"2, rue de Valenciennes",968637.0,10,,,,,,,,no_match,aucun candidat retenu (score >= 0.60 puis jugement en session)
2019_15_il_023,2019,"Etablissements de petite enfance CC 15, rue Modigliani - Travaux de restructuration",951935.0,15,,,,,,,,no_match,aucun candidat retenu (score >= 0.60 puis jugement en session)
2019_12_il_014,2019,"Subventions d'équipement 4, place Félix Eboué",934700.0,12,,,,,,,,no_match,aucun candidat retenu (score >= 0.60 puis jugement en session)
2019_14_il_013,2019,"Subventions d'équipement 16, villa Saint-Jacques",910790.0,14,,,,,,,,no_match,aucun candidat retenu (score >= 0.60 puis jugement en session)
2019_05_il_011,2019,Vélos Quais de Tournelle - Montebello - Travaux dans le cadre du Plan Vélo,895193.0,5,,,,,,,,no_match,aucun candidat retenu (score >= 0.60 puis jugement en session)
2019_04_il_015,2019,Vélos Rue Saint-Antoine - Travaux dans le cadre du Plan Vélo et réfection du tapis,887190.0,4,,,,,,,,no_match,aucun candidat retenu (score >= 0.60 puis jugement en session)
2019_07_il_010,2019,Patrimoine de voirie Place de la Résistance Sud et Nord - Travaux de rénovation,884950.0,7,,,,,,,,no_match,aucun candidat retenu (score >= 0.60 puis jugement en session)
2019_10_il_016,2019,Boulevard de Strasbourg - Aménagement d'une piste cyclable à double sens dans le cadre du Plan Vélo,881689.0,10,,,,,,,,no_match,aucun candidat retenu (score >= 0.60 puis jugement en session)
2019_16_il_006,2019,"Bois de Boulogne - Cheminement du bois, réhabilitation des lacs, rénovation parking, assainissement et Entretien d'espaces verts",876229.0,16,,,,,,,,no_match,aucun candidat retenu (score >= 0.60 puis jugement en session)
2019_17_il_012,2019,"Subventions d'équipement 123, rue de Tocqueville",865218.0,17,,,,,,,,no_match,aucun candidat retenu (score >= 0.60 puis jugement en session)
2019_19_il_020,2019,Créations d'espaces verts Promenade de la Forêt Linéaire,851359.0,19,,,,,,,,no_match,aucun candidat retenu (score >= 0.60 puis jugement en session)
2019_10_il_018,2019,Rue du Faubourg Saint-Martin - Travaux dans le cadre du projet Réseau Express Vélo,821618.0,10,,,,,,,,no_match,aucun candidat retenu (score >= 0.60 puis jugement en session)
2019_03_il_010,2019,Gymnases et salles de sports Marché couvert du Carreau du Temple - Travaux de réhabilitation,817861.0,3,,,,,,,,no_match,aucun candidat retenu (score >= 0.60 puis jugement en session)
2019_18_il_046,2019,Edition 2015 Paris aux piétons !,808577.0,18,,,,,,,,no_match,aucun candidat retenu (score >= 0.60 puis jugement en session)
2019_06_il_013,2019,Travaux opérations individualisées Réfectoire des Cordeliers - Travaux de réhabilitation,797000.0,6,,,,,,,,no_match,aucun candidat retenu (score >= 0.60 puis jugement en session)
2019_07_il_016,2019,Edition 2015 Réaménagement des allées du Champ de Mars,790510.0,7,,,,,,,,no_match,aucun candidat retenu (score >= 0.60 puis jugement en session)
2019_05_il_010,2019,Quais Saint-Bernard - Travaux dans le cadre du Plan Vélo,786504.0,5,,,,,,,,no_match,aucun candidat retenu (score >= 0.60 puis jugement en session)
2019_19_il_016,2019,Bibliothèques Création de la médiathèque Jean Quarré,782885.0,19,,,,,,,,no_match,aucun candidat retenu (score >= 0.60 puis jugement en session)
2019_18_il_040,2019,Edition 2016 Oasis urbaine à la place de la Chapelle,782395.0,18,,,,,,,,no_match,aucun candidat retenu (score >= 0.60 puis jugement en session)
2019_12_il_033,2019,Opérations d'aménagement Carrefour de la Conservation - Travaux de réaménagement,779409.0,12,,,,,,,,no_match,aucun candidat retenu (score >= 0.60 puis jugement en session)
2019_17_il_005,2019,Mairie du 17ème arrondissement - Aménagement de l'accueil du rez-de-chaussée dans le cadre de la Mairies,760906.0,17,,,,,,,,no_match,aucun candidat retenu (score >= 0.60 puis jugement en session)
2019_10_il_024,2019,"CC 1, Square Alban Satragne - Travaux de restructuration de l'établissement",750485.0,10,,,,,,,,no_match,aucun candidat retenu (score >= 0.60 puis jugement en session)
2019_03_il_006,2019,Vélos Rue Turbigo - Aménagement de pistes cyclables dans le cadre du Plan Vélo,749385.0,3,,,,,,,,no_match,aucun candidat retenu (score >= 0.60 puis jugement en session)
2019_11_il_004,2019,"Mairie du 11ème arrondissement - Modernisation du centre thermique, mise en conformité des portes",743952.0,11,,,,,,,,no_match,aucun candidat retenu (score >= 0.60 puis jugement en session)
2019_08_il_015,2019,"Opérations individualisées 1er degré EM 12, rue de la Bienfaisance - Modernisation et mise aux normes des cuisines",733386.0,8,,,,,,,,no_match,aucun candidat retenu (score >= 0.60 puis jugement en session)
2019_09_il_021,2019,Rue Blanche - Travaux de réaménagement,724528.0,9,,,,,,,,no_match,aucun candidat retenu (score >= 0.60 puis jugement en session)
2019_12_il_010,2019,CS du Polygone - Restructuration des vestiaires et achat de matériel,720903.0,12,,,,,,,,no_match,aucun candidat retenu (score >= 0.60 puis jugement en session)
2019_12_il_034,2019,Eclairage Mise en œuvre du Plan Climat,719928.0,12,,,,,,,,no_match,aucun candidat retenu (score >= 0.60 puis jugement en session)
2019_15_il_027,2019,Opérations d'aménagement Place Cambronne - Travaux de réaménagement de la place,718488.0,15,,,,,,,,no_match,aucun candidat retenu (score >= 0.60 puis jugement en session)
2019_11_il_024,2019,Gymnases et salles de sports Centre Sportif Bréguet - Réalisation salle de sport,716742.0,11,,,,,,,,no_match,aucun candidat retenu (score >= 0.60 puis jugement en session)
2019_13_il_037,2019,Edition 2017 Refabriquons à Paris,700000.0,13,,,,,,,,no_match,aucun candidat retenu (score >= 0.60 puis jugement en session)
2019_19_il_017,2019,"EM 1, rue de Palestine - Travaux dans le cadre du contrat de performance 1 041 986 énergétique EE 9, rue Tandou - Travaux dans le cadre du contrat de performance Entretien 1er degré",694059.0,19,,,,,,,,no_match,aucun candidat retenu (score >= 0.60 puis jugement en session)
2019_12_il_027,2019,"CC 14-16,rue Pierre Bourdan - Reconstruction",691994.0,12,,,,,,,,no_match,aucun candidat retenu (score >= 0.60 puis jugement en session)
2019_13_il_025,2019,"Jardin Paul Bourget 1, rue Paul Bourget - Aménagement d'un nouveau jardin",690758.0,13,,,,,,,,no_match,aucun candidat retenu (score >= 0.60 puis jugement en session)
2019_17_il_009,2019,Piscines Piscine Champerret - Travaux de rénovation,690231.0,17,,,,,,,,no_match,aucun candidat retenu (score >= 0.60 puis jugement en session)
2019_19_il_028,2019,Estacade Triangle Eole Evangile - Participation à l'aménagement,681797.0,19,,,,,,,,no_match,aucun candidat retenu (score >= 0.60 puis jugement en session)
2019_10_il_031,2019,Edition 2016 Un espace collectif pour donner une seconde vie aux déchets : créons une ressourcerie !,680000.0,10,,,,,,,,no_match,aucun candidat retenu (score >= 0.60 puis jugement en session)
2019_18_il_018,2019,Compte foncier Déséquipement du campus Condorcet,674964.0,18,,,,,,,,no_match,aucun candidat retenu (score >= 0.60 puis jugement en session)
2019_19_il_033,2019,Edition 2017 Ecole de rêve,674866.0,19,,,,,,,,no_match,aucun candidat retenu (score >= 0.60 puis jugement en session)
2019_11_il_032,2019,Edition 2016 Réaménagement de la rue de Charonne,673740.0,11,,,,,,,,no_match,aucun candidat retenu (score >= 0.60 puis jugement en session)
2019_12_il_015,2019,"107, rue de Reuilly",673620.0,12,,,,,,,,no_match,aucun candidat retenu (score >= 0.60 puis jugement en session)
2019_15_il_013,2019,Gymnases et salles de sports Centre sportif La Plaine - Travaux de mise en sécurité et accessibilité,662125.0,15,,,,,,,,no_match,aucun candidat retenu (score >= 0.60 puis jugement en session)
2019_20_il_006,2019,Aires de jeux Parc de Belleville - Rénovation des aires de jeux,629583.0,20,,,,,,,,no_match,aucun candidat retenu (score >= 0.60 puis jugement en session)
2019_20_il_017,2019,"EE 38, rue de Tourtille - Confortation",626665.0,20,,,,,,,,no_match,aucun candidat retenu (score >= 0.60 puis jugement en session)
2019_12_il_023,2019,"degré EM 40, rue des Meuniers - Travaux dans le cadre du contrat de performance énergétique",624363.0,12,,,,,,,,no_match,aucun candidat retenu (score >= 0.60 puis jugement en session)
2019_07_il_015,2019,Eclairage Mise en œuvre du Plan Climat,611455.0,7,,,,,,,,no_match,aucun candidat retenu (score >= 0.60 puis jugement en session)
2019_18_il_019,2019,Rue Marcadet - Réalisation d'une piste cyclable et d'un cheminement piéton,598110.0,18,,,,,,,,no_match,aucun candidat retenu (score >= 0.60 puis jugement en session)
2019_10_il_021,2019,Bâtiments Caserne Valmy - Rénovation du bâtiment,589694.0,10,,,,,,,,no_match,aucun candidat retenu (score >= 0.60 puis jugement en session)
2019_15_il_018,2019,"EM 3, place du Cardinal Amette - Restructuration du groupe scolaire",587859.0,15,,,,,,,,no_match,aucun candidat retenu (score >= 0.60 puis jugement en session)
2019_17_il_022,2019,Gymnases et salles de sports Centre sportif Max Rousié - Reconstruction de la tribune,585972.0,17,,,,,,,,no_match,aucun candidat retenu (score >= 0.60 puis jugement en session)
2019_20_il_019,2019,"EM 52, rue Planchat - Mise en place du contrat performance énergétique",584718.0,20,,,,,,,,no_match,aucun candidat retenu (score >= 0.60 puis jugement en session)
2019_20_il_018,2019,Entretien 1er degré EM 12 rue Alquier-Debrous - Mise en place du contrat performance énergétique,579064.0,20,,,,,,,,no_match,aucun candidat retenu (score >= 0.60 puis jugement en session)
2019_14_il_015,2019,Vélos Rue Froidevaux - Aménagement d'une piste cyclable à double sens dans le cadre du plan vélo,578830.0,14,,,,,,,,no_match,aucun candidat retenu (score >= 0.60 puis jugement en session)
2019_10_il_029,2019,Place de la Bataille de Stalingrad - Aménagement,575201.0,10,,,,,,,,no_match,aucun candidat retenu (score >= 0.60 puis jugement en session)
2019_19_il_014,2019,Avenue Jean Jaurès - Travaux de réfection de la chaussée,575075.0,19,,,,,,,,no_match,aucun candidat retenu (score >= 0.60 puis jugement en session)
2019_04_il_013,2019,"111, rue de l'Hôtel de Ville",560790.0,4,,,,,,,,no_match,aucun candidat retenu (score >= 0.60 puis jugement en session)
2019_10_il_025,2019,"Etablissements de petite enfance MA 1, avenue Vellefaux - Construction d'une crèche multi-accueil au sein de l'hôpital Saint-Louis",560020.0,10,,,,,,,,no_match,aucun candidat retenu (score >= 0.60 puis jugement en session)
2019_12_il_005,2019,Travaux Bâtiment administratif Diderot Mazas - Travaux de modernisation et mise en place du Plan Climat,559145.0,12,,,,,,,,no_match,aucun candidat retenu (score >= 0.60 puis jugement en session)
2019_19_il_043,2019,Edition 2015 Paris aux piétons,558939.0,19,,,,,,,,no_match,aucun candidat retenu (score >= 0.60 puis jugement en session)
2019_10_il_013,2019,"30, rue d'Enghein",558829.0,10,,,,,,,,no_match,aucun candidat retenu (score >= 0.60 puis jugement en session)
2019_04_il_022,2019,Créations d'espaces verts Place du Père-Teilhard-de-Chardin - Création de jardin,556717.0,4,,,,,,,,no_match,aucun candidat retenu (score >= 0.60 puis jugement en session)
2019_16_il_021,2019,"Parc des Princes - Surveillance de structure, mise en conformité des installations techniques",552831.0,16,,,,,,,,no_match,aucun candidat retenu (score >= 0.60 puis jugement en session)
2019_13_il_043,2019,Edition 2015 Réhabilitation de la piste cyclable Vincent Auriol,552742.0,13,,,,,,,,no_match,aucun candidat retenu (score >= 0.60 puis jugement en session)
2019_12_il_000,2019,Edifices cultuels Eglise du Saint-Esprit - Rénovation des chaufferies et travaux de maçonnerie divers,550808.0,12,,,,,,,,no_match,aucun candidat retenu (score >= 0.60 puis jugement en session)
2019_13_il_022,2019,"EE 5, rue Damesme - Travaux dans le cadre du contrat de performance énergétique",548659.0,13,,,,,,,,no_match,aucun candidat retenu (score >= 0.60 puis jugement en session)
2019_12_il_011,2019,Gymnases et salles de sports CS Léon Mottot - Rénovation complète (phase 2),537135.0,12,,,,,,,,no_match,aucun candidat retenu (score >= 0.60 puis jugement en session)
2019_01_il_020,2019,Edition 2018 Une voirie pour toutes les mobilités,534483.0,1,,,,,,,,no_match,aucun candidat retenu (score >= 0.60 puis jugement en session)
2019_13_il_029,2019,"MA 48, boulevard Vincent Auriol - Construction d'un multi-accueil",530880.0,13,,,,,,,,no_match,aucun candidat retenu (score >= 0.60 puis jugement en session)
2019_18_il_036,2019,Eclairages Travaux dans le cadre du plan Climat,519081.0,18,,,,,,,,no_match,aucun candidat retenu (score >= 0.60 puis jugement en session)
2019_14_il_014,2019,"6, rue Gassendi",515664.0,14,,,,,,,,no_match,aucun candidat retenu (score >= 0.60 puis jugement en session)
2019_18_il_033,2019,Compte foncier Projet urbain Goutte d'or,493350.0,18,,,,,,,,no_match,aucun candidat retenu (score >= 0.60 puis jugement en session)
2019_14_il_025,2019,Îlot Gaité Montparnasse - Aménagement de voirie avenue du Maine,492947.0,14,,,,,,,,no_match,aucun candidat retenu (score >= 0.60 puis jugement en session)
2019_01_il_016,2019,Samaritaine - Comblement de la trémie,492777.0,1,,,,,,,,no_match,aucun candidat retenu (score >= 0.60 puis jugement en session)
2019_16_il_000,2019,Edifices cultuels Eglise Saint-Pierre de Chaillot - Réfection de la couverture du dôme et rénovation du clocher,489045.0,16,,,,,,,,no_match,aucun candidat retenu (score >= 0.60 puis jugement en session)
2019_18_il_007,2019,"Mairie du 18ème arrondissement - Travaux de mise en accessibilité, étude sur Mairies l'aménagement des locaux sociaux, consolidation de la terrasse, isolation thermique des",484592.0,18,,,,,,,,no_match,aucun candidat retenu (score >= 0.60 puis jugement en session)
2019_02_il_012,2019,Edition 2015 Paris aux piétons,482798.0,2,,,,,,,,no_match,aucun candidat retenu (score >= 0.60 puis jugement en session)
2019_13_il_040,2019,Edition 2017 Continuer l'amélioration de l'accessibilité pour tous dans le 13ème,481155.0,13,,,,,,,,no_match,aucun candidat retenu (score >= 0.60 puis jugement en session)
2019_14_il_022,2019,Projets Urbains Réinventer Montparnasse,480000.0,14,,,,,,,,no_match,aucun candidat retenu (score >= 0.60 puis jugement en session)
2019_10_il_027,2019,Canal Saint-Martin - Travaux du chômage du canal,479223.0,10,,,,,,,,no_match,aucun candidat retenu (score >= 0.60 puis jugement en session)
2019_20_il_034,2019,Edition 2018 Une voirie pour toutes les mobilités,478717.0,20,,,,,,,,no_match,aucun candidat retenu (score >= 0.60 puis jugement en session)
2019_11_il_027,2019,Edition 2018 Des sanitaires réhabilités pour les élèves du 11ème,477968.0,11,,,,,,,,no_match,aucun candidat retenu (score >= 0.60 puis jugement en session)
2019_13_il_023,2019,Mairie du 13ème arrondissement - Ravalement des façades,477836.0,13,,,,,,,,no_match,aucun candidat retenu (score >= 0.60 puis jugement en session)
2019_06_il_014,2019,"Opérations individualisées 1er EM 40, rue Madame - Travaux dans le cadre du contrat de performance énergétique",475707.0,6,,,,,,,,no_match,aucun candidat retenu (score >= 0.60 puis jugement en session)
2019_15_il_035,2019,Aménagement de la place Cambronne et de ses abords,465419.0,15,,,,,,,,no_match,aucun candidat retenu (score >= 0.60 puis jugement en session)
2019_19_il_030,2019,Des sanitaires neufs pour toutes nos écoles,464665.0,19,,,,,,,,no_match,aucun candidat retenu (score >= 0.60 puis jugement en session)
2019_12_il_006,2019,Mairie du 12ème arrondissement - Réaménagement du rez-de-chaussée dans le cadre du schéma Mairies,464225.0,12,,,,,,,,no_match,aucun candidat retenu (score >= 0.60 puis jugement en session)
2019_18_il_020,2019,Opérations d'aménagement Rue de Clignancourt - Recalibrage et rénovation du revêtement,464170.0,18,,,,,,,,no_match,aucun candidat retenu (score >= 0.60 puis jugement en session)
2019_19_il_015,2019,Patrimoine de voirie Rue de Bellevue - Rénovation et aménagements,459368.0,19,,,,,,,,no_match,aucun candidat retenu (score >= 0.60 puis jugement en session)
2019_04_il_006,2019,"Entretien 1er degré EE, 15, rue Neuve Saint-Pierre - Modernisation des sanitaires, reconstruction des plafonds, 351 911 modernisation des sols et peintures EP 11, rue Saint-Merri - Modernisation de l'étanchéité de la cour, sécurisation et achat de mobilier",454987.0,4,,,,,,,,no_match,aucun candidat retenu (score >= 0.60 puis jugement en session)
2019_18_il_044,2019,Edition 2017 Apaiser la rue Cavé,453458.0,18,,,,,,,,no_match,aucun candidat retenu (score >= 0.60 puis jugement en session)
2019_17_il_023,2019,Centres d'animation Centre Paris Anim' Mado Robin - Construction,451818.0,17,,,,,,,,no_match,aucun candidat retenu (score >= 0.60 puis jugement en session)
2019_13_il_042,2019,Edition 2018 Des chaussées rénovées !,451310.0,13,,,,,,,,no_match,aucun candidat retenu (score >= 0.60 puis jugement en session)
2019_13_il_038,2019,Edition 2019 De belles cours oasis pour les enfants !,447502.0,13,,,,,,,,no_match,aucun candidat retenu (score >= 0.60 puis jugement en session)
2019_09_il_013,2019,"Opérations d'aménagement 5, rue Richer",440640.0,9,,,,,,,,no_match,aucun candidat retenu (score >= 0.60 puis jugement en session)
2019_17_il_014,2019,Opérations d'aménagement Boulevard périphérique - Réparations sur le poste Pouchet,440158.0,17,,,,,,,,no_match,aucun candidat retenu (score >= 0.60 puis jugement en session)
2019_19_il_039,2019,"Edition 2016 La rue Eugène Jumin, un trait d'union entre deux parcs",431477.0,19,,,,,,,,no_match,aucun candidat retenu (score >= 0.60 puis jugement en session)
2019_20_il_035,2019,Edition 2017 Pour un espace public apaisé et partagé entre Gambetta et Père Lachaise,423325.0,20,,,,,,,,no_match,aucun candidat retenu (score >= 0.60 puis jugement en session)
2019_20_il_030,2019,Edition 2017 Ecole de rêve,420973.0,20,,,,,,,,no_match,aucun candidat retenu (score >= 0.60 puis jugement en session)
2019_19_il_009,2019,"Piscine Mathis - Rénovation du système de sécurité incendie, travaux dans le 615 113 cadre du contrat de performance énergétique Piscines Piscine Georges Hermant - Remplacement du velum et de vannes, travaux 205 358 divers de rénovation Centre sportif Mathis - Reprise de la ventilation, travaux dans le cadre du Gymnases et salles de sports",418978.0,19,,,,,,,,no_match,aucun candidat retenu (score >= 0.60 puis jugement en session)
2019_07_il_014,2019,Gymnases et salles de sports Gymnase Îlot Saint-Germain - Avance pour travaux,417062.0,7,,,,,,,,no_match,aucun candidat retenu (score >= 0.60 puis jugement en session)
2019_18_il_038,2019,Edition 2017 Ecole de rêve,413983.0,18,,,,,,,,no_match,aucun candidat retenu (score >= 0.60 puis jugement en session)
2019_08_il_009,2019,"Subventions d'équipement 45, rue Miromesnil",409640.0,8,,,,,,,,no_match,aucun candidat retenu (score >= 0.60 puis jugement en session)
2019_08_il_018,2019,Opérations d'aménagement Rue Marbeuf - Aménagement d'une zone 30,406083.0,8,,,,,,,,no_match,aucun candidat retenu (score >= 0.60 puis jugement en session)
2019_03_il_008,2019,Edifices cultuels Cathédrale Sainte-Croix de Paris des Arméniens - Restauration intérieure,399022.0,3,,,,,,,,no_match,aucun candidat retenu (score >= 0.60 puis jugement en session)
2019_02_il_003,2019,"CC 5, place des Petits Pères - Modernisation des menuiseries, travaux de renforcement, Etablissements de petite enfance",397183.0,2,,,,,,,,no_match,aucun candidat retenu (score >= 0.60 puis jugement en session)
2019_20_il_000,2019,"EE 291, rue des Pyrénées - Création d'une loge de jour, modernisation des sanitaires 439 015 de la cour, acquisition de matériel EE 97, rue des Pyrénées - Modernisation de la cour et des canalisations, création des 467 772 placards, acquisition de matériel EE 15, rue Sorbier - Modernisation du service de restauration et du local cour, Entretien 1er degré",396331.0,20,,,,,,,,no_match,aucun candidat retenu (score >= 0.60 puis jugement en session)
2019_08_il_011,2019,Vélos Rue de de Presbourg / rue de Tilsitt - Travaux dans le cadre du Plan Vélo,395227.0,8,,,,,,,,no_match,aucun candidat retenu (score >= 0.60 puis jugement en session)
2019_18_il_043,2019,Edition 2017 Couverture des terrains de tennis au stade Championnet,394938.0,18,,,,,,,,no_match,aucun candidat retenu (score >= 0.60 puis jugement en session)
2019_16_il_024,2019,Eclairage Mise en œuvre du Plan Climat,393701.0,16,,,,,,,,no_match,aucun candidat retenu (score >= 0.60 puis jugement en session)
2019_06_il_008,2019,"Subventions d'équipement 23, rue de l'Abbé Grégoire",392183.0,6,,,,,,,,no_match,aucun candidat retenu (score >= 0.60 puis jugement en session)
2019_14_il_029,2019,Edition 2017 Equiper les écoles du 14ème en tableaux noirs numériques,387244.0,14,,,,,,,,no_match,aucun candidat retenu (score >= 0.60 puis jugement en session)
2019_13_il_011,2019,"Entretien des équipements sportifs Stade Tour à Parachutes 9, avenue de la Porte de Choisy - Travaux de reprise du gazon synthétique",387005.0,13,,,,,,,,no_match,aucun candidat retenu (score >= 0.60 puis jugement en session)
2019_18_il_032,2019,"Subventions d'équipement 60/68, boulevard Ney",381250.0,18,,,,,,,,no_match,aucun candidat retenu (score >= 0.60 puis jugement en session)
2019_20_il_036,2019,Edition 2018 Rénovation de la rue de Belleville,377384.0,20,,,,,,,,no_match,aucun candidat retenu (score >= 0.60 puis jugement en session)
2019_18_il_014,2019,"sécurité de la toiture Gymnase Doudeauville - Réfection du halle du gymnase, modernisation du chauffage",375212.0,18,,,,,,,,no_match,aucun candidat retenu (score >= 0.60 puis jugement en session)
2019_06_il_000,2019,"Eglise Saint-Sulpice - Restauration des chéneaux en plomb de la chapelle vierge, mise en conformité Edifices cultuels",373486.0,6,,,,,,,,no_match,aucun candidat retenu (score >= 0.60 puis jugement en session)
2019_08_il_019,2019,Rénovation de la piste cyclable sur le boulevard Malesherbes,372669.0,8,,,,,,,,no_match,aucun candidat retenu (score >= 0.60 puis jugement en session)
2019_02_il_011,2019,Edition 2016 Un lieu pour les jeunes par les jeunes,370177.0,2,,,,,,,,no_match,aucun candidat retenu (score >= 0.60 puis jugement en session)
2019_10_il_039,2019,"Edition 2015 Réaménagement et végétalisation de la place située au carrefour des rues Louis Blanc, Philippe-de-",369831.0,10,,,,,,,,no_match,aucun candidat retenu (score >= 0.60 puis jugement en session)
2019_09_il_022,2019,Opérations d'aménagement Rue de Maubeuge - Aménagement d'une zone 30,359827.0,9,,,,,,,,no_match,aucun candidat retenu (score >= 0.60 puis jugement en session)
2019_04_il_014,2019,"Subventions d'équipement 2, rue Crillon 75004",358546.0,4,,,,,,,,no_match,aucun candidat retenu (score >= 0.60 puis jugement en session)
2019_20_il_021,2019,Entretien d'espaces verts Square Séverine - Travaux de rénovation,353361.0,20,,,,,,,,no_match,aucun candidat retenu (score >= 0.60 puis jugement en session)
2019_08_il_006,2019,"CC 208, rue du Faubourg Saint Honoré - Mise aux normes des cages d'escaliers, restructuration de la Etablissements de petite enfance",353200.0,8,,,,,,,,no_match,aucun candidat retenu (score >= 0.60 puis jugement en session)
2019_16_il_016,2019,Vélos Route des lacs à Passy - Création d'une piste cyclable dans le cadre du Plan Vélo,349419.0,16,,,,,,,,no_match,aucun candidat retenu (score >= 0.60 puis jugement en session)
2019_17_il_027,2019,Opérations d'aménagement Mise en œuvre du Plan Climat,349266.0,17,,,,,,,,no_match,aucun candidat retenu (score >= 0.60 puis jugement en session)
2019_07_il_009,2019,Quai Branly - Travaux dans le cadre du Plan Vélo,349191.0,7,,,,,,,,no_match,aucun candidat retenu (score >= 0.60 puis jugement en session)
2019_17_il_006,2019,Square Paul Paray - Réaménagement du square et remplacement des bancs,348160.0,17,,,,,,,,no_match,aucun candidat retenu (score >= 0.60 puis jugement en session)
2019_08_il_016,2019,Fontaines Fontaines Rond-Point des Champs Elysées - Travaux de rénovation,346818.0,8,,,,,,,,no_match,aucun candidat retenu (score >= 0.60 puis jugement en session)
2019_11_il_020,2019,Créations d'espaces verts Jardin de l'impasse Truillot - Création d'un jardin,345565.0,11,,,,,,,,no_match,aucun candidat retenu (score >= 0.60 puis jugement en session)
2019_06_il_018,2019,Edition 2017 Raspail revit suite,344299.0,6,,,,,,,,no_match,aucun candidat retenu (score >= 0.60 puis jugement en session)
2019_09_il_024,2019,Edition 2016 Aménager le parvis de l’église Notre-Dame-de-Lorette et la rue Bourdaloue,342106.0,9,,,,,,,,no_match,aucun candidat retenu (score >= 0.60 puis jugement en session)
2019_02_il_008,2019,"EP 5, rue Beauregard - Rénovation énergétique",338785.0,2,,,,,,,,no_match,aucun candidat retenu (score >= 0.60 puis jugement en session)
2019_18_il_034,2019,Place du Tertre,337122.0,18,,,,,,,,no_match,aucun candidat retenu (score >= 0.60 puis jugement en session)
2019_20_il_004,2019,"Mairie du 20ème arrondissement - Ravalement, travaux d'accessibilité, études Mairies",336725.0,20,,,,,,,,no_match,aucun candidat retenu (score >= 0.60 puis jugement en session)
2019_09_il_018,2019,"EM 34, rue Bruxelles - Travaux dans le cadre du contrat de performance énergétique",335507.0,9,,,,,,,,no_match,aucun candidat retenu (score >= 0.60 puis jugement en session)
2019_12_il_020,2019,Edifices cultuels Temple Bouddhique - Restauration de la Pagode,333717.0,12,,,,,,,,no_match,aucun candidat retenu (score >= 0.60 puis jugement en session)
2019_17_il_029,2019,Edition 2018 Améliorer le cadre de vie à l'école des Épinettes,331712.0,17,,,,,,,,no_match,aucun candidat retenu (score >= 0.60 puis jugement en session)
2019_13_il_026,2019,"Créations d'espaces verts Square Samuel Beckett 47, rue Gandon - Travaux d'extension",331307.0,13,,,,,,,,no_match,aucun candidat retenu (score >= 0.60 puis jugement en session)
2019_18_il_002,2019,"modernisation, acquisition de matériel Arts de la ville Cité Internationale des Arts (site rue Norvins) - Travaux de rénovation",330436.0,18,,,,,,,,no_match,aucun candidat retenu (score >= 0.60 puis jugement en session)
2019_15_il_028,2019,Eclairage Mise en œuvre du Plan Climat,330200.0,15,,,,,,,,no_match,aucun candidat retenu (score >= 0.60 puis jugement en session)
2019_19_il_042,2019,Edition 2016 Des rues plus accessibles autour de la Place des Fêtes,329943.0,19,,,,,,,,no_match,aucun candidat retenu (score >= 0.60 puis jugement en session)
2019_18_il_041,2019,Edition 2017 Une coulée verte entre les rues René Binet et Francis de Croisset,327841.0,18,,,,,,,,no_match,aucun candidat retenu (score >= 0.60 puis jugement en session)
2019_12_il_041,2019,Edition 2017 Rénover et agrandir l'Espace Jeunes de la rue Erard,327238.0,12,,,,,,,,no_match,aucun candidat retenu (score >= 0.60 puis jugement en session)
2019_10_il_040,2019,Edition 2016 Pour des trottoirs plus larges et plus confortables,324760.0,10,,,,,,,,no_match,aucun candidat retenu (score >= 0.60 puis jugement en session)
2019_18_il_031,2019,"58/72, boulevard Ney",324293.0,18,,,,,,,,no_match,aucun candidat retenu (score >= 0.60 puis jugement en session)
2019_18_il_015,2019,"Piscine Herbert - Mise en sécurité, aménagement de locaux sociaux, remplacement des Piscines",323154.0,18,,,,,,,,no_match,aucun candidat retenu (score >= 0.60 puis jugement en session)
2019_14_il_019,2019,"Opérations individualisées 1er degré EE 7, avenue Maurice d'Ocagne - Restructuration de la restauration",322470.0,14,,,,,,,,no_match,aucun candidat retenu (score >= 0.60 puis jugement en session)
2019_17_il_033,2019,"Edition 2016 Aménagement des trottoirs, rue des Dames",321229.0,17,,,,,,,,no_match,aucun candidat retenu (score >= 0.60 puis jugement en session)
2019_15_il_008,2019,"Mairies Mairie du 15ème arrondissement - Travaux d'encloisonnement de l'escalier, éclairage du parvis",318257.0,15,,,,,,,,no_match,aucun candidat retenu (score >= 0.60 puis jugement en session)
2019_03_il_009,2019,Créations d'espaces verts Jardin 4/10 rue de la Perle - Création d'un nouveau jardin,315897.0,3,,,,,,,,no_match,aucun candidat retenu (score >= 0.60 puis jugement en session)
2019_20_il_032,2019,Edition 2016 Une coulée verte sur la rue Sorbier et la Petite Ceinture,311155.0,20,,,,,,,,no_match,aucun candidat retenu (score >= 0.60 puis jugement en session)
2019_11_il_005,2019,"Mairie du 11ème arrondissement - Modernisation des menuiseries extérieures, acquisition et Mairies",309448.0,11,,,,,,,,no_match,aucun candidat retenu (score >= 0.60 puis jugement en session)
2019_09_il_012,2019,"46, rue Laffitte",307625.0,9,,,,,,,,no_match,aucun candidat retenu (score >= 0.60 puis jugement en session)
2019_20_il_013,2019,Traitement des pieds d'arbres dans l'ensemble du 20ème arrondissement,307148.0,20,,,,,,,,no_match,aucun candidat retenu (score >= 0.60 puis jugement en session)
2019_14_il_032,2019,Edition 2018 Une voirie pour toutes les mobilités,306377.0,14,,,,,,,,no_match,aucun candidat retenu (score >= 0.60 puis jugement en session)
2019_17_il_028,2019,Avenue de Clichy - Mise en sens unique,305178.0,17,,,,,,,,no_match,aucun candidat retenu (score >= 0.60 puis jugement en session)
2019_10_il_007,2019,"Piscine Château Landon - Réfection la voûte du hall bassin, modernisation du local de stockage, Piscines",304900.0,10,,,,,,,,no_match,aucun candidat retenu (score >= 0.60 puis jugement en session)
2019_07_il_017,2019,Edition 2015 Paris aux piétons !,297589.0,7,,,,,,,,no_match,aucun candidat retenu (score >= 0.60 puis jugement en session)
2019_15_il_037,2019,Rénovation de la sous-dalle Beaugrenelle,297049.0,15,,,,,,,,no_match,aucun candidat retenu (score >= 0.60 puis jugement en session)
2019_01_il_019,2019,Edition 2018 Ouvrir l’église Saint-Eustache sur le jardin des Halles,292080.0,1,,,,,,,,no_match,aucun candidat retenu (score >= 0.60 puis jugement en session)
2019_06_il_016,2019,Edition 2016 Restauration de la Fontaine de la Paix et des Arts,290816.0,6,,,,,,,,no_match,aucun candidat retenu (score >= 0.60 puis jugement en session)
2019_03_il_004,2019,Mairies Mairie du 3ème arrondissement - Travaux dans le cadre de la fusion 1234,289096.0,3,,,,,,,,no_match,aucun candidat retenu (score >= 0.60 puis jugement en session)
2019_12_il_039,2019,Edition 2018 De nouveaux équipements dans les squares et jardins du 12e,287382.0,12,,,,,,,,no_match,aucun candidat retenu (score >= 0.60 puis jugement en session)
2019_17_il_034,2019,Edition 2016 Réaménagement de la rue de la Condamine,283933.0,17,,,,,,,,no_match,aucun candidat retenu (score >= 0.60 puis jugement en session)
2019_13_il_027,2019,"Jardin Francoise Giroud 4 v, place d'Italie - Travaux d'aménagement et végétalisation",278993.0,13,,,,,,,,no_match,aucun candidat retenu (score >= 0.60 puis jugement en session)
2019_18_il_039,2019,Edition 2018 Cinéma sous chapiteau à Clignancourt,276000.0,18,,,,,,,,no_match,aucun candidat retenu (score >= 0.60 puis jugement en session)
2019_13_il_008,2019,Patrimoine de voirie Rue Poterne des Peupliers - Travaux de réfection de la chaussée,275509.0,13,,,,,,,,no_match,aucun candidat retenu (score >= 0.60 puis jugement en session)
2019_01_il_007,2019,"CC 17 bis, rue de l'Arbre Sec - Modernisation des sanitaires, des espaces de change et du Etablissements de petite enfance",275269.0,1,,,,,,,,no_match,aucun candidat retenu (score >= 0.60 puis jugement en session)
2019_18_il_035,2019,Opérations d'aménagement Rues Léon et Myrha,273469.0,18,,,,,,,,no_match,aucun candidat retenu (score >= 0.60 puis jugement en session)
2019_10_il_014,2019,"Subventions d'équipement 57, rue de Lancry",272371.0,10,,,,,,,,no_match,aucun candidat retenu (score >= 0.60 puis jugement en session)
2019_11_il_009,2019,"Gymnase de la Cour des Lions - Rénovation des vestiaires, des sanitaires et des locaux sociaux",271875.0,11,,,,,,,,no_match,aucun candidat retenu (score >= 0.60 puis jugement en session)
2019_11_il_021,2019,Jardin rue Bréguet - Travaux d'aménagement et de plantation,268778.0,11,,,,,,,,no_match,aucun candidat retenu (score >= 0.60 puis jugement en session)
2019_11_il_017,2019,"Opérations individualisées 1er EM 4, Cité Souzy - Restructuration et augmentation de la capacité de production de la cuisine centrale",267657.0,11,,,,,,,,no_match,aucun candidat retenu (score >= 0.60 puis jugement en session)
2019_19_il_035,2019,Edition 2018 Oasis sportive : réaménagement des terrains de Stalingrad,266898.0,19,,,,,,,,no_match,aucun candidat retenu (score >= 0.60 puis jugement en session)
2019_12_il_044,2019,Une voirie pour toutes les mobilités,266780.0,12,,,,,,,,no_match,aucun candidat retenu (score >= 0.60 puis jugement en session)
2019_13_il_036,2019,Edition 2015 Arche de la fraternité franco-asiatique,265870.0,13,,,,,,,,no_match,aucun candidat retenu (score >= 0.60 puis jugement en session)
2019_14_il_030,2019,Edition 2017 Ecole de rêve !,265580.0,14,,,,,,,,no_match,aucun candidat retenu (score >= 0.60 puis jugement en session)
2019_12_il_036,2019,Réinventons les cours des écoles du 12e !,265451.0,12,,,,,,,,no_match,aucun candidat retenu (score >= 0.60 puis jugement en session)
2019_14_il_028,2019,Edition 2016 Améliorer les façades de l'école du 188 rue d'Alésia,264505.0,14,,,,,,,,no_match,aucun candidat retenu (score >= 0.60 puis jugement en session)
2019_13_il_039,2019,Edition 2016 Améliorer l'accueil des enfants,264024.0,13,,,,,,,,no_match,aucun candidat retenu (score >= 0.60 puis jugement en session)
2019_19_il_040,2019,Edition 2017 Végétalisation de la rue Fessart,262972.0,19,,,,,,,,no_match,aucun candidat retenu (score >= 0.60 puis jugement en session)
2019_17_il_003,2019,"EM 61, cité des Fleurs - Réaménagement des locaux, restructuration du rez-de-chaussée, acquisition 304 142 de mobilier Entretien 1er degré EM 16, rue du Colonel Moll - Aménagement d'un cour Oasis, acquisition de mobilier",262911.0,17,,,,,,,,no_match,aucun candidat retenu (score >= 0.60 puis jugement en session)
2019_10_il_015,2019,"6-10, rue Arthur Groussier",258107.0,10,,,,,,,,no_match,aucun candidat retenu (score >= 0.60 puis jugement en session)
2019_15_il_033,2019,Végétaliser les trottoirs du 15ème,256013.0,15,,,,,,,,no_match,aucun candidat retenu (score >= 0.60 puis jugement en session)
2019_19_il_019,2019,Mairies Mairie du 19ème arrondissement - Travaux d'accessibilité,254992.0,19,,,,,,,,no_match,aucun candidat retenu (score >= 0.60 puis jugement en session)
2019_18_il_045,2019,Edition 2015 Embellissement de la place Jules Joffrin,254288.0,18,,,,,,,,no_match,aucun candidat retenu (score >= 0.60 puis jugement en session)
2019_20_il_002,2019,"Bâtiments EM 31, Maraîchers - Travaux de ravalement",253135.0,20,,,,,,,,no_match,aucun candidat retenu (score >= 0.60 puis jugement en session)
2019_03_il_017,2019,"Edition 2016 Parvis St-Nicolas-des-Champs : un lieu apaisé, convivial et vert",252349.0,3,,,,,,,,no_match,aucun candidat retenu (score >= 0.60 puis jugement en session)
2019_18_il_004,2019,"EE 20, rue Hermel - Modernisation des menuiseries extérieures, acquisition de mobilier et 282 180 de l'électroménager EM 3, rue Ferdinand Flocon - Travaux de couverture et d'isolation des combles, Entretien 1er degré",251855.0,18,,,,,,,,no_match,aucun candidat retenu (score >= 0.60 puis jugement en session)
2019_19_il_041,2019,Edition 2016 Aménager des places et placettes dans l’arrondissement,248121.0,19,,,,,,,,no_match,aucun candidat retenu (score >= 0.60 puis jugement en session)
2019_04_il_003,2019,Bibliothèque Forney - Modernisation du 3ème étage et achat de mobilier,246269.0,4,,,,,,,,no_match,aucun candidat retenu (score >= 0.60 puis jugement en session)
2019_19_il_032,2019,Des cantines agréables pour les élèves en quartiers populaires,243191.0,19,,,,,,,,no_match,aucun candidat retenu (score >= 0.60 puis jugement en session)
2019_19_il_036,2019,Edition 2018 Rénover les terrains de sport pour une pratique inclusive !,241015.0,19,,,,,,,,no_match,aucun candidat retenu (score >= 0.60 puis jugement en session)
2019_04_il_012,2019,"Gymnases et salles de sports Gymnase Saint-Merri - Travaux de rénovation de l'éclairage et des sols, réalisation d'un mur d'escalade",237061.0,4,,,,,,,,no_match,aucun candidat retenu (score >= 0.60 puis jugement en session)
2019_04_il_027,2019,Edition 2017 Paris plus propre !,235736.0,4,,,,,,,,no_match,aucun candidat retenu (score >= 0.60 puis jugement en session)
2019_20_il_038,2019,"Edition 2016 Création d'un véritable ""Cœur de Ville"" dans le 20ème",232490.0,20,,,,,,,,no_match,aucun candidat retenu (score >= 0.60 puis jugement en session)
2019_10_il_008,2019,rénovation du système de sécurité incendie Gymnase de la Grange-aux-Belles - Changement d'énergie du bassin école dans le cadre du plan climat,232000.0,10,,,,,,,,no_match,aucun candidat retenu (score >= 0.60 puis jugement en session)
2019_16_il_029,2019,Edition 2015 Reconquête de la Petite Ceinture,231394.0,16,,,,,,,,no_match,aucun candidat retenu (score >= 0.60 puis jugement en session)
2019_04_il_002,2019,Bibliothèque de l'Hôtel de Ville - Achat de mobilier,230555.0,4,,,,,,,,no_match,aucun candidat retenu (score >= 0.60 puis jugement en session)
2019_12_il_017,2019,Route de la Ferme - Travaux de réfection de la chaussée,228896.0,12,,,,,,,,no_match,aucun candidat retenu (score >= 0.60 puis jugement en session)
2019_09_il_020,2019,Centres d'animation Centre Paris Anim' Nouvelle Athènes - Travaux d'aménagement des locaux vacants,228528.0,9,,,,,,,,no_match,aucun candidat retenu (score >= 0.60 puis jugement en session)
2019_15_il_011,2019,"Etablissements de petite enfance CC 32, rue Edgar Faure - Modernisation des plans de change de la section bébés, achats de mobilier",227469.0,15,,,,,,,,no_match,aucun candidat retenu (score >= 0.60 puis jugement en session)
2019_01_il_018,2019,Edition 2014 Les œuvres d'art investissent la rue,225410.0,1,,,,,,,,no_match,aucun candidat retenu (score >= 0.60 puis jugement en session)
2019_07_il_012,2019,Jardin du Champs de Mars - Rénovation des allées et pelouses,225219.0,7,,,,,,,,no_match,aucun candidat retenu (score >= 0.60 puis jugement en session)
2019_17_il_007,2019,Entretien d'espaces verts Travaux d'accessibilité dans les jardins du 17ème arrondissement,223667.0,17,,,,,,,,no_match,aucun candidat retenu (score >= 0.60 puis jugement en session)
2019_13_il_004,2019,"CC 12, Duméril - Travaux de modernisation et mise aux normes des plans de change",222970.0,13,,,,,,,,no_match,aucun candidat retenu (score >= 0.60 puis jugement en session)
2019_08_il_002,2019,Grands événements et foires Illumination des Champs Elysées,220000.0,8,,,,,,,,no_match,aucun candidat retenu (score >= 0.60 puis jugement en session)
2019_14_il_016,2019,Rue de la Sablière - Aménagement de la chaussée,219883.0,14,,,,,,,,no_match,aucun candidat retenu (score >= 0.60 puis jugement en session)
2019_17_il_013,2019,Rue des Acacias - Recalibrage et réfection de la chaussée,219409.0,17,,,,,,,,no_match,aucun candidat retenu (score >= 0.60 puis jugement en session)
2019_09_il_011,2019,"l'intérieur Centre d'animation Nouvelle Athènes - Aménagement des locaux vacants, installation de protections Centres d'animation",216776.0,9,,,,,,,,no_match,aucun candidat retenu (score >= 0.60 puis jugement en session)
2019_13_il_001,2019,"EM 100, rue de la Glacière - Rehausse de la clôture, modernisation de la ventilation de la cuisine d'été, 262 212 de la couverture et des faux plafonds, travaux divers Entretien 1er degré EE 9 bis, rue Auguste Perret - Travaux de rénovation du groupe scolaire et mise en accessibilité",213370.0,13,,,,,,,,no_match,aucun candidat retenu (score >= 0.60 puis jugement en session)
2019_12_il_001,2019,"EE 42, avenue du Docteur Arnold Netter - Modernisation du sol de la cour Oasis, travaux d'accessibilité, 392 897 achat de mobilier EE 4, rue Pommard - Modernisation des menuiseries extérieures, insonorisation du gymnase, 198 248 Entretien 1er degré remplacement du système de sécurité incendie EM 45, rue de Picpus - Modernisation des éclairages et des espaces extérieurs, divers travaux",209825.0,12,,,,,,,,no_match,aucun candidat retenu (score >= 0.60 puis jugement en session)
2019_13_il_013,2019,Piscine Piscine Dunois - Réfection du hall et travaux dans le cadre du contrat de performance énergétique,209655.0,13,,,,,,,,no_match,aucun candidat retenu (score >= 0.60 puis jugement en session)
2019_09_il_002,2019,"EM 34, rue Buffault - Travaux d'accessibilité, modernisation des menuiseries extérieures",209346.0,9,,,,,,,,no_match,aucun candidat retenu (score >= 0.60 puis jugement en session)
2019_11_il_018,2019,"degré EM 9, rue Popincourt - Travaux dans le cadre du contrat de performance énergétique",208475.0,11,,,,,,,,no_match,aucun candidat retenu (score >= 0.60 puis jugement en session)
2019_08_il_021,2019,Pacification des abords des Champs-Elysées et sécurisation de la rue de Ponthieu,205968.0,8,,,,,,,,no_match,aucun candidat retenu (score >= 0.60 puis jugement en session)
2019_02_il_010,2019,Eclairage Mise en œuvre du Plan Climat,204852.0,2,,,,,,,,no_match,aucun candidat retenu (score >= 0.60 puis jugement en session)
2019_03_il_012,2019,Opérations d'aménagement Place de la République - Aménagement (plantations commémoratives),203870.0,3,,,,,,,,no_match,aucun candidat retenu (score >= 0.60 puis jugement en session)
2019_20_il_033,2019,Edition 2017 Réaménager les espaces sportifs des jardins du 20ème,203305.0,20,,,,,,,,no_match,aucun candidat retenu (score >= 0.60 puis jugement en session)
2019_14_il_020,2019,Créations d'espaces verts Plantations d'arbres dans l'arrondissement dans le cadre du plan 20 000 arbres,203052.0,14,,,,,,,,no_match,aucun candidat retenu (score >= 0.60 puis jugement en session)
2019_10_il_001,2019,"EE 17, rue de Marseille - Modernisation de la cour haute, mise en accessibilité et acquisition de",202161.0,10,,,,,,,,no_match,aucun candidat retenu (score >= 0.60 puis jugement en session)
2019_19_il_029,2019,Edition 2017 Coups de culture,201636.0,19,,,,,,,,no_match,aucun candidat retenu (score >= 0.60 puis jugement en session)
2019_20_il_003,2019,"EM 172, rue Pelleport - Travaux de modernisation",200857.0,20,,,,,,,,no_match,aucun candidat retenu (score >= 0.60 puis jugement en session)
2019_14_il_011,2019,"Gymnases et salles de sports CS Elisabeth - Embellissement intérieurs, reprise des désordres de la piste athlétisme, reprise du béton 299 637 poreux du tennis Piscines Piscine Didot - Réparation du système de relevage des eaux usées, réfection de la toiture terrasse",197477.0,14,,,,,,,,no_match,aucun candidat retenu (score >= 0.60 puis jugement en session)
2019_06_il_003,2019,"Jardin des Grands Explorateurs - Mise aux normes de l'éclairage, rénovation de la pelouse, travaux Entretien d'espaces verts",193565.0,6,,,,,,,,no_match,aucun candidat retenu (score >= 0.60 puis jugement en session)
2019_07_il_000,2019,"Conservatoire Municipal Erik Satie - Modernisation des salles, reprise intégrale de la ventilation, mise en Enseignement artistique",192105.0,7,,,,,,,,no_match,aucun candidat retenu (score >= 0.60 puis jugement en session)
2019_16_il_019,2019,Entretien d'espaces verts Parc de Bagatelle - Rénovation complète,191879.0,16,,,,,,,,no_match,aucun candidat retenu (score >= 0.60 puis jugement en session)
2019_06_il_007,2019,"12, rue Jean Bart",189162.0,6,,,,,,,,no_match,aucun candidat retenu (score >= 0.60 puis jugement en session)
2019_17_il_001,2019,"électriques et remplacement des oreillers du grand orgue Médiathèque Edmond Rostand - Mise en accessibilité handicapés, acquisition de collections, Bibliothèques",187513.0,17,,,,,,,,no_match,aucun candidat retenu (score >= 0.60 puis jugement en session)
2019_16_il_020,2019,Divers Jardin des Serres d'Auteuil - Déménagement des serres,187076.0,16,,,,,,,,no_match,aucun candidat retenu (score >= 0.60 puis jugement en session)
2019_15_il_022,2019,Entretien d'espaces verts Parc André Citroën - Réfection des fontaines et reprise des cheminements,186880.0,15,,,,,,,,no_match,aucun candidat retenu (score >= 0.60 puis jugement en session)
2019_04_il_007,2019,"CC 21, rue des Blancs Manteaux - Restructuration partielle et travaux de sécurisation",185882.0,4,,,,,,,,no_match,aucun candidat retenu (score >= 0.60 puis jugement en session)
2019_11_il_016,2019,Innovation Mairie du 11ème arrondissement - Travaux dans le cadre du plan Ville intelligente,184987.0,11,,,,,,,,no_match,aucun candidat retenu (score >= 0.60 puis jugement en session)
2019_06_il_011,2019,Opérations d'aménagement Hôtel Lutetia / rue de Sèvres - Rénovation des locaux et aménagements de la voirie,184289.0,6,,,,,,,,no_match,aucun candidat retenu (score >= 0.60 puis jugement en session)
2019_20_il_037,2019,Edition 2016 Embellissement du quartier Amandiers,183537.0,20,,,,,,,,no_match,aucun candidat retenu (score >= 0.60 puis jugement en session)
2019_09_il_000,2019,"Conservatoire Nadia et Lili Boulanger - Modernisation de l'accueil, mise en accessibilité et acquisition Enseignement artistique",182970.0,9,,,,,,,,no_match,aucun candidat retenu (score >= 0.60 puis jugement en session)
2019_15_il_001,2019,"stockage Salles de spectacle Théâtre Silvia Monfort - Travaux de rénovation et mise aux normes, modernisation des gradateurs",181961.0,15,,,,,,,,no_match,aucun candidat retenu (score >= 0.60 puis jugement en session)
2019_02_il_013,2019,Edition 2016 Rénovation et embellissement des rues Saint-Marc et des Panoramas,181431.0,2,,,,,,,,no_match,aucun candidat retenu (score >= 0.60 puis jugement en session)
2019_12_il_002,2019,"EP 5, rue Gerty Archimède - Modernisation des étanchéités",181065.0,12,,,,,,,,no_match,aucun candidat retenu (score >= 0.60 puis jugement en session)
2019_12_il_003,2019,"EM 167, rue de Bercy - Mise en accessibilité handicapés",180772.0,12,,,,,,,,no_match,aucun candidat retenu (score >= 0.60 puis jugement en session)
2019_14_il_031,2019,Edition 2017 Une promenade piétonne paisible entre Denfert et Montsouris (Allée Samuel-Beckett),179588.0,14,,,,,,,,no_match,aucun candidat retenu (score >= 0.60 puis jugement en session)
2019_06_il_017,2019,Edition 2015 Paris aux piétons,179176.0,6,,,,,,,,no_match,aucun candidat retenu (score >= 0.60 puis jugement en session)
2019_13_il_003,2019,"CC 8 rue François Mulard - Aménagement de l'atrium, création d'un visiophone, fourniture et pose de 112 915 Etablissements de petite enfance stores électriques CC, 21 rue Léon Bollée - Restructuration de la cuisine et achat de mobilier",178580.0,13,,,,,,,,no_match,aucun candidat retenu (score >= 0.60 puis jugement en session)
2019_09_il_019,2019,"Opérations individualisées 1er degré EM 68, rue de Rochechouart - Travaux dans le cadre du contrat de performance énergétique",178439.0,9,,,,,,,,no_match,aucun candidat retenu (score >= 0.60 puis jugement en session)
2019_19_il_037,2019,Edition 2017 Modernisons les Centres Paris Anim' de nos quartiers,178018.0,19,,,,,,,,no_match,aucun candidat retenu (score >= 0.60 puis jugement en session)
2019_20_il_005,2019,préalables dans le cadre de la mise en œuvre du schéma fonctionnel Maison des associations Regroupement MVAC/PIMMS/PAD,177863.0,20,,,,,,,,no_match,aucun candidat retenu (score >= 0.60 puis jugement en session)
2019_11_il_006,2019,Entretien d'espaces verts Rénovation du réseau électrique dans les espaces verts dans le cadre du plan climat,177548.0,11,,,,,,,,no_match,aucun candidat retenu (score >= 0.60 puis jugement en session)
2019_20_il_020,2019,Bâtiments Centre sportif Alfred Nakache - Remplacement de l'ascenseur B,177402.0,20,,,,,,,,no_match,aucun candidat retenu (score >= 0.60 puis jugement en session)
2019_16_il_025,2019,Un auvent pour les enfants de l'école Chernoviz,176326.0,16,,,,,,,,no_match,aucun candidat retenu (score >= 0.60 puis jugement en session)
2019_11_il_028,2019,Remettre du vert dans la rue du Chemin Vert,175731.0,11,,,,,,,,no_match,aucun candidat retenu (score >= 0.60 puis jugement en session)
2019_12_il_018,2019,Patrimoine de voirie Parc de Bercy - Rénovation et travaux d'accessibilité,175518.0,12,,,,,,,,no_match,aucun candidat retenu (score >= 0.60 puis jugement en session)
2019_20_il_014,2019,Rue de l'Ermitage - Réfection de la signalisation horizontale et de l'enrobé,175224.0,20,,,,,,,,no_match,aucun candidat retenu (score >= 0.60 puis jugement en session)
2019_18_il_011,2019,"CC 1, place Pierre Mac Orlan - Travaux de modernisation et d'accessibilité",175217.0,18,,,,,,,,no_match,aucun candidat retenu (score >= 0.60 puis jugement en session)
2019_15_il_038,2019,Edition 2016 Poursuite de la rénovation de la sous-dalle Beaugrenelle,174254.0,15,,,,,,,,no_match,aucun candidat retenu (score >= 0.60 puis jugement en session)
2019_20_il_022,2019,Créations d'espaces verts 43/47 rue de l'Ermitage - Création d'un jardin,172913.0,20,,,,,,,,no_match,aucun candidat retenu (score >= 0.60 puis jugement en session)
2019_17_il_035,2019,Edition 2017 Zone de Rencontre rue des Dames,172398.0,17,,,,,,,,no_match,aucun candidat retenu (score >= 0.60 puis jugement en session)
2019_10_il_032,2019,Edition 2018 Embellir les sanitaires dans les écoles,172156.0,10,,,,,,,,no_match,aucun candidat retenu (score >= 0.60 puis jugement en session)
2019_04_il_028,2019,Edition 2016 Végétaliser la rue de Sully,171616.0,4,,,,,,,,no_match,aucun candidat retenu (score >= 0.60 puis jugement en session)
2019_10_il_017,2019,Vélos Rue Château-Landon - Travaux dans le cadre du projet Réseau Express Vélo,171607.0,10,,,,,,,,no_match,aucun candidat retenu (score >= 0.60 puis jugement en session)
2019_14_il_006,2019,Square Abbé Migné - Travaux de rénovation,170906.0,14,,,,,,,,no_match,aucun candidat retenu (score >= 0.60 puis jugement en session)
2019_14_il_008,2019,signalétique et travaux complémentaires Square Claude-Nicolas Ledoux - Travaux de modification du jardin,170820.0,14,,,,,,,,no_match,aucun candidat retenu (score >= 0.60 puis jugement en session)
2019_02_il_007,2019,"Subventions d'équipement 24, rue Saint-Augustin",170460.0,2,,,,,,,,no_match,aucun candidat retenu (score >= 0.60 puis jugement en session)
2019_16_il_015,2019,Avenue Victor Hugo - Travaux d'aménagement,170147.0,16,,,,,,,,no_match,aucun candidat retenu (score >= 0.60 puis jugement en session)
2019_16_il_014,2019,Opérations d'aménagement Carrefour Octave Feuillet - Travaux d'aménagement,169231.0,16,,,,,,,,no_match,aucun candidat retenu (score >= 0.60 puis jugement en session)
2019_10_il_000,2019,"Médiathèque Lancry, 11, rue Lancry - Modernisation de l'espace discothèque, acquisition de nouvelles 245 754 Bibliothèques collections et de mobilier Médiathèque Françoise Sagan - Achat de mobilier",168493.0,10,,,,,,,,no_match,aucun candidat retenu (score >= 0.60 puis jugement en session)
2019_16_il_030,2019,Edition 2018 Restauration des murs de l'ancienne ligne d'Auteuil,168139.0,16,,,,,,,,no_match,aucun candidat retenu (score >= 0.60 puis jugement en session)
2019_06_il_010,2019,Rue Mazarine - Recalibrage de la rue,167918.0,6,,,,,,,,no_match,aucun candidat retenu (score >= 0.60 puis jugement en session)
2019_07_il_005,2019,Tour Eiffel - Etude d'impact,167755.0,7,,,,,,,,no_match,aucun candidat retenu (score >= 0.60 puis jugement en session)
2019_10_il_003,2019,Travaux Bassin-école Grange-aux-Belles - Changement d'énergie du bassin école dans le cadre du plan climat,167055.0,10,,,,,,,,no_match,aucun candidat retenu (score >= 0.60 puis jugement en session)
2019_16_il_003,2019,Travaux Atelier ouest SLA - Modernisation et réfection du magasin,166567.0,16,,,,,,,,no_match,aucun candidat retenu (score >= 0.60 puis jugement en session)
2019_19_il_005,2019,Parc des Buttes-Chaumont - Restructuration des locaux sociaux,165824.0,19,,,,,,,,no_match,aucun candidat retenu (score >= 0.60 puis jugement en session)
2019_20_il_016,2019,Passage des Tourelles - Travaux divers,165764.0,20,,,,,,,,no_match,aucun candidat retenu (score >= 0.60 puis jugement en session)
2019_18_il_001,2019,"acquisition de nouvelles collections Conservatoire Gustave Charpentier - Création de sanitaires, mise aux normes PMR, Enseignement artistique",165308.0,18,,,,,,,,no_match,aucun candidat retenu (score >= 0.60 puis jugement en session)
2019_11_il_010,2019,Gymnase Georges Rigal - Modernisation des sanitaires et des vestiaires,164784.0,11,,,,,,,,no_match,aucun candidat retenu (score >= 0.60 puis jugement en session)
2019_18_il_006,2019,"Bâtiments EM 2, place Françoise Dorléac - Modernisation du système de chauffage",163225.0,18,,,,,,,,no_match,aucun candidat retenu (score >= 0.60 puis jugement en session)
2019_12_il_038,2019,Des cantines rénovées et insonorisées pour les écoles du 12e,162939.0,12,,,,,,,,no_match,aucun candidat retenu (score >= 0.60 puis jugement en session)
2019_17_il_002,2019,"Marché des Batignolles - Étanchéité et mise aux normes du Skydome, rénovation de la façade, 216 395 Marchés remplacement des portes automatiques Marché des Ternes - Modernisation du sol du rez-de-chaussée, création d'un siphon d'évacuation",162136.0,17,,,,,,,,no_match,aucun candidat retenu (score >= 0.60 puis jugement en session)
2019_09_il_001,2019,"d'instruments et de mobilier Eglise Notre-Dame-De-Lorette - Travaux de gros entretien du grand orgue, couverture du cul-de-four, Edifices cultuels",160448.0,9,,,,,,,,no_match,aucun candidat retenu (score >= 0.60 puis jugement en session)
2019_05_il_013,2019,"Ecole Nationale Supérieure de Chimie de Paris - Modernisation du réseau d'eau, poursuite de la mise en Travaux opérations individualisées",160353.0,5,,,,,,,,no_match,aucun candidat retenu (score >= 0.60 puis jugement en session)
2019_15_il_000,2019,"Bibliothèque Marguerite Yourcenar - Modernisation des menuiseries extérieures, création d'un local de Bibliothèques",160105.0,15,,,,,,,,no_match,aucun candidat retenu (score >= 0.60 puis jugement en session)
2019_03_il_014,2019,Edition 2018 Restaurer le patrimoine archéologique du square Georges-Cain,160000.0,3,,,,,,,,no_match,aucun candidat retenu (score >= 0.60 puis jugement en session)
2019_10_il_038,2019,Edition 2018 Rénover le gymnase Jemmapes,157739.0,10,,,,,,,,no_match,aucun candidat retenu (score >= 0.60 puis jugement en session)
2019_13_il_019,2019,Bibliothèques Bibliothèque Paul Bourget - Avance sur travaux de construction,154950.0,13,,,,,,,,no_match,aucun candidat retenu (score >= 0.60 puis jugement en session)
2019_04_il_011,2019,Entretien d'espaces verts Place du Père-Teilhard-de-Chardin - Travaux d'aménagement,150922.0,4,,,,,,,,no_match,aucun candidat retenu (score >= 0.60 puis jugement en session)
2019_19_il_038,2019,Edition 2016 Un skate park et du beach volley dans le 19ème,150586.0,19,,,,,,,,no_match,aucun candidat retenu (score >= 0.60 puis jugement en session)
2019_13_il_009,2019,"Quai d'Austerlitz - Aménagements dans le cadre du Réseau Express Vélo, aménagement d'une piste 504 982 Vélos bidirectionnelle Boulevard Vincent Auriol - Aménagement de la piste cyclable",146850.0,13,,,,,,,,no_match,aucun candidat retenu (score >= 0.60 puis jugement en session)
2019_04_il_005,2019,"EM, 40, rue des Archives - Travaux d'accessibilité, de sécurisation et réfection de la cour",146354.0,4,,,,,,,,no_match,aucun candidat retenu (score >= 0.60 puis jugement en session)
2019_10_il_034,2019,Edition 2016 Handicap : Rendons accessibles à tou-te-s les abords des établissements publics,145801.0,10,,,,,,,,no_match,aucun candidat retenu (score >= 0.60 puis jugement en session)
2019_04_il_000,2019,Temple Sainte-Marie - Travaux de sécurisation intérieure,144833.0,4,,,,,,,,no_match,aucun candidat retenu (score >= 0.60 puis jugement en session)
2019_15_il_034,2019,Edition 2017 Réaménager le parc Georges Brassens,144287.0,15,,,,,,,,no_match,aucun candidat retenu (score >= 0.60 puis jugement en session)
2019_11_il_031,2019,Edition 2015 Aménagement d'un parcours sportif sur les grands boulevards du 11e arrondissement,142147.0,11,,,,,,,,no_match,aucun candidat retenu (score >= 0.60 puis jugement en session)
2019_12_il_042,2019,Des cheminements piétons sécurisés et accessibles,140971.0,12,,,,,,,,no_match,aucun candidat retenu (score >= 0.60 puis jugement en session)
2019_19_il_001,2019,Salles de spectacle Théâtre Paris Villette - Travaux divers,140636.0,19,,,,,,,,no_match,aucun candidat retenu (score >= 0.60 puis jugement en session)
2019_16_il_008,2019,"CC 6, rue du Commandant Schloesing - Modernisation de la section bébés",138850.0,16,,,,,,,,no_match,aucun candidat retenu (score >= 0.60 puis jugement en session)
2019_14_il_005,2019,"Bâtiments EE, 46, rue Boulard - Modernisation du système de sécurité incendie",138633.0,14,,,,,,,,no_match,aucun candidat retenu (score >= 0.60 puis jugement en session)
2019_19_il_006,2019,Entretien d'espaces verts Jardin Serge Gainsbourg - Mise en conformité des locaux sociaux,134058.0,19,,,,,,,,no_match,aucun candidat retenu (score >= 0.60 puis jugement en session)
2019_09_il_014,2019,Rue de Trévise - Travaux de réfection,133727.0,9,,,,,,,,no_match,aucun candidat retenu (score >= 0.60 puis jugement en session)
2019_10_il_033,2019,Edition 2017 Rénover les préaux des écoles des quartiers populaires,132985.0,10,,,,,,,,no_match,aucun candidat retenu (score >= 0.60 puis jugement en session)
2019_03_il_000,2019,Musée Carnavalet - Mise aux normes du système de sécurité incendie,131887.0,3,,,,,,,,no_match,aucun candidat retenu (score >= 0.60 puis jugement en session)
2019_11_il_008,2019,"Etablissements de petite enfance CC 9, rue Servan - Etude et restructuration de la crèche",131614.0,11,,,,,,,,no_match,aucun candidat retenu (score >= 0.60 puis jugement en session)
2019_15_il_019,2019,"Opérations individualisées 1er degré EM A 33, rue Miollis - Travaux dans le cadre du contrat de performance énergétique",131108.0,15,,,,,,,,no_match,aucun candidat retenu (score >= 0.60 puis jugement en session)
2019_11_il_026,2019,Edition 2016 Salle de travail pour étudiants à la bibliothèque Faidherbe,129246.0,11,,,,,,,,no_match,aucun candidat retenu (score >= 0.60 puis jugement en session)
2019_01_il_010,2019,Piscines Piscine Suzanne Berlioux - Travaux de mise en conformité,129143.0,1,,,,,,,,no_match,aucun candidat retenu (score >= 0.60 puis jugement en session)
2019_04_il_029,2019,Edition 2017 Installer un théâtre pour les enfants dans un square du 4e,127106.0,4,,,,,,,,no_match,aucun candidat retenu (score >= 0.60 puis jugement en session)
2019_16_il_027,2019,Un auvent de protection pour l'école 15 rue des Bauches,125860.0,16,,,,,,,,no_match,aucun candidat retenu (score >= 0.60 puis jugement en session)
2019_09_il_006,2019,Mairies Mairie du 9ème arrondissement - Réaménagement des locaux de la mairie et mise en accessibilité,124585.0,9,,,,,,,,no_match,aucun candidat retenu (score >= 0.60 puis jugement en session)
2019_18_il_010,2019,"Cimetières Cimetière Montmartre - Restauration et aménagement des chapelles, acquisition de 252 994 mobilier, rénovation des douches Entretien d'espaces verts Square Marcel Sembat - Remplacement de l'aire de jeu",122981.0,18,,,,,,,,no_match,aucun candidat retenu (score >= 0.60 puis jugement en session)
2019_02_il_006,2019,Mairies Mairie du 2ème arrondissement - Modernisation des menuiseries extérieures,122388.0,2,,,,,,,,no_match,aucun candidat retenu (score >= 0.60 puis jugement en session)
2019_03_il_007,2019,Patrimoine de voirie Rue des Archives - Travaux de rénovation de la chaussée,122058.0,3,,,,,,,,no_match,aucun candidat retenu (score >= 0.60 puis jugement en session)
2019_17_il_008,2019,"CC 10, rue du Caporal Peugeot - Modernisation des menuiseries extérieures, restructuration de la 172 312 Etablissements de petite enfance section des grands CC 25, rue Curnonsky - Modernisation de la cuisine, pose de tôles perforées dans le jardin",121860.0,17,,,,,,,,no_match,aucun candidat retenu (score >= 0.60 puis jugement en session)
2019_01_il_009,2019,Mairies Mairie du 1er arrondissement - Réfection des locaux et de l'étanchéité,121854.0,1,,,,,,,,no_match,aucun candidat retenu (score >= 0.60 puis jugement en session)
2019_03_il_013,2019,Eclairage Rue Saint Martin - Plan Climat,120135.0,3,,,,,,,,no_match,aucun candidat retenu (score >= 0.60 puis jugement en session)
2019_05_il_022,2019,Edition 2016 Une voirie pour toutes les mobilités !,118735.0,5,,,,,,,,no_match,aucun candidat retenu (score >= 0.60 puis jugement en session)
2019_03_il_018,2019,Edition 2015 Aménagement du parvis de la Mairie du 3ème et sécurisation du jardin,118450.0,3,,,,,,,,no_match,aucun candidat retenu (score >= 0.60 puis jugement en session)
2019_12_il_045,2019,Edition 2016 Réaménagement de la rue Beccaria pour un accès embelli à Aligre,118223.0,12,,,,,,,,no_match,aucun candidat retenu (score >= 0.60 puis jugement en session)
2019_05_il_000,2019,"Etablissements cultuels Chapelle Saint-Séverin - Sécurisation de la façade, rénovation du sol et travaux de restauration divers",117770.0,5,,,,,,,,no_match,aucun candidat retenu (score >= 0.60 puis jugement en session)
2019_01_il_002,2019,Médiathèque Musicale de Paris - Achat de nouvelles collections,117061.0,1,,,,,,,,no_match,aucun candidat retenu (score >= 0.60 puis jugement en session)
2019_04_il_024,2019,Eclairages Mise en œuvre du Plan Climat,115781.0,4,,,,,,,,no_match,aucun candidat retenu (score >= 0.60 puis jugement en session)
2019_11_il_023,2019,"Etablissements de petite enfance CC 9, rue Servan - Travaux de restructuration",115634.0,11,,,,,,,,no_match,aucun candidat retenu (score >= 0.60 puis jugement en session)
2019_09_il_007,2019,"CC 25, rue Ballu - Mise en conformité PMR, réfection des sols et des peintures",115020.0,9,,,,,,,,no_match,aucun candidat retenu (score >= 0.60 puis jugement en session)
2019_07_il_006,2019,"Bâtiments CC 14, rue d'Estrées - Travaux dans le cadre du Plan climat",114180.0,7,,,,,,,,no_match,aucun candidat retenu (score >= 0.60 puis jugement en session)
2019_01_il_003,2019,Eglise Saint-Germain l'Auxerrois - Couverture de deux chapelles côté Samaritaine,114069.0,1,,,,,,,,no_match,aucun candidat retenu (score >= 0.60 puis jugement en session)
2019_18_il_037,2019,Edition 2018 Ré-ouvrir une Ressourcerie dans le 18e,113840.0,18,,,,,,,,no_match,aucun candidat retenu (score >= 0.60 puis jugement en session)
2019_04_il_001,2019,Edifices cultuels Eglise Saint-Paul Saint-Louis - Réfection des vitraux,113814.0,4,,,,,,,,no_match,aucun candidat retenu (score >= 0.60 puis jugement en session)
2019_13_il_005,2019,Jardin Brassai - Réfection de l'aire de jeu,113693.0,13,,,,,,,,no_match,aucun candidat retenu (score >= 0.60 puis jugement en session)
2019_06_il_001,2019,"électrique, sécurisation et étude du plancher Enseignement artistique Conservatoire Municipal - Modernisation des salles, création de sanitaires, achat de mobilier",112526.0,6,,,,,,,,no_match,aucun candidat retenu (score >= 0.60 puis jugement en session)
2019_17_il_015,2019,"Enseignement artistique Conservatoire Debussy - Construction d'un orgue et de l'auditorium, rafraîchissement de salles",111903.0,17,,,,,,,,no_match,aucun candidat retenu (score >= 0.60 puis jugement en session)
2019_03_il_005,2019,"CC 16, rue de la Perle - Modernisation de l'établissement",110396.0,3,,,,,,,,no_match,aucun candidat retenu (score >= 0.60 puis jugement en session)
2019_16_il_001,2019,"Conservatoire municipal Francis Poulenc - Travaux d'accessibilité, de modernisation des circulations, Enseignement artistique",109135.0,16,,,,,,,,no_match,aucun candidat retenu (score >= 0.60 puis jugement en session)
2019_06_il_004,2019,"CC 4, rue Littré - Modernisation de la section des bébés, modification de l'extraction de la buanderie, Etablissements de petite enfance",107320.0,6,,,,,,,,no_match,aucun candidat retenu (score >= 0.60 puis jugement en session)
2019_15_il_030,2019,Edition 2018 Embellir les écoles,105889.0,15,,,,,,,,no_match,aucun candidat retenu (score >= 0.60 puis jugement en session)
2019_15_il_009,2019,Jardin d'immeuble Albert Bartholome - Travaux divers,105501.0,15,,,,,,,,no_match,aucun candidat retenu (score >= 0.60 puis jugement en session)
2019_10_il_006,2019,"CC, 64b rue Claude Vellefaux - Achat de mobilier (visiophonie)",105206.0,10,,,,,,,,no_match,aucun candidat retenu (score >= 0.60 puis jugement en session)
2019_14_il_007,2019,"Parc Montsouris - Etude des auvents passerelle, travaux d'hygiène et de sécurité, réfection de la Entretien d'espaces verts",105117.0,14,,,,,,,,no_match,aucun candidat retenu (score >= 0.60 puis jugement en session)
2019_07_il_001,2019,"Établissements de petite enfance CC 164 bis, rue de Grenelle - Restructuration de la section bébé, modernisation de la cage d'escalier",104948.0,7,,,,,,,,no_match,aucun candidat retenu (score >= 0.60 puis jugement en session)
2019_07_il_003,2019,Gymnases et salles de sports Réfection du terrain de basket du Champs de Mars,104752.0,7,,,,,,,,no_match,aucun candidat retenu (score >= 0.60 puis jugement en session)
2019_05_il_001,2019,"Bibliothèque Buffon - Pause d'une grille d'entrée, rénovation des WC jeunes, acquisition de nouvelles Bibliothèques",104375.0,5,,,,,,,,no_match,aucun candidat retenu (score >= 0.60 puis jugement en session)
2019_07_il_013,2019,Créations d'espaces verts Jardin de l'Intendant - Travaux de réaménagement,104033.0,7,,,,,,,,no_match,aucun candidat retenu (score >= 0.60 puis jugement en session)
2019_07_il_004,2019,"Subventions d'équipement 83, rue du Bac",103412.0,7,,,,,,,,no_match,aucun candidat retenu (score >= 0.60 puis jugement en session)
2019_16_il_007,2019,achat de mobilier Jardin Henry Collet - Réfection des locaux sociaux,103310.0,16,,,,,,,,no_match,aucun candidat retenu (score >= 0.60 puis jugement en session)
2019_04_il_009,2019,Mairies Mairie du 4ème arrondissement - Remplacement des classeurs rotatifs,103141.0,4,,,,,,,,no_match,aucun candidat retenu (score >= 0.60 puis jugement en session)
2019_10_il_004,2019,"Entretien d'espaces verts Jardin Villemin - Réfection de l'aire de jeux, rénovation du relai bébé",102791.0,10,,,,,,,,no_match,aucun candidat retenu (score >= 0.60 puis jugement en session)
2019_16_il_022,2019,Stades Stade Suchet - Construction d'un gymnase,101393.0,16,,,,,,,,no_match,aucun candidat retenu (score >= 0.60 puis jugement en session)
2019_12_il_021,2019,Enseignement artistique Conservatoire Paul Dukas - Divers travaux de construction,100439.0,12,,,,,,,,no_match,aucun candidat retenu (score >= 0.60 puis jugement en session)
2019_02_il_009,2019,"Opérations individualisées 1er degré EM 12, rue Dussoubs - Travaux d'accessibilité et de rénovation énergétique",97929.0,2,,,,,,,,no_match,aucun candidat retenu (score >= 0.60 puis jugement en session)
2019_05_il_007,2019,"11, rue Mirbel",97920.0,5,,,,,,,,no_match,aucun candidat retenu (score >= 0.60 puis jugement en session)
2019_18_il_008,2019,combles Maison des associations Restructuration de l'accueil du rez-de-chaussée,96474.0,18,,,,,,,,no_match,aucun candidat retenu (score >= 0.60 puis jugement en session)
2019_03_il_016,2019,"Edition 2016 Pour une rue du Grenier Saint-Lazare conviviale, apaisée et verte",96122.0,3,,,,,,,,no_match,aucun candidat retenu (score >= 0.60 puis jugement en session)
2019_09_il_015,2019,Patrimoine de voirie Rue des Martyrs - Travaux d'aménagement,94973.0,9,,,,,,,,no_match,aucun candidat retenu (score >= 0.60 puis jugement en session)
2019_04_il_010,2019,Square Louis XIII - Réfection des allées,92000.0,4,,,,,,,,no_match,aucun candidat retenu (score >= 0.60 puis jugement en session)
2019_20_il_029,2019,Edition 2016 Musique pour tous,88510.0,20,,,,,,,,no_match,aucun candidat retenu (score >= 0.60 puis jugement en session)
2019_05_il_009,2019,"21, rue du Val de Grâce",87808.0,5,,,,,,,,no_match,aucun candidat retenu (score >= 0.60 puis jugement en session)
2019_09_il_004,2019,"désamiantage et acquisition d'électroménager et de mobilier EE 15, rue Turgot - Modernisation du préau, acquisition de mobilier",85503.0,9,,,,,,,,no_match,aucun candidat retenu (score >= 0.60 puis jugement en session)
2019_01_il_006,2019,"Action en faveur des personnes handicapées EP 28, rue Cambon - Mise aux normes PMR",84696.0,1,,,,,,,,no_match,aucun candidat retenu (score >= 0.60 puis jugement en session)
2019_09_il_003,2019,"EM, 12, rue Clausel - Modernisation du local poubelles, sécurisation de la cage d'escalier, Opérations individualisées 1er degré",82399.0,9,,,,,,,,no_match,aucun candidat retenu (score >= 0.60 puis jugement en session)
2019_20_il_028,2019,Edition 2016 Cirque électrique,82052.0,20,,,,,,,,no_match,aucun candidat retenu (score >= 0.60 puis jugement en session)
2019_08_il_007,2019,"Piscine Jacqueline Auriol - Amélioration de l'éclairage subaquatique, aménagement du solarium et du Piscines",81605.0,8,,,,,,,,no_match,aucun candidat retenu (score >= 0.60 puis jugement en session)
2019_05_il_003,2019,Jardin des Patriarches - Travaux d'aménagement,80104.0,5,,,,,,,,no_match,aucun candidat retenu (score >= 0.60 puis jugement en session)
2019_05_il_020,2019,Edition 2017 Modernisation des lieux d'aisance des enfants du 5ème,80074.0,5,,,,,,,,no_match,aucun candidat retenu (score >= 0.60 puis jugement en session)
2019_01_il_000,2019,Bibliothèque du Cinéma François Truffaut - Achat de nouvelles collections et de mobiliers,78623.0,1,,,,,,,,no_match,aucun candidat retenu (score >= 0.60 puis jugement en session)
2019_02_il_004,2019,Vélos Rue de Montmartre - Piste cyclable,78511.0,2,,,,,,,,no_match,aucun candidat retenu (score >= 0.60 puis jugement en session)
2019_05_il_004,2019,Entretien d'espaces verts Jardin Tino Rossi - Travaux de rénovation et aménagement de la loge du personnel,75799.0,5,,,,,,,,no_match,aucun candidat retenu (score >= 0.60 puis jugement en session)
2019_06_il_005,2019,Piscine Saint-Germain - Restructuration et modernisation,75460.0,6,,,,,,,,no_match,aucun candidat retenu (score >= 0.60 puis jugement en session)
2019_16_il_009,2019,"Etablissements de petite enfance CC 78, rue Lauriston - Remplacement des menuiseries et restructuration de la cuisine",74469.0,16,,,,,,,,no_match,aucun candidat retenu (score >= 0.60 puis jugement en session)
2019_13_il_006,2019,"Entretien d'espaces verts Square Héloïse et Abélard - Réfection de l'aire de jeux, campagne de dératisation",73055.0,13,,,,,,,,no_match,aucun candidat retenu (score >= 0.60 puis jugement en session)
2019_11_il_030,2019,Végétaliser le boulevard Voltaire,72860.0,11,,,,,,,,no_match,aucun candidat retenu (score >= 0.60 puis jugement en session)
2019_05_il_014,2019,"EM 29, rue Mouffetard - Travaux dans le cadre du contrat de performance énergétique",72707.0,5,,,,,,,,no_match,aucun candidat retenu (score >= 0.60 puis jugement en session)
2019_10_il_035,2019,Edition 2015 Du vert à tous les étages,72557.0,10,,,,,,,,no_match,aucun candidat retenu (score >= 0.60 puis jugement en session)
2019_18_il_003,2019,Marchés Marché de la Chapelle - Remplacement des rideaux des stands,72090.0,18,,,,,,,,no_match,aucun candidat retenu (score >= 0.60 puis jugement en session)
2019_12_il_007,2019,"CC 43, rue de Picpus - Modernisation des menuiseries du rez-de-chaussée, création de réserves",70615.0,12,,,,,,,,no_match,aucun candidat retenu (score >= 0.60 puis jugement en session)
2019_01_il_004,2019,Edifices cultuels Eglise Saint-Eustache - Remplacement de filets,69573.0,1,,,,,,,,no_match,aucun candidat retenu (score >= 0.60 puis jugement en session)
2019_19_il_018,2019,"Bâtiments EM 8, rue Emilie - Remplacement du monte charge (mise aux normes)",69030.0,19,,,,,,,,no_match,aucun candidat retenu (score >= 0.60 puis jugement en session)
2019_14_il_000,2019,Bibliothèques Médiathèque Vandamme - Acquisition de collections et de mobilier,69003.0,14,,,,,,,,no_match,aucun candidat retenu (score >= 0.60 puis jugement en session)
2019_10_il_030,2019,Restructuration Cinéma Le Louxor - Travaux de restructuration,68525.0,10,,,,,,,,no_match,aucun candidat retenu (score >= 0.60 puis jugement en session)
2019_01_il_011,2019,"Subventions d'équipement 27, boulevard de Sébastopol",68404.0,1,,,,,,,,no_match,aucun candidat retenu (score >= 0.60 puis jugement en session)
2019_12_il_008,2019,"Etablissements de petite enfance MC 33, rue Montgallet - Modernisation de l'étanchéité de la terrasse et de la porte d'entrée",68275.0,12,,,,,,,,no_match,aucun candidat retenu (score >= 0.60 puis jugement en session)
2019_14_il_009,2019,"Etablissements de petite enfance CC 9, rue Jean Dolent - Réalisation d'un auvent de covisibilité",66433.0,14,,,,,,,,no_match,aucun candidat retenu (score >= 0.60 puis jugement en session)
2019_02_il_005,2019,Rue Richelieu / rue de Montmartre / avenue de l'Opéra - Travaux d'aménagement suite à 91 919 Déplacements l'affaissement de la chaussée Rue des Petits Champs - Travaux d'aménagement,65544.0,2,,,,,,,,no_match,aucun candidat retenu (score >= 0.60 puis jugement en session)
2019_09_il_008,2019,"CC 11, rue Drouot - Modernisation du réseau d'eau et rénovation",62327.0,9,,,,,,,,no_match,aucun candidat retenu (score >= 0.60 puis jugement en session)
2019_13_il_024,2019,Mairies Mairie du 13ème arrondissement - Rénovation de la salle des fêtes,62141.0,13,,,,,,,,no_match,aucun candidat retenu (score >= 0.60 puis jugement en session)
2019_05_il_008,2019,"Subventions d'équipement 12 bis, rue du Val de Grâce",61789.0,5,,,,,,,,no_match,aucun candidat retenu (score >= 0.60 puis jugement en session)
2019_05_il_016,2019,"degré EM 27, rue de Poissy - Mise en accessibilité handicapés",61069.0,5,,,,,,,,no_match,aucun candidat retenu (score >= 0.60 puis jugement en session)
2019_05_il_012,2019,Edifices cultuels Eglise Saint-Médard - Restauration des portes et des parements intérieurs,60719.0,5,,,,,,,,no_match,aucun candidat retenu (score >= 0.60 puis jugement en session)
2019_01_il_001,2019,Bibliothèques Médiathèque de la Canopée La Fontaine - Achat de nouvelles collections et de mobiliers,58042.0,1,,,,,,,,no_match,aucun candidat retenu (score >= 0.60 puis jugement en session)
2019_19_il_024,2019,Propreté Pose de corbeilles,58013.0,19,,,,,,,,no_match,aucun candidat retenu (score >= 0.60 puis jugement en session)
2019_16_il_002,2019,Fontaine de Varsovie - Travaux de modernisation,57360.0,16,,,,,,,,no_match,aucun candidat retenu (score >= 0.60 puis jugement en session)
2019_12_il_035,2019,Edition 2017 Une Ressourcerie dans le 12e !,56000.0,12,,,,,,,,no_match,aucun candidat retenu (score >= 0.60 puis jugement en session)
2019_15_il_010,2019,Entretien d'espaces verts Parc Geogres Brassens - Entretien des allées et travaux de dératisation,55007.0,15,,,,,,,,no_match,aucun candidat retenu (score >= 0.60 puis jugement en session)
2019_05_il_005,2019,"CC, 10 Saint Médard - Restructuration des locaux des moyens et des bébés, protection de la verrière 218 584 Etablissements de petite enfance fuyarde et aménagements d'accessibilité CC 30, rue Poliveau - Réaménagement des sections et remplacement du réseau d'eau",53182.0,5,,,,,,,,no_match,aucun candidat retenu (score >= 0.60 puis jugement en session)
2019_16_il_032,2019,Edition 2018 Sécuriser 4 passages piétons avenue de Versailles,52189.0,16,,,,,,,,no_match,aucun candidat retenu (score >= 0.60 puis jugement en session)
2019_03_il_015,2019,Edition 2016 Jardin pédagogique et énergie positive à l’école Saint-Martin,50895.0,3,,,,,,,,no_match,aucun candidat retenu (score >= 0.60 puis jugement en session)
2019_19_il_004,2019,"Mairie du 19ème arrondissement - Mise en accessibilité, rénovation des Mairies",46447.0,19,,,,,,,,no_match,aucun candidat retenu (score >= 0.60 puis jugement en session)
2019_09_il_023,2019,Edition 2017 Rénovation de la fontaine du square de la Trinité,46322.0,9,,,,,,,,no_match,aucun candidat retenu (score >= 0.60 puis jugement en session)
2019_06_il_006,2019,Piscines Gymnase Saint-Germain - Remplacement du sol souple et mise en accessibilité,45895.0,6,,,,,,,,no_match,aucun candidat retenu (score >= 0.60 puis jugement en session)
2019_05_il_006,2019,"Maison des Associations Maison des Associations 4, rue des Arènes - Création de bureau pour le directeur",42129.0,5,,,,,,,,no_match,aucun candidat retenu (score >= 0.60 puis jugement en session)
2019_13_il_010,2019,"Mairie du 13ème arrondissement - Mise aux normes du système de sécurité incendie, ravalement de la Mairies",38702.0,13,,,,,,,,no_match,aucun candidat retenu (score >= 0.60 puis jugement en session)
2019_07_il_011,2019,"Opérations individualisées 1er degré EM 117 b, rue Saint-Dominique - Travaux dans le cadre du contrat de performance énergétique",38651.0,7,,,,,,,,no_match,aucun candidat retenu (score >= 0.60 puis jugement en session)
2019_20_il_031,2019,Edition 2017 De la danse à l'école des Amandiers et au collège Doisneau,38152.0,20,,,,,,,,no_match,aucun candidat retenu (score >= 0.60 puis jugement en session)
2019_02_il_001,2019,Centre sportif Jean Dame - Travaux complémentaires sur la ventilation,36624.0,2,,,,,,,,no_match,aucun candidat retenu (score >= 0.60 puis jugement en session)
2019_08_il_004,2019,Mairies Mairie du 8ème arrondissement - Etude de sécurité salle des mariages,33571.0,8,,,,,,,,no_match,aucun candidat retenu (score >= 0.60 puis jugement en session)
2019_05_il_021,2019,Edition 2016 Rénover la fontaine du square des Arènes de Lutèce,31851.0,5,,,,,,,,no_match,aucun candidat retenu (score >= 0.60 puis jugement en session)
2019_17_il_030,2019,Edition 2017 Humanisation de la placette 39-41 avenue de Clichy,31255.0,17,,,,,,,,no_match,aucun candidat retenu (score >= 0.60 puis jugement en session)
2019_02_il_002,2019,Bâtiments Bassin-école Jean Dame - Rénovation de l'armoire électrique,29407.0,2,,,,,,,,no_match,aucun candidat retenu (score >= 0.60 puis jugement en session)
2019_19_il_031,2019,Edition,2018.0,19,,,,,,,,no_match,aucun candidat retenu (score >= 0.60 puis jugement en session)
2019_16_il_026,2019,Edition,2018.0,16,,,,,,,,no_match,aucun candidat retenu (score >= 0.60 puis jugement en session)
2019_12_il_043,2019,Edition,2018.0,12,,,,,,,,no_match,aucun candidat retenu (score >= 0.60 puis jugement en session)
2019_12_il_037,2019,Edition,2017.0,12,,,,,,,,no_match,aucun candidat retenu (score >= 0.60 puis jugement en session)
2019_08_il_020,2019,Edition,2016.0,8,,,,,,,,no_match,aucun candidat retenu (score >= 0.60 puis jugement en session)
2019_15_il_032,2019,Edition,2016.0,15,,,,,,,,no_match,aucun candidat retenu (score >= 0.60 puis jugement en session)
2019_11_il_029,2019,Edition,2016.0,11,,,,,,,,no_match,aucun candidat retenu (score >= 0.60 puis jugement en session)
2020_18_il_016,2020,urbaine Opérations individualisées 1er Collège Maurice Utrillo - Restructuration et extension,7526112.0,18,20182210001094,BOUYGUES BATIMENT ILE DE FRANCE,43390083400188,CSP5 RESTRUCT/EXTENSION COLLEGE UTRILLO - PTE CLIGNANCOURT,2018,12204928.02,0.9,confirmed,"overlap=['utrillo'] ; jugé en session : même collège Utrillo, restructuration et extension"
2020_18_il_017,2020,Parc Chapelle Charbon - Travaux d'aménagement,5115644.0,18,20191230000147,COLAS FRANCE,32933888302274,CSP4 LOT 1 TVX GENIE CIVIL AMENAGEMENT PARC CHAPELLE CHARBON,2019,5982760.21,1.0,confirmed,"overlap=['chapelle', 'charbon'] ; jugé en session : lot génie civil, aménagement parc Chapelle Charbon"
2020_18_il_017,2020,Parc Chapelle Charbon - Travaux d'aménagement,5115644.0,18,20191230000504,UNION TECHNIQUE DU BATIMENT,57206414500145,CSP4 AMENAGNT PARC CHAPELLE CHARBON (REHAB CHARPENTE/CONSTRU,2019,1522762.25,1.0,confirmed,"overlap=['chapelle', 'charbon'] ; jugé en session : aménagement du parc Chapelle Charbon, charpente"
2020_18_il_017,2020,Parc Chapelle Charbon - Travaux d'aménagement,5115644.0,18,20191230000148,IDVERDE,33960966101129,CSP4 LOT2 TVX ESPACES VERTS PARC CHAPELLE CHARBON 8EME,2019,754391.35,1.0,confirmed,"overlap=['chapelle', 'charbon'] ; jugé en session : lot espaces verts, parc Chapelle Charbon"
2020_18_il_017,2020,Parc Chapelle Charbon - Travaux d'aménagement,5115644.0,18,20171230001291,AGENCE LAVERNE,39028134300017,CSP4: MOE AMENAGEMENT PARC CHAPELLE-CHARBON,2017,1329900.0,1.0,confirmed,"overlap=['chapelle', 'charbon'] ; jugé en session : MOE aménagement parc Chapelle-Charbon"
2020_10_il_016,2020,Eglise Saint-Martin Champs - Restauration des toitures et murs goutteraux de la 264 402 Edifices cultuels nef Eglise Saint-Vincent-de-Paul - Restauration des toitures,2826200.0,10,20201320010646,UNION TECHNIQUE DU BATIMENT,57206414500145,SA4 TVX EGLISE ST MARTIN DES CHAMPS - LOT4: COUVERT/PARATONN,2020,315000.0,1.0,confirmed,"overlap=['champs', 'martin'] ; jugé en session : même église Saint-Martin, lot couverture des toitures"
2020_10_il_016,2020,Eglise Saint-Martin Champs - Restauration des toitures et murs goutteraux de la 264 402 Edifices cultuels nef Eglise Saint-Vincent-de-Paul - Restauration des toitures,2826200.0,10,20181320001259,SUNMETRON,51363855100020,MS-MOE RESTAURATION DES FAÇADES ET TOITURES EGLISE ST MARTIN,2018,194052.0,0.85,confirmed,"overlap=['martin'] ; jugé en session : MOE des toitures de l'église Saint-Martin, même opération"
2020_18_il_024,2020,Centres d'animation CPA Hébert - Reconstruction,2443214.0,18,20171210001745,COCHERY ILE DE FRANCE,41797626300018,CSP5 CENTRE ANIMATION HEBERT 2 TEP LOT 1 RECONSTRUCTION,2017,472227.89,1.0,confirmed,"overlap=['animation', 'hebert', 'reconstruction'] ; jugé en session : même centre d'animation Hébert, reconstruction"
2020_18_il_000,2020,"Bibliothèques Bibliothèque Robert Sabatier - Modernisation et accès PMR, acquisition de mobilers et matériels",2046349.0,18,20181210001306,EGSC,40333494900068,MARCHÉ SUBSÉQUENT COORDINATION BIBLIOTH.ROBERT SABATIER 18E,2018,42475.2,1.0,confirmed,"overlap=['robert', 'sabatier'] ; jugé en session : même bibliothèque Robert Sabatier, coordination de l'opérati"
2020_12_il_026,2020,Opérations Avenue de Saint-Mandé - Travaux d'aménagement,1775963.0,12,20191370090131,EUROVIA ILE DE FRANCE,42094822600089,SA3 MS TVX VOIRIE AMENAGEMENT AVENUE SAINT MANDE 12ÈME,2019,954829.23,0.7,probable,"overlap=['mande'] ; jugé en session : même avenue de Saint-Mandé, voirie d'aménagement"
2020_14_il_015,2020,mobiliers Edifices cultuels Eglise Saint-Pierre-de-Montrouge - Restauration de la flèche du clocher,1573599.0,14,20171320000661,APGO ARCHITECTURE ET PATRIMOINE,45283782600026,CSP5 FLECHE EGLISE ST PIERRE DE MONTROUGE,2017,141375.63,1.0,confirmed,"overlap=['fleche', 'montrouge', 'pierre'] ; jugé en session : même église Saint-Pierre-de-Montrouge, flèche"
2020_13_il_026,2020,"enfance Crèche collective 66, rue Pascal - Travaux de restructuration",1544947.0,13,20191210000384,APPROCHE BATIMENT ASS TECHNOLOGIES,48080837700042,CSP5 TVX RESTRUCTURATION CRECHE RUE PASCAL 75013,2019,1443613.42,1.0,confirmed,"overlap=['pascal', 'restructuration'] ; jugé en session : restructuration, même crèche rue Pascal"
2020_13_il_026,2020,"enfance Crèche collective 66, rue Pascal - Travaux de restructuration",1544947.0,13,20191210000319,MANEXI,39039391600114,AMO / PERFORMANCE ENERGETIQUE ET COMMISSION CC 66 R. PASCAL,2019,46000.0,0.85,confirmed,"overlap=['pascal'] ; jugé en session : AMO énergétique, même crèche 66 rue Pascal"
2020_12_il_014,2020,Edifices cultuels Eglise Saint-Esprit - Restauration des couvertures,1536786.0,12,20201320000355,LEFEVRE SAS,35331873600058,SA4 TVX TOITURES EGLISE ST ESPRIT -LOT4 :ETANCHEITE/MACONNER,2020,619003.18,0.9,confirmed,"overlap=['esprit'] ; jugé en session : même église Saint-Esprit, lot étanchéité des toitures"
2020_12_il_014,2020,Edifices cultuels Eglise Saint-Esprit - Restauration des couvertures,1536786.0,12,20201320000352,LYON ECHAFAUDAGE,49077234000025,SA4 TOITURES EGLISE ST ESPRIT -LOT1 : INSTAL.CHANT./ECHAFAUD,2020,1940363.59,0.85,confirmed,"overlap=['esprit'] ; jugé en session : même église Saint-Esprit, lot échafaudage des toitures"
2020_11_il_011,2020,Edifices cultuels Eglise Notre Dame du Perpétuel Secours - Restauration de la toiture,1431310.0,11,20191320000380,UNION TECHNIQUE DU BATIMENT,57206414500145,CSP5 RESTAUR TOITURES BASILIQ N/DAME PERPETUEL SECOURS LOT2,2019,964360.0,1.0,confirmed,"overlap=['dame', 'perpetuel', 'secours'] ; jugé en session : même église Notre-Dame du Perpétuel Secours, toitures"
2020_10_il_020,2020,Boulevard de La Chapelle - Aménagement de la promenade urbaine,1350963.0,10,20181370001428,EUROVIA ILE DE FRANCE,42094822600089,CSP4: TVX REAMENAGEMENT PROMENADE URBAINE CHAPELLE-VILLETTE,2018,3000000.0,1.0,confirmed,"overlap=['chapelle', 'promenade', 'urbaine'] ; jugé en session : même lieu et même opération : csp4: tvx reamenagement promenade urbain"
2020_04_il_022,2020,EP Musées Musée Victor Hugo - Réaménagement,1350470.0,4,20191210000255,BAT TRAVAUX NEUFS RENOV CONSTRUCTIO,39872259500046,CSP5 REAMENAGEMENT PARTIEL MUSEE VICTOR HUGO - LOT 1 : TCE,2019,3202935.19,1.0,confirmed,"overlap=['hugo', 'victor'] ; jugé en session : même musée Victor Hugo, réaménagement partiel"
2020_17_il_028,2020,Opérations d'aménagement Porte Maillot - Réaménagement,1344809.0,17,20181370090022,SPL PARISEINE,83942912300020,MANDAT DE MAITRISE D'OUVRAGE REAMENAGEMENT PORTE MAILLOT,2018,1093031.0,0.85,confirmed,"overlap=['maillot'] ; jugé en session : même Porte Maillot, mandat de réaménagement"
2020_04_il_017,2020,Edifices cultuels Eglise de Saint-Louis en l'Île - Toitures et façades,1223308.0,4,20181320001115,LEFEVRE SAS,35331873600017,CSP5 TVX RESTAURAT° FACADES TOITURES EGLISE ST LOUIS LOT 01,2018,2945489.71,0.75,probable,"overlap=['louis'] ; jugé en session : même église Saint-Louis-en-l'Île, façades et toitures lot 1"
2020_04_il_017,2020,Edifices cultuels Eglise de Saint-Louis en l'Île - Toitures et façades,1223308.0,4,20181320001118,ASSELIN,32621613200018,CSP5 RESTAURATION FACADES/TOITURES EGLISE ST LOUIS LOT4,2018,138339.36,0.7,probable,"overlap=['louis'] ; jugé en session : même église Saint-Louis-en-l'Île, façades et toitures lot 4"
2020_04_il_017,2020,Edifices cultuels Eglise de Saint-Louis en l'Île - Toitures et façades,1223308.0,4,20181320001119,VITRAILFRANCE,31703045000132,CSP5 RESTAURATION FAÇADES/TOITURES EGLISE ST LOUIS LOT 5,2018,233040.76,0.7,probable,"overlap=['louis'] ; jugé en session : même église Saint-Louis-en-l'Île, façades et toitures lot 5"
2020_13_il_035,2020,"Edition 2016 Quoi de neuf, Charles ? Rénovation du centre sportif Charles Moureu",1177234.0,13,20171410001934,2C ARCHITECTES,43871360400017,CSP5/PA RESTRUCTURATION CS CHARLES MOUREU 17/47 AV EDISON,2017,64350.01,1.0,confirmed,"overlap=['charles', 'moureu'] ; jugé en session : restructuration du même CS Charles Moureu"
2020_13_il_035,2020,"Edition 2016 Quoi de neuf, Charles ? Rénovation du centre sportif Charles Moureu",1177234.0,13,20191410001195,TECHNIFENCE SAS,53969620300048,SA4 CLOTURES DES AIRES SPORTIVES DU CS CHARLES MOUREUX LOT 4,2019,67980.17,0.85,confirmed,"overlap=['charles'] ; jugé en session : clôtures des aires sportives, rénovation du CS Charles Moureu"
2020_17_il_022,2020,Opérations individualisées 1er degré Collège Stéphane Mallarmé - Désamiantage et restructuration,1159040.0,17,20191210000628,EUR DECONTAMINATION FUMISTERIE,49296092700100,CSP5 COLLEGE MALLARME CURAGE DESAMIANTAGE,2019,879566.0,1.0,confirmed,"overlap=['desamiantage', 'mallarme'] ; jugé en session : même collège Mallarmé, curage et désamiantage"
2020_17_il_022,2020,Opérations individualisées 1er degré Collège Stéphane Mallarmé - Désamiantage et restructuration,1159040.0,17,20172210000685,EQUATEUR,42421461700054,CSP5 COLLEGE MALLARME RESTRUCTURATION,2017,197331.11,1.0,confirmed,"overlap=['mallarme', 'restructuration'] ; jugé en session : même collège Mallarmé, restructuration"
2020_17_il_022,2020,Opérations individualisées 1er degré Collège Stéphane Mallarmé - Désamiantage et restructuration,1159040.0,17,20201210000156,DARRAS ET JOUANIN,77572541900086,COLLEGE MALLARME TRAVAUX RENOVATION,2020,1350641.86,0.85,confirmed,"overlap=['mallarme'] ; jugé en session : même collège Mallarmé, travaux de rénovation"
2020_11_il_017,2020,Place de la Nation - Réaménagement,1133104.0,11,20191230000980,L23 SRL,#,"CSP EP FABRICAT°,POSE DE MOBILIERS BOIS, ACIER, PLACE NATION",2019,615365.0,0.85,confirmed,"overlap=['nation'] ; jugé en session : mobiliers, partie du réaménagement place de la Nation"
2020_11_il_017,2020,Place de la Nation - Réaménagement,1133104.0,11,20191370000423,N 2 B ARROSAGE,33993568600040,CSP4 TVX FONTAINERIE & GENIE CIVIL BRUMISATION NATION -MIXTE,2019,284417.0,0.85,confirmed,"overlap=['nation'] ; jugé en session : brumisation, partie du réaménagement place de la Nation"
2020_11_il_017,2020,Place de la Nation - Réaménagement,1133104.0,11,20191230000884,ART PROJECT,41321152500030,CSP EP MARCHÉ RÉALISAT°FABRICAT°POSE AIRE JEUX PLACE NATION,2019,151500.0,0.85,confirmed,"overlap=['nation'] ; jugé en session : aire de jeux, partie du réaménagement place de la Nation"
2020_20_il_013,2020,Collège Lucie Faure - Restructuration et extension,1112236.0,20,20182210001056,PARIS OUEST CONSTRUCTION,54206261700031,CSP5 RESTRUCTURATION COLLEGUE LUCIE FAURE - LOT 1 TCE,2018,4187234.44,1.0,confirmed,"overlap=['faure', 'lucie', 'restructuration'] ; jugé en session : même collège Lucie Faure, restructuration lot 1"
2020_20_il_013,2020,Collège Lucie Faure - Restructuration et extension,1112236.0,20,20182210001095,FROID 77,30624617400040,CSP5 RESTRUCTUR. COLLEGE LUCIE FAURE - LOT2 EQUIPTS CUISINE,2018,229478.01,0.9,confirmed,"overlap=['faure', 'lucie'] ; jugé en session : même collège Lucie Faure, restructuration lot cuisine"
2020_19_il_025,2020,Place des Fêtes - Aménagement de la place,1049163.0,19,20171370000095,QUATORZE,75371115900024,CSP4 MISSION CO-CONCEPT° PLACES DES FETES ET GAMBETTA LOT 03,2017,600000.0,0.7,probable,"overlap=['fetes'] ; jugé en session : place des Fêtes nommée, mission de conception de l'aménagement"
2020_18_il_015,2020,Grands projets de rénovation EP Chapelle International - Construction,1029728.0,18,20171210001180,BUREAU VERITAS CONSTRUCTION,79018278600950,MARCHÉ SUBSÉQUENT SPS EP ET CC CHAPELLE INTERNATIONAL 75018,2017,45920.0,1.0,confirmed,"overlap=['chapelle', 'international'] ; jugé en session : SPS de la construction EP Chapelle International"
2020_18_il_015,2020,Grands projets de rénovation EP Chapelle International - Construction,1029728.0,18,20171210001317,ENTREPRISE GENERALE LEON GROSSE,74542065301089,CSP5 ECOLE POLYV & EQUIPT PETITE ENF CHAPELLE-INTERNATIONALE,2017,11709507.71,0.85,confirmed,overlap=['chapelle'] ; jugé en session : construction école polyvalente et petite enfance Chapelle-In
2020_13_il_012,2020,"Gymnases et salles de sports Gymnase Glacière - Remplacement du parquet du gymnase, création d'un mur d'escalade et achat de petit 305 223 mobilier Piscine Butte aux Cailles - Rénovation des Bains Douches, réfection du bassin extérieur et du revêtement Piscine et bassins école",993941.0,13,20191410000848,SOCIETE GENERALE DE BATIMENT,38834569600032,CSP5 ESPACE ESCALADE SUR SITE GYMN GLACIERE LOT1: GROS OEUVR,2019,866262.77,1.0,confirmed,"overlap=['escalade', 'glaciere'] ; jugé en session : même gymnase Glacière, création espace escalade"
2020_18_il_026,2020,Projets urbains Requalification du Passage Boris Vian et des arcades de la rue de la Goutte d'Or,964940.0,18,20181360001196,SPL PARISEINE,83942912300020,MANDAT MAITRISE D'OUVRAGE BORIS VIAN - GOUTTE D'OR,2018,7839446.98,1.0,confirmed,"overlap=['boris', 'goutte', 'vian'] ; jugé en session : mandat maîtrise d'ouvrage Boris Vian Goutte d'Or"
2020_11_il_014,2020,"Etablissements de petite CC 12, rue de l'Asile Popincourt - Construction d'une crèche",930551.0,11,20191300000076,SCCV PARIS PASSAGE POPINCOURT,81188137400029,CSP5 CONSTRUCTION CRECHE VOL N°2 RUE ASILE POPINCOURT,2019,1462402.64,1.0,confirmed,"overlap=['asile', 'popincourt'] ; jugé en session : même crèche rue de l'Asile Popincourt, construction"
2020_16_il_008,2020,Stade Stade Jean Bouin - Travaux divers,917425.0,16,20201410000555,MANEI LIFT,47814710100024,TRAVAUX MONTE CHARGES JEAN BOUIN 75016,2020,54900.0,0.9,confirmed,"overlap=['bouin', 'jean'] ; jugé en session : même stade Jean Bouin, travaux de monte-charge en 2020"
2020_20_il_006,2020,"Cimetière du Père Lachaise - Travaux sur les murs, fourniture et pose de rambardes, restauration de Cimetières",913946.0,20,20191230001493,PARENGE - CIE PARISIENNE ENTREPR ..,33505124900084,SA3 CONFORTEMENT SOLS/REHABIL. MURS CIMETIERE PERE LACHAISE,2019,1323474.53,1.0,confirmed,"overlap=['cimetiere', 'lachaise', 'murs', 'pere'] ; jugé en session : même cimetière Père Lachaise, réhabilitation des murs"
2020_20_il_006,2020,"Cimetière du Père Lachaise - Travaux sur les murs, fourniture et pose de rambardes, restauration de Cimetières",913946.0,20,20171230001410,OMNIUM GENERAL D'INGENIERIE,38400090700020,CSP4 MS TRAV REPARATION MUR ENCEINTE CIMETIERE PERE LACHAISE,2017,59056.9,1.0,confirmed,"overlap=['cimetiere', 'lachaise', 'pere'] ; jugé en session : même Père Lachaise, réparation du mur d'enceinte"
2020_15_il_015,2020,Square des Périchaux - Travaux d'extension,913009.0,15,20191230010097,TERIDEAL SEGEX,32307786700055,SA4 TVX VOIRIE/RESEAUX/DIVERS RENOVATION SQUARE PERICHAUX,2019,461289.6,0.9,confirmed,"overlap=['perichaux'] ; jugé en session : même square des Périchaux, travaux voirie de rénovation"
2020_15_il_015,2020,Square des Périchaux - Travaux d'extension,913009.0,15,20191230010096,MARCEL VILLETTE,39040929000033,SA4 MS/AC TVX ESPACES VERTS RENOVATION SQUARE PERICHAUX,2019,485681.75,0.65,probable,"overlap=['perichaux'] ; jugé en session : même square des Périchaux, travaux espaces verts"
2020_11_il_010,2020,Eglise Saint-Joseph - Restauration du massif d'entrée,908214.0,11,20171320000089,AMIOT,53452340200012,CSP5 MOE RESTAURATION DU MASSIF ENTREE EGLISE SAINT JOSEPH,2017,139235.0,0.85,confirmed,overlap=['joseph'] ; jugé en session : MOE du massif d'entrée de l'église Saint-Joseph
2020_11_il_010,2020,Eglise Saint-Joseph - Restauration du massif d'entrée,908214.0,11,20181320001558,SOC COOP PRODUCT CHARPENTIER PARIS,57201099900017,CSP5 RESTAURAT°MASSIF ENTREE EGLISE ST JOSEPH DS NATIONS 11È,2018,102194.15,0.85,confirmed,"overlap=['joseph'] ; jugé en session : même église Saint-Joseph, massif d'entrée"
2020_11_il_010,2020,Eglise Saint-Joseph - Restauration du massif d'entrée,908214.0,11,20181320001236,COUVERTURES DE LOIRE,82811019700013,CSP5 TVX RESTAURAT° MASSIF ENTREE EGLISE ST JOSEPH - LOT 2,2018,77029.53,0.85,confirmed,"overlap=['joseph'] ; jugé en session : travaux du massif d'entrée Saint-Joseph, lot 2"
2020_13_il_034,2020,Edition 2015 Création d'un espace dédié à l'escalade dans le gymnase Glacière,903896.0,13,20191410000848,SOCIETE GENERALE DE BATIMENT,38834569600032,CSP5 ESPACE ESCALADE SUR SITE GYMN GLACIERE LOT1: GROS OEUVR,2019,866262.77,1.0,confirmed,"overlap=['escalade', 'glaciere'] ; jugé en session : même gymnase Glacière, espace escalade, gros œuvre"
2020_13_il_034,2020,Edition 2015 Création d'un espace dédié à l'escalade dans le gymnase Glacière,903896.0,13,20191410000849,SOCIETE GENERALE DE BATIMENT,38834569600032,SA4 ESPACE ESCALADE SUR SITE GYMN GLACIERE - LOT4: CVC,2019,131818.39,1.0,confirmed,"overlap=['escalade', 'glaciere'] ; jugé en session : même gymnase Glacière, espace escalade, lot CVC"
2020_13_il_034,2020,Edition 2015 Création d'un espace dédié à l'escalade dans le gymnase Glacière,903896.0,13,20191410015555,PYRAMIDE,34432740800029,CSP5 ESPACE ESCALADE GYMNASE GLACIERE - LOT3 : S.A.E.,2019,56132.75,1.0,confirmed,"overlap=['escalade', 'glaciere'] ; jugé en session : même gymnase Glacière, espace escalade, lot SAE"
2020_15_il_019,2020,"CC 15, rue Modigliani - Travaux de restructuration",901600.0,15,20181210000876,SNEF,05680065901476,CSP5 CRECHE MODIGLIANI RESTRUCTURATION,2018,1869476.23,1.0,confirmed,"overlap=['modigliani', 'restructuration'] ; jugé en session : même crèche Modigliani, restructuration"
2020_14_il_026,2020,Edition 2016 Réhabiliter la Ferme Montsouris pour en faire une maison à vocation citoyenne et culturelle,884166.0,14,20181210000424,CLARA SIMAY ARCHITECTURE,45088269100014,MOE RESTAURATION GRANGE ANCIENNE FERME MONTSOURIS 75014,2018,128450.0,1.0,confirmed,"overlap=['ferme', 'montsouris'] ; jugé en session : même ferme Montsouris, MOE restauration de la grange"
2020_14_il_026,2020,Edition 2016 Réhabiliter la Ferme Montsouris pour en faire une maison à vocation citoyenne et culturelle,884166.0,14,20191210000972,BATIMENTS ETUDES CONSTRUCTIONS,70204781200038,CSP5 TCE RESTAURATION GRANGE MONTSOURIS 75014 LOT 2,2019,1153658.99,0.85,confirmed,"overlap=['montsouris'] ; jugé en session : même ferme Montsouris, travaux restauration de la grange"
2020_13_il_019,2020,"degré EE A 53, rue Baudricourt - Modernisation de la cuisine et du réfectoire",864109.0,13,20191210000249,CONPAS INNOVATIVE,87995310700015,SUBSÉQUENT CONSTRUCTION CUISINE 53/61 BAUDRICOURT 75013,2019,46280.01,0.85,confirmed,"overlap=['baudricourt'] ; jugé en session : construction cuisine 53/61 Baudricourt, même adresse"
2020_13_il_019,2020,"degré EE A 53, rue Baudricourt - Modernisation de la cuisine et du réfectoire",864109.0,13,20191210000164,O B M CONSTRUCTION,34388930900047,CSP5 CCEPTION/REALISATION CUISINE CENTRALE RUE BAUDRICOURT,2019,10046418.0,0.85,confirmed,"overlap=['baudricourt'] ; jugé en session : cuisine rue Baudricourt, conception-réalisation, même site"
2020_13_il_019,2020,"degré EE A 53, rue Baudricourt - Modernisation de la cuisine et du réfectoire",864109.0,13,20171210001580,SOC SETEC ORGANISATION,70200590100104,AMO EQUIPEMENT CUISINE CENTRALE BAUDRICOURT 13E SUBSÉQUENT,2017,174970.11,0.85,confirmed,"overlap=['baudricourt'] ; jugé en session : AMO équipement cuisine Baudricourt, même opération"
2020_01_il_001,2020,Rue de Rivoli - Création d'une piste cyclable,862277.0,1,20171370090041,CABINET D ETUDES MARC MERLIN,42863435600011,CSP4: MA SUB_AC-LOT1 AMENAGEMENT PISTE CYCLABLE RUE RIVOLI,2017,145178.98,1.0,confirmed,"overlap=['cyclable', 'piste', 'rivoli'] ; jugé en session : même lieu et même opération : csp4: ma sub_ac-lot1 amenagement piste c"
2020_10_il_010,2020,"CPA Espace Jemmapes - Rénovation de la salle de spectacle, modernisation de Centres d'Animation",824748.0,10,20201410000062,SOCIETE GENERALE DE BATIMENT,38834569600032,SA4 TCE SALLE SPECTACLE JEMMAPES LOT 1,2020,624515.91,1.0,confirmed,"overlap=['jemmapes', 'spectacle'] ; jugé en session : même lieu et même opération : sa4 tce salle spectacle jemmapes lot 1"
2020_05_il_019,2020,Opérations d'aménagement Pont de Sully - Travaux de réparation,778306.0,5,20191370000920,FREYSSINET FRANCE,33405736100183,CSP EP REPARATION ARCHE METALLIQUE N°2 DU PONT DE SULLY,2019,988183.0,1.0,confirmed,"overlap=['pont', 'reparation', 'sully'] ; jugé en session : même pont de Sully, réparation de l'arche"
2020_04_il_024,2020,Rue du Renard - Reprise sortie tunnel des Halles,771296.0,4,20191370000736,FAYOLLE,50163916500015,SA3- EP AMENAGEMENT SORTIE TUNNEL ROUTIER DES HALLES,2019,819948.0,1.0,confirmed,"overlap=['halles', 'sortie', 'tunnel'] ; jugé en session : même sortie du tunnel des Halles, aménagement"
2020_04_il_024,2020,Rue du Renard - Reprise sortie tunnel des Halles,771296.0,4,20171370002312,PROGEXIAL,50087785700010,CSP4-MS/AC-AMÉNAGEMENT SORTIE-TUNNEL-ROUTIER DES HALLES 4ÈME,2017,45542.4,1.0,confirmed,"overlap=['halles', 'sortie', 'tunnel'] ; jugé en session : même sortie du tunnel des Halles, maîtrise d'œuvre"
2020_16_il_009,2020,Opérations Pont de Iena - Répartion des douelles,766686.0,16,20191370000560,FREYSSINET FRANCE,33405736100183,CSP4 TVX REPARATION DOUELLES PONT D'IENA A PARIS 7E & 16E,2019,974876.6,1.0,confirmed,"overlap=['douelles', 'iena', 'pont'] ; jugé en session : même pont d'Iéna, réparation des douelles"
2020_20_il_024,2020,Opérations Place Gambetta - Réaménagement,718597.0,20,20191370000902,PRO URBA NORD,31004845900062,CSP EP TVX AMENAGEMENT MOBILIERS ASSISE - GAMBETTA 20ÈME,2019,720388.6,0.85,confirmed,"overlap=['gambetta'] ; jugé en session : même place Gambetta, mobilier d'assise du réaménagement"
2020_20_il_024,2020,Opérations Place Gambetta - Réaménagement,718597.0,20,20181370001510,FAYOLLE ET FILS/FAYOLLE DESAMIANTAG,#,SA3-TRAVAUX D'INFRASTRUCTURE DE VOIRIE GAMBETTA PARIS 20ÈME,2018,1027534.39,0.85,confirmed,"overlap=['gambetta'] ; jugé en session : même place Gambetta, voirie du réaménagement"
2020_12_il_020,2020,Esplanade Saint-Louis - Aménagement et végétalisation de l'esplanade,695765.0,12,20191230000325,AGRIGEX ENVIRON/LACHAUX PAYSAGE/,#,CSP4 MS TRX D'AMÉNAGEM D'ESPACE VERT ESPLANADE SAINT LOUIS,2019,256456.24,1.0,confirmed,"overlap=['esplanade', 'louis'] ; jugé en session : même esplanade Saint-Louis, espace vert de l'aménagement"
2020_12_il_020,2020,Esplanade Saint-Louis - Aménagement et végétalisation de l'esplanade,695765.0,12,20191230000309,COLAS ILE DE FRANCE NORMANDIE,32916815700025,CSP4 MS AC TVX INFRASTRUCTURE DE VOIRIE ESPLANADE ST LOUIS,2019,2342718.16,1.0,confirmed,"overlap=['esplanade', 'louis'] ; jugé en session : même esplanade Saint-Louis, voirie de l'aménagement"
2020_18_il_025,2020,Piscines Piscine Belliard - Construction,672704.0,18,20201210020010,SCP ARCHITEC. BOURGUEIL / ROULEAU,34875168600034,MOE ÉCO-CONSTRUCTION PISCINE 133B RUE BELLIARD 75018 SAMO,2020,1495240.0,0.85,confirmed,overlap=['belliard'] ; jugé en session : MOE éco-construction piscine 133B rue Belliard
2020_20_il_014,2020,"Opérations EM 18, rue Surmelin - Confortation de l'école",648098.0,20,20202020T02844,BOTTE FONDATIONS,34008588500085,TVX CONFORTATION FAÇADE EM 18 RUE DU SURMELIN 75020,2020,490008.34,1.0,confirmed,"overlap=['confortation', 'surmelin'] ; jugé en session : même école 18 rue du Surmelin, confortation"
2020_10_il_018,2020,"Opérations individualisées EM 20, rue Paradis - Travaux sur plancher hourdis",595484.0,10,20202020T04037,BAT TRAVAUX NEUFS RENOV CONSTRUCTIO,39872259500046,TRAVAUX REPRISE PLANCHERS SUITE DÉSORDRES HOURDIS EM PARADIS,2020,1134106.71,1.0,confirmed,"overlap=['hourdis', 'paradis'] ; jugé en session : même EM rue Paradis, reprise des planchers hourdis"
2020_01_il_003,2020,Edifices cultuels Eglise Saint-Eustache - Travaux de restauration,520218.0,1,20212021T07167,UNION TECHNIQUE DU BATIMENT,57206414500145,SA4 RESTAURATION EGLISE ST EUSTACHE - LOT3 : COUVERTURE,2021,313621.8,0.85,confirmed,overlap=['eustache'] ; jugé en session : même lieu et même opération : sa4 restauration eglise st eustache - lo
2020_01_il_003,2020,Edifices cultuels Eglise Saint-Eustache - Travaux de restauration,520218.0,1,20212021T07169,CHAPUIS,31715729500021,SA4 RESTAURATION EGLISE ST EUSTACHE - LOT5 : MENUISERIES B/P,2021,258472.94,0.85,confirmed,overlap=['eustache'] ; jugé en session : même lieu et même opération : sa4 restauration eglise st eustache - lo
2020_01_il_003,2020,Edifices cultuels Eglise Saint-Eustache - Travaux de restauration,520218.0,1,20212021T07170,FERRONNERIE MAZINGUE,43979696200025,SA4 RESTAURATION EGLISE ST EUSTACHE - LOT6: SERRURERIE/FERRO,2021,186277.88,0.85,confirmed,overlap=['eustache'] ; jugé en session : même lieu et même opération : sa4 restauration eglise st eustache - lo
2020_04_il_018,2020,Eglise Saint-Gervais - Clocher et bras nord du transept,498605.0,4,20171320000062,LAGNEAU ARCHITECTES,80039762200013,CSP5 MOE REALISATION CLOCHER ET TRANSEPT EGLISE ST GERVAIS,2017,266350.0,1.0,confirmed,"overlap=['clocher', 'gervais', 'transept'] ; jugé en session : même église Saint-Gervais, maîtrise d'œuvre clocher et transept"
2020_04_il_018,2020,Eglise Saint-Gervais - Clocher et bras nord du transept,498605.0,4,20191320000522,SOCIETE NOUVELLE PRADEAU MORIN,80869888000065,CSP5 RESTAUR CLOCHER EGLISE ST GERVAIS ST P.-LOT1:MACONNERIE,2019,3005712.83,1.0,confirmed,"overlap=['clocher', 'gervais'] ; jugé en session : même église Saint-Gervais, clocher lot maçonnerie"
2020_04_il_018,2020,Eglise Saint-Gervais - Clocher et bras nord du transept,498605.0,4,20191320010557,ATELIERS PERRAULT FRERES,06120108300013,CSP5 REST/CLOCHER EGLISE ST-GERVAIS CHARPENT/MENUISERIE LOT3,2019,366303.19,1.0,confirmed,"overlap=['clocher', 'gervais'] ; jugé en session : même église Saint-Gervais, clocher lot charpente"
2020_04_il_018,2020,Eglise Saint-Gervais - Clocher et bras nord du transept,498605.0,4,20191320010558,UNION TECHNIQUE DU BATIMENT,57206414500145,CSP5 REST/CLOCHER EGLISE ST-GERVAIS COUVERTURE LOT4 PARIS 4E,2019,290000.0,1.0,confirmed,"overlap=['clocher', 'gervais'] ; jugé en session : même église Saint-Gervais, restauration clocher couverture"
2020_04_il_018,2020,Eglise Saint-Gervais - Clocher et bras nord du transept,498605.0,4,20191320000520,ATELIER JEAN LOUP BOUVIER,35362219400028,CSP5 RESTAUR CLOCHER EGLISE ST-GERVAIS ST P LOT2: SCULPTURES,2019,275515.96,1.0,confirmed,"overlap=['clocher', 'gervais'] ; jugé en session : même église Saint-Gervais, clocher lot sculptures"
2020_04_il_016,2020,Temple des Billettes - Restauration de la façade principale,495991.0,4,20201320010640,H. CHEVALIER,62980277800064,SA4 EGLISE LUTHERIENNE DES BILLETTES LOT1:INSTALL/ECHAF/MACO,2020,1442051.6,0.85,confirmed,"overlap=['billettes'] ; jugé en session : même temple des Billettes, échafaudage/maçonnerie façade"
2020_12_il_024,2020,Espace Reuilly Espace Reuilly - Amélioration des locaux,492017.0,12,20181210000220,BATIMENTS ETUDES CONSTRUCTIONS,70204781200038,TRAVAUX D'AMÉLIORATION DE L'ESPACE REUILLY RUE HÉNARD 75012,2018,344289.68,1.0,confirmed,"overlap=['amelioration', 'reuilly'] ; jugé en session : même Espace Reuilly, amélioration des locaux"
2020_16_il_021,2020,Edition 2016 Remise en eau - Fontaines porte de Saint-Cloud,478469.0,16,20191210000129,TERIDEAL SEGEX ENERGIES,78805646300052,CSP5 RENOVATION FONTAINE SAINT CLOUD LOT4 FONTAINERIE,2019,982820.15,0.75,probable,"overlap=['cloud'] ; jugé en session : même fontaine Saint-Cloud, rénovation lot fontainerie"
2020_16_il_021,2020,Edition 2016 Remise en eau - Fontaines porte de Saint-Cloud,478469.0,16,20171210000477,RL & ASSOCIES,80347543300014,FONTAINE PORTE SAINT CLOUD RENOVATION,2017,76632.01,0.7,probable,"overlap=['cloud'] ; jugé en session : même fontaine Porte Saint-Cloud, rénovation"
2020_16_il_021,2020,Edition 2016 Remise en eau - Fontaines porte de Saint-Cloud,478469.0,16,20191210000097,SOC NOUVELLE SOCRA,37890643200026,CSP5 FONTAINE SAINT CLOUD MOSAIQUE,2019,173419.0,0.7,probable,"overlap=['cloud'] ; jugé en session : même fontaine Saint-Cloud, rénovation mosaïque"
2020_20_il_001,2020,"EE 20, rue Maryse Hilsz - Remplacement du portail, étanchéité des panneaux photovoltaïques, modernisation des sanitaires, modernisations des menuiseries extérieures et des portes du préau, travaux",467717.0,20,20202020T04848,ATELIERS BOIS ET COMPAGNIE,84542001700038,TRAVAUX CRÉATION BLOCS SANITAIRES GS MARYSE HILSZ 75020,2020,488984.36,1.0,confirmed,"overlap=['hilsz', 'maryse'] ; jugé en session : même école Maryse Hilsz, sanitaires"
2020_16_il_013,2020,Marchés Marché de Passy - Démolition et reconstruction des resserres,464002.0,16,20191210020016,BATIMENTS ETUDES CONSTRUCTIONS,70204781200038,CSP5 MARCHE PASSY RESSERRE DEMOLITION RECONSTRUCTION,2019,619867.5,1.0,confirmed,"overlap=['demolition', 'passy', 'reconstruction'] ; jugé en session : même marché de Passy, démolition-reconstruction resserres"
2020_15_il_009,2020,"Piscine Armand Massard - Rénovation des installations de filtration, fourniture et pose de l'armoire 314 439 Piscines automatique du bassin Piscine Blomet - Travaux de restructuration",460192.0,15,20212021T05619,EAUX COLLECTIVES ET TRAITEMENTS,39779986700064,FILTRATION PISCINE ARMAND MASSARD 75015,2021,69508.95,1.0,confirmed,"overlap=['armand', 'filtration', 'massard'] ; jugé en session : même piscine Armand Massard, filtration"
2020_13_il_028,2020,Opérations d'aménagement Place d'Italie - Travaux d'aménagement,458286.0,13,20191370000765,BELLE ENVIRONNEMENT,78814002800069,CSP EP TRAVAUX AMÉNAGEMENT FONTAINERIE PLACE ITALIE PARIS 13,2019,854908.25,0.85,confirmed,"overlap=['italie'] ; jugé en session : fontainerie place d'Italie, partie de l'aménagement"
2020_13_il_028,2020,Opérations d'aménagement Place d'Italie - Travaux d'aménagement,458286.0,13,20171370000093,CONTEMPORARY LANDSCAPE CREATIONS,50211564500017,CSP4 LOT 1 MISSION CO-CONCEPTION PLACE D'ITALIE PLACE NATION,2017,1000000.0,0.85,confirmed,"overlap=['italie'] ; jugé en session : co-conception place d'Italie, même aménagement de la place"
2020_17_il_015,2020,Gymnases et salles de sports Stade Leon Biancotto - Réfection gazon,457942.0,17,20201410000432,PARCS ET SPORTS IDF,35268400500015,SA4 REFECTION EN GAZON SYNTHETIQUE CS LEON BIANCOTTO - LOT1,2020,408695.0,1.0,confirmed,"overlap=['biancotto', 'gazon', 'leon'] ; jugé en session : même stade Biancotto, réfection gazon synthétique"
2020_14_il_012,2020,Patrimoine de voirie Rue Didot (entre boulevard Brune et rue Duthy) - Travaux d'aménagement (phase 1),450776.0,14,20191370000879,ENTREPRISE JEAN LEFEBVRE ILE DE FRA,31547453600051,CSP4 MS AMENAGEMENT RUE DIDOT ENTR BD BRUNE &D'ALESIA LOT1,2019,803392.4,0.9,confirmed,"overlap=['brune', 'didot'] ; jugé en session : même rue Didot, aménagement lot 1"
2020_15_il_021,2020,Edition 2017 Un auditorium pour la médiathèque Marguerite Yourcenar,450187.0,15,20191210000976,HUSSON INTERNATIONAL,32115432000014,MEDIATHEQUE YOURCENAR CREATION AUDITORIUM,2019,88393.0,1.0,confirmed,"overlap=['auditorium', 'yourcenar'] ; jugé en session : même médiathèque Yourcenar, création auditorium"
2020_15_il_021,2020,Edition 2017 Un auditorium pour la médiathèque Marguerite Yourcenar,450187.0,15,20191210001098,REA CONCEPT,44331692200014,CRÉATION D'UN AUDITORIUM MÉDIATHÉQUE YOURCENAR 15ÈME,2019,267534.02,1.0,confirmed,"overlap=['auditorium', 'yourcenar'] ; jugé en session : même médiathèque Yourcenar, création auditorium (MOE)"
2020_11_il_001,2020,"Edifices cultuels Eglise Saint-Joseph - 161 bis, rue Saint-Maur - Restauration du massif d'entrée",449970.0,11,20171320000089,AMIOT,53452340200012,CSP5 MOE RESTAURATION DU MASSIF ENTREE EGLISE SAINT JOSEPH,2017,139235.0,0.85,confirmed,overlap=['joseph'] ; jugé en session : MOE du massif d'entrée de l'église Saint-Joseph
2020_11_il_001,2020,"Edifices cultuels Eglise Saint-Joseph - 161 bis, rue Saint-Maur - Restauration du massif d'entrée",449970.0,11,20181320001558,SOC COOP PRODUCT CHARPENTIER PARIS,57201099900017,CSP5 RESTAURAT°MASSIF ENTREE EGLISE ST JOSEPH DS NATIONS 11È,2018,102194.15,0.85,confirmed,"overlap=['joseph'] ; jugé en session : même église Saint-Joseph, massif d'entrée"
2020_11_il_001,2020,"Edifices cultuels Eglise Saint-Joseph - 161 bis, rue Saint-Maur - Restauration du massif d'entrée",449970.0,11,20181320001236,COUVERTURES DE LOIRE,82811019700013,CSP5 TVX RESTAURAT° MASSIF ENTREE EGLISE ST JOSEPH - LOT 2,2018,77029.53,0.85,confirmed,"overlap=['joseph'] ; jugé en session : travaux du massif d'entrée Saint-Joseph, lot 2"
2020_14_il_035,2020,Edition 2019 Rénovation des équipements sportifs Didot et Jules Noël,442024.0,14,20222022T03915,ART-DAN ILE-DE-FRANCE,48940507600071,SA4 REFECT GAZON SYNTETH TERRAIN FOOTBALL CS JULES NOEL LOT3,2022,359979.38,0.9,confirmed,"overlap=['jules', 'noel'] ; jugé en session : même CS Jules Noël, rénovation terrain"
2020_17_il_023,2020,Mairies Mairie du 17ème arrondissement - Requalification de la façade dans le cadre du plan climat,407163.0,17,20181210001065,TOA ARCHITECTES ASSOCIES,39979702600065,CSP5 MAIRIE 17EME FACADE RUE CONCEPTION ET TRAVAUX,2018,2495027.42,0.7,probable,"overlap=['17eme'] ; jugé en session : même mairie du 17e, façade : conception et travaux"
2020_14_il_008,2020,Stades Stade Elisabeth - Réfection et entretien du gazon,403073.0,14,20201410000434,FIELDTURF TARKETT,45283524200077,SA4 REFECTION GAZON SYNTHETIQUE DU C.S. ELISABETH - LOT3,2020,329086.68,1.0,confirmed,"overlap=['elisabeth', 'gazon'] ; jugé en session : même stade Elisabeth, réfection gazon synthétique"
2020_18_il_001,2020,Edifices cultuels Eglise St-Bernard-de-la-Chapelle - Réparation du grand orgue et de la toiture,400965.0,18,20191320000254,YVES FOSSAERT MANUFACTURE D ORGUES,34485448400021,RÉPARAT°GRAND ORGUE DE TRIBUNE EGLISE ST BERNARD DE LA CHAPE,2019,48929.32,1.0,confirmed,"overlap=['bernard', 'grand', 'orgue'] ; jugé en session : même église St-Bernard-de-la-Chapelle, réparation grand orgu"
2020_08_il_016,2020,Opérations d'aménagement Place de la Madeleine - Travaux de réaménagement,400899.0,8,20181370001240,FAYOLLE ET FILS/FAYOLLE DESAMIANTAG,#,CSP4.AMÉNAGEMENT DE LA PLACE DE LA MADELEINE PARIS 8ÈME.,2018,1267254.42,0.85,confirmed,"overlap=['madeleine'] ; jugé en session : même place de la Madeleine, aménagement"
2020_08_il_016,2020,Opérations d'aménagement Place de la Madeleine - Travaux de réaménagement,400899.0,8,20181370001286,IPCS,42813088400052,CSP4. MSAC – OPC – PLACES GAMBETTA/BASH/MADELEINE LOT1,2018,142110.0,0.85,confirmed,"overlap=['madeleine'] ; jugé en session : OPC aménagement places dont Madeleine, même opération"
2020_08_il_016,2020,Opérations d'aménagement Place de la Madeleine - Travaux de réaménagement,400899.0,8,20171370000094,EMMA BLANC,53823738900043,CSP4.MISSION AMÉNAGEMENT PLACE MADELEINE ET PLACE PANTHEON,2017,700000.0,0.85,confirmed,"overlap=['madeleine'] ; jugé en session : même place de la Madeleine, mission d'aménagement"
2020_10_il_002,2020,"EE 159, avenue Parmentier - Réfection de la cour oasis",388778.0,10,20202020T03271,COCHERY ILE DE FRANCE,41797626300018,TRAVAUX TRANSFORAMATION COUR EN COUR OASIS EE 159 PARMENTIER,2020,590708.5,1.0,confirmed,"overlap=['oasis', 'parmentier'] ; jugé en session : même école 159 Parmentier, même cour oasis"
2020_05_il_018,2020,Mairie Mairie du 5ème arrondissement - Schéma directeur sécurité-accessibilité,378892.0,5,20191210001306,GM BATIMENT DE FRANCE 1,78842069300020,SA4 TVX MISE EN SECURITE/ACCESSIBILITE MAIRIE 5ÈME LOT1,2019,2042892.3,1.0,confirmed,"overlap=['5eme', 'accessibilite', 'securite'] ; jugé en session : même mairie du 5e, sécurité-accessibilité lot 1"
2020_05_il_018,2020,Mairie Mairie du 5ème arrondissement - Schéma directeur sécurité-accessibilité,378892.0,5,20201210000301,DR FLUID,84234213100013,SA4 TVX MISE SECURITE MAIRIE 5ÈME CHAUF/VENTIL/PLOMB LOT4,2020,98163.44,1.0,confirmed,"overlap=['5eme', 'securite'] ; jugé en session : même mairie du 5e, mise en sécurité lot chauffage"
2020_10_il_027,2020,Extension de la surface d'escalade intérieure et extérieure au gymnase Marie Edition 2017,346688.0,10,20191410001000,ENTRE PRISES,33263971500025,CSP5 STRUCTURE ARTIFIC. D'ESCALADE AU GYMNASE MARIE PARADIS,2019,320008.5,1.0,confirmed,"overlap=['escalade', 'marie'] ; jugé en session : même gymnase Marie Paradis, structure d'escalade"
2020_07_il_006,2020,"Mairie du 7ème arrondissement - Remplacement des Mairies menuiseries, aménagement des locaux dans le cadre du",344415.0,7,20191210000846,NORBA ILE DE FRANCE SUD,50943381900042,MAIRIE 7EME MODERNISATION MENUISERIES EXTERIEURES BOIS,2019,660582.5,0.7,probable,"overlap=['7eme'] ; jugé en session : même mairie du 7e, menuiseries extérieures"
2020_18_il_028,2020,Goutte d'Or - Rues Léon et Myrha,342523.0,18,20222022T03942,ENT. DE TRAVAUX FAYOLLE ET FILS,50163916500015,SA3 MSAC TVX INFRASTRUCTURE VOIRIE RUE LEON ET MYRHA 18E,2022,898681.67,0.9,confirmed,"overlap=['leon', 'myrha'] ; jugé en session : même voirie rues Léon et Myrha, travaux"
2020_11_il_002,2020,"EE 100, avenue de la République - Modernisation des réfectoires et des sanitaires de la cour, réfection de 466 739 menuiseries et achat de mobiliers EM 19, rue Baudin - Modernisation de Système de Sécurité Incendie, amélioration de l'accessibilité",320722.0,11,20201210000330,REA CONCEPT,44331692200014,"TRVX MODERNISATION SANITAIRES, REFECTOIRES GS RÉPUBLIQUE 11É",2020,342943.01,1.0,confirmed,"overlap=['refectoires', 'republique'] ; jugé en session : même école avenue de la République, sanitaires et réfectoires"
2020_11_il_002,2020,"EE 100, avenue de la République - Modernisation des réfectoires et des sanitaires de la cour, réfection de 466 739 menuiseries et achat de mobiliers EM 19, rue Baudin - Modernisation de Système de Sécurité Incendie, amélioration de l'accessibilité",320722.0,11,20181210000664,NOUVEAU FABRICANT,50883956000044,MODERNISAT° MENUISERIES EXTÉR 98/100 AV DE LA REPUBLIQUE 11È,2018,223582.0,0.85,confirmed,"overlap=['republique'] ; jugé en session : même école 98/100 av. République, menuiseries citées au chantier"
2020_12_il_011,2020,Patrimoine de voirie Esplanade Saint-Louis - Aménagement urbain,311927.0,12,20191230000309,COLAS ILE DE FRANCE NORMANDIE,32916815700025,CSP4 MS AC TVX INFRASTRUCTURE DE VOIRIE ESPLANADE ST LOUIS,2019,2342718.16,1.0,confirmed,"overlap=['esplanade', 'louis'] ; jugé en session : même esplanade Saint-Louis, voirie de l'aménagement"
2020_12_il_011,2020,Patrimoine de voirie Esplanade Saint-Louis - Aménagement urbain,311927.0,12,20191230000325,AGRIGEX ENVIRON/LACHAUX PAYSAGE/,#,CSP4 MS TRX D'AMÉNAGEM D'ESPACE VERT ESPLANADE SAINT LOUIS,2019,256456.24,1.0,confirmed,"overlap=['esplanade', 'louis'] ; jugé en session : même esplanade Saint-Louis, espace vert de l'aménagement"
2020_13_il_011,2020,"Stade Charles Moureu - Réaménagement de l'intérieurs, travaux d'accessibilité et achat de petit mobiliers",310983.0,13,20171410001934,2C ARCHITECTES,43871360400017,CSP5/PA RESTRUCTURATION CS CHARLES MOUREU 17/47 AV EDISON,2017,64350.01,1.0,confirmed,"overlap=['charles', 'moureu'] ; jugé en session : restructuration du même CS Charles Moureu"
2020_09_il_013,2020,Eglise Notre-Dame-de-Lorette - Restauration de la chapelle et des 681 075 Edifices cultuels maçonneries Eglise de la Sainte Trinite - Restauration du massif d'entrée,299032.0,9,20191320000948,SOCIETE ENTREPRISE DEGAINE,56206287700021,CSP5 TRAVAUX EGLISE NOTRE DAME DE LORETTE - LOT1: MACONNERIE,2019,330433.47,1.0,confirmed,"overlap=['dame', 'lorette', 'notre'] ; jugé en session : même église Notre-Dame-de-Lorette, travaux de maçonnerie"
2020_09_il_013,2020,Eglise Notre-Dame-de-Lorette - Restauration de la chapelle et des 681 075 Edifices cultuels maçonneries Eglise de la Sainte Trinite - Restauration du massif d'entrée,299032.0,9,20191320000949,1STRUMESURE,81784825200018,CSP5 TVX EGLISE NOTRE DAME DE LORETTE - LOT2:INSTRUMENTATION,2019,49500.0,1.0,confirmed,"overlap=['dame', 'lorette', 'notre'] ; jugé en session : même église Notre-Dame-de-Lorette, lot instrumentation des travaux"
2020_12_il_008,2020,"CS Denise et Robert Gamzon - Rénovation des vestiaires, travaux d'adaptation handicapés et acquisition Gymnases et salles de",297487.0,12,20201410000459,ENVIRONNEMENT SERVICES CONSTRUCTION,39772233100055,SA4_ RÉNOVATION - DÉMOLITION ET DÉSAMIANTAGE CS GAMZON LOT2,2020,49349.8,0.85,confirmed,"overlap=['gamzon'] ; jugé en session : désamiantage-démolition, lot de la rénovation du CS Gamzon"
2020_03_il_010,2020,Edifices cultuels Eglise Saint-Nicolas Des Champs - Restauration des façades et du portail,279263.0,3,20201320000258,ENTREPRISE GEORGES LANFRY,34892274100049,SA4 FACADES SUD EGLISE ST NICOLAS DES CHAMPS - LOT1,2020,981969.62,1.0,confirmed,"overlap=['champs', 'nicolas'] ; jugé en session : même église Saint-Nicolas, façades sud lot 1"
2020_03_il_010,2020,Edifices cultuels Eglise Saint-Nicolas Des Champs - Restauration des façades et du portail,279263.0,3,20201320000262,MDB,83775606300058,SA4 FACADES SUD EGLISE ST NICOLAS DES CHAMPS - LOT5,2020,91519.16,1.0,confirmed,"overlap=['champs', 'nicolas'] ; jugé en session : même église Saint-Nicolas, façades sud lot 5"
2020_03_il_010,2020,Edifices cultuels Eglise Saint-Nicolas Des Champs - Restauration des façades et du portail,279263.0,3,20181320000457,1090 ARCHITECTES,80352183000015,CSP5 RESTAURATION FACADES SUD EGLISE ST NICOLAS,2018,94400.0,0.85,confirmed,"overlap=['nicolas'] ; jugé en session : même église Saint-Nicolas, restauration façades, maîtrise d'œuvre"
2020_12_il_019,2020,individualisées 1er degré EP Gare de Lyon - Construction,275553.0,12,20202020S00006,"ATELIER SERGE JOLY, ARCHITECTES",88935888300011,MOE ÉCOCONSTRUCTION CMA ET EP SECTEUR GARE DE LYON DAUMESNIL,2021,1885138.02,0.9,confirmed,"overlap=['gare', 'lyon'] ; jugé en session : MOE de la construction EP secteur Gare de Lyon"
2020_12_il_019,2020,individualisées 1er degré EP Gare de Lyon - Construction,275553.0,12,20202021S00353,APAVE PARISIENNE SAS,39316827300299,CSPS ÉCO-CONSTRUCTION CRÈCHE ET EP GARE DE LYON-DAUMESNIL,2021,41700.0,0.9,confirmed,"overlap=['gare', 'lyon'] ; jugé en session : CSPS de la construction EP Gare de Lyon"
2020_18_il_043,2020,Rénovons l’équipement sportif du Centre Bertrand Dauvin,273144.0,18,20202020S08132,AGENCE D ARCHITECT MORIN ROUCHERE,80068487000010,SA4 MOE COUVERTURE/RENOVATION DU CENTRE SPORTIF DAUVIN,2020,78000.0,1.0,confirmed,"overlap=['dauvin', 'sportif'] ; jugé en session : MOE rénovation du centre sportif Dauvin"
2020_18_il_043,2020,Rénovons l’équipement sportif du Centre Bertrand Dauvin,273144.0,18,20191410001190,CAMMA SPORT,43137959300046,SA4 RÉNOVATION AIRES SPORTIVES EXTÉR. BERTRAND DAUVIN LOT2,2019,47969.06,1.0,confirmed,"overlap=['bertrand', 'dauvin'] ; jugé en session : rénovation aires sportives extérieures Bertrand Dauvin"
2020_15_il_004,2020,"EM 102, rue Alleray - Modernisation des menuiseries extérieures et désamiantages",263270.0,15,20191210000544,ART ET TECHNIQUE DE LA MENUISERIE,47777174500023,EM ALLERAY MODERNISATION MENUISERIES EXTERIEURES,2019,208150.0,1.0,confirmed,"overlap=['alleray', 'exterieures'] ; jugé en session : même école Alleray, modernisation menuiseries extérieures"
2020_14_il_003,2020,CS Jules Noël - Travaux de géothérmie,257440.0,14,20191210020025,DALKIA,45650053700018,MOD CT GAZ ET GÉOTHERMIE CENTRE SPORTIF JULES NOËL,2019,612269.94,1.0,confirmed,"overlap=['geothermie', 'jules', 'noel'] ; jugé en session : géothermie, même CS Jules Noël"
2020_14_il_003,2020,CS Jules Noël - Travaux de géothérmie,257440.0,14,20181210000980,SOC NOUVELLE COTRASOL,41770225500023,FORAGE TEST DE RECONNAISSANCE GÉOTHERMIQUE AU CS JULES NOEL,2018,182270.0,0.9,confirmed,"overlap=['jules', 'noel'] ; jugé en session : forage géothermique, même CS Jules Noël"
2020_14_il_003,2020,CS Jules Noël - Travaux de géothérmie,257440.0,14,20191210000638,SOC NOUVELLE COTRASOL,41770225500023,FORAGE DE CAPTAGE GÉOTHERMIQUE AU CS JULES NOËL,2019,179860.0,0.9,confirmed,"overlap=['jules', 'noel'] ; jugé en session : forage de captage géothermique, même CS Jules Noël"
2020_18_il_022,2020,"CC Chapelle International 5, impasse du Gué - Construction",257286.0,18,20171210001180,BUREAU VERITAS CONSTRUCTION,79018278600950,MARCHÉ SUBSÉQUENT SPS EP ET CC CHAPELLE INTERNATIONAL 75018,2017,45920.0,1.0,confirmed,"overlap=['chapelle', 'international'] ; jugé en session : même CC Chapelle International, SPS de la construction"
2020_18_il_022,2020,"CC Chapelle International 5, impasse du Gué - Construction",257286.0,18,20171210001317,ENTREPRISE GENERALE LEON GROSSE,74542065301089,CSP5 ECOLE POLYV & EQUIPT PETITE ENF CHAPELLE-INTERNATIONALE,2017,11709507.71,0.85,confirmed,"overlap=['chapelle'] ; jugé en session : même équipement petite enfance Chapelle-Internationale, cons"
2020_18_il_029,2020,Opérations d'aménagement Boulevard périphérique - Enrobée phonique,233106.0,18,20191370000516,EIFFAGE ROUTE ILE DE FRANCE/CENTRE,43360419600249,CSP4 TVX REALISATION ENROBE BOULEVARD PERIPHERIQUE,2019,1858036.27,0.9,confirmed,overlap=['peripherique'] ; jugé en session : réalisation d'enrobé sur le boulevard périphérique
2020_18_il_029,2020,Opérations d'aménagement Boulevard périphérique - Enrobée phonique,233106.0,18,20181370000568,EUROVIA ILE DE FRANCE,42094822600089,CSP4. TRAVAUX ENROBÉS BITUMINEUX PHONIQUE BP NORD / LOT 1.,2018,2121964.1,0.85,confirmed,"overlap=['phonique'] ; jugé en session : enrobés phoniques périphérique nord, lot du 18e"
2020_12_il_027,2020,d'aménagement Mise en accessibilité du quai de l'Arsenal depuis la place de la Bastille,227938.0,12,20191370000727,ARTELIA,44452352600564,CSP EP MS OPC CREAT.CONTINUITE PLACE DE LA BASTILLE/ARSENAL,2019,45509.45,1.0,confirmed,"overlap=['arsenal', 'bastille'] ; jugé en session : OPC continuité place de la Bastille/Arsenal, même opération"
2020_12_il_027,2020,d'aménagement Mise en accessibilité du quai de l'Arsenal depuis la place de la Bastille,227938.0,12,20181370000692,OMNIUM GENERAL D'INGENIERIE,38400090700020,CSP4. MOE AMENAGT PIÉTON BASTILLE A PORT ARSENAL - MIXTE,2018,249975.57,1.0,confirmed,"overlap=['arsenal', 'bastille'] ; jugé en session : MOE aménagement piéton Bastille–Arsenal, même accessibilité"
2020_16_il_003,2020,"Mairies du 16ème arrondissement - Création d'un ascenseur, réfection de la cour d'honneur, remplacement Mairies",225740.0,16,20191210000592,BATI MAUD,49814571300026,MAIRIE 16EME CREATION 3EME ASCENSEUR,2019,305599.4,1.0,confirmed,"overlap=['16eme', 'ascenseur'] ; jugé en session : même mairie du 16e, création ascenseur"
2020_19_il_002,2020,"EE 1, rue du Général Lasalle - Modernisation des menuiseries extérieures, réfection de la terrasse",221093.0,19,20201210020018,PRODESIGN,48342570800011,MEDERNISAT° DES MENUISERIES EXTÉ EE 1 RUE GENERAL LASSALE 19,2020,130517.45,0.85,confirmed,"overlap=['general'] ; jugé en session : même école 1 rue Général Lasalle, menuiseries extérieures"
2020_05_il_009,2020,"Piscine Jean Taris - 16, rue Thouin - Remplacement du variateur de débit et du compresseur, rénovation de Piscines",216032.0,5,20171410001805,BCH COMPRESSEURS,44934395300039,TRAVAUX RÉFECTION LOCAL COMPRESSEUR PISCINE TARIS 75005,2017,45270.0,1.0,confirmed,"overlap=['compresseur', 'taris'] ; jugé en session : même piscine Taris, local compresseur"
2020_17_il_014,2020,Centre Sportif Courcelles - Réfection du sol de 3 courts de tennis et création du réseau ECS,212911.0,17,20202020T02856,COCHERY ILE DE FRANCE,41797626300018,SA4-TVX_RÉFECTION TERRAINS-TENNIS C.S COURCELLES V.P LOT1,2020,163331.0,1.0,confirmed,"overlap=['courcelles', 'tennis'] ; jugé en session : même centre sportif Courcelles, réfection terrains de tennis"
2020_15_il_002,2020,"EE 20, Falguiere - Réfection des menuiseries extérieures du 1er étage et de la loge, création d'un local 200 827 poubelle Entretien 1er degré Em 35, avenue Emile Zola - Modernisation des menuiseries extérieures",212602.0,15,20201210000251,LES ETABLISSEMENTS GIFFARD,52284772200025,EE FALGUIERE MODERNISATION MENUISERIES EXTERIEURES BOIS,2020,438269.33,1.0,confirmed,"overlap=['exterieures', 'falguiere'] ; jugé en session : même école Falguière, modernisation menuiseries extérieures"
2020_10_il_024,2020,Pergola végétalisée rue du Faubourg Saint-Martin entre la Gare de l'Est et Château Edition 2015,199298.0,10,20191230000088,ENVIRONNEMENT SERVICES,41341774200025,CSP4 TVX PERGOLA VEGETALISEE RUE FAUBOURG SAINT MARTIN 10E,2019,190000.0,1.0,confirmed,"overlap=['faubourg', 'martin', 'pergola', 'vegetalisee'] ; jugé en session : même pergola végétalisée rue du Faubourg Saint-Martin"
2020_15_il_025,2020,Réaliser une nouvelle coulée verte dans le quartier Beaugrenelle,196711.0,15,20191230000244,LACHAUX PAYSAGE,39044002200023,CSP4 AMENAGEMENT COULEE VERTE QUAI ANDRE CITROEN BEAUGRENELL,2019,379843.35,1.0,confirmed,"overlap=['coulee', 'verte'] ; jugé en session : même coulée verte Beaugrenelle quai André Citroën"
2020_19_il_004,2020,Bâtiments Gymnase Hautpoul - Modernisation du centre thermique et de la ventilation,195310.0,19,20201210003426,CELSIO,38857243000048,MODERNISATION DES INSTALLATION DE GC DU GYMNASE HAUTPOUL,2020,387217.65,0.85,confirmed,"overlap=['hautpoul'] ; jugé en session : même gymnase Hautpoul, modernisation du génie climatique"
2020_12_il_010,2020,"Piscines Piscine Jean Boiteux - Création de vestiaires collectifs, installation infiltration et acquisition de mobilier",194863.0,12,20191410000677,BATIMENTS ETUDES CONSTRUCTIONS,70204781200038,CSP5 RESTRUCTURATION PISCINE JEAN BOITEUX - LOT1: GROS OEUVR,2019,247742.28,1.0,confirmed,"overlap=['boiteux', 'jean'] ; jugé en session : même piscine Jean Boiteux, restructuration lot gros œuvre"
2020_12_il_010,2020,"Piscines Piscine Jean Boiteux - Création de vestiaires collectifs, installation infiltration et acquisition de mobilier",194863.0,12,20191410000679,BSMG - LES TECHNICIENS DES FLUIDES,72204007800023,CSP5 RESTRUCTURATION PISCINE JEAN BOITEUX - LOT3 : P/V/C,2019,58767.76,1.0,confirmed,"overlap=['boiteux', 'jean'] ; jugé en session : même piscine Jean Boiteux, restructuration lot plomberie"
2020_05_il_006,2020,"CC 48, Lacépède - Réaménagement des locaux",194382.0,5,20212021T02649,AM2B,53057083700019,REAMENAGEMENT DE LA SECT°DU 1ER ETAGE CC 48 RUE LACEPEDE 5EM,2021,83139.59,0.85,confirmed,"overlap=['lacepede'] ; jugé en session : même CC 48 Lacépède, réaménagement des locaux"
2020_13_il_022,2020,Projet agriculture urbaine GS 64 Dunois - Modernisation de l'étanchéité des toitures,190741.0,13,20202020T03841,EZEL,75359287200042,REFECT° DE L'ISOLAT° DE LA COUVERT TOITURE GS 64/70 R.DUNOIS,2020,279616.89,0.85,confirmed,"overlap=['dunois'] ; jugé en session : toiture du GS 64 Dunois, même étanchéité/couverture"
2020_14_il_002,2020,"EM 55, rue Maurice Ripoche - Travaux de désamiantage des salles, étanchéité de la toiture terrasse, 289 038 modernisation des menuiseries extérieures, mise aux normes accessibilité et aquisition de mobilier EE 12, rue Severo - Modernisation des sanitaires",180972.0,14,20201210000231,ART ET TECHNIQUE DE LA MENUISERIE,47777174500023,MODERNISATION MENUISERIES EE 55 MAURICE RIPOCHE 75014,2020,331995.0,1.0,confirmed,"overlap=['maurice', 'ripoche'] ; jugé en session : même école EM 55 Maurice Ripoche, menuiseries"
2020_04_il_023,2020,Piscine Piscine Saint-Merri - Restructuration,172757.0,4,20171210020021,MENUISERIE JUNG SARL,45189489300010,CSP5 TVX RESTRUCTURATION SAINT MERRI LOT3,2017,846898.82,1.0,confirmed,"overlap=['merri', 'restructuration'] ; jugé en session : même piscine Saint-Merri, restructuration lot 3"
2020_04_il_023,2020,Piscine Piscine Saint-Merri - Restructuration,172757.0,4,20171210020025,BOUYGUES BATIMENT ILE DE FRANCE,43390083400014,CSP5 TVX RESTRUCTURATION MULTI EQUIPEMENT ST MERRI-TCE-LOT01,2017,8711496.84,1.0,confirmed,"overlap=['merri', 'restructuration'] ; jugé en session : même piscine/multi-équipement Saint-Merri, restructuration"
2020_14_il_006,2020,"CC 2, rue des Mariniers - Réaménagement de la cuisine et renforcement de l'isolatoin thermique",172495.0,14,20202020T03239,REA CONCEPT,44331692200014,TVX RESTRUCTURATION CUISINE ET ATRIUM CC 2 MARINIERS 75014,2020,132560.18,0.85,confirmed,overlap=['mariniers'] ; jugé en session : cuisine de la même CC 2 rue des Mariniers
2020_04_il_005,2020,"EE 9, rue de Moussy - Modernisation des sanitaires de la cour et des menuiseries extérieures et 202 337 Entretien 1er degré acquisittion de mobilier EP 11, rue Saint Merri - Travaux de restructuration, étanchéité et sécurité, acquisition de mobilier",171084.0,4,20201210000106,ART ET TECHNIQUE DE LA MENUISERIE,47777174500023,MODERNISATION MENUISERIES EXT. EE 9 RUE MOUSSY 75004 PARIS,2020,110273.82,0.85,confirmed,"overlap=['moussy'] ; jugé en session : même école 9 rue de Moussy, menuiseries extérieures"
2020_20_il_007,2020,Stades Terrain d'Education Physique des Amandiers - Travaux de restructuration,157609.0,20,20181410000206,GRAAL ARCHITECTURE,53913729900043,CSP5 MOE POUR RESTRUCTURATION DU TEP AMANDIERS PARIS 20ÈME,2018,168437.58,1.0,confirmed,"overlap=['amandiers', 'restructuration'] ; jugé en session : même TEP Amandiers, maîtrise d'œuvre de restructuration"
2020_20_il_007,2020,Stades Terrain d'Education Physique des Amandiers - Travaux de restructuration,157609.0,20,20201410000335,SCOP CABROL,81283638500011,"SA4 TEP DES AMANDIERS - LOT2 (TERRASSTS, FONDAT.,GROS-OEUVRE",2020,1822824.25,0.85,confirmed,"overlap=['amandiers'] ; jugé en session : même TEP Amandiers, reconstruction lot gros-œuvre"
2020_20_il_007,2020,Stades Terrain d'Education Physique des Amandiers - Travaux de restructuration,157609.0,20,20201410000336,PLASTALU,35035557400061,SA4 RECONSTRUCTION TEP AMANDIERS - LOT3: MENUIS EXTER/SERRUR,2020,433594.6,0.85,confirmed,"overlap=['amandiers'] ; jugé en session : même TEP Amandiers, reconstruction lot menuiseries"
2020_20_il_007,2020,Stades Terrain d'Education Physique des Amandiers - Travaux de restructuration,157609.0,20,20201410000340,BSMG - LES TECHNICIENS DES FLUIDES,72204007800023,SA4 RECONSTRUCTION TEP AMANDIERS - LOT 7 : CVP,2020,400000.0,0.85,confirmed,"overlap=['amandiers'] ; jugé en session : même TEP Amandiers, reconstruction lot CVP"
2020_19_il_012,2020,sports TEP Edouard Pailleron - Rénovation et couverture,154929.0,19,20191410001209,ETABLISSEMENTS POULINGUE,38678011800058,SA5 COUVERTURE/RENOV.TERRAINS TENNIS CS PAILLERON - LOT1,2019,491447.82,0.85,confirmed,"overlap=['pailleron'] ; jugé en session : même CS Pailleron, couverture/rénovation tennis"
2020_19_il_012,2020,sports TEP Edouard Pailleron - Rénovation et couverture,154929.0,19,20191410001210,POLYTAN FRANCE ENTREPRISES,39461791400020,SA5 COUVERTURE/RENOV.TERRAINS TENNIS CS PAILLERON - LOT2,2019,161288.59,0.85,confirmed,"overlap=['pailleron'] ; jugé en session : même CS Pailleron, couverture/rénovation tennis, lot 2"
2020_13_il_013,2020,Place d'Italie - Travaux fontainerie,152800.0,13,20191370000765,BELLE ENVIRONNEMENT,78814002800069,CSP EP TRAVAUX AMÉNAGEMENT FONTAINERIE PLACE ITALIE PARIS 13,2019,854908.25,1.0,confirmed,"overlap=['fontainerie', 'italie'] ; jugé en session : travaux fontainerie place d'Italie, même opération"
2020_04_il_006,2020,"EE 21, rue Saint-Louis en L'Ile - Modernisation de la cour et des sanitaires",141963.0,4,20222022T02019,VIABILITE TERRASSEMENT MATERIAUX,43864629100056,TRANSFORMATION COUR EM SAINT LOUIS 21 RUE ST LOUIS PARIS 4E,2022,233141.54,0.7,probable,"overlap=['louis'] ; jugé en session : même école 21 rue Saint-Louis, transformation de la cour"
2020_04_il_006,2020,"EE 21, rue Saint-Louis en L'Ile - Modernisation de la cour et des sanitaires",141963.0,4,20201210000452,SOGETHEC,51765203800012,RESTRUCTURATION SANITAIRES EE SAINT-LOUIS EN L'ILE PARIS 4E,2020,113000.0,0.7,probable,"overlap=['louis'] ; jugé en session : même école Saint-Louis-en-l'Île, sanitaires"
2020_12_il_002,2020,"EE 19, rue Marsoulan - Modernisation des sanitaires de la cour et acquisition de mobilier",141240.0,12,20202020T02301,DARRAS ET JOUANIN,77572541900086,TRVX DE MODERNISATION DES SANITAIRES SUR COUR EE MARSOULAN,2020,115530.02,0.85,confirmed,"overlap=['marsoulan'] ; jugé en session : même école Marsoulan, sanitaires sur cour"
2020_09_il_009,2020,"Piscines Piscine Valeyre 24b, rue de Rochechouard - Aménagement des 439 510 vestiaires, modernisation de la ventilation et de la filtration Centre d'animation Nouvelle Athènes - Aménagement des locaux Centres d'animation",138026.0,9,20191210003822,EIFFAGE ENERGIE SYSTEMES-CLEVIA IDF,32381463200127,MODERNISATION DE LA VENTILATION DE LA PISCINE VALEYRE,2019,334800.0,0.9,confirmed,"overlap=['valeyre'] ; jugé en session : même piscine Valeyre, modernisation ventilation"
2020_13_il_003,2020,"EM 71, rue Dunois - Modernisation des menuiseries extérieure",121433.0,13,20191210000582,ETABLISSEMENTS LORILLARD,80542020500249,MENUISERIES EXTERIEURES BOIS EM 71 RUE DUNOIS 75013 PARIS,2019,173897.0,0.85,confirmed,"overlap=['dunois'] ; jugé en session : menuiseries extérieures, même EM 71 rue Dunois"
2020_03_il_003,2020,"EM 7, rue de la Perle - Modernisation des sanitaires et restructuration de l'entresol",119005.0,3,20201210000276,TRAVAUX BATIMENTS ELECTRICITE SECUR,39436621500041,RESTRUCTURATION DES SANITAIRES RDC ET RENOVATION EM PERLE 3È,2020,102279.99,1.0,confirmed,"overlap=['perle', 'restructuration'] ; jugé en session : même EM rue de la Perle, restructuration sanitaires"
2020_04_il_012,2020,Bâtiments Piscine Saint-Merri - Restructuration du multi-équipement scolaire et sportif,116520.0,4,20171210020025,BOUYGUES BATIMENT ILE DE FRANCE,43390083400014,CSP5 TVX RESTRUCTURATION MULTI EQUIPEMENT ST MERRI-TCE-LOT01,2017,8711496.84,1.0,confirmed,"overlap=['merri', 'restructuration'] ; jugé en session : même multi-équipement Saint-Merri, restructuration TCE"
2020_04_il_012,2020,Bâtiments Piscine Saint-Merri - Restructuration du multi-équipement scolaire et sportif,116520.0,4,20171210020021,MENUISERIE JUNG SARL,45189489300010,CSP5 TVX RESTRUCTURATION SAINT MERRI LOT3,2017,846898.82,1.0,confirmed,"overlap=['merri', 'restructuration'] ; jugé en session : même multi-équipement Saint-Merri, restructuration lot 3"
2020_05_il_012,2020,"Mairie du 5ème arrondissement - Aménagement accessibilité dans le cadre du schéma directeur, Mairies",114727.0,5,20191210001306,GM BATIMENT DE FRANCE 1,78842069300020,SA4 TVX MISE EN SECURITE/ACCESSIBILITE MAIRIE 5ÈME LOT1,2019,2042892.3,1.0,confirmed,"overlap=['5eme', 'accessibilite'] ; jugé en session : même mairie du 5e, sécurité/accessibilité"
2020_06_il_011,2020,Edifices cultuels Eglise Saint-Sulpice - Travaux de restauration,111610.0,6,20212021T10118,SOC COOP PRODUCT,57201099900033,SA4 TVX CHARPENTE MENUISERIE EGLISE SAINT-SULPICE LOT1,2021,253830.17,0.85,confirmed,"overlap=['sulpice'] ; jugé en session : même église Saint-Sulpice, restauration charpente lot 1"
2020_06_il_011,2020,Edifices cultuels Eglise Saint-Sulpice - Travaux de restauration,111610.0,6,20212021T10119,ALTIUS,41180144200020,SA4 TVX SERRURIE EGLISE SAINT-SULPICE LOT2,2022,56774.0,0.85,confirmed,"overlap=['sulpice'] ; jugé en session : même église Saint-Sulpice, restauration serrurerie lot 2"
2020_19_il_010,2020,Gymnase Hautpoul - Modernisation de la chaufferie et de la ventilation,110025.0,19,20201210003426,CELSIO,38857243000048,MODERNISATION DES INSTALLATION DE GC DU GYMNASE HAUTPOUL,2020,387217.65,0.85,confirmed,"overlap=['hautpoul'] ; jugé en session : même gymnase Hautpoul, modernisation installations chauffage/ventilation"
2020_17_il_005,2020,"CC 21, rue de l'Etoile - Modernisation de la chaufferie",108920.0,17,20201210029818,SOCIETE AURION ET COMPAGNIE,38302656400039,MODERNISATION DU CT DE LA CRÈCHE ETOILE (17ÈME),2020,109572.24,0.85,confirmed,"overlap=['etoile'] ; jugé en session : même crèche Étoile, modernisation chaufferie"
2020_20_il_002,2020,"Bâtiments CC 38, rue des Rigoles - Travaux dans le cadre du Plan Climat",102689.0,20,20171210004009,CIEC,43305622300152,CHANGEMENT D'ÉNERGIE CRÈCHE 38 RUE DES RIGOLES,2017,430000.0,0.85,confirmed,"overlap=['rigoles'] ; jugé en session : même crèche 38 rue des Rigoles, changement d'énergie"
2020_17_il_007,2020,"CC 9, villa Sainte Croix - Modernisation de la chaufferie",97813.0,17,20201210029819,CELSIO,38857243000048,MODERNISATION DU CT DE LA CRÈCHE VILLA SAINTE CROIX (17È),2020,183347.79,0.9,confirmed,"overlap=['croix', 'villa'] ; jugé en session : même crèche Villa Sainte Croix, modernisation chaufferie"
2020_08_il_007,2020,Centre d'animation CPA Espace Beaujon - Mise au norme des installations électriques,93607.0,8,20171210000941,ENTREPRISE AMICA SA,30269492200097,HOTEL BEAUJON MISE AUX NORMES INSTALLATIONS ELECTRIQUES,2017,281483.57,1.0,confirmed,"overlap=['beaujon', 'electriques', 'installations'] ; jugé en session : même hôtel Beaujon, mise aux normes électriques"
2020_13_il_036,2020,Edition 2015 Rénovation partielle du square René Le Gall,90053.0,13,20202020S07254,APB ARCHITECTURE,84874182300019,MOE RESTAURAT°ELTS BATIS DU SQUARE RENE LE GALL 13ÈM,2020,80020.0,0.9,confirmed,"overlap=['gall', 'rene'] ; jugé en session : MOE éléments bâtis du même square René Le Gall"
2020_13_il_036,2020,Edition 2015 Rénovation partielle du square René Le Gall,90053.0,13,20181210001401,APB ARCHITECTURE,84874182300019,MATRISE D'OEUVRE RESTRUCTURAT° DU SQUARE RENE GALL PARIS 13È,2018,77532.04,0.9,confirmed,"overlap=['gall', 'rene'] ; jugé en session : MOE restructuration du même square René Le Gall"
2020_07_il_017,2020,Edition 2019 La rénovation de la Fontaine du Fellah-Vaneau,86690.0,7,20201210000370,STE LOUIS GENESTE ET SES FILS,86020025200093,FONTAINE FELLAH LOT 1 MAÇONNERIE PIERRE TAILLE,2020,97058.19,1.0,confirmed,"overlap=['fellah', 'fontaine'] ; jugé en session : même fontaine du Fellah, rénovation maçonnerie pierre"
2020_06_il_000,2020,"Eglise Saint-Sulpice - Mise en conformité électrique, sécurisation et étude du 289 110 plancher Edifices cultuels Eglise Notre-Dame-des-Champs - Réfection complète de chéneau et réparation du 143 254 grand orgue Bibliothèques Médiathèque André Malraux - 112, rue de Rennes - Acquisition nouvelles collections",82322.0,6,20212021S02882,LACOSTE ET THIEULIN ARCHITECTES,88275617400018,MISE EN CONFORMITE DES INSTALLATION ELEC ST SULPICE,2021,92538.0,1.0,confirmed,"overlap=['conformite', 'sulpice'] ; jugé en session : même église Saint-Sulpice, mise en conformité électrique"
2020_05_il_004,2020,"EE 21, Pontoise - Modernisation du sol de la cour et des menuiseries, travaux d'accessibilité et achat de 217 607 mobilier Lycée Jacques Monod, 12, rue Victor Cousin - Aménagement du local des agents et subvention Lycées Municipaux",80835.0,5,20191210000663,ESPACES TP,75331059800010,CRÉATION D'UN COUR OASIS À EE 21 RUE DE PONTOISE 5ÈME,2019,205506.71,0.85,confirmed,"overlap=['pontoise'] ; jugé en session : même EE 21 Pontoise, cour (oasis)"
2020_05_il_004,2020,"EE 21, Pontoise - Modernisation du sol de la cour et des menuiseries, travaux d'accessibilité et achat de 217 607 mobilier Lycée Jacques Monod, 12, rue Victor Cousin - Aménagement du local des agents et subvention Lycées Municipaux",80835.0,5,20171210000870,NOUVEAU FABRICANT,50883956000044,MENUISERIES EXTÉRIEURES BOIS EE 21 RUE DE PONTOISE 75005,2017,342565.0,0.85,confirmed,"overlap=['pontoise'] ; jugé en session : même EE 21 rue de Pontoise, menuiseries extérieures"
2020_03_il_006,2020,"CC 16, rue de la Perle - Modernisation de l'établissement",79508.0,3,20222022T05456,TRAVAUX BATIMENTS ELECTRICITE SECUR,39436621500041,REPRISE TAVAUX MODERNISATION RDC CC 16 RUE DE LA PERLE 3E,2022,49855.51,0.7,probable,"overlap=['perle'] ; jugé en session : même CC 16 rue de la Perle, modernisation"
2020_04_il_029,2020,Edition 2016 Végétaliser les murs et les toits des écoles Saint-Merri/Renard,79434.0,4,20222022T04281,COCHERY ILE DE FRANCE,41797626300018,TRANSFORMATIONS TERRASSES GS SAINT MERRI EN TERRASES OASIS,2022,676376.28,0.7,probable,"overlap=['merri'] ; jugé en session : même GS Saint-Merri, végétalisation des terrasses en oasis"
2020_19_il_007,2020,"JE 24, rue de Tanger - Modernisation du jardin et de la cuisine",75911.0,19,20191210000599,EUROVIA ILE DE FRANCE,42094822600089,MODERNISATION DU SOL DE LA COUR JE 24 RUE DE TANGER 75019,2019,61519.6,0.85,confirmed,"overlap=['tanger'] ; jugé en session : même JE 24 rue de Tanger, modernisation du sol de la cour"
2020_08_il_014,2020,"EM 12, rue de la Bienfaisance - Mise aux normes des cuisines",72185.0,8,20171210001581,ALMA CONSULTING,41801725700027,GS MOSCOU FLORENCE BIENFAISANCE MOE RESTAURATION CUISINES 8E,2017,116840.71,1.0,confirmed,"overlap=['bienfaisance', 'cuisines'] ; jugé en session : MOE cuisines groupe scolaire nommant Bienfaisance, même opération"
2020_18_il_005,2020,"Bâtiments EM 2, rue Charles Hermite - Remplacement d'une chaudière dans le cadre du plan climat",66669.0,18,20191210029815,CELSIO,38857243000048,MS CHANGEMENT CHAUDIÈRE DU GS 2-4 RUE CHARLES HERMITE,2019,55557.14,1.0,confirmed,"overlap=['charles', 'chaudiere', 'hermite'] ; jugé en session : même école 2-4 rue Charles Hermite, changement de chaudière"
2020_10_il_008,2020,"CC 15, rue Louis Blanc - Travaux de modernisation",60056.0,10,20191210000616,BATIMENTS ETUDES CONSTRUCTIONS,70204781200038,TRAVAUX REHABILITATION CC 15 RUE LOUIS BLANC 75010 PARIS,2019,946920.65,0.9,confirmed,"overlap=['blanc', 'louis'] ; jugé en session : même lieu et même opération : travaux rehabilitation cc 15 rue louis b"
2020_10_il_008,2020,"CC 15, rue Louis Blanc - Travaux de modernisation",60056.0,10,20171210001712,ATELIER WALID GHANEM ARCHITECTES,50771748600041,MAITRISE D'OEUVRE POUR REHABILITAION CRECHE LOUIS BLANC 10E,2017,70000.0,0.9,confirmed,"overlap=['blanc', 'louis'] ; jugé en session : même lieu et même opération : maitrise d'oeuvre pour rehabilitaion cre"
2020_16_il_025,2020,Edition 2016 Création d'une salle de tennis de table pour le 16e arrondissement,50500.0,16,20222022T06186,CISCO BATIMENT,45160661000033,SA4 CREAT SALLE TENNIS/TABLE_COUVERT TEP STADE MUETTE LOT2,2022,295173.0,1.0,confirmed,"overlap=['table', 'tennis'] ; jugé en session : même salle tennis de table Muette, création lot 2"
2020_16_il_025,2020,Edition 2016 Création d'une salle de tennis de table pour le 16e arrondissement,50500.0,16,20222022T06238,TECHNOLOGIE DU BATIMENT ET SERVICES,52450648200040,SA4 CREAT SALLE TENNIS/TABLE COUV STADE MUETTE LOT3,2022,196776.18,1.0,confirmed,"overlap=['table', 'tennis'] ; jugé en session : même salle tennis de table Muette, création"
2020_04_il_007,2020,"CF 22, rue des jardins Saint-Paul - Restructuration partielle",43538.0,4,20181210000883,RENOVER,43122949100037,RESTRUCTURATION CC 22TER RUE DES JARDINS ST PAUL 75004,2018,389356.72,1.0,confirmed,"overlap=['jardins', 'paul', 'restructuration'] ; jugé en session : même crèche jardins Saint-Paul, restructuration"
2020_12_il_025,2020,Piscines Piscine Roger le Gall - Rénovation,42869.0,12,20171410001189,GRUET INGENIERIE,34003652400015,CSP5 MOE RENOVATION DE LA PISCINE ROGER LE GALL PARIS 12,2017,152960.0,0.9,confirmed,"overlap=['gall', 'roger'] ; jugé en session : MOE de la rénovation de la piscine Roger Le Gall"
2020_12_il_025,2020,Piscines Piscine Roger le Gall - Rénovation,42869.0,12,20201410000579,CIOCAN BAT,48233369700027,SA4 RENOV. PISCINE ROGER LEGALL -LOT1: GROS OEUVRE/SECOND OE,2020,159724.0,0.7,probable,"overlap=['roger'] ; jugé en session : même piscine Roger Le Gall, rénovation lot gros œuvre"
2020_16_il_026,2020,Edition 2017 Construction d’une salle de boxe au centre sportif Suchet,38184.0,16,20212021T08898,LAFON TCE,88033226700033,"SA4 STADE SUCHET LOT1: TVX TCE VESTIAIRES, SALLE BOXE, LOCAU",2021,2560681.27,1.0,confirmed,"overlap=['boxe', 'suchet'] ; jugé en session : même stade Suchet, travaux salle de boxe"
2020_16_il_026,2020,Edition 2017 Construction d’une salle de boxe au centre sportif Suchet,38184.0,16,20181410001169,MONCEYRON,32436568300105,CSP5 MMO VESTIAIRES/SALLE BOXE/LOCAUX ANNEXES STADE SUCHET,2018,141400.0,1.0,confirmed,"overlap=['boxe', 'suchet'] ; jugé en session : même stade Suchet, maîtrise d'ouvrage salle de boxe"
2020_08_il_005,2020,"CC 208, rue du Faubourg Saint Honoré - Modernisation de la cuisine, sécurisation des issues de secours, rénovation de la toiture et modernisation",37877.0,8,20191210000620,APPROCHE BATIMENT ASS TECHNOLOGIES,48080837700042,RVX MODERN. CUISINE BUANDERIE/LINGERIE CC 208 FG ST HONORÉ,2019,163790.3,0.85,confirmed,"overlap=['honore'] ; jugé en session : même CC 208 Fg Saint-Honoré, modernisation cuisine"
2020_08_il_000,2020,Edifices cultuels Eglise Saint-Philippe-Du-Roule - Restauration des toitures,36580.0,8,20181320000610,CHAMPAGNE CONSTRUCTION RENOVATION,32088927200037,CSP5 TOITURE EGLISE ST PHILIPPE DU ROULE -LOT 1 MACONNERIE,2018,2479519.48,1.0,confirmed,"overlap=['philippe', 'roule'] ; jugé en session : même église Saint-Philippe-du-Roule, toiture lot maçonnerie"
2020_08_il_000,2020,Edifices cultuels Eglise Saint-Philippe-Du-Roule - Restauration des toitures,36580.0,8,20181320000612,LE BRAS FRERES,32018244700021,CSP5 TOITURE EGLISE ST PHILIPPE DU ROULE - LOT3 COUVERTURE,2018,1309955.16,1.0,confirmed,"overlap=['philippe', 'roule'] ; jugé en session : même église Saint-Philippe-du-Roule, toiture lot couverture"
2020_08_il_000,2020,Edifices cultuels Eglise Saint-Philippe-Du-Roule - Restauration des toitures,36580.0,8,20181320000611,ATELIERS PERRAULT FRERES,06120108300013,CSP5 TOITURE EGLISE ST PHILIPPE DU ROULE -LOT 2- CHARPENTE,2018,743259.01,1.0,confirmed,"overlap=['philippe', 'roule'] ; jugé en session : même église Saint-Philippe-du-Roule, toiture lot charpente"
2020_08_il_000,2020,Edifices cultuels Eglise Saint-Philippe-Du-Roule - Restauration des toitures,36580.0,8,20181320000613,ATELIERS PERRAULT FRERES,06120108300013,CSP5 TOITURE EGLISE ST PHILIPPE DU ROULE - LOT 4 MENUISERIES,2018,201452.33,1.0,confirmed,"overlap=['philippe', 'roule'] ; jugé en session : même église Saint-Philippe-du-Roule, toiture lot menuiseries"
2020_08_il_000,2020,Edifices cultuels Eglise Saint-Philippe-Du-Roule - Restauration des toitures,36580.0,8,20181320000732,VITRAILFRANCE,31703045000132,CSP5 TX RESTAURATION TOITURES EGLISE ST P. DU ROULE LOT 06,2018,222797.8,0.7,probable,"overlap=['roule'] ; jugé en session : même église Saint-Philippe-du-Roule, restauration toitures lot 6"
2020_08_il_015,2020,"Opérations individualisées 1er degré EM 7, rue de Moscou - Mise aux normes des cuisines",35461.0,8,20171210001581,ALMA CONSULTING,41801725700027,GS MOSCOU FLORENCE BIENFAISANCE MOE RESTAURATION CUISINES 8E,2017,116840.71,1.0,confirmed,"overlap=['cuisines', 'moscou'] ; jugé en session : MOE cuisines groupe scolaire nommant Moscou, même opération"
2020_02_il_007,2020,Piscines Bassin Ecole Jean Dame - Divers travaux de réfection,26111.0,2,20181410000618,J2M ENTREPRISE,38154538300055,TX REMPLACEMENT CHÂSSIS VITRÉS AU CS JEAN DAME 75002,2018,42105.0,0.9,confirmed,"overlap=['dame', 'jean'] ; jugé en session : même CS Jean Dame, réfection par remplacement des châssis"
2020_04_il_026,2020,Edition 2017 Aménagement du grenier de l'école des Tournelles,7048.0,4,20191210000786,ABC BATIMENT,38492320700037,AMÉNAGEMENT DES COMBLES DU GS TOURNELLES-VOSGES 75004,2019,184953.0,0.85,confirmed,"overlap=['tournelles'] ; jugé en session : même école Tournelles, aménagement des combles/grenier"
2020_17_il_010,2020,Opérations foncières Boulevard de la Somme - Travaux chaussée,35798021.0,17,,,,,,,,no_match,aucun candidat retenu (score >= 0.60 puis jugement en session)
2020_04_il_025,2020,Opérations d'aménagement Place de la Bastille - Etude préalable et travaux d'aménagement,7448380.0,4,,,,,,,,no_match,aucun candidat retenu (score >= 0.60 puis jugement en session)
2020_17_il_024,2020,Créations d'espaces verts Parc Martin Luther King - Aménagement (phase 3),6503112.0,17,,,,,,,,no_match,aucun candidat retenu (score >= 0.60 puis jugement en session)
2020_08_il_008,2020,Compte foncier ZAC Beaujon - Acquisition terrain,6093554.0,8,,,,,,,,no_match,aucun candidat retenu (score >= 0.60 puis jugement en session)
2020_13_il_017,2020,Programme Bruneseau Nord - Construction d'une école polyvalente de 8 classes,2986805.0,13,,,,,,,,no_match,aucun candidat retenu (score >= 0.60 puis jugement en session)
2020_15_il_017,2020,MA Périchaux-Lefebvre - Construction d'un multi accueil,2756999.0,15,,,,,,,,no_match,aucun candidat retenu (score >= 0.60 puis jugement en session)
2020_18_il_020,2020,"CC 23/27, rue de l'Evangile - Reconstruction",2447522.0,18,,,,,,,,no_match,aucun candidat retenu (score >= 0.60 puis jugement en session)
2020_14_il_020,2020,Piscines Bassin école Elisabeth - Construction,2387172.0,14,,,,,,,,no_match,aucun candidat retenu (score >= 0.60 puis jugement en session)
2020_08_il_012,2020,Eglise Sainte-Marie-Madeleine - Restauration des façades et du chéneau de la 199 660 Edifices cultuels corniche Est et nettoyage du vide sanitaire Eglise Saint-Philippe-du-Roule - Restauration des toitures,2039420.0,8,,,,,,,,no_match,aucun candidat retenu (score >= 0.60 puis jugement en session)
2020_15_il_020,2020,Piscines Piscine Blomet - Travaux de restructuration,2018591.0,15,,,,,,,,no_match,aucun candidat retenu (score >= 0.60 puis jugement en session)
2020_17_il_021,2020,ZAC Clichy-Batignolles - Construction d'une école maternelle,1961866.0,17,,,,,,,,no_match,aucun candidat retenu (score >= 0.60 puis jugement en session)
2020_16_il_007,2020,Piscines Piscine d'Auteuil - Remplacement des 5 filtres à sable et réfection de la toiture de la verrière,1923850.0,16,,,,,,,,no_match,aucun candidat retenu (score >= 0.60 puis jugement en session)
2020_15_il_018,2020,"Etablissements de petite enfance MA 18, rue de l'ingénieur Robert Keller - Construction d'un multi accueil",1812096.0,15,,,,,,,,no_match,aucun candidat retenu (score >= 0.60 puis jugement en session)
2020_03_il_012,2020,"Boulevard Beaumarchais - Projet ""Rocade des Gares"" : Ligne de transport en commun à haut Déplacements",1788081.0,3,,,,,,,,no_match,aucun candidat retenu (score >= 0.60 puis jugement en session)
2020_12_il_013,2020,Vélos Rue Van Gogh - Création d'une vélostation,1766748.0,12,,,,,,,,no_match,aucun candidat retenu (score >= 0.60 puis jugement en session)
2020_20_il_020,2020,"Etablissements de petite MA 21-29, rue de la Justice - Construction d'un multi-accueil",1748525.0,20,,,,,,,,no_match,aucun candidat retenu (score >= 0.60 puis jugement en session)
2020_15_il_013,2020,Maine Montparnasse - Création de station vélo,1514420.0,15,,,,,,,,no_match,aucun candidat retenu (score >= 0.60 puis jugement en session)
2020_01_il_005,2020,Rue de Viarmes,1511035.0,1,,,,,,,,no_match,aucun candidat retenu (score >= 0.60 puis jugement en session)
2020_07_il_002,2020,Fondation Nationale des Sciences Politiques - Réalisation d'un Travaux opérations individualisées,1500000.0,7,,,,,,,,no_match,aucun candidat retenu (score >= 0.60 puis jugement en session)
2020_10_il_017,2020,Mairies modernisation Mairie du 10ème arrondissement - Restauration des façades et des menuiseries,1452886.0,10,,,,,,,,no_match,aucun candidat retenu (score >= 0.60 puis jugement en session)
2020_10_il_019,2020,Créations d'espaces verts Jardin Alban Satragne - Travaux d'extension,1397177.0,10,,,,,,,,no_match,aucun candidat retenu (score >= 0.60 puis jugement en session)
2020_17_il_025,2020,Opérations financières Réinventer Paris / Clichy-Batignolles,1344809.0,17,,,,,,,,no_match,aucun candidat retenu (score >= 0.60 puis jugement en session)
2020_13_il_037,2020,Edition 2018 Des chaussées rénovées !,1337299.0,13,,,,,,,,no_match,aucun candidat retenu (score >= 0.60 puis jugement en session)
2020_19_il_016,2020,Bibliothèques Création de la médiathèque Jean Quarré,1325511.0,19,,,,,,,,no_match,aucun candidat retenu (score >= 0.60 puis jugement en session)
2020_07_il_013,2020,Gymnases et salles de sports Ilôt St Germain - Construction d'un gymnase,1251188.0,7,,,,,,,,no_match,aucun candidat retenu (score >= 0.60 puis jugement en session)
2020_18_il_023,2020,Gymnases et salles de sports Gymnase Chapelle International - Construction,1244779.0,18,,,,,,,,no_match,aucun candidat retenu (score >= 0.60 puis jugement en session)
2020_20_il_022,2020,Gymnases et salles de CS des Docteurs Augusta et Jules Déjerine - Travaux de réaménagement,1218330.0,20,,,,,,,,no_match,aucun candidat retenu (score >= 0.60 puis jugement en session)
2020_18_il_018,2020,Créations d'espaces verts Gymnase Madeleine Reberioux - Extension d'un jardin public,1208726.0,18,,,,,,,,no_match,aucun candidat retenu (score >= 0.60 puis jugement en session)
2020_11_il_005,2020,"Culture, vie sociale 82-84 Boulevard Voltaire - Démolition et travaux",1148911.0,11,,,,,,,,no_match,aucun candidat retenu (score >= 0.60 puis jugement en session)
2020_15_il_028,2020,Edition 2016 Végétaliser les boulevards Vaugirard et Pasteur,1058198.0,15,,,,,,,,no_match,aucun candidat retenu (score >= 0.60 puis jugement en session)
2020_18_il_027,2020,Subvention d'investissement Marché de l'Olive,1000000.0,18,,,,,,,,no_match,aucun candidat retenu (score >= 0.60 puis jugement en session)
2020_10_il_022,2020,Edition 2017 Coup de culture,984772.0,10,,,,,,,,no_match,aucun candidat retenu (score >= 0.60 puis jugement en session)
2020_13_il_018,2020,"Opérations individualisées 1er EE 8, rue Kuss - Restructuration du groupe scolaire",961618.0,13,,,,,,,,no_match,aucun candidat retenu (score >= 0.60 puis jugement en session)
2020_09_il_008,2020,Piscine Georges Drigny - Travaux de modernisation,959315.0,9,,,,,,,,no_match,aucun candidat retenu (score >= 0.60 puis jugement en session)
2020_11_il_016,2020,Rue du Faubourg Saint-Antoine (entre la place de la Bastille et la rue Faidherbe) - Réaménagement de la 855 558 Opérations voirie d'aménagement Boulevard de Belleville - Réaménagement,931131.0,11,,,,,,,,no_match,aucun candidat retenu (score >= 0.60 puis jugement en session)
2020_11_il_020,2020,Edition 2016 Une promenade plantée pour le boulevard de Charonne,920955.0,11,,,,,,,,no_match,aucun candidat retenu (score >= 0.60 puis jugement en session)
2020_19_il_001,2020,"EM Eugénie Cotton - Travaux suite à sinistre, rénovation du Système de Sécurité Incendie, acquisition de 492 166 matériel EE 119, avenue Simon Bolivar - Modernisation des menuiseries extérieures, travaux ventilation cuisine 382 056 Bolivar Entretien 1er degré EM 11, Cité Lepage - Travaux multiples suitre à sinistre et achat de mobiliers",917743.0,19,,,,,,,,no_match,aucun candidat retenu (score >= 0.60 puis jugement en session)
2020_13_il_025,2020,"Etablissements de petite MA 48, boulevard Vincent Auriol - Construction d'un multi-accueil",896678.0,13,,,,,,,,no_match,aucun candidat retenu (score >= 0.60 puis jugement en session)
2020_13_il_016,2020,Bibliothèques Bibliothèque Paul Bourget - Avance sur travaux de construction,878050.0,13,,,,,,,,no_match,aucun candidat retenu (score >= 0.60 puis jugement en session)
2020_07_il_011,2020,Quai Branly - Travaux dans le cadre du Plan Vélo,862969.0,7,,,,,,,,no_match,aucun candidat retenu (score >= 0.60 puis jugement en session)
2020_01_il_004,2020,Déplacements Quai Aimé Cesaire - Ligne de transport en commun à haut niveau de service (LHNS),853583.0,1,,,,,,,,no_match,aucun candidat retenu (score >= 0.60 puis jugement en session)
2020_19_il_024,2020,Boulevard Macdonald - Aménagement de la Promenade Sud,838723.0,19,,,,,,,,no_match,aucun candidat retenu (score >= 0.60 puis jugement en session)
2020_20_il_018,2020,Subvention Vital'Quartier,800000.0,20,,,,,,,,no_match,aucun candidat retenu (score >= 0.60 puis jugement en session)
2020_20_il_009,2020,Vélos Travaux pour la création de nouvelles pistes cyclables dans le cadre du plan de lutte contre la crise sanitaire,742374.0,20,,,,,,,,no_match,aucun candidat retenu (score >= 0.60 puis jugement en session)
2020_07_il_010,2020,Vélos Quai d'Orsay - Travaux dans le cadre du Plan Vélo,734437.0,7,,,,,,,,no_match,aucun candidat retenu (score >= 0.60 puis jugement en session)
2020_08_il_009,2020,Avenue des Champs Elysées - Travaux dans le cadre du Plan Vélo,718578.0,8,,,,,,,,no_match,aucun candidat retenu (score >= 0.60 puis jugement en session)
2020_15_il_029,2020,En piste pour encore plus d'aménagements cyclables,703664.0,15,,,,,,,,no_match,aucun candidat retenu (score >= 0.60 puis jugement en session)
2020_20_il_021,2020,enfance MA Hopitâl Bichat - Construction d'un multi-accueil,699941.0,20,,,,,,,,no_match,aucun candidat retenu (score >= 0.60 puis jugement en session)
2020_14_il_022,2020,Projets Urbains Réinventer Montparnasse,674327.0,14,,,,,,,,no_match,aucun candidat retenu (score >= 0.60 puis jugement en session)
2020_20_il_023,2020,sports CS des Amandiers - Travaux de restructuration,668948.0,20,,,,,,,,no_match,aucun candidat retenu (score >= 0.60 puis jugement en session)
2020_02_il_011,2020,Edition 2015 Paris aux piétons,667854.0,2,,,,,,,,no_match,aucun candidat retenu (score >= 0.60 puis jugement en session)
2020_14_il_014,2020,"Conservatoire du 14ème - Construction, acquisition de collections, d'équipements audiovisuels et de Enseignement artistique",662993.0,14,,,,,,,,no_match,aucun candidat retenu (score >= 0.60 puis jugement en session)
2020_14_il_023,2020,Avenue du Général Leclerc - Rénovation de l'avenue,653309.0,14,,,,,,,,no_match,aucun candidat retenu (score >= 0.60 puis jugement en session)
2020_19_il_026,2020,Opérations d'aménagement Rue d'Aubervilliers - Aménagement du secteur Eole-Evangile,652041.0,19,,,,,,,,no_match,aucun candidat retenu (score >= 0.60 puis jugement en session)
2020_13_il_020,2020,Mairies Mairie du 13ème arrondissement - Ravalement des façades,649737.0,13,,,,,,,,no_match,aucun candidat retenu (score >= 0.60 puis jugement en session)
2020_20_il_025,2020,d'aménagement Python Duvernois - Réaménagement de la rue Serpollet,611547.0,20,,,,,,,,no_match,aucun candidat retenu (score >= 0.60 puis jugement en session)
2020_18_il_011,2020,Travaux pour la création de nouvelles pistes cyclables dans le cadre du plan de lutte contre la crise sanitaire,606309.0,18,,,,,,,,no_match,aucun candidat retenu (score >= 0.60 puis jugement en session)
2020_19_il_027,2020,Estacade Triangle Eole Evangile - Participation à l'aménagement,599749.0,19,,,,,,,,no_match,aucun candidat retenu (score >= 0.60 puis jugement en session)
2020_05_il_015,2020,Vélos Quais Saint-Bernard - Travaux dans le cadre du Plan Vélo,595218.0,5,,,,,,,,no_match,aucun candidat retenu (score >= 0.60 puis jugement en session)
2020_18_il_021,2020,Etablissements de petite enfance CC Hopitâl Bichat - Construction,546050.0,18,,,,,,,,no_match,aucun candidat retenu (score >= 0.60 puis jugement en session)
2020_02_il_009,2020,Edition 2018 Un local neuf pour l'AS Centre et les jeunes,539044.0,2,,,,,,,,no_match,aucun candidat retenu (score >= 0.60 puis jugement en session)
2020_18_il_040,2020,"Edition 2018 Améliorons les jardins Eole, Hermite et rue des Poissonniers",515350.0,18,,,,,,,,no_match,aucun candidat retenu (score >= 0.60 puis jugement en session)
2020_15_il_014,2020,"Opérations individualisées 1er EM 3, place du Cardinal Amette - Restructuration du groupe scolaire",513917.0,15,,,,,,,,no_match,aucun candidat retenu (score >= 0.60 puis jugement en session)
2020_17_il_003,2020,"EE 112, boulevard Berthier - Restructuration des sanitaires cour, renouvellement des menuiseries, 122 785 ravalement des façades EE 20, rue Jouffroy d'Abbans - Réfection des menuiseries extérieures et achat de mobilier",504966.0,17,,,,,,,,no_match,aucun candidat retenu (score >= 0.60 puis jugement en session)
2020_17_il_020,2020,Vélos Création de pistes cyclables dans le cadre du plan de lutte contre la crise sanitaire,498941.0,17,,,,,,,,no_match,aucun candidat retenu (score >= 0.60 puis jugement en session)
2020_12_il_038,2020,Edition 2015 La reconquête de la Petite Ceinture !,496694.0,12,,,,,,,,no_match,aucun candidat retenu (score >= 0.60 puis jugement en session)
2020_06_il_007,2020,Vélos Quai de Conti - Travaux dans le cadre du Réseau Express Vélo,496004.0,6,,,,,,,,no_match,aucun candidat retenu (score >= 0.60 puis jugement en session)
2020_14_il_031,2020,"Embellir, végétaliser : extension du square Aspirant Dunand vers la place Gilbert-Perroy",494622.0,14,,,,,,,,no_match,aucun candidat retenu (score >= 0.60 puis jugement en session)
2020_10_il_026,2020,Edition 2018 Embellir et sécuriser le boulevard de Magenta,490259.0,10,,,,,,,,no_match,aucun candidat retenu (score >= 0.60 puis jugement en session)
2020_20_il_031,2020,Une coulée verte sur la rue Sorbier et la Petite Ceinture,485595.0,20,,,,,,,,no_match,aucun candidat retenu (score >= 0.60 puis jugement en session)
2020_20_il_034,2020,Edition 2015 Aménager les toits des immeubles autour du square de la Salamandre,480000.0,20,,,,,,,,no_match,aucun candidat retenu (score >= 0.60 puis jugement en session)
2020_15_il_000,2020,"Médiathèque Beaugrenelle - Cablage pour automatisation, modernisation des menuiseries extérieures et Bibliothèques",479177.0,15,,,,,,,,no_match,aucun candidat retenu (score >= 0.60 puis jugement en session)
2020_15_il_005,2020,"Mairie du 15ème arrondissement - Travaux d'encloisonnement de l'escalier, adaptation du schéma Mairies",463762.0,15,,,,,,,,no_match,aucun candidat retenu (score >= 0.60 puis jugement en session)
2020_03_il_014,2020,"Edition 2016 Parvis St-Nicolas-des-Champs : un lieu apaisé, convivial et vert",451166.0,3,,,,,,,,no_match,aucun candidat retenu (score >= 0.60 puis jugement en session)
2020_09_il_020,2020,Réaliser des aménagements dans le secteur gare Saint-Lazare / place de Edition 2017,444937.0,9,,,,,,,,no_match,aucun candidat retenu (score >= 0.60 puis jugement en session)
2020_13_il_027,2020,"Stades Stade Boutroux 1, avenue Boutroux - mise aux normes FFF des vestiaires",442512.0,13,,,,,,,,no_match,aucun candidat retenu (score >= 0.60 puis jugement en session)
2020_03_il_011,2020,Mairies Mairie du 3ème arrondissement - Travaux dans le cadre de la fusion 1234,441659.0,3,,,,,,,,no_match,aucun candidat retenu (score >= 0.60 puis jugement en session)
2020_11_il_023,2020,"Rénover les trottoirs rues Saint-Maur, Oberkampf et Timbaud",433569.0,11,,,,,,,,no_match,aucun candidat retenu (score >= 0.60 puis jugement en session)
2020_13_il_031,2020,Edition 2016 Améliorer l'accueil des enfants dans trois écoles du 13e,426469.0,13,,,,,,,,no_match,aucun candidat retenu (score >= 0.60 puis jugement en session)
2020_12_il_039,2020,Edition 2017 Plus de nature en ville,422662.0,12,,,,,,,,no_match,aucun candidat retenu (score >= 0.60 puis jugement en session)
2020_12_il_036,2020,Edition 2019 Rénovons les équipements sportifs et aquatiques du 12ème,417746.0,12,,,,,,,,no_match,aucun candidat retenu (score >= 0.60 puis jugement en session)
2020_06_il_012,2020,Travaux opérations individualisées Université Réné Descartes - Travaux de modernisation distribution électrique,408673.0,6,,,,,,,,no_match,aucun candidat retenu (score >= 0.60 puis jugement en session)
2020_18_il_013,2020,Boulevard périphérique - Réfection de la chaussée et implantation de caméras pour enquête de trafic et mise Opérations d'aménagement,407776.0,18,,,,,,,,no_match,aucun candidat retenu (score >= 0.60 puis jugement en session)
2020_15_il_026,2020,Edition 2017 Réaménager le parc Georges Brassens,399964.0,15,,,,,,,,no_match,aucun candidat retenu (score >= 0.60 puis jugement en session)
2020_19_il_031,2020,Edition 2019 Des sanitaires neufs pour les écoles du 19 ème,389181.0,19,,,,,,,,no_match,aucun candidat retenu (score >= 0.60 puis jugement en session)
2020_14_il_025,2020,Îlot Gaité Montparnasse - Aménagement de voirie avenue du Maine,382107.0,14,,,,,,,,no_match,aucun candidat retenu (score >= 0.60 puis jugement en session)
2020_17_il_034,2020,Edition 2019 Le terrain de foot du stade de la Porte d'Asnières rénové,379959.0,17,,,,,,,,no_match,aucun candidat retenu (score >= 0.60 puis jugement en session)
2020_14_il_016,2020,"Opérations individualisées 1er EE 7, avenue Maurice d'Ocagne - Restructuration de la restauration",371037.0,14,,,,,,,,no_match,aucun candidat retenu (score >= 0.60 puis jugement en session)
2020_15_il_027,2020,Edition 2018 Rénover le gymnase sportif Rigoulot,370630.0,15,,,,,,,,no_match,aucun candidat retenu (score >= 0.60 puis jugement en session)
2020_14_il_024,2020,Opérations d'aménagement Square Auguste Renoir-Broussais - Opération d'aménagement (phase 2),364758.0,14,,,,,,,,no_match,aucun candidat retenu (score >= 0.60 puis jugement en session)
2020_20_il_003,2020,"Mairies Réaménagement dans le cadre du schéma fonctionnel, ravalement et modernisation des menuiseries",361607.0,20,,,,,,,,no_match,aucun candidat retenu (score >= 0.60 puis jugement en session)
2020_19_il_020,2020,Créations d'espaces verts Végétalisation de la porte d'Aubervilliers,360727.0,19,,,,,,,,no_match,aucun candidat retenu (score >= 0.60 puis jugement en session)
2020_05_il_017,2020,Opérations individualisées 1er degré Lycée municipal Lucas de Nehou - Travaux de plomberie,359927.0,5,,,,,,,,no_match,aucun candidat retenu (score >= 0.60 puis jugement en session)
2020_19_il_035,2020,Edition 2017 Végétalisation de la rue Fessart,359559.0,19,,,,,,,,no_match,aucun candidat retenu (score >= 0.60 puis jugement en session)
2020_04_il_021,2020,Créations d'espaces verts Jardin des arts Albert Schweitzer - Travaux d'aménagement,359306.0,4,,,,,,,,no_match,aucun candidat retenu (score >= 0.60 puis jugement en session)
2020_13_il_021,2020,Créations d'espaces verts Jardin Paul Bourget - Aménagement d'un nouveau jardin,356983.0,13,,,,,,,,no_match,aucun candidat retenu (score >= 0.60 puis jugement en session)
2020_18_il_006,2020,"Modernisation d'une cage d'escalier, remplacement des classeurs rotatifs, étude d'accessibité PMR, Mairies",349952.0,18,,,,,,,,no_match,aucun candidat retenu (score >= 0.60 puis jugement en session)
2020_05_il_022,2020,Edition 2018 Rénover et rendre accessibles les équipements sportifs du 5ème,341811.0,5,,,,,,,,no_match,aucun candidat retenu (score >= 0.60 puis jugement en session)
2020_04_il_004,2020,"EE 16, rue du Renard - Restructuration de la cuisine et mordenisation des WC et acquisition de mobiler",339392.0,4,,,,,,,,no_match,aucun candidat retenu (score >= 0.60 puis jugement en session)
2020_01_il_002,2020,Vélos Boulevard de Sébastopol - Aménagement d’une piste cyclable,339173.0,1,,,,,,,,no_match,aucun candidat retenu (score >= 0.60 puis jugement en session)
2020_13_il_002,2020,"EE 3, rue Emile Levassor - Modernisation totale des installations électrique et du système de sécurité 147 884 incendie Entretien 1er degré EP 8 Kuss - Travaux de restructuration, études et achat de matériel informatique",336711.0,13,,,,,,,,no_match,aucun candidat retenu (score >= 0.60 puis jugement en session)
2020_10_il_029,2020,Edition 2017 Réaménager la rue de Mazagran et le parvis de La Poste Bonne Nouvelle,329567.0,10,,,,,,,,no_match,aucun candidat retenu (score >= 0.60 puis jugement en session)
2020_14_il_018,2020,Mairies modernisation Maire du 14ème arrondissement - Remplacement des menuisereries intérieures,327332.0,14,,,,,,,,no_match,aucun candidat retenu (score >= 0.60 puis jugement en session)
2020_19_il_005,2020,"Mairies Mairie du 19ème arrondissement - Mise en accessibilité, réfection du parquet de la salle Bar et du couloir",325902.0,19,,,,,,,,no_match,aucun candidat retenu (score >= 0.60 puis jugement en session)
2020_14_il_029,2020,Prolongement de la coulée verte jusqu’au jardinet Brune-Vercingétorix,325134.0,14,,,,,,,,no_match,aucun candidat retenu (score >= 0.60 puis jugement en session)
2020_11_il_015,2020,"enfance CC 9, rue Servan - Travaux de restructuration",322801.0,11,,,,,,,,no_match,aucun candidat retenu (score >= 0.60 puis jugement en session)
2020_14_il_036,2020,Paris aux piétons,322705.0,14,,,,,,,,no_match,aucun candidat retenu (score >= 0.60 puis jugement en session)
2020_18_il_007,2020,"restructuration des sanitaires publics, travaux pur commission de sécurité Maison des associations Restructuration de l'accueil du rez-de-chaussée et acquisition de mobilier",320247.0,18,,,,,,,,no_match,aucun candidat retenu (score >= 0.60 puis jugement en session)
2020_01_il_006,2020,Opérations d'aménagement Aménagement et végétalisation des berges de Seine,319477.0,1,,,,,,,,no_match,aucun candidat retenu (score >= 0.60 puis jugement en session)
2020_16_il_002,2020,"EM 18, rue Serge Prolokiev - Modernisation des faux plafonds, éclairages, des sols des classes, du 394 234 réfectoire, des sanitaires,et acquisition de matériel EE 164, boulevard Murat - Investigations suite au mouvement du sol",319129.0,16,,,,,,,,no_match,aucun candidat retenu (score >= 0.60 puis jugement en session)
2020_13_il_032,2020,Edition 2018 Loisirs pour les enfants valides et handicapés,317850.0,13,,,,,,,,no_match,aucun candidat retenu (score >= 0.60 puis jugement en session)
2020_20_il_015,2020,"individualisées 1er degré EE 38, rue de Tourtille - Confortation de l'école",317118.0,20,,,,,,,,no_match,aucun candidat retenu (score >= 0.60 puis jugement en session)
2020_07_il_009,2020,Quai Anatole France - Travaux dans le cadre du Plan Vélo,315966.0,7,,,,,,,,no_match,aucun candidat retenu (score >= 0.60 puis jugement en session)
2020_06_il_017,2020,Edition 2015 Paris aux piétons,315488.0,6,,,,,,,,no_match,aucun candidat retenu (score >= 0.60 puis jugement en session)
2020_08_il_017,2020,Edition 2014 Des kiosques pour faire la fête,315039.0,8,,,,,,,,no_match,aucun candidat retenu (score >= 0.60 puis jugement en session)
2020_13_il_024,2020,Paris Rive Gauche / Bruneseau Nord - Construction d'une crèche collective,313403.0,13,,,,,,,,no_match,aucun candidat retenu (score >= 0.60 puis jugement en session)
2020_06_il_004,2020,"Mairie du 6ème arrondissement - Aménagement de locaux, mise en accessibilité et Mairies",310577.0,6,,,,,,,,no_match,aucun candidat retenu (score >= 0.60 puis jugement en session)
2020_17_il_026,2020,Gymnases et salles de sports Centre sportif Max Rousié - Reconstruction de la tribune,310269.0,17,,,,,,,,no_match,aucun candidat retenu (score >= 0.60 puis jugement en session)
2020_19_il_018,2020,Entretien 1er degré EP 141-155 boulevard Mac Donald - Reconversion des entrepôts,307194.0,19,,,,,,,,no_match,aucun candidat retenu (score >= 0.60 puis jugement en session)
2020_16_il_010,2020,d'aménagement Rue du Ranelagh - Aménagement,304906.0,16,,,,,,,,no_match,aucun candidat retenu (score >= 0.60 puis jugement en session)
2020_14_il_005,2020,Entretien d'espaces verts Rénovation des jardinières de l'avenue René Coty,304184.0,14,,,,,,,,no_match,aucun candidat retenu (score >= 0.60 puis jugement en session)
2020_16_il_012,2020,Vélos Georges Pompidou (quai St Exupéry) - Aménagement de la piste cyclable,303508.0,16,,,,,,,,no_match,aucun candidat retenu (score >= 0.60 puis jugement en session)
2020_13_il_010,2020,Patrimoine de voirie EE Porte d'Ivry - Plan Climat (chauffage) et entretien des bâtiments (ravalements),303485.0,13,,,,,,,,no_match,aucun candidat retenu (score >= 0.60 puis jugement en session)
2020_19_il_019,2020,Mairies Mairie du 19ème arrondissement - Travaux d'accessibilité,296894.0,19,,,,,,,,no_match,aucun candidat retenu (score >= 0.60 puis jugement en session)
2020_04_il_020,2020,Opérations individualisées 2ème degré Lycée Théophile Gaultier - Réaménagement de l'annexe,296267.0,4,,,,,,,,no_match,aucun candidat retenu (score >= 0.60 puis jugement en session)
2020_12_il_040,2020,Edition 2019 Améliorons l’environnement des usages du Bois de Vincennes,295348.0,12,,,,,,,,no_match,aucun candidat retenu (score >= 0.60 puis jugement en session)
2020_07_il_004,2020,Jardin Catherine Laboure - Travaux de dépollution des sols,292320.0,7,,,,,,,,no_match,aucun candidat retenu (score >= 0.60 puis jugement en session)
2020_10_il_003,2020,"EE 19, passage des Recollets - Rénovation et reprise de l'étanchéité de la cour",291694.0,10,,,,,,,,no_match,aucun candidat retenu (score >= 0.60 puis jugement en session)
2020_14_il_009,2020,Gymnases et salles de sports Gymnase Huyghens - réaménagement de la salle de musculation et de la salle de gymnastique,290794.0,14,,,,,,,,no_match,aucun candidat retenu (score >= 0.60 puis jugement en session)
2020_19_il_015,2020,Rue Léon Giraud - Travaux de réfection de la chaussée,289996.0,19,,,,,,,,no_match,aucun candidat retenu (score >= 0.60 puis jugement en session)
2020_12_il_012,2020,Route de la Pyramide - Création d'une piste cyclable,289784.0,12,,,,,,,,no_match,aucun candidat retenu (score >= 0.60 puis jugement en session)
2020_15_il_012,2020,Patrimoine de voirie Rue de Vaugirard - Aménagement d'une piste cyclable,285391.0,15,,,,,,,,no_match,aucun candidat retenu (score >= 0.60 puis jugement en session)
2020_20_il_038,2020,Edition 2017 Remplacer les éclairages les plus polluants,283763.0,20,,,,,,,,no_match,aucun candidat retenu (score >= 0.60 puis jugement en session)
2020_19_il_030,2020,Edition 2018 Ré-enchanter les cours de récré des écoles de nos quartiers,283447.0,19,,,,,,,,no_match,aucun candidat retenu (score >= 0.60 puis jugement en session)
2020_19_il_033,2020,Edition 2016 Une coulée verte de la Villette aux Buttes-Chaumont,280006.0,19,,,,,,,,no_match,aucun candidat retenu (score >= 0.60 puis jugement en session)
2020_08_il_002,2020,"EP 10, rue Paul Baudry - Rénovation des faux plafonds et du mur de la cour, 170 044 modernisation des menuiseries et des sanitaires EM 16, rue Roquepine - modernisation des 2 cours, de la terrasse, Entretien 1er degré",278697.0,8,,,,,,,,no_match,aucun candidat retenu (score >= 0.60 puis jugement en session)
2020_20_il_035,2020,Edition 2018 Des fontaines pour les placettes du 20ème,276063.0,20,,,,,,,,no_match,aucun candidat retenu (score >= 0.60 puis jugement en session)
2020_18_il_045,2020,Edition 2018 Montmartre accessible à tous - Phase 3,271761.0,18,,,,,,,,no_match,aucun candidat retenu (score >= 0.60 puis jugement en session)
2020_17_il_037,2020,Edition 2017 Sécurisation du secteur Moines / Guy Môquet / Davy,270362.0,17,,,,,,,,no_match,aucun candidat retenu (score >= 0.60 puis jugement en session)
2020_12_il_030,2020,Coups de culture,269856.0,12,,,,,,,,no_match,aucun candidat retenu (score >= 0.60 puis jugement en session)
2020_15_il_016,2020,Entretien d'espaces verts Parc André Citroën - Travaux d'extension,266289.0,15,,,,,,,,no_match,aucun candidat retenu (score >= 0.60 puis jugement en session)
2020_18_il_039,2020,Edition 2017 Sous les pavés les fleurs !,265598.0,18,,,,,,,,no_match,aucun candidat retenu (score >= 0.60 puis jugement en session)
2020_12_il_009,2020,"de mobilier sports CS Alain Mimoun - Réfection du sol et de l'éclairage, acquisition de mobilier",260954.0,12,,,,,,,,no_match,aucun candidat retenu (score >= 0.60 puis jugement en session)
2020_18_il_044,2020,Edition 2015 Paris aux piétons !,260476.0,18,,,,,,,,no_match,aucun candidat retenu (score >= 0.60 puis jugement en session)
2020_19_il_014,2020,Patrimoine de voirie Rue Mouzaia - Réfection des trottoirs,256964.0,19,,,,,,,,no_match,aucun candidat retenu (score >= 0.60 puis jugement en session)
2020_19_il_021,2020,"CC 47bis, rue de l'Ourcq - Travaux de remise en état (suite)",254289.0,19,,,,,,,,no_match,aucun candidat retenu (score >= 0.60 puis jugement en session)
2020_05_il_014,2020,Quais de Tournelle - Montebello - Travaux dans le cadre du Plan Vélo,253102.0,5,,,,,,,,no_match,aucun candidat retenu (score >= 0.60 puis jugement en session)
2020_20_il_037,2020,Edition 2018 Rénovation de la rue de Belleville,251883.0,20,,,,,,,,no_match,aucun candidat retenu (score >= 0.60 puis jugement en session)
2020_03_il_013,2020,niveau de service (LHNS) Opérations d'aménagement Rue de Picardie (Carreau du Temple) - Travaux d'aménagement,250961.0,3,,,,,,,,no_match,aucun candidat retenu (score >= 0.60 puis jugement en session)
2020_19_il_023,2020,Piscines Piscine Georges Hermant - Travaux de réhabilitation,250784.0,19,,,,,,,,no_match,aucun candidat retenu (score >= 0.60 puis jugement en session)
2020_13_il_000,2020,Bibliothèques Médiathèque Jean-Pierre Melville - Acquisition de nouvelles collections et de mobilier divers,250129.0,13,,,,,,,,no_match,aucun candidat retenu (score >= 0.60 puis jugement en session)
2020_18_il_031,2020,Edition 2017 Refabriquons à Paris,250000.0,18,,,,,,,,no_match,aucun candidat retenu (score >= 0.60 puis jugement en session)
2020_17_il_035,2020,Edition 2018 Rénover le solarium de la piscine Bernard Lafay,243703.0,17,,,,,,,,no_match,aucun candidat retenu (score >= 0.60 puis jugement en session)
2020_09_il_010,2020,Rue de Trévise - Travaux de réfection de la voirie,239879.0,9,,,,,,,,no_match,aucun candidat retenu (score >= 0.60 puis jugement en session)
2020_10_il_015,2020,Vélo Boulevard de Strasbourg - Aménagement d'une piste cyclable à double sens dans 182 638 le cadre du Plan Vélo Opérations d'aménagement Passerelles du Canal Saint-Martin - Rénovation de 3 passerelles métaliques,239121.0,10,,,,,,,,no_match,aucun candidat retenu (score >= 0.60 puis jugement en session)
2020_17_il_027,2020,Centres d'animation Centre Paris Anim' Mado Robin - Construction,236902.0,17,,,,,,,,no_match,aucun candidat retenu (score >= 0.60 puis jugement en session)
2020_10_il_028,2020,Edition 2016 Pour des trottoirs plus larges et plus confortables,236253.0,10,,,,,,,,no_match,aucun candidat retenu (score >= 0.60 puis jugement en session)
2020_16_il_004,2020,Bois de boulogne - Travaux de mise en accessibilité et création d'un éclairage public,234966.0,16,,,,,,,,no_match,aucun candidat retenu (score >= 0.60 puis jugement en session)
2020_18_il_046,2020,Edition 2016 De la Halle Pajol à la fresque Rosa Parks,233213.0,18,,,,,,,,no_match,aucun candidat retenu (score >= 0.60 puis jugement en session)
2020_08_il_011,2020,Opérations d'aménagement Place Saint-Augustin - Aménagement du carrefour,231966.0,8,,,,,,,,no_match,aucun candidat retenu (score >= 0.60 puis jugement en session)
2020_05_il_016,2020,Travaux opérations individualisées Ecole Nationale Supérieure de Chimie de Paris - Poursuite des travaux de modernisation,229218.0,5,,,,,,,,no_match,aucun candidat retenu (score >= 0.60 puis jugement en session)
2020_06_il_010,2020,Eglise Saint-Germain-des-Prés - Travaux de restauration,228340.0,6,,,,,,,,no_match,aucun candidat retenu (score >= 0.60 puis jugement en session)
2020_02_il_010,2020,Edition 2019 Suite de la restauration de la fontaine Louvois,227946.0,2,,,,,,,,no_match,aucun candidat retenu (score >= 0.60 puis jugement en session)
2020_17_il_006,2020,Bâtiments Piscine Bernard Lafay - Plan Climat (modernisation de la sous-station vapeur),227757.0,17,,,,,,,,no_match,aucun candidat retenu (score >= 0.60 puis jugement en session)
2020_04_il_000,2020,Temple des Billettes - Sécurisation de la cave et de la nef,225974.0,4,,,,,,,,no_match,aucun candidat retenu (score >= 0.60 puis jugement en session)
2020_12_il_041,2020,Edition 2018 Des cheminements piétons sécurisés et accessibles,225583.0,12,,,,,,,,no_match,aucun candidat retenu (score >= 0.60 puis jugement en session)
2020_06_il_005,2020,Piscine Piscine Saint-Germain - Remplacement des masses filtrantes et travaux divers,225085.0,6,,,,,,,,no_match,aucun candidat retenu (score >= 0.60 puis jugement en session)
2020_12_il_035,2020,Edition 2019 Aidons les associations de la solidarité à mieux accueillir les personnes à la rue,225000.0,12,,,,,,,,no_match,aucun candidat retenu (score >= 0.60 puis jugement en session)
2020_11_il_004,2020,"Mairies Mairie du 11ème arrondissement - Modernisation des menuiseries extérieures, travaux d'accessibilité",223850.0,11,,,,,,,,no_match,aucun candidat retenu (score >= 0.60 puis jugement en session)
2020_19_il_017,2020,"Etablissement Public de Le 104 - Réparations de malfaçons, travaux de sécurité, rénovation des verrières",223463.0,19,,,,,,,,no_match,aucun candidat retenu (score >= 0.60 puis jugement en session)
2020_17_il_019,2020,"Opérations d'aménagement Boulevard périphérique - Mise en conformité du tunnel de Courcelles, rénovation de la station de pompage",222504.0,17,,,,,,,,no_match,aucun candidat retenu (score >= 0.60 puis jugement en session)
2020_18_il_038,2020,Edition 2016 Oasis urbaine à la place de la Chapelle,221229.0,18,,,,,,,,no_match,aucun candidat retenu (score >= 0.60 puis jugement en session)
2020_03_il_009,2020,Patrimoine de voirie Boulevard Saint Martin - Travaux de rénovation de la chaussée (Tapis),221163.0,3,,,,,,,,no_match,aucun candidat retenu (score >= 0.60 puis jugement en session)
2020_09_il_003,2020,"EM 11, rue Grange Bateliere - Reprise étanchéité",219794.0,9,,,,,,,,no_match,aucun candidat retenu (score >= 0.60 puis jugement en session)
2020_04_il_003,2020,Bibliothèques Bibliothèque des Francs Bourgeois - Acquisition de nouvelles collections et rétroconversion numérique,218815.0,4,,,,,,,,no_match,aucun candidat retenu (score >= 0.60 puis jugement en session)
2020_08_il_020,2020,Pacification des abords des Champs-Elysées et sécurisation de la rue de 56 637 Edition 2016 Ponthieu Rénovation de la piste cyclable sur le boulevard Malesherbes,218330.0,8,,,,,,,,no_match,aucun candidat retenu (score >= 0.60 puis jugement en session)
2020_06_il_015,2020,Edition 2018 Rénovation de la fresque de l’église Notre-Dame-des-Champs,216815.0,6,,,,,,,,no_match,aucun candidat retenu (score >= 0.60 puis jugement en session)
2020_10_il_009,2020,"Etablissements de petite CC 53, rue d'Hauteville - Modernisation de la biberonnerie, de la cuisine et la enfance",214486.0,10,,,,,,,,no_match,aucun candidat retenu (score >= 0.60 puis jugement en session)
2020_19_il_003,2020,"EM 8, rue Emelie - Travaux d'étancheité de la toiture",212552.0,19,,,,,,,,no_match,aucun candidat retenu (score >= 0.60 puis jugement en session)
2020_09_il_004,2020,"EM 12, Chaptal - Modernisation des menuiseries extérieures, réfection Entretien 1er degré",209121.0,9,,,,,,,,no_match,aucun candidat retenu (score >= 0.60 puis jugement en session)
2020_14_il_017,2020,Créations d'espaces verts Plan 20 000 arbres - Plantation d'arbres dans l'arrondissement,208059.0,14,,,,,,,,no_match,aucun candidat retenu (score >= 0.60 puis jugement en session)
2020_08_il_018,2020,Edition 2017 Sous les pavés des fleurs,207325.0,8,,,,,,,,no_match,aucun candidat retenu (score >= 0.60 puis jugement en session)
2020_20_il_033,2020,Plus de végétal dans les quartiers populaires !,206746.0,20,,,,,,,,no_match,aucun candidat retenu (score >= 0.60 puis jugement en session)
2020_07_il_012,2020,Etablissements de petite enfance Ilôt St Germain - Construction d'une crèche,206512.0,7,,,,,,,,no_match,aucun candidat retenu (score >= 0.60 puis jugement en session)
2020_18_il_008,2020,Cimetières Cimetière Montmartre - Restauration et aménagement des chapelles et renovation du mur de soutènement,201617.0,18,,,,,,,,no_match,aucun candidat retenu (score >= 0.60 puis jugement en session)
2020_16_il_005,2020,Entretien d'espaces verts Jardin Dode-de-la-Brunerie - Création et extension du jardin,201130.0,16,,,,,,,,no_match,aucun candidat retenu (score >= 0.60 puis jugement en session)
2020_12_il_000,2020,"Enseignement artistique Conservatoire Municipal Paul Dukas - Optimisation des bureaux et de la tisanerie, acquisition de matériel",200489.0,12,,,,,,,,no_match,aucun candidat retenu (score >= 0.60 puis jugement en session)
2020_18_il_003,2020,"EE 20, rue Hermel - Modernisation des menuiseries extérieures et acquisition de mobiliers",199048.0,18,,,,,,,,no_match,aucun candidat retenu (score >= 0.60 puis jugement en session)
2020_20_il_036,2020,Edition 2016 Réinventons nos places des quartiers populaires !,197050.0,20,,,,,,,,no_match,aucun candidat retenu (score >= 0.60 puis jugement en session)
2020_12_il_023,2020,"Etablissements de petite CC 14-16,rue Pierre Bourdan - Reconstruction",193847.0,12,,,,,,,,no_match,aucun candidat retenu (score >= 0.60 puis jugement en session)
2020_03_il_004,2020,Mairies Mairie du 3ème arrondissement - Travaux dans le cadre de la fusion 1234,192149.0,3,,,,,,,,no_match,aucun candidat retenu (score >= 0.60 puis jugement en session)
2020_15_il_003,2020,"EE 16, rue Emeriau - Création d'une cour Oasis",190104.0,15,,,,,,,,no_match,aucun candidat retenu (score >= 0.60 puis jugement en session)
2020_07_il_008,2020,Patrimoine de voirie Avenue de Suffren - Travaux de réfection de la chaussée,190069.0,7,,,,,,,,no_match,aucun candidat retenu (score >= 0.60 puis jugement en session)
2020_16_il_000,2020,Bibliothèques Bibliothèque Germaine Tillion - Acquisition de nouvelles collections et travaux de menuiserie,188548.0,16,,,,,,,,no_match,aucun candidat retenu (score >= 0.60 puis jugement en session)
2020_08_il_019,2020,Edition 2015 Paris aux piétons,186940.0,8,,,,,,,,no_match,aucun candidat retenu (score >= 0.60 puis jugement en session)
2020_15_il_031,2020,Paris aux piétons,185780.0,15,,,,,,,,no_match,aucun candidat retenu (score >= 0.60 puis jugement en session)
2020_17_il_017,2020,Boulevard Pereire (cotés pair et impair) - Aménagement,185618.0,17,,,,,,,,no_match,aucun candidat retenu (score >= 0.60 puis jugement en session)
2020_14_il_004,2020,"Bâtiments CC 82, rue Pernety - Restructuration complète",185010.0,14,,,,,,,,no_match,aucun candidat retenu (score >= 0.60 puis jugement en session)
2020_13_il_006,2020,"Etablissements de petite CF 49, Massena - Travaux de rénovation de la toiture et mise en place de la visiophonie",184212.0,13,,,,,,,,no_match,aucun candidat retenu (score >= 0.60 puis jugement en session)
2020_03_il_002,2020,Ecoles d'Art Ecole Duperré - Travaux de rénovation,183990.0,3,,,,,,,,no_match,aucun candidat retenu (score >= 0.60 puis jugement en session)
2020_15_il_023,2020,+ de nature en ville,182745.0,15,,,,,,,,no_match,aucun candidat retenu (score >= 0.60 puis jugement en session)
2020_11_il_008,2020,Mise en place de pistes cyclables dans le cadre du plan la lutte contre la crise sanitaire (signalisation 339 595 Opérations horizontale entre autres) d'aménagement Rue Parmentier - Réfection de la chaussée (affaissement),179744.0,11,,,,,,,,no_match,aucun candidat retenu (score >= 0.60 puis jugement en session)
2020_13_il_038,2020,Edition 2019 Une circulation piétonne plus fluide dans le 13e,179521.0,13,,,,,,,,no_match,aucun candidat retenu (score >= 0.60 puis jugement en session)
2020_18_il_004,2020,"EE, 1 place Suzanne Valadon - Modernisation des sanitaires, création d'une mezzanine et acquisition de Entretien 1er degré",178538.0,18,,,,,,,,no_match,aucun candidat retenu (score >= 0.60 puis jugement en session)
2020_10_il_007,2020,"Square Aristide Cavaillé-Coll - Rénovation de 2 aires de jeux, installation d'agrès Entretien d'espaces verts",177235.0,10,,,,,,,,no_match,aucun candidat retenu (score >= 0.60 puis jugement en session)
2020_03_il_005,2020,"CC 21, rue de Brantôme - Modernisation des faux-plafonds et de l'éclairage",175920.0,3,,,,,,,,no_match,aucun candidat retenu (score >= 0.60 puis jugement en session)
2020_16_il_014,2020,Bâtiments Musée Galliera - Création d'un parcours permanent dans les locaux du sous sol,175684.0,16,,,,,,,,no_match,aucun candidat retenu (score >= 0.60 puis jugement en session)
2020_06_il_016,2020,Edition 2016 Restauration de la fontaine du marché Saint-Germain,174199.0,6,,,,,,,,no_match,aucun candidat retenu (score >= 0.60 puis jugement en session)
2020_06_il_001,2020,"EE 42, rue Madame - Travaux d'adaption handicapés, étanchéité des linteaux, 115 657 modernisation de la verrière et création d'une ventilation dans les sanitaires Lycée Maximilien Vox - Réfection et création d'un plateau pédagogique",172000.0,6,,,,,,,,no_match,aucun candidat retenu (score >= 0.60 puis jugement en session)
2020_19_il_000,2020,"Conservatoire Jacques Ibert - Modernisation des circulations et des salles, rénovation des sanitaires, Enseignement artistique",170846.0,19,,,,,,,,no_match,aucun candidat retenu (score >= 0.60 puis jugement en session)
2020_19_il_013,2020,Passage de Thionville - Travaux de réfection de la chaussée,169432.0,19,,,,,,,,no_match,aucun candidat retenu (score >= 0.60 puis jugement en session)
2020_19_il_009,2020,Piscines Piscine Mathis - Travaux d'entretien,168406.0,19,,,,,,,,no_match,aucun candidat retenu (score >= 0.60 puis jugement en session)
2020_19_il_011,2020,"Gymnases et salles de Gym des Lilas - Rénovation du gymnase, reprise des gaines de ventilation, travaux d'accessibilité",167800.0,19,,,,,,,,no_match,aucun candidat retenu (score >= 0.60 puis jugement en session)
2020_16_il_011,2020,Patrimoine de voirie Avenue Marcel Proust - Réparation de l'escalier de Passy,165858.0,16,,,,,,,,no_match,aucun candidat retenu (score >= 0.60 puis jugement en session)
2020_15_il_007,2020,"CC 53, rue Emeriau - Travaux d'étanchéité et devégétalisation des terrasses",165854.0,15,,,,,,,,no_match,aucun candidat retenu (score >= 0.60 puis jugement en session)
2020_19_il_028,2020,Edition 2015 Street art et expression libre dans le 19e,165000.0,19,,,,,,,,no_match,aucun candidat retenu (score >= 0.60 puis jugement en session)
2020_18_il_014,2020,en oeuvre de dispositifs de détection du covoiturage Patrimoine de voirie Rue Gabrielle,164432.0,18,,,,,,,,no_match,aucun candidat retenu (score >= 0.60 puis jugement en session)
2020_17_il_029,2020,Edition 2017 Aménagement de locaux pour l'école Lagache,163954.0,17,,,,,,,,no_match,aucun candidat retenu (score >= 0.60 puis jugement en session)
2020_20_il_039,2020,Edition 2014 Rendre la rue aux enfants,163473.0,20,,,,,,,,no_match,aucun candidat retenu (score >= 0.60 puis jugement en session)
2020_10_il_011,2020,la ventilation et installation d'une porte coupe feu Piscines Piscine Château Landon - Réfection de la la voûte du hall du bassin,163276.0,10,,,,,,,,no_match,aucun candidat retenu (score >= 0.60 puis jugement en session)
2020_15_il_001,2020,acquisition de nouvelles collections Bibliothèques Médiathèque Yourcenar - Acquisition de nouvelles collections,162107.0,15,,,,,,,,no_match,aucun candidat retenu (score >= 0.60 puis jugement en session)
2020_20_il_005,2020,Aires de jeux Jardin de l'Hospice Debrousse - Rénovation des aires de jeux,160629.0,20,,,,,,,,no_match,aucun candidat retenu (score >= 0.60 puis jugement en session)
2020_17_il_016,2020,Piscines Bassin Ecole Leon Biancotto - Adaptation PMR du pédiluve,159794.0,17,,,,,,,,no_match,aucun candidat retenu (score >= 0.60 puis jugement en session)
2020_10_il_000,2020,Médiatèque Françoise Sagan - Acquisition de nouvelles collections,159335.0,10,,,,,,,,no_match,aucun candidat retenu (score >= 0.60 puis jugement en session)
2020_13_il_023,2020,Créations d'espaces verts Jardin du Moulin Pointe - Création du point de végétalisation,157749.0,13,,,,,,,,no_match,aucun candidat retenu (score >= 0.60 puis jugement en session)
2020_13_il_005,2020,"CC 58, Clisson - Travaux divers de mise en conformité",157019.0,13,,,,,,,,no_match,aucun candidat retenu (score >= 0.60 puis jugement en session)
2020_20_il_010,2020,Rue des frères Flavien - Réfection du revêtement de la chaussée,155628.0,20,,,,,,,,no_match,aucun candidat retenu (score >= 0.60 puis jugement en session)
2020_10_il_021,2020,Edition 2018 Embellir les sanitaires dans les écoles,155121.0,10,,,,,,,,no_match,aucun candidat retenu (score >= 0.60 puis jugement en session)
2020_09_il_021,2020,Budapest Aménager le parvis de l’église Notre-Dame-de-Lorette et la rue Edition 2016,154081.0,9,,,,,,,,no_match,aucun candidat retenu (score >= 0.60 puis jugement en session)
2020_12_il_021,2020,Créations d'espaces Parc de Bercy - Rénovation,153194.0,12,,,,,,,,no_match,aucun candidat retenu (score >= 0.60 puis jugement en session)
2020_19_il_008,2020,Entretien d'espaces verts Square du Chapeau Rouge - Restructuration des jardins,151107.0,19,,,,,,,,no_match,aucun candidat retenu (score >= 0.60 puis jugement en session)
2020_04_il_014,2020,Vélos Rue Saint-Antoine - Aménagement dans le cadre du plan vélo,149635.0,4,,,,,,,,no_match,aucun candidat retenu (score >= 0.60 puis jugement en session)
2020_09_il_005,2020,"des entourages d'arbres EM 9bis, rue Blanche - Modernisation des menuiseries préaux et cour",148640.0,9,,,,,,,,no_match,aucun candidat retenu (score >= 0.60 puis jugement en session)
2020_17_il_004,2020,"Entretien 1er degré EM 16, rue du Colonel Moll - Travaux d'accessibilité, remplacement extracteur, collecteur et urinoirs",148187.0,17,,,,,,,,no_match,aucun candidat retenu (score >= 0.60 puis jugement en session)
2020_05_il_005,2020,"CC 10, rue Saint Médard - Restructuration des locaux des moyens et des bébés",147491.0,5,,,,,,,,no_match,aucun candidat retenu (score >= 0.60 puis jugement en session)
2020_02_il_004,2020,Déplacements Rue des Petits Champs - Travaux d'aménagement,147409.0,2,,,,,,,,no_match,aucun candidat retenu (score >= 0.60 puis jugement en session)
2020_13_il_033,2020,Edition 2017 Rénover/ améliorer la protection thermique des écoles,146685.0,13,,,,,,,,no_match,aucun candidat retenu (score >= 0.60 puis jugement en session)
2020_05_il_007,2020,"Etablissements de petite enfance CC 4, Jean Calvin - Divers travaux de réaménagement (biberonneire, porte et lumière)",145804.0,5,,,,,,,,no_match,aucun candidat retenu (score >= 0.60 puis jugement en session)
2020_17_il_018,2020,Rue Lantiez - Travaux d'aménagement,144204.0,17,,,,,,,,no_match,aucun candidat retenu (score >= 0.60 puis jugement en session)
2020_19_il_032,2020,Edition 2017 Embellissons les écoles de nos quartiers,142807.0,19,,,,,,,,no_match,aucun candidat retenu (score >= 0.60 puis jugement en session)
2020_20_il_040,2020,Edition 2016 Embellir et redonner couleurs et vie au Bas Belleville,140941.0,20,,,,,,,,no_match,aucun candidat retenu (score >= 0.60 puis jugement en session)
2020_06_il_008,2020,Patrimoine de voirie Boulevard Saint Germain - Travaux de réfection de la chaussée,140311.0,6,,,,,,,,no_match,aucun candidat retenu (score >= 0.60 puis jugement en session)
2020_07_il_007,2020,Etablissements de petite enfance CC 164 bis Grenelle - Restructuration de la section bébé,140129.0,7,,,,,,,,no_match,aucun candidat retenu (score >= 0.60 puis jugement en session)
2020_11_il_003,2020,"Entretien 1er degré EE 14, rue Titon - Modernisation du sol de la cour Oasis, travaux d'accessibilité et de menuiseries, et achat 188 637 de mobiliers EM 2, passage Besley - Travaux d'accessibilité, Modernisation des menuiseries extérieurs",138817.0,11,,,,,,,,no_match,aucun candidat retenu (score >= 0.60 puis jugement en session)
2020_14_il_038,2020,En piste pour encore plus d'aménagements cyclables !,138337.0,14,,,,,,,,no_match,aucun candidat retenu (score >= 0.60 puis jugement en session)
2020_12_il_003,2020,"Entretien d'espaces verts Parc Floral - Rénovation de l'éclairage public, travaux d'adaptation handicapés et travaux divers",137719.0,12,,,,,,,,no_match,aucun candidat retenu (score >= 0.60 puis jugement en session)
2020_13_il_007,2020,Square Samuel Beckett - Réfection des sols,137044.0,13,,,,,,,,no_match,aucun candidat retenu (score >= 0.60 puis jugement en session)
2020_19_il_037,2020,Edition 2015 Développer le réseau cyclable dans le 19e,135896.0,19,,,,,,,,no_match,aucun candidat retenu (score >= 0.60 puis jugement en session)
2020_20_il_000,2020,Médiathèque Marguerite Duras - Acquisition de nouvelles collections et de matériels,135315.0,20,,,,,,,,no_match,aucun candidat retenu (score >= 0.60 puis jugement en session)
2020_08_il_003,2020,"remplacement de la porte d'entrée et travaux de recouvrement de l'amiante EE 18, rue de Suresne - Remplacement de la fontaine et réparation des 116 436 jardinières de la cour Action en faveur des personnes EM 16, rue Roquepine - Travaux d'adaption handicapés",134421.0,8,,,,,,,,no_match,aucun candidat retenu (score >= 0.60 puis jugement en session)
2020_05_il_002,2020,"EE 19, rue des Boulangers - Travaux divers",133530.0,5,,,,,,,,no_match,aucun candidat retenu (score >= 0.60 puis jugement en session)
2020_08_il_006,2020,"Gymnases et salles de sports CS 7, Jacqueline Auriol - Travaux d'entretien dans le cadre du Plan Piscine",133285.0,8,,,,,,,,no_match,aucun candidat retenu (score >= 0.60 puis jugement en session)
2020_18_il_032,2020,Edition 2018 Rouvrir une ressourcerie dans le 18ème !,131450.0,18,,,,,,,,no_match,aucun candidat retenu (score >= 0.60 puis jugement en session)
2020_12_il_028,2020,Musique pour tous,130593.0,12,,,,,,,,no_match,aucun candidat retenu (score >= 0.60 puis jugement en session)
2020_09_il_012,2020,Rue La Fayette - Mise en place de pistes cyclables dans le cadre du Vélos,129756.0,9,,,,,,,,no_match,aucun candidat retenu (score >= 0.60 puis jugement en session)
2020_19_il_036,2020,Edition 2018 Mise en sécurité de la place Stalingrad avec des luminaires,129233.0,19,,,,,,,,no_match,aucun candidat retenu (score >= 0.60 puis jugement en session)
2020_12_il_018,2020,"Opérations EM 45, rue de Picpus - Restructuration et extension",128473.0,12,,,,,,,,no_match,aucun candidat retenu (score >= 0.60 puis jugement en session)
2020_14_il_013,2020,Opérations d'aménagement Aménagement du passage Dareau,128181.0,14,,,,,,,,no_match,aucun candidat retenu (score >= 0.60 puis jugement en session)
2020_04_il_001,2020,Edifices cultuels Eglise Saint-Paul Saint-Louis - Restauration de l'entrée et des vitraux,127958.0,4,,,,,,,,no_match,aucun candidat retenu (score >= 0.60 puis jugement en session)
2020_07_il_015,2020,Edition 2019 Réaménagement des allées du Champ de Mars,127874.0,7,,,,,,,,no_match,aucun candidat retenu (score >= 0.60 puis jugement en session)
2020_13_il_008,2020,Entretien d'espaces verts Square Raffinerie Say - Réfection de l'aire de jeux,126412.0,13,,,,,,,,no_match,aucun candidat retenu (score >= 0.60 puis jugement en session)
2020_12_il_001,2020,Médiathèque Saint-Eloi - Travaux de restructuration de la section adulte et acquisition de nouvelles Bibliothèques,125169.0,12,,,,,,,,no_match,aucun candidat retenu (score >= 0.60 puis jugement en session)
2020_16_il_023,2020,Edition 2016 Plus de nature en ville,124136.0,16,,,,,,,,no_match,aucun candidat retenu (score >= 0.60 puis jugement en session)
2020_17_il_038,2020,"Edition 2016 Aménagement des trottoirs, rue des Dames",123111.0,17,,,,,,,,no_match,aucun candidat retenu (score >= 0.60 puis jugement en session)
2020_11_il_021,2020,Apaiser les rues du 11e,122551.0,11,,,,,,,,no_match,aucun candidat retenu (score >= 0.60 puis jugement en session)
2020_10_il_006,2020,"Aménagement des CC 41, Lucien Sampaix - Modernisation",120475.0,10,,,,,,,,no_match,aucun candidat retenu (score >= 0.60 puis jugement en session)
2020_14_il_019,2020,"Etablissements de petite enfance CC 82, rue Pernety - Restructuration",120139.0,14,,,,,,,,no_match,aucun candidat retenu (score >= 0.60 puis jugement en session)
2020_10_il_012,2020,Mairies Mairie du 10ème arrondissement - Rénovation et réorganisation de bureaux,120050.0,10,,,,,,,,no_match,aucun candidat retenu (score >= 0.60 puis jugement en session)
2020_18_il_009,2020,Entretien d'espaces verts Jardin Louise Weber dite la goulue - Extension de l'aire de jeux,119414.0,18,,,,,,,,no_match,aucun candidat retenu (score >= 0.60 puis jugement en session)
2020_16_il_017,2020,Parc des Princes - Surveillance de strucuture et mise en conformité des installations techniques,119323.0,16,,,,,,,,no_match,aucun candidat retenu (score >= 0.60 puis jugement en session)
2020_16_il_006,2020,"Etablissements de petite CC 78, rue Lauriston - Remplacement des menuiseries",118392.0,16,,,,,,,,no_match,aucun candidat retenu (score >= 0.60 puis jugement en session)
2020_10_il_001,2020,"Marché de Saint-Quentin - Mise aux normes SSI, des sanitaires et reprise des Marchés",118142.0,10,,,,,,,,no_match,aucun candidat retenu (score >= 0.60 puis jugement en session)
2020_16_il_001,2020,Edifices cultuels Eglise Saint-Pierre De Chaillot - Réfection des couvertures de domes et cheneaux,118022.0,16,,,,,,,,no_match,aucun candidat retenu (score >= 0.60 puis jugement en session)
2020_10_il_030,2020,Réaménagement et végétalisation de la place située au carrefour des rues Louis Edition 2015,117893.0,10,,,,,,,,no_match,aucun candidat retenu (score >= 0.60 puis jugement en session)
2020_19_il_034,2020,Edition 2017 Rénovation de la piscine Mathis,117504.0,19,,,,,,,,no_match,aucun candidat retenu (score >= 0.60 puis jugement en session)
2020_11_il_006,2020,"Terrain d'éducation physique - 8, passage Bullourde - Travaux de mise en accessibilité",115961.0,11,,,,,,,,no_match,aucun candidat retenu (score >= 0.60 puis jugement en session)
2020_18_il_030,2020,Boulevard de la Chapelle,115301.0,18,,,,,,,,no_match,aucun candidat retenu (score >= 0.60 puis jugement en session)
2020_02_il_005,2020,Aménagement d'une Coronapiste,115266.0,2,,,,,,,,no_match,aucun candidat retenu (score >= 0.60 puis jugement en session)
2020_15_il_011,2020,Rue Balard - Réfection des trottoirs,114828.0,15,,,,,,,,no_match,aucun candidat retenu (score >= 0.60 puis jugement en session)
2020_19_il_022,2020,"Etablissements de petite CC 34, rue Petit - Travaux de reprise de la Climatisation, Ventilation et Chauffage (CVC); travaux de 255 110 enfance restructuration CC Mathurin Moreau - Travaux de transformation en centre multi-accueil",114228.0,19,,,,,,,,no_match,aucun candidat retenu (score >= 0.60 puis jugement en session)
2020_10_il_014,2020,Rue du Faubourg Saint-Martin - Travaux dans le cadre du projet Réseau Express Vélos,113864.0,10,,,,,,,,no_match,aucun candidat retenu (score >= 0.60 puis jugement en session)
2020_15_il_008,2020,"Etablissements de petite enfance CC 62, rue Cambronne - Travaux suite à incendie (réfection étanchéité, réfection toiture)",112131.0,15,,,,,,,,no_match,aucun candidat retenu (score >= 0.60 puis jugement en session)
2020_17_il_000,2020,"Eglise Sainte-Marie des Batignolles - Rénovation et du toit-terrasse de la sacristie, mise en sécurité du Edifices cultuels",111823.0,17,,,,,,,,no_match,aucun candidat retenu (score >= 0.60 puis jugement en session)
2020_15_il_010,2020,Centre sportif Armand Massard - Rénovation du Bloc Autonome d'Eclairage de Sécurité et du Système de 146 718 Gymnases et salles de sports Sécurité Incendie Tennis Atlantique Montparnasse - Réfection des sols,111719.0,15,,,,,,,,no_match,aucun candidat retenu (score >= 0.60 puis jugement en session)
2020_11_il_000,2020,Eglise Saint-Ambroise - Remplacement des filets des clochers,111296.0,11,,,,,,,,no_match,aucun candidat retenu (score >= 0.60 puis jugement en session)
2020_16_il_028,2020,Aménagement de l'anneau cyclable autour de Longchamp,110887.0,16,,,,,,,,no_match,aucun candidat retenu (score >= 0.60 puis jugement en session)
2020_10_il_004,2020,"Entretien 1er degré EM 28, rue des Ecluses Saint-Martin - Réfection de la couverture au dessus du 122 886 préau et rénovation des menuiseries extérieures EM 34, rue du Faubourg Saint-Denis - Réfection de la toiture",110553.0,10,,,,,,,,no_match,aucun candidat retenu (score >= 0.60 puis jugement en session)
2020_20_il_019,2020,Entretien d'espaces Square Séverine - Travaux de rénovation,110544.0,20,,,,,,,,no_match,aucun candidat retenu (score >= 0.60 puis jugement en session)
2020_12_il_022,2020,verts Plantations d'arbres dans l'arrondissement dans le cadre du plan 20 000 arbres,109261.0,12,,,,,,,,no_match,aucun candidat retenu (score >= 0.60 puis jugement en session)
2020_20_il_011,2020,Patrimoine de voirie Rue Auger - Aménagement en zone de rencontre,108997.0,20,,,,,,,,no_match,aucun candidat retenu (score >= 0.60 puis jugement en session)
2020_13_il_014,2020,Patrimoine de voirie Rue Charles Leroy - Divers travaux,108787.0,13,,,,,,,,no_match,aucun candidat retenu (score >= 0.60 puis jugement en session)
2020_05_il_021,2020,Edition 2017 Modernisation des lieux d'aisance des enfants du 5ème,108495.0,5,,,,,,,,no_match,aucun candidat retenu (score >= 0.60 puis jugement en session)
2020_18_il_012,2020,Vélos Rue de la goutte d'Or - Apaisement de la circulation,108391.0,18,,,,,,,,no_match,aucun candidat retenu (score >= 0.60 puis jugement en session)
2020_14_il_011,2020,Vélos Rue Froidevaux - Aménagement d'une piste cyclable à double sens dans le cadre du plan vélo,107825.0,14,,,,,,,,no_match,aucun candidat retenu (score >= 0.60 puis jugement en session)
2020_18_il_041,2020,Une salle dédiée aux sports de combat dans le 18ème,107627.0,18,,,,,,,,no_match,aucun candidat retenu (score >= 0.60 puis jugement en session)
2020_11_il_009,2020,"Rue de Vaucouleurs - Signalisation horizontale, aménagement",107174.0,11,,,,,,,,no_match,aucun candidat retenu (score >= 0.60 puis jugement en session)
2020_17_il_012,2020,"Etablissements de petite enfance CC 10, rue Caporal Peugeot - Travaux de mise en accessibilité, menuiserie et restructuration des sections",107037.0,17,,,,,,,,no_match,aucun candidat retenu (score >= 0.60 puis jugement en session)
2020_17_il_036,2020,Edition 2018 Rénover le boulodrome des Batignolles,104996.0,17,,,,,,,,no_match,aucun candidat retenu (score >= 0.60 puis jugement en session)
2020_12_il_031,2020,Isolation et confort thermiques renforcés pour les écoles,104315.0,12,,,,,,,,no_match,aucun candidat retenu (score >= 0.60 puis jugement en session)
2020_04_il_013,2020,Aménagement de pistes cyclables provisoires dans le cadre de la crise COVID19,104000.0,4,,,,,,,,no_match,aucun candidat retenu (score >= 0.60 puis jugement en session)
2020_12_il_037,2020,Edition 2019 Soutenir l'ambition zéro déchet et agir pour la propreté,103953.0,12,,,,,,,,no_match,aucun candidat retenu (score >= 0.60 puis jugement en session)
2020_07_il_014,2020,Opérations d'aménagement Rénovation de l'archipel Flottant,103132.0,7,,,,,,,,no_match,aucun candidat retenu (score >= 0.60 puis jugement en session)
2020_08_il_010,2020,Vélos Souterrain Etoile - Pose de caméras dans le cadre du Plan Vélo,102755.0,8,,,,,,,,no_match,aucun candidat retenu (score >= 0.60 puis jugement en session)
2020_15_il_006,2020,Entretien d'espaces verts Travaux d'accessibilité dans les jardins du 15e,102689.0,15,,,,,,,,no_match,aucun candidat retenu (score >= 0.60 puis jugement en session)
2020_18_il_035,2020,Musique pour tous,102603.0,18,,,,,,,,no_match,aucun candidat retenu (score >= 0.60 puis jugement en session)
2020_05_il_001,2020,"Etablissements cultuels Eglise Saint-Nicolas Chardon - 26, rue Saint-Victor - Traitement de la charpente",101516.0,5,,,,,,,,no_match,aucun candidat retenu (score >= 0.60 puis jugement en session)
2020_14_il_034,2020,Edition 2016 Améliorer les façades de l'école du 188 Alésia,100400.0,14,,,,,,,,no_match,aucun candidat retenu (score >= 0.60 puis jugement en session)
2020_20_il_012,2020,Rue Saint-Fargeau - Réfection du revêtement de la chaussée,100251.0,20,,,,,,,,no_match,aucun candidat retenu (score >= 0.60 puis jugement en session)
2020_12_il_034,2020,Edition 2018 Des équipements au service de la solidarité et de la citoyenneté,100106.0,12,,,,,,,,no_match,aucun candidat retenu (score >= 0.60 puis jugement en session)
2020_17_il_008,2020,Square Olave et Robert Baden-Powell - Travaux divers,99800.0,17,,,,,,,,no_match,aucun candidat retenu (score >= 0.60 puis jugement en session)
2020_04_il_002,2020,Bibliothèque de l'Hôtel de Ville - Acquisition de nouvelles collections et rétroconversion numérique,98852.0,4,,,,,,,,no_match,aucun candidat retenu (score >= 0.60 puis jugement en session)
2020_18_il_019,2020,"Entretien d'espaces verts EP 30, rue Cugnot - Végétalisation de toitures et mur",96487.0,18,,,,,,,,no_match,aucun candidat retenu (score >= 0.60 puis jugement en session)
2020_10_il_013,2020,Rue Château-Landon - Travaux dans le cadre du projet Réseau Express Vélo,95485.0,10,,,,,,,,no_match,aucun candidat retenu (score >= 0.60 puis jugement en session)
2020_05_il_008,2020,"HG 52, Lacépède - Remplacement des menuiseries extérieures",95055.0,5,,,,,,,,no_match,aucun candidat retenu (score >= 0.60 puis jugement en session)
2020_18_il_010,2020,"CC 83, rue Marcadet - Réfection de la cour niveau atrium, mise en conformité de la réserve et de la 121 770 Etablissements de petite enfance passerelle et modernisation des plans de change CC 42, rue Hermel - Création de VMC simple, rénovation des menuiseries extérieures et de la salle de bain",94488.0,18,,,,,,,,no_match,aucun candidat retenu (score >= 0.60 puis jugement en session)
2020_13_il_004,2020,Mairie du 13ème arrondissement - Raccordement du système de sécurité incendie du restaurant Mairies,94159.0,13,,,,,,,,no_match,aucun candidat retenu (score >= 0.60 puis jugement en session)
2020_11_il_013,2020,Créations d'espaces Jardin de l'impasse Truillot - Création d'un jardin,93022.0,11,,,,,,,,no_match,aucun candidat retenu (score >= 0.60 puis jugement en session)
2020_03_il_008,2020,Vélos Rue Turbigo - Aménagement de pistes cyclables dans le cadre du Plan Vélo,92921.0,3,,,,,,,,no_match,aucun candidat retenu (score >= 0.60 puis jugement en session)
2020_16_il_024,2020,Edition 2017 Sous les pavés des fleurs,92697.0,16,,,,,,,,no_match,aucun candidat retenu (score >= 0.60 puis jugement en session)
2020_04_il_019,2020,"Opérations individualisées 1er degré EP 11, rue Saint Merri - Travaux de restructuration",92657.0,4,,,,,,,,no_match,aucun candidat retenu (score >= 0.60 puis jugement en session)
2020_12_il_006,2020,"Etablissements de petite CC 43, rue de Picpus - Travaux de modernisation des menuiseries et création de réserves",92575.0,12,,,,,,,,no_match,aucun candidat retenu (score >= 0.60 puis jugement en session)
2020_14_il_010,2020,Mairies Mairie du 14ème arrondissement - Mise aux normes et accessibilité,91078.0,14,,,,,,,,no_match,aucun candidat retenu (score >= 0.60 puis jugement en session)
2020_06_il_006,2020,Entretien d'espaces verts Jardin des grands explorateurs - Rénovation de la pelouse et travaux divers,88968.0,6,,,,,,,,no_match,aucun candidat retenu (score >= 0.60 puis jugement en session)
2020_03_il_007,2020,"Etablissements de petite enfance CC 22 bis, rue des Francs Bourgeois - Modernisation des garde-corps",88311.0,3,,,,,,,,no_match,aucun candidat retenu (score >= 0.60 puis jugement en session)
2020_18_il_033,2020,Coups de Culture,87711.0,18,,,,,,,,no_match,aucun candidat retenu (score >= 0.60 puis jugement en session)
2020_12_il_017,2020,Bâtiments Espace Reuilly - Modernisation de l'ascenceur,87304.0,12,,,,,,,,no_match,aucun candidat retenu (score >= 0.60 puis jugement en session)
2020_17_il_002,2020,"Marché des Batignolles - Rénovation de la façade suite à incendie, remplacement des portes automatiques, 82 517 Marchés réalisation de sanitaires PMR Marché des Ternes - Modernisation du sol du rez-de-chaussée",87294.0,17,,,,,,,,no_match,aucun candidat retenu (score >= 0.60 puis jugement en session)
2020_06_il_009,2020,Opérations d'aménagement Rue Mazarine - Recalibrage de la rue,86890.0,6,,,,,,,,no_match,aucun candidat retenu (score >= 0.60 puis jugement en session)
2020_06_il_018,2020,Edition 2017 Raspail revit suite,86456.0,6,,,,,,,,no_match,aucun candidat retenu (score >= 0.60 puis jugement en session)
2020_17_il_011,2020,"CC 37, rue Bayen - Modernisation des postes de change",85789.0,17,,,,,,,,no_match,aucun candidat retenu (score >= 0.60 puis jugement en session)
2020_17_il_001,2020,"battant de la grosse cloche Bibliothèques Médiathèque Edmond de Rostand - Acquisition de collections, installation de stores occultants",84721.0,17,,,,,,,,no_match,aucun candidat retenu (score >= 0.60 puis jugement en session)
2020_16_il_027,2020,Edition 2018 Mille nouvelles places pour garer les vélos dans le 16ème,84426.0,16,,,,,,,,no_match,aucun candidat retenu (score >= 0.60 puis jugement en session)
2020_13_il_001,2020,Marchés Marché de Maison Blanche - Mise aux normes des bornes électriques,81576.0,13,,,,,,,,no_match,aucun candidat retenu (score >= 0.60 puis jugement en session)
2020_19_il_029,2020,Edition 2017 Musique Pour Tous,81430.0,19,,,,,,,,no_match,aucun candidat retenu (score >= 0.60 puis jugement en session)
2020_18_il_036,2020,Edition 2017 Ecole de rêve,80309.0,18,,,,,,,,no_match,aucun candidat retenu (score >= 0.60 puis jugement en session)
2020_11_il_012,2020,"Opérations EM 4, Cité Souzy - Restructuration et augmentation de la capacité de production de la cuisine centrale",80130.0,11,,,,,,,,no_match,aucun candidat retenu (score >= 0.60 puis jugement en session)
2020_05_il_000,2020,Bibliothèques Médiathèque Buffon - Acquisition de nouvelles collections et de mobilier,78750.0,5,,,,,,,,no_match,aucun candidat retenu (score >= 0.60 puis jugement en session)
2020_19_il_006,2020,"CC 4, place Maréchal Achard - Installation d'un visiophone, réfection peinture section des grands et de la 111 592 Etablissements de petite réserve, travaux préparatifs de la ventilation enfance CC 3, rue de la Solidarité - Modernisation salles de bain et de la pataugeoire",78299.0,19,,,,,,,,no_match,aucun candidat retenu (score >= 0.60 puis jugement en session)
2020_20_il_027,2020,Edition 2017 Musique pour tous,78169.0,20,,,,,,,,no_match,aucun candidat retenu (score >= 0.60 puis jugement en session)
2020_14_il_028,2020,Edition 2016 Plus de nature en ville,76887.0,14,,,,,,,,no_match,aucun candidat retenu (score >= 0.60 puis jugement en session)
2020_07_il_003,2020,"EP 27, Las Cases - Modernisation des menuiseries extérieures 227 701 et isolation des cages d'escalier Entretien 1er degré EM 117, bis rue Saint-Dominique - Mise en place de panneaux acoustiques, achat de matériel mobilier informatique et travaux",76874.0,7,,,,,,,,no_match,aucun candidat retenu (score >= 0.60 puis jugement en session)
2020_14_il_033,2020,Edition 2017 Equiper les écoles du 14ème en tableaux noirs numériques,75903.0,14,,,,,,,,no_match,aucun candidat retenu (score >= 0.60 puis jugement en session)
2020_11_il_007,2020,"Gymnases et salles de CS Georges Rigal - Mise en accessibilité, rénovation des vestiaires et du dojo, réfection éclairage",75678.0,11,,,,,,,,no_match,aucun candidat retenu (score >= 0.60 puis jugement en session)
2020_16_il_016,2020,Divers Jardin des Serres d'Auteuil - Déménagement des serres,75417.0,16,,,,,,,,no_match,aucun candidat retenu (score >= 0.60 puis jugement en session)
2020_09_il_000,2020,Bibliothèque Chaptal - Reprise de la toiture,75000.0,9,,,,,,,,no_match,aucun candidat retenu (score >= 0.60 puis jugement en session)
2020_01_il_000,2020,"Etablissements de petite HG 8, rue des Prouvaires - Rénovation des plans change",74934.0,1,,,,,,,,no_match,aucun candidat retenu (score >= 0.60 puis jugement en session)
2020_09_il_016,2020,Rue Blanche - Travaux de réaménagement,74820.0,9,,,,,,,,no_match,aucun candidat retenu (score >= 0.60 puis jugement en session)
2020_06_il_002,2020,"Entretien 1er degré EM 39, rue Saint-André des Arts - Travaux d'adaptation handicapés, traitement étanchéité du skydome, modernisation de la porte et mises aux normes de la",74585.0,6,,,,,,,,no_match,aucun candidat retenu (score >= 0.60 puis jugement en session)
2020_11_il_019,2020,Edition 2015 L'agrandissement du conservatoire municipal Charles-Münch,73508.0,11,,,,,,,,no_match,aucun candidat retenu (score >= 0.60 puis jugement en session)
2020_05_il_010,2020,la filtration Centres d'animation Centre Paris Anim' Arras - Restructuration de la salle théâtre,73445.0,5,,,,,,,,no_match,aucun candidat retenu (score >= 0.60 puis jugement en session)
2020_07_il_000,2020,Edifices cultuels Eglise réformée de Pentemon - Travaux de couverture,72925.0,7,,,,,,,,no_match,aucun candidat retenu (score >= 0.60 puis jugement en session)
2020_09_il_011,2020,Patrimoine de voirie Rue Rodier - Travaux de réfection de la voirie,72717.0,9,,,,,,,,no_match,aucun candidat retenu (score >= 0.60 puis jugement en session)
2020_12_il_015,2020,"Marchés Marché d'Aligre, Halle Beauveau - Réhabilitation de la couverture et de la charpente",72300.0,12,,,,,,,,no_match,aucun candidat retenu (score >= 0.60 puis jugement en session)
2020_02_il_012,2020,Edition 2017 Piétonnisation de la rue Saint-Marc,71232.0,2,,,,,,,,no_match,aucun candidat retenu (score >= 0.60 puis jugement en session)
2020_08_il_001,2020,Enseignement artistique Conservatoire à Rayonnement Régional - Acquisition de mobilier divers,69383.0,8,,,,,,,,no_match,aucun candidat retenu (score >= 0.60 puis jugement en session)
2020_12_il_033,2020,Des cantines rénovées et insonorisées pour les écoles du 12e,68324.0,12,,,,,,,,no_match,aucun candidat retenu (score >= 0.60 puis jugement en session)
2020_13_il_009,2020,Jardin du Docteur Navarre - Réfection de l'aire de jeux,68291.0,13,,,,,,,,no_match,aucun candidat retenu (score >= 0.60 puis jugement en session)
2020_16_il_015,2020,Entretien d'espaces verts Parc de Bagatelle - Rénovation complète,67247.0,16,,,,,,,,no_match,aucun candidat retenu (score >= 0.60 puis jugement en session)
2020_13_il_029,2020,Edition 2017 Musique pour tous,67144.0,13,,,,,,,,no_match,aucun candidat retenu (score >= 0.60 puis jugement en session)
2020_09_il_006,2020,"Décoration de la Cite de Trévise, 8v, cite de Trévise - Achat de végétaux, Entretien d'espaces verts",66665.0,9,,,,,,,,no_match,aucun candidat retenu (score >= 0.60 puis jugement en session)
2020_17_il_009,2020,Entretien d'espaces verts Promenade Bernard Lafay - Rénovation des pelouses,66251.0,17,,,,,,,,no_match,aucun candidat retenu (score >= 0.60 puis jugement en session)
2020_05_il_011,2020,Gymnase Lavoisier - Remplacement du sol du gymnase,65638.0,5,,,,,,,,no_match,aucun candidat retenu (score >= 0.60 puis jugement en session)
2020_05_il_013,2020,rénovation des locaux sociaux Maison des associations MVAC - Travaux suite à réforme,64318.0,5,,,,,,,,no_match,aucun candidat retenu (score >= 0.60 puis jugement en session)
2020_17_il_013,2020,"CC 9, villa Sainte Croix - Modernisation des postes de change",64295.0,17,,,,,,,,no_match,aucun candidat retenu (score >= 0.60 puis jugement en session)
2020_04_il_015,2020,Patrimoine de voirie Rue de la Verrière - Travaux d'aménagement de la voirie,62047.0,4,,,,,,,,no_match,aucun candidat retenu (score >= 0.60 puis jugement en session)
2020_17_il_030,2020,Edition 2018 Un préau pour la cour de récréation de l'école Saint-Ange,61916.0,17,,,,,,,,no_match,aucun candidat retenu (score >= 0.60 puis jugement en session)
2020_10_il_023,2020,L'agora du Faubourg : ouverture d'une agora solidaire dans le quartier Saint Denis - Edition 2016,61801.0,10,,,,,,,,no_match,aucun candidat retenu (score >= 0.60 puis jugement en session)
2020_14_il_000,2020,Bibliothèques Bibliothèque Georges Brassens - Acquisition de nouvelles collections,61553.0,14,,,,,,,,no_match,aucun candidat retenu (score >= 0.60 puis jugement en session)
2020_20_il_008,2020,Marchés Marché de la Réunion - Remplacement de bornes électriques,61495.0,20,,,,,,,,no_match,aucun candidat retenu (score >= 0.60 puis jugement en session)
2020_15_il_022,2020,Edition 2018 Encore plus de fruits et légumes dans le 15e,61176.0,15,,,,,,,,no_match,aucun candidat retenu (score >= 0.60 puis jugement en session)
2020_05_il_003,2020,"EM 27, rue Poissy - Modernisation des menuiseries, travaux d'étanchéité, création d'une porte d'entrée de 58 044 la loge Entretien 1er degré EE 21, rue Buffon - Modernisation du Système de Sécurité Incendie",60418.0,5,,,,,,,,no_match,aucun candidat retenu (score >= 0.60 puis jugement en session)
2020_17_il_032,2020,Edition 2015 Reconquête de la Petite Ceinture,60333.0,17,,,,,,,,no_match,aucun candidat retenu (score >= 0.60 puis jugement en session)
2020_14_il_027,2020,Edition 2015 Reconquête de la Petite Ceinture,60322.0,14,,,,,,,,no_match,aucun candidat retenu (score >= 0.60 puis jugement en session)
2020_13_il_030,2020,Edition 2018 Lutte contre le gaspillage alimentaire,60000.0,13,,,,,,,,no_match,aucun candidat retenu (score >= 0.60 puis jugement en session)
2020_03_il_015,2020,Edition 2019 Faire du numérique une chance pour tous,60000.0,3,,,,,,,,no_match,aucun candidat retenu (score >= 0.60 puis jugement en session)
2020_03_il_001,2020,Edifices cultuels Cathédrale Sainte Croix - Restaurations diverses,59718.0,3,,,,,,,,no_match,aucun candidat retenu (score >= 0.60 puis jugement en session)
2020_17_il_033,2020,Edition 2017 Poursuivre la végétalisation des rues du 17e arrondissement,58897.0,17,,,,,,,,no_match,aucun candidat retenu (score >= 0.60 puis jugement en session)
2020_03_il_000,2020,Bibliothèques Bibliothèque Marguerite Audoux - Acquisition de nouvelles collections et de mobilier,58873.0,3,,,,,,,,no_match,aucun candidat retenu (score >= 0.60 puis jugement en session)
2020_07_il_005,2020,"Square Santiago du Chili - Travaux de dépollution des sols (Plan 150 526 Entretien d'espaces verts Plomb) Plate-bande 11, rue Cognacq-Jay - Remplacement des grillettes 66 677 de protection Aires de jeux Square Pierre de Gaulle - Rénovation de l'aire de jeux",58004.0,7,,,,,,,,no_match,aucun candidat retenu (score >= 0.60 puis jugement en session)
2020_14_il_007,2020,"Etablissements de petite enfance CC 9, rue Jean Dolent - Modernisation du réseau de plomberie",57837.0,14,,,,,,,,no_match,aucun candidat retenu (score >= 0.60 puis jugement en session)
2020_05_il_020,2020,Edition 2017 Musique pour tous,57780.0,5,,,,,,,,no_match,aucun candidat retenu (score >= 0.60 puis jugement en session)
2020_09_il_017,2020,Mise en place de pistes cyclables dans le cadre du plan la lutte contre la Opérations d'aménagement,57559.0,9,,,,,,,,no_match,aucun candidat retenu (score >= 0.60 puis jugement en session)
2020_12_il_004,2020,Mairie du 12ème arrondissement - Réaménagement du rez-de-chaussée dans le cadre du schéma Mairies,57133.0,12,,,,,,,,no_match,aucun candidat retenu (score >= 0.60 puis jugement en session)
2020_04_il_031,2020,Edition 2018 Apaiser la circulation dans le quartier de la rue Neuve Saint-Pierre,56628.0,4,,,,,,,,no_match,aucun candidat retenu (score >= 0.60 puis jugement en session)
2020_14_il_021,2020,Gymnases et salles de sports CS Elisabeth - Reprise des désordres de la piste d'athlétisme et création d'une couverture tribune,55763.0,14,,,,,,,,no_match,aucun candidat retenu (score >= 0.60 puis jugement en session)
2020_20_il_004,2020,Maison des associations Regroupement MVAC/PIMMS/PAD,55712.0,20,,,,,,,,no_match,aucun candidat retenu (score >= 0.60 puis jugement en session)
2020_11_il_018,2020,Edition 2017 Musique pour tous !,54776.0,11,,,,,,,,no_match,aucun candidat retenu (score >= 0.60 puis jugement en session)
2020_20_il_026,2020,Edition 2014 Les œuvres d'art investissent la rue,53121.0,20,,,,,,,,no_match,aucun candidat retenu (score >= 0.60 puis jugement en session)
2020_16_il_022,2020,Edition 2017 Musique pour tous,52170.0,16,,,,,,,,no_match,aucun candidat retenu (score >= 0.60 puis jugement en session)
2020_18_il_037,2020,Edition 2019 Arts visuels et numériques pour tous !,52000.0,18,,,,,,,,no_match,aucun candidat retenu (score >= 0.60 puis jugement en session)
2020_03_il_016,2020,Edition 2016 Jardin pédagogique et énergie positive à l’école Saint-Martin,51272.0,3,,,,,,,,no_match,aucun candidat retenu (score >= 0.60 puis jugement en session)
2020_12_il_016,2020,Bâtiment administratif Diderot Mazas - Mise aux normes des ascenceurs,51171.0,12,,,,,,,,no_match,aucun candidat retenu (score >= 0.60 puis jugement en session)
2020_02_il_003,2020,"CC 8, rue Thorel - Travaux d'adaptation handicapés, création d'un rideau métalique et Etablissements de petite enfance",50727.0,2,,,,,,,,no_match,aucun candidat retenu (score >= 0.60 puis jugement en session)
2020_17_il_031,2020,Edition 2015 Créer un jardin pédagogique pour la résidence des Ternes,50000.0,17,,,,,,,,no_match,aucun candidat retenu (score >= 0.60 puis jugement en session)
2020_14_il_032,2020,Edition 2018 Une bagagerie pour les sans-abris,49975.0,14,,,,,,,,no_match,aucun candidat retenu (score >= 0.60 puis jugement en session)
2020_06_il_003,2020,"CC 10, rue Lobineau - Modernisation des menuiseries métalliques",49507.0,6,,,,,,,,no_match,aucun candidat retenu (score >= 0.60 puis jugement en session)
2020_20_il_030,2020,De la danse à l'école des Amandiers et au collège Doisneau,48192.0,20,,,,,,,,no_match,aucun candidat retenu (score >= 0.60 puis jugement en session)
2020_20_il_016,2020,"EE 293, rue des Pyrenées - Mise aux normes des ascenceurs",47148.0,20,,,,,,,,no_match,aucun candidat retenu (score >= 0.60 puis jugement en session)
2020_07_il_001,2020,Bibliothèques Bibliothèque Amélie - Acquisition de collections,46646.0,7,,,,,,,,no_match,aucun candidat retenu (score >= 0.60 puis jugement en session)
2020_20_il_017,2020,"Bâtiments EM 68, rue de Vitruve - Mise aux normes des ascenseurs",46425.0,20,,,,,,,,no_match,aucun candidat retenu (score >= 0.60 puis jugement en session)
2020_04_il_009,2020,Entretien d'espaces verts Jardin des arts Albert Schweitzer - Travaux d'aménagement,46100.0,4,,,,,,,,no_match,aucun candidat retenu (score >= 0.60 puis jugement en session)
2020_02_il_006,2020,Vélos Rue Montmartre - Piste cyclable,45964.0,2,,,,,,,,no_match,aucun candidat retenu (score >= 0.60 puis jugement en session)
2020_09_il_002,2020,"Eglise Notre-Dame-De-Lorette - Travaux de gros entretien du grand orgue, Edifices cultuels",45337.0,9,,,,,,,,no_match,aucun candidat retenu (score >= 0.60 puis jugement en session)
2020_09_il_018,2020,crise sanitaire (signalisation horizontale entre autres) Rue de Maubeuge - Mise à niveau de priorité des lignes de bus,44443.0,9,,,,,,,,no_match,aucun candidat retenu (score >= 0.60 puis jugement en session)
2020_16_il_018,2020,Opérations Bois de Boulogne - Travaux d'aménagement du carrefour du bout des lacs,37285.0,16,,,,,,,,no_match,aucun candidat retenu (score >= 0.60 puis jugement en session)
2020_02_il_000,2020,"EE 6, rue de Louvois - Modernisation des menuiseries exterieures, des sanitaires de la cours, 52 632 Entretien 1er degré travaux de sécurité et aqcuisition de mobilier EM 221, rue Saint-Denis - Modernisation de l'auvent et acquisition de mobilier",36106.0,2,,,,,,,,no_match,aucun candidat retenu (score >= 0.60 puis jugement en session)
2020_20_il_028,2020,Ecole de rêve,36062.0,20,,,,,,,,no_match,aucun candidat retenu (score >= 0.60 puis jugement en session)
2020_02_il_001,2020,"Action en faveur des personnes EE 3, rue de la Jussienne - Travaux d'adaptation handicapés et acquisition de mobilier",35437.0,2,,,,,,,,no_match,aucun candidat retenu (score >= 0.60 puis jugement en session)
2020_14_il_001,2020,Edifices cultuels Eglise Notre-Dame Du Travail - Travaux de mise en conformité électrique et incendie,35102.0,14,,,,,,,,no_match,aucun candidat retenu (score >= 0.60 puis jugement en session)
2020_09_il_001,2020,Bibliothèques Bibliothèque Walser - Acquisition de collections,34114.0,9,,,,,,,,no_match,aucun candidat retenu (score >= 0.60 puis jugement en session)
2020_07_il_016,2020,Edition 2015 Paris aux piétons !,32303.0,7,,,,,,,,no_match,aucun candidat retenu (score >= 0.60 puis jugement en session)
2020_10_il_025,2020,Landon Edition 2016 Plus de nature en ville,31400.0,10,,,,,,,,no_match,aucun candidat retenu (score >= 0.60 puis jugement en session)
2020_08_il_013,2020,Fontaines Fontaines Rond-Point des Champs Elysées - Travaux de rénovation,31318.0,8,,,,,,,,no_match,aucun candidat retenu (score >= 0.60 puis jugement en session)
2020_04_il_011,2020,Service support Achat de mobilier d'équipement multiples,31284.0,4,,,,,,,,no_match,aucun candidat retenu (score >= 0.60 puis jugement en session)
2020_10_il_005,2020,"CC 53, rue d'Hauteville - Travaux sur la ventilation et de chauffage dans le cadre du Travaux",30530.0,10,,,,,,,,no_match,aucun candidat retenu (score >= 0.60 puis jugement en session)
2020_12_il_007,2020,"enfance MA 77, avenue du docteur Arnold Netter - Acquisition de mobilier",27369.0,12,,,,,,,,no_match,aucun candidat retenu (score >= 0.60 puis jugement en session)
2020_09_il_007,2020,Etablissements de petite enfance CC 25 Rochefoucauld - Modernisation de la section bébé et de la cour,26873.0,9,,,,,,,,no_match,aucun candidat retenu (score >= 0.60 puis jugement en session)
2020_09_il_014,2020,"Opérations individualisées 1er degré EM 5, Milton - Mise aux normes des 3 cuisines",26459.0,9,,,,,,,,no_match,aucun candidat retenu (score >= 0.60 puis jugement en session)
2020_16_il_030,2020,Sécuriser les piétons avenue de Versailles,25660.0,16,,,,,,,,no_match,aucun candidat retenu (score >= 0.60 puis jugement en session)
2020_09_il_015,2020,"CC 34, rue des Martyrs - Fourniture et pose des serrureries de la clôture Etablissements de petite enfance",25528.0,9,,,,,,,,no_match,aucun candidat retenu (score >= 0.60 puis jugement en session)
2020_04_il_008,2020,"Etablissements de petite enfance CC 8, rue Eginhard - Doublage de la réserve des locaux du sous sol",25214.0,4,,,,,,,,no_match,aucun candidat retenu (score >= 0.60 puis jugement en session)
2020_12_il_005,2020,"CC 4, rue Marie Laurencin - Travaux d'adaptation handicapés",24758.0,12,,,,,,,,no_match,aucun candidat retenu (score >= 0.60 puis jugement en session)
2020_02_il_002,2020,Bibliothèque Bibliothèque Charlotte Delbo - Acquisition de nouvelles collections,24508.0,2,,,,,,,,no_match,aucun candidat retenu (score >= 0.60 puis jugement en session)
2020_16_il_020,2020,Edition 2019 Espaces ludiques dans les écoles du 16ème,24194.0,16,,,,,,,,no_match,aucun candidat retenu (score >= 0.60 puis jugement en session)
2020_08_il_004,2020,Entretien d'espaces verts Parc Monceau - Travaux de maintenance sur la promenade ouverte,20809.0,8,,,,,,,,no_match,aucun candidat retenu (score >= 0.60 puis jugement en session)
2020_18_il_002,2020,Marchés Puces de Clignancourt - Mise aux normes des installations électriques,19160.0,18,,,,,,,,no_match,aucun candidat retenu (score >= 0.60 puis jugement en session)
2020_06_il_014,2020,Bâtiments Gymnase Vaugirad Littré - Travaux de modernisation ascenseur,19056.0,6,,,,,,,,no_match,aucun candidat retenu (score >= 0.60 puis jugement en session)
2020_04_il_010,2020,Gymnases et salles de sports TEP Paris Stadium Charlemagne - Changement du grillage,18326.0,4,,,,,,,,no_match,aucun candidat retenu (score >= 0.60 puis jugement en session)
2020_04_il_030,2020,Edition 2017 Renforcer la végétalisation du square de l'Île-de-France,17534.0,4,,,,,,,,no_match,aucun candidat retenu (score >= 0.60 puis jugement en session)
2020_13_il_015,2020,Opération financière ZAC PRG - Emprises de voirie,16394.0,13,,,,,,,,no_match,aucun candidat retenu (score >= 0.60 puis jugement en session)
2020_09_il_019,2020,Edition 2019 De plus belles cours oasis pour les enfants !,14421.0,9,,,,,,,,no_match,aucun candidat retenu (score >= 0.60 puis jugement en session)
2020_06_il_013,2020,"EE 6, rue Littré - Travaux de modernisation de l'ascenseur",14354.0,6,,,,,,,,no_match,aucun candidat retenu (score >= 0.60 puis jugement en session)
2020_04_il_028,2020,"Edition 2017 Paris plus propre : plus de toilettes, plus de tech au service de la propreté !",13006.0,4,,,,,,,,no_match,aucun candidat retenu (score >= 0.60 puis jugement en session)
2020_16_il_019,2020,Edition 2018 Un auvent de protection pour l'école 15 rue des Bauches,12254.0,16,,,,,,,,no_match,aucun candidat retenu (score >= 0.60 puis jugement en session)
2020_04_il_027,2020,Edition 2018 Aménagement du préau de l'école des Hospitalières Saint-Gervais,6767.0,4,,,,,,,,no_match,aucun candidat retenu (score >= 0.60 puis jugement en session)
2020_02_il_008,2020,Opérations d'aménagement Boulevard Sébastopol - Travaux de réfection de la chaussée,4074.0,2,,,,,,,,no_match,aucun candidat retenu (score >= 0.60 puis jugement en session)
2020_16_il_029,2020,Edition,2019.0,16,,,,,,,,no_match,aucun candidat retenu (score >= 0.60 puis jugement en session)
2020_11_il_022,2020,Edition,2018.0,11,,,,,,,,no_match,aucun candidat retenu (score >= 0.60 puis jugement en session)
2020_18_il_042,2020,Edition,2018.0,18,,,,,,,,no_match,aucun candidat retenu (score >= 0.60 puis jugement en session)
2020_12_il_032,2020,Edition,2018.0,12,,,,,,,,no_match,aucun candidat retenu (score >= 0.60 puis jugement en session)
2020_18_il_034,2020,Edition,2017.0,18,,,,,,,,no_match,aucun candidat retenu (score >= 0.60 puis jugement en session)
2020_20_il_032,2020,Edition,2017.0,20,,,,,,,,no_match,aucun candidat retenu (score >= 0.60 puis jugement en session)
2020_14_il_030,2020,Edition,2017.0,14,,,,,,,,no_match,aucun candidat retenu (score >= 0.60 puis jugement en session)
2020_12_il_029,2020,Edition,2017.0,12,,,,,,,,no_match,aucun candidat retenu (score >= 0.60 puis jugement en session)
2020_20_il_029,2020,Edition,2017.0,20,,,,,,,,no_match,aucun candidat retenu (score >= 0.60 puis jugement en session)
2020_15_il_024,2020,Edition,2016.0,15,,,,,,,,no_match,aucun candidat retenu (score >= 0.60 puis jugement en session)
2020_15_il_030,2020,Edition,2015.0,15,,,,,,,,no_match,aucun candidat retenu (score >= 0.60 puis jugement en session)
2020_14_il_037,2020,Edition,2015.0,14,,,,,,,,no_match,aucun candidat retenu (score >= 0.60 puis jugement en session)
2021_13_il_019,2021,"premier degré EE A 53, rue Baudricourt - Modernisation de la cuisine et du réfectoire",3611659.0,13,20191210000249,CONPAS INNOVATIVE,87995310700015,SUBSÉQUENT CONSTRUCTION CUISINE 53/61 BAUDRICOURT 75013,2019,46280.01,0.85,confirmed,"overlap=['baudricourt'] ; jugé en session : même école Baudricourt, cuisine"
2021_10_il_017,2021,Eglise Saint-Martin-des-Champs - Restauration des toitures et des murs goutteraux de la nef,2828495.0,10,20202020T07126,ATD,72050080000027,SA4 EGLISE ST MARTIN DES CHAMPS - LOT2: CURAGE / DÉPOLLUTION,2020,643456.5,1.0,confirmed,"overlap=['champs', 'martin'] ; jugé en session : même église Saint-Martin-des-Champs, lot de la restauration"
2021_10_il_017,2021,Eglise Saint-Martin-des-Champs - Restauration des toitures et des murs goutteraux de la nef,2828495.0,10,20201320010646,UNION TECHNIQUE DU BATIMENT,57206414500145,SA4 TVX EGLISE ST MARTIN DES CHAMPS - LOT4: COUVERT/PARATONN,2020,315000.0,1.0,confirmed,"overlap=['champs', 'martin'] ; jugé en session : même église, lot couverture des travaux de restauration"
2021_10_il_017,2021,Eglise Saint-Martin-des-Champs - Restauration des toitures et des murs goutteraux de la nef,2828495.0,10,20181320001259,SUNMETRON,51363855100020,MS-MOE RESTAURATION DES FAÇADES ET TOITURES EGLISE ST MARTIN,2018,194052.0,0.85,confirmed,overlap=['martin'] ; jugé en session : MOE restauration façades et toitures église Saint-Martin
2021_01_il_021,2021,Musée du Carnavalet Musée du Carnavalet - Rénovations,2629686.0,1,20202020S03798,CHATILLON ARCHITECTES,51747325200057,SUBSÉQUENT RÉNOVATION MUSÉE CARNAVALET 23 RUE DE SÉVIGNÉ 3È,2020,219148.88,0.85,confirmed,"overlap=['carnavalet'] ; jugé en session : rénovation du musée Carnavalet, même opération"
2021_01_il_021,2021,Musée du Carnavalet Musée du Carnavalet - Rénovations,2629686.0,1,20202020S04397,CHATILLON ARCHITECTES,51747325200057,SUBSÉQUENT N°5 MOE ÉTUDES MUSÉOGRAPHIQUES MUSÉE CARNAVALET,2020,178702.52,0.85,confirmed,"overlap=['carnavalet'] ; jugé en session : même musée Carnavalet, MOE études de rénovation"
2021_01_il_021,2021,Musée du Carnavalet Musée du Carnavalet - Rénovations,2629686.0,1,20191210000082,MEDICIS,38037888500046,CSP5 RENOV PARTIELLE MUSEE CARNAVALET - LOT8 GRAPH MUSEOGRAP,2019,214086.7,0.85,confirmed,"overlap=['carnavalet'] ; jugé en session : même musée Carnavalet, lot de la rénovation"
2021_01_il_021,2021,Musée du Carnavalet Musée du Carnavalet - Rénovations,2629686.0,1,20181210020013,VITRINEN-UND,#,CSP5 RENOV PARTIELLE MUSEE CARNAVALET AMENAGT MUSEOGRAPHIQUE,2018,3605352.0,0.85,confirmed,"overlap=['carnavalet'] ; jugé en session : même musée Carnavalet, rénovation partielle"
2021_01_il_021,2021,Musée du Carnavalet Musée du Carnavalet - Rénovations,2629686.0,1,20181210000996,ARTECHNIC,79783815800013,CSP5 RENOVATION PARTIELLE DU MUSEE CARNAVALET LOT 07,2018,602809.73,0.85,confirmed,"overlap=['carnavalet'] ; jugé en session : même musée Carnavalet, lot de la rénovation"
2021_12_il_014,2021,Edifices cultuels Eglise Saint-Esprit - Restauration des couvertures,2352881.0,12,20201320000355,LEFEVRE SAS,35331873600058,SA4 TVX TOITURES EGLISE ST ESPRIT -LOT4 :ETANCHEITE/MACONNER,2020,619003.18,0.9,confirmed,"overlap=['esprit'] ; jugé en session : même église Saint-Esprit, toitures lot étanchéité"
2021_12_il_014,2021,Edifices cultuels Eglise Saint-Esprit - Restauration des couvertures,2352881.0,12,20201320000352,LYON ECHAFAUDAGE,49077234000025,SA4 TOITURES EGLISE ST ESPRIT -LOT1 : INSTAL.CHANT./ECHAFAUD,2020,1940363.59,0.85,confirmed,"overlap=['esprit'] ; jugé en session : même église Saint-Esprit, toitures lot échafaudage"
2021_12_il_014,2021,Edifices cultuels Eglise Saint-Esprit - Restauration des couvertures,2352881.0,12,20201320000353,PREMYS,32359288100078,SA4 TVX TOITURES EGLISE ST ESPRIT - LOT2 : DESAMIANTAGE,2020,559514.0,0.85,confirmed,"overlap=['esprit'] ; jugé en session : même église Saint-Esprit, toitures lot désamiantage"
2021_13_il_013,2021,"Piscines et bassins école Piscine Butte aux Cailles - Rénovation des bains douches, réfection du bassin extérieur, travaux divers",2191717.0,13,20191210001178,CAMPENON BERNARD CONSTRUCTION,34197215600119,SA4 PISCINE BUTTE AUX CAILLES RENOVATION BAINS DOUCHES LOT 1,2019,1815647.28,1.0,confirmed,"overlap=['bains', 'butte', 'cailles', 'douches'] ; jugé en session : même piscine Butte aux Cailles, bains douches lot 1"
2021_13_il_013,2021,"Piscines et bassins école Piscine Butte aux Cailles - Rénovation des bains douches, réfection du bassin extérieur, travaux divers",2191717.0,13,20201410000201,CAMPENON BERNARD CONSTRUCTION,34197215600119,SA4 PISCINE BUTTE AUX CAILLES - LOT1: GROS OEUVRE/SEC.OEUVRE,2020,355000.0,1.0,confirmed,"overlap=['butte', 'cailles'] ; jugé en session : même piscine Butte aux Cailles, lot 1"
2021_08_il_014,2021,Eglise Saint-Philippe-du-Roule - Restauration des toitures,2178439.0,8,20181320000610,CHAMPAGNE CONSTRUCTION RENOVATION,32088927200037,CSP5 TOITURE EGLISE ST PHILIPPE DU ROULE -LOT 1 MACONNERIE,2018,2479519.48,1.0,confirmed,"overlap=['philippe', 'roule'] ; jugé en session : même Saint-Philippe-du-Roule, toiture lot 1"
2021_08_il_014,2021,Eglise Saint-Philippe-du-Roule - Restauration des toitures,2178439.0,8,20181320000612,LE BRAS FRERES,32018244700021,CSP5 TOITURE EGLISE ST PHILIPPE DU ROULE - LOT3 COUVERTURE,2018,1309955.16,1.0,confirmed,"overlap=['philippe', 'roule'] ; jugé en session : même Saint-Philippe-du-Roule, toiture lot 3"
2021_08_il_014,2021,Eglise Saint-Philippe-du-Roule - Restauration des toitures,2178439.0,8,20181320000611,ATELIERS PERRAULT FRERES,06120108300013,CSP5 TOITURE EGLISE ST PHILIPPE DU ROULE -LOT 2- CHARPENTE,2018,743259.01,1.0,confirmed,"overlap=['philippe', 'roule'] ; jugé en session : même Saint-Philippe-du-Roule, toiture lot 2"
2021_08_il_014,2021,Eglise Saint-Philippe-du-Roule - Restauration des toitures,2178439.0,8,20181320000613,ATELIERS PERRAULT FRERES,06120108300013,CSP5 TOITURE EGLISE ST PHILIPPE DU ROULE - LOT 4 MENUISERIES,2018,201452.33,1.0,confirmed,"overlap=['philippe', 'roule'] ; jugé en session : même Saint-Philippe-du-Roule, toiture lot 4"
2021_08_il_014,2021,Eglise Saint-Philippe-du-Roule - Restauration des toitures,2178439.0,8,20181320000732,VITRAILFRANCE,31703045000132,CSP5 TX RESTAURATION TOITURES EGLISE ST P. DU ROULE LOT 06,2018,222797.8,0.7,probable,"overlap=['roule'] ; jugé en session : même Saint-Philippe-du-Roule, toitures lot 6"
2021_20_il_030,2021,Opérations d'aménagement Square de la Salamandre - Travaux d'aménagement,2161498.0,20,20191230001523,TERIDEAL MABILLON,74715071200053,SA4_TVX SQUARE SALAMANDRE_EAU POTABLE-TERRE VÉGÉTALE. LOT2,2019,268220.08,0.9,confirmed,overlap=['salamandre'] ; jugé en session : même opération : sa4_tvx square salamandre_eau potable-terre végétale. lot2
2021_20_il_030,2021,Opérations d'aménagement Square de la Salamandre - Travaux d'aménagement,2161498.0,20,20191230001522,ACTIV TP,49964930900048,SA4_ TVX SQUARE SALAMANDRE -GROS OEUVRE-ASSAINISSEMT.LOT1,2019,1100040.2,0.85,confirmed,overlap=['salamandre'] ; jugé en session : même opération : sa4_ tvx square salamandre -gros oeuvre-assainissemt.lot1
2021_20_il_030,2021,Opérations d'aménagement Square de la Salamandre - Travaux d'aménagement,2161498.0,20,20191230001524,MULTICLO,39890839200028,SA4_ TVX SQUARE SALAMANDRE _SERRURERIE LOT3,2019,199554.12,0.85,confirmed,overlap=['salamandre'] ; jugé en session : même opération : sa4_ tvx square salamandre _serrurerie lot3
2021_19_il_027,2021,Piscines Piscine Mathis - Travaux dans le cadre du Contrat de Performance Energétique,1773476.0,19,20212021T05722,ENGIE ENERGIE SERVICES,55204695503708,MODERNIST° DES LOCAUX ET VENTILAT° ASCEN PISCINE MATHIS,2021,90514.1,0.85,confirmed,overlap=['mathis'] ; jugé en session : même opération : modernist° des locaux et ventilat° ascen piscine
2021_17_il_022,2021,Mairies Mairie du 17ème arrondissement - Requalification de la façade dans le cadre du plan climat,1745897.0,17,20181210001065,TOA ARCHITECTES ASSOCIES,39979702600065,CSP5 MAIRIE 17EME FACADE RUE CONCEPTION ET TRAVAUX,2018,2495027.42,0.7,probable,overlap=['17eme'] ; jugé en session : même opération : csp5 mairie 17eme facade rue conception et
2021_01_il_016,2021,Eglise Saint-Nicolas Des Champs - Restauration des façades et du portail,1656778.0,1,20201320000258,ENTREPRISE GEORGES LANFRY,34892274100049,SA4 FACADES SUD EGLISE ST NICOLAS DES CHAMPS - LOT1,2020,981969.62,1.0,confirmed,"overlap=['champs', 'nicolas'] ; jugé en session : même église St-Nicolas, façades sud, lot 1"
2021_01_il_016,2021,Eglise Saint-Nicolas Des Champs - Restauration des façades et du portail,1656778.0,1,20201320000262,MDB,83775606300058,SA4 FACADES SUD EGLISE ST NICOLAS DES CHAMPS - LOT5,2020,91519.16,1.0,confirmed,"overlap=['champs', 'nicolas'] ; jugé en session : même église St-Nicolas, façades sud, lot 5"
2021_01_il_016,2021,Eglise Saint-Nicolas Des Champs - Restauration des façades et du portail,1656778.0,1,20181320000457,1090 ARCHITECTES,80352183000015,CSP5 RESTAURATION FACADES SUD EGLISE ST NICOLAS,2018,94400.0,0.85,confirmed,"overlap=['nicolas'] ; jugé en session : même église St-Nicolas, MOE restauration façades sud"
2021_05_il_015,2021,Mairie Mairie du 5ème arrondissement - Schéma directeur sécurité-accessibilité,1582550.0,5,20191210001306,GM BATIMENT DE FRANCE 1,78842069300020,SA4 TVX MISE EN SECURITE/ACCESSIBILITE MAIRIE 5ÈME LOT1,2019,2042892.3,1.0,confirmed,"overlap=['5eme', 'accessibilite', 'securite'] ; jugé en session : même mairie du 5e, sécurité-accessibilité"
2021_11_il_017,2021,Edifices cultuels Notre Dame Du Perpetuel Secours - Restauration des toitures,1490374.0,11,20191320000380,UNION TECHNIQUE DU BATIMENT,57206414500145,CSP5 RESTAUR TOITURES BASILIQ N/DAME PERPETUEL SECOURS LOT2,2019,964360.0,1.0,confirmed,"overlap=['dame', 'perpetuel', 'secours'] ; jugé en session : même basilique Perpétuel Secours, restauration toitures lot 2"
2021_20_il_026,2021,CS des Amandiers - Travaux de restructuration,1476934.0,20,20181410000206,GRAAL ARCHITECTURE,53913729900043,CSP5 MOE POUR RESTRUCTURATION DU TEP AMANDIERS PARIS 20ÈME,2018,168437.58,1.0,confirmed,"overlap=['amandiers', 'restructuration'] ; jugé en session : même opération : csp5 moe pour restructuration du tep amandiers"
2021_15_il_017,2021,Tennis Rigoulot - Couverture,1243879.0,15,20191410001105,LEROY,33967043200048,MO COUV TERRAINS TENNIS CS RIGOULOT 75015,2019,66960.23,1.0,confirmed,"overlap=['rigoulot', 'tennis'] ; jugé en session : même opération : mo couv terrains tennis cs rigoulot 75015"
2021_20_il_008,2021,Cimetières Cimetière du Père Lachaise - Travaux de confortement et réparation du mur Karcher,1091569.0,20,20191230001493,PARENGE - CIE PARISIENNE ENTREPR ..,33505124900084,SA3 CONFORTEMENT SOLS/REHABIL. MURS CIMETIERE PERE LACHAISE,2019,1323474.53,1.0,confirmed,"overlap=['cimetiere', 'confortement', 'lachaise', 'pere'] ; jugé en session : même opération : sa3 confortement sols/rehabil. murs cimetiere pere lachaise"
2021_10_il_018,2021,Edifices cultuels Eglise Saint-Vincent-de-Paul - Restauration des toitures,1071079.0,10,20191320000331,BALAS,56207779200058,CSP5 RESTAUR. TOITURES EGLISE ST VINCENT DE PAUL -LOT1 MIXTE,2019,3092763.8,1.0,confirmed,"overlap=['paul', 'vincent'] ; jugé en session : restauration toitures église Saint-Vincent-de-Paul, un lot"
2021_10_il_018,2021,Edifices cultuels Eglise Saint-Vincent-de-Paul - Restauration des toitures,1071079.0,10,20191320000343,VITRINES LELIEVRE DRIOT,32484700300039,CSP5 RESTAUR.TOITURES EGLISE ST VINCENT DE PAUL - LOT4 MIXTE,2019,420033.0,1.0,confirmed,"overlap=['paul', 'vincent'] ; jugé en session : restauration toitures église Saint-Vincent-de-Paul, un lot"
2021_10_il_018,2021,Edifices cultuels Eglise Saint-Vincent-de-Paul - Restauration des toitures,1071079.0,10,20191320000332,SOC COOP PRODUCT CHARPENTIER PARIS,57201099900017,CSP5 RESTAUR. TOITURES EGLISE ST VINCENT DE PAUL - LOT2 CHAR,2019,243080.0,1.0,confirmed,"overlap=['paul', 'vincent'] ; jugé en session : restauration toitures église Saint-Vincent-de-Paul, un lot"
2021_10_il_018,2021,Edifices cultuels Eglise Saint-Vincent-de-Paul - Restauration des toitures,1071079.0,10,20191320000342,ENTREPRISE GEORGES LANFRY,34892274100049,CSP5 RESTAUR.TOITURES EGLISE ST VINCENT DE PAUL -LOT3 MACONN,2019,142853.55,1.0,confirmed,"overlap=['paul', 'vincent'] ; jugé en session : restauration toitures église Saint-Vincent-de-Paul, un lot"
2021_10_il_018,2021,Edifices cultuels Eglise Saint-Vincent-de-Paul - Restauration des toitures,1071079.0,10,20191320000344,VITRINES LELIEVRE DRIOT,32484700300039,CSP5 RESTAUR.TOITURES EGLISE ST VINCENT DE PAUL -LOT5:VERRIE,2019,131118.0,1.0,confirmed,"overlap=['paul', 'vincent'] ; jugé en session : restauration toitures église Saint-Vincent-de-Paul, un lot"
2021_18_il_023,2021,Projets urbains Requalification du Passage Boris Vian et des arcades de la rue de la Goutte d'Or,1035742.0,18,20181360001196,SPL PARISEINE,83942912300020,MANDAT MAITRISE D'OUVRAGE BORIS VIAN - GOUTTE D'OR,2018,7839446.98,1.0,confirmed,"overlap=['boris', 'goutte', 'vian'] ; jugé en session : même opération : mandat maitrise d'ouvrage boris vian - goutte"
2021_08_il_015,2021,Edifices cultuels Eglise Sainte-Marie-Madeleine - Restauration de l'ensemble des façades,999978.0,8,20212021T00588,SPMG,84115124400024,SA4 RESTAURATION FACADE SUD EGLISE MADELEINE LOT2: MARBRERIE,2021,257798.05,0.9,confirmed,"overlap=['madeleine'] ; jugé en session : même église Madeleine, restauration des façades"
2021_08_il_015,2021,Edifices cultuels Eglise Sainte-Marie-Madeleine - Restauration de l'ensemble des façades,999978.0,8,20232023S03703,1090 ARCHITECTES,80352183000015,MO RESTAURATION FACADES EGLISE DE LA MADELEINE,2023,630720.0,0.85,confirmed,"overlap=['madeleine'] ; jugé en session : même église Madeleine, MOE façades"
2021_08_il_015,2021,Edifices cultuels Eglise Sainte-Marie-Madeleine - Restauration de l'ensemble des façades,999978.0,8,20232023S06120,BUREAU D ETUDES ET DE CONSEILS EN,40353972900034,CSPS RESTAURAT° FACADES OUEST/NORD/EST EGLISE LA MADELEINE,2023,90945.0,0.85,confirmed,"overlap=['madeleine'] ; jugé en session : même église Madeleine, CSPS façades"
2021_19_il_033,2021,Edition 2017 Rénovation de la piscine Mathis,989487.0,19,20212021T05722,ENGIE ENERGIE SERVICES,55204695503708,MODERNIST° DES LOCAUX ET VENTILAT° ASCEN PISCINE MATHIS,2021,90514.1,0.85,confirmed,overlap=['mathis'] ; jugé en session : même opération : modernist° des locaux et ventilat° ascen piscine
2021_10_il_023,2021,Rue d'Alsace - Travaux d'aménagement,974318.0,10,20202020T05407,EUROVIA ILE DE FRANCE,42094822600089,"SA3.TRX VOIRIE RÉAMÉN PARTIEL RUE ALSACE,DUNKERQUE PARIS10",2020,758830.47,0.85,confirmed,"overlap=['alsace'] ; jugé en session : même rue d'Alsace, réaménagement voirie"
2021_10_il_023,2021,Rue d'Alsace - Travaux d'aménagement,974318.0,10,20181370001426,ATEVE INGENIERIE,44032638700048,CSP4.MISSION POUR L'AMENAGEMENT DE LA RUE D'ALSACE PARIS 10È,2018,67360.0,0.85,confirmed,"overlap=['alsace'] ; jugé en session : même rue d'Alsace, mission d'aménagement"
2021_17_il_019,2021,Collège Stéphane Mallarmé - Désamiantage et restructuration,964335.0,17,20191210000628,EUR DECONTAMINATION FUMISTERIE,49296092700100,CSP5 COLLEGE MALLARME CURAGE DESAMIANTAGE,2019,879566.0,1.0,confirmed,"overlap=['desamiantage', 'mallarme'] ; jugé en session : même opération : csp5 college mallarme curage desamiantage"
2021_17_il_019,2021,Collège Stéphane Mallarmé - Désamiantage et restructuration,964335.0,17,20201210000156,DARRAS ET JOUANIN,77572541900086,COLLEGE MALLARME TRAVAUX RENOVATION,2020,1350641.86,0.85,confirmed,overlap=['mallarme'] ; jugé en session : même opération : college mallarme travaux renovation
2021_18_il_015,2021,Opérations individualisées 2ème Collège Maurice Utrillo - Restructuration et extension,948838.0,18,20182210001094,BOUYGUES BATIMENT ILE DE FRANCE,43390083400188,CSP5 RESTRUCT/EXTENSION COLLEGE UTRILLO - PTE CLIGNANCOURT,2018,12204928.02,0.9,confirmed,overlap=['utrillo'] ; jugé en session : même opération : csp5 restruct/extension college utrillo - pte clignancourt
2021_01_il_017,2021,Eglise Saint-Louis-en-l'Île - Restauration des toitures et des façades,947552.0,1,20181320001115,LEFEVRE SAS,35331873600017,CSP5 TVX RESTAURAT° FACADES TOITURES EGLISE ST LOUIS LOT 01,2018,2945489.71,0.75,probable,"overlap=['louis'] ; jugé en session : même église St-Louis, restauration façades/toitures, lot 1"
2021_01_il_017,2021,Eglise Saint-Louis-en-l'Île - Restauration des toitures et des façades,947552.0,1,20181320001118,ASSELIN,32621613200018,CSP5 RESTAURATION FACADES/TOITURES EGLISE ST LOUIS LOT4,2018,138339.36,0.7,probable,"overlap=['louis'] ; jugé en session : même église St-Louis, restauration façades/toitures, lot 4"
2021_01_il_017,2021,Eglise Saint-Louis-en-l'Île - Restauration des toitures et des façades,947552.0,1,20181320001119,VITRAILFRANCE,31703045000132,CSP5 RESTAURATION FAÇADES/TOITURES EGLISE ST LOUIS LOT 5,2018,233040.76,0.7,probable,"overlap=['louis'] ; jugé en session : même église St-Louis, restauration façades/toitures, lot 5"
2021_17_il_020,2021,Opérations individualisées Collège la Rose blanche - Construction,898971.0,17,20202020T04844,FACADES INGENIERIE CONSTRUCTION,41972474500023,TRAVAUX MUR RIDEAU FAÇADE COLL. DE LA ROSE BLANCHE SAMO,2020,126581.48,1.0,confirmed,"overlap=['blanche', 'rose'] ; jugé en session : même opération : travaux mur rideau façade coll. de la"
2021_10_il_020,2021,"Opérations individualisées EM 20, rue Paradis - Travaux suite désordres des hourdis",859910.0,10,20202020T04037,BAT TRAVAUX NEUFS RENOV CONSTRUCTIO,39872259500046,TRAVAUX REPRISE PLANCHERS SUITE DÉSORDRES HOURDIS EM PARADIS,2020,1134106.71,1.0,confirmed,"overlap=['desordres', 'hourdis', 'paradis', 'suite'] ; jugé en session : même EM Paradis, reprise planchers hourdis"
2021_16_il_005,2021,"Bois de Boulogne - Réhabilitation des lacs et rivières, mise en accessibilité, remplacement du transformateur de la pelouse de Saint-Cloud, rénovation/création des portails, des réseaux d'eau, des cheminements",760618.0,16,20222022T07991,TERIDEAL AGRIGEX ENVIRONNEMENT,32534895100030,SA3-MS-REAMENAGEMENT PROMENADE DES GRANDS LACS BOIS BOULOGNE,2022,1600617.04,1.0,confirmed,"overlap=['bois', 'boulogne', 'lacs'] ; jugé en session : même opération : sa3-ms-reamenagement promenade des grands lacs bois boulogne"
2021_20_il_027,2021,Gymnases et salles de sports TEP Paul Meurice - Couverture légère du terrain de basket,717667.0,20,20191210000326,OFFSCAPE,79284658600024,MOE COUVERTURE DU TEP CENTRE SPORTIF PAUL MEURICE 75020,2019,99511.0,1.0,confirmed,"overlap=['meurice', 'paul'] ; jugé en session : même opération : moe couverture du tep centre sportif paul"
2021_20_il_027,2021,Gymnases et salles de sports TEP Paul Meurice - Couverture légère du terrain de basket,717667.0,20,20212021T00119,SMC2,45075840400047,SA4 CS PAUL MEURICE LOT1: STRUCT/CHARP.METAL/COUVERT/ETANCHE,2021,578986.9,1.0,confirmed,"overlap=['meurice', 'paul'] ; jugé en session : même opération : sa4 cs paul meurice lot1: struct/charp.metal/couvert/etanche"
2021_18_il_016,2021,Créations d'espaces verts Parc Chapelle Charbon - Création d'un nouveau parc sur le site Chapelle Charbon,713630.0,18,20191230000148,IDVERDE,33960966101129,CSP4 LOT2 TVX ESPACES VERTS PARC CHAPELLE CHARBON 8EME,2019,754391.35,1.0,confirmed,"overlap=['chapelle', 'charbon', 'verts'] ; jugé en session : même opération : csp4 lot2 tvx espaces verts parc chapelle"
2021_11_il_021,2021,Place de la Bastille - Travaux d'aménagement,713589.0,11,20191370000452,COLAS FRANCE,32933888302274,"CSP4- TRAVAUX VOIRIE,RESEAU DIVERS, PIETONISATION BASTILLE",2019,4450460.85,0.85,confirmed,"overlap=['bastille'] ; jugé en session : voirie et piétonisation Bastille, même aménagement"
2021_11_il_021,2021,Place de la Bastille - Travaux d'aménagement,713589.0,11,20191370000727,ARTELIA,44452352600564,CSP EP MS OPC CREAT.CONTINUITE PLACE DE LA BASTILLE/ARSENAL,2019,45509.45,0.85,confirmed,overlap=['bastille'] ; jugé en session : OPC de l'aménagement place de la Bastille/Arsenal
2021_11_il_021,2021,Place de la Bastille - Travaux d'aménagement,713589.0,11,20181370000692,OMNIUM GENERAL D'INGENIERIE,38400090700020,CSP4. MOE AMENAGT PIÉTON BASTILLE A PORT ARSENAL - MIXTE,2018,249975.57,0.85,confirmed,"overlap=['bastille'] ; jugé en session : MOE aménagement piéton depuis Bastille, même opération"
2021_11_il_021,2021,Place de la Bastille - Travaux d'aménagement,713589.0,11,20181370082210,COLAS FRANCE,32933888302274,CSP4 MS AC TRAVAUX INFRASTRUCUTRES DE VOIRIE REA BASTILLE,2018,5342919.82,0.65,probable,overlap=['bastille'] ; jugé en session : voirie du réaménagement de la place de la Bastille
2021_14_il_025,2021,Edition 2016 Réhabiliter la Ferme Montsouris pour en faire une maison à vocation citoyenne et culturelle,694974.0,14,20181210000424,CLARA SIMAY ARCHITECTURE,45088269100014,MOE RESTAURATION GRANGE ANCIENNE FERME MONTSOURIS 75014,2018,128450.0,1.0,confirmed,"overlap=['ferme', 'montsouris'] ; jugé en session : même ferme Montsouris, MOE restauration"
2021_01_il_019,2021,Eglise Saint-Gervais-Saint-Protais - Restauration du clocher et du bras nord du transept,691986.0,1,20191320000522,SOCIETE NOUVELLE PRADEAU MORIN,80869888000065,CSP5 RESTAUR CLOCHER EGLISE ST GERVAIS ST P.-LOT1:MACONNERIE,2019,3005712.83,1.0,confirmed,"overlap=['clocher', 'gervais'] ; jugé en session : même église St-Gervais, restauration clocher, lot maçonnerie"
2021_01_il_019,2021,Eglise Saint-Gervais-Saint-Protais - Restauration du clocher et du bras nord du transept,691986.0,1,20191320010557,ATELIERS PERRAULT FRERES,06120108300013,CSP5 REST/CLOCHER EGLISE ST-GERVAIS CHARPENT/MENUISERIE LOT3,2019,366303.19,1.0,confirmed,"overlap=['clocher', 'gervais'] ; jugé en session : même église St-Gervais, restauration clocher, lot charpente"
2021_01_il_019,2021,Eglise Saint-Gervais-Saint-Protais - Restauration du clocher et du bras nord du transept,691986.0,1,20191320010558,UNION TECHNIQUE DU BATIMENT,57206414500145,CSP5 REST/CLOCHER EGLISE ST-GERVAIS COUVERTURE LOT4 PARIS 4E,2019,290000.0,1.0,confirmed,"overlap=['clocher', 'gervais'] ; jugé en session : même église St-Gervais, restauration clocher, lot couverture"
2021_01_il_019,2021,Eglise Saint-Gervais-Saint-Protais - Restauration du clocher et du bras nord du transept,691986.0,1,20191320000520,ATELIER JEAN LOUP BOUVIER,35362219400028,CSP5 RESTAUR CLOCHER EGLISE ST-GERVAIS ST P LOT2: SCULPTURES,2019,275515.96,1.0,confirmed,"overlap=['clocher', 'gervais'] ; jugé en session : même église St-Gervais, restauration clocher, lot sculptures"
2021_20_il_012,2021,Stades Terrain d'Education Physique des Amandiers - Travaux de restructuration,681497.0,20,20181410000206,GRAAL ARCHITECTURE,53913729900043,CSP5 MOE POUR RESTRUCTURATION DU TEP AMANDIERS PARIS 20ÈME,2018,168437.58,1.0,confirmed,"overlap=['amandiers', 'restructuration'] ; jugé en session : même TEP Amandiers, MOE de la restructuration"
2021_12_il_036,2021,"Edition 2016 Aménagement de l'avenue Daumesnil, le long du Viaduc des Arts",617477.0,12,20181350001213,APRES LA PLUIE RENARD VERRIEST,52260268900021,CSP4 MISSION CONCEPTION AMENAGEMENT AV DAUMESNIL/VIADUC ART,2018,68294.0,1.0,confirmed,"overlap=['daumesnil', 'viaduc'] ; jugé en session : conception aménagement avenue Daumesnil/Viaduc des Arts"
2021_16_il_004,2021,"Mairie du 16ème arrondissement - Création d'un ascenseur, réaménagement des locaux, réfection de la cour Mairies",568493.0,16,20191210000592,BATI MAUD,49814571300026,MAIRIE 16EME CREATION 3EME ASCENSEUR,2019,305599.4,1.0,confirmed,"overlap=['16eme', 'ascenseur'] ; jugé en session : même opération : mairie 16eme creation 3eme ascenseur"
2021_15_il_023,2021,Patrimoine de voirie Boulevard Pasteur - Réfection du tapis - Aménagement des terre-pleins centraux,562736.0,15,20202020T05111,ENTREPRISE JEAN LEFEBVRE ILE DE FRA,31547453600051,SA3 TRAVAUX DE VOIRIE BD PASTEUR PARIS 15E - LOT 1,2020,1199359.6,0.85,confirmed,overlap=['pasteur'] ; jugé en session : même opération : sa3 travaux de voirie bd pasteur paris
2021_15_il_023,2021,Patrimoine de voirie Boulevard Pasteur - Réfection du tapis - Aménagement des terre-pleins centraux,562736.0,15,20202020TO5111,ENTREPRISE JEAN LEFEBVRE ILE DE FRA,31547453600051,SA3 TRAVAUX DE VOIRIE BD PASTEUR PARIS 15E - LOT 1,2020,1199359.6,0.85,confirmed,overlap=['pasteur'] ; jugé en session : même opération : sa3 travaux de voirie bd pasteur paris
2021_06_il_017,2021,Edifices cultuels Eglise Saint-Sulpice - Travaux de restauration,556151.0,6,20212021T10118,SOC COOP PRODUCT,57201099900033,SA4 TVX CHARPENTE MENUISERIE EGLISE SAINT-SULPICE LOT1,2021,253830.17,0.85,confirmed,"overlap=['sulpice'] ; jugé en session : même église Saint-Sulpice, restauration charpente"
2021_20_il_002,2021,"Collège Mendès France - Travaux de mise en accessibilité, rénovation de locaux, restructuration de locaux Entretien second degré",513138.0,20,20191210001585,EDILE CONSTRUCTION,37770055400019,RESTRUCTURATION DES LOCAUX DU COLLÈGE PIERRE MENDES FRANCE,2020,306809.86,1.0,confirmed,"overlap=['france', 'mendes', 'restructuration'] ; jugé en session : même opération : restructuration des locaux du collège pierre mendes"
2021_20_il_002,2021,"Collège Mendès France - Travaux de mise en accessibilité, rénovation de locaux, restructuration de locaux Entretien second degré",513138.0,20,20232023T04074,3R,84853849200028,CREATION ASCENSEUR COLLEGE PIERRE MENDES-FRANCE 20EME,2023,260422.6,1.0,confirmed,"overlap=['france', 'mendes'] ; jugé en session : même opération : creation ascenseur college pierre mendes-france 20eme"
2021_20_il_002,2021,"Collège Mendès France - Travaux de mise en accessibilité, rénovation de locaux, restructuration de locaux Entretien second degré",513138.0,20,20222022S03397,INGEMETRIE,80076540600015,MISSION MOE CRÉATION D'ASCENSEURS COLLÈGE MENDES FRANCE 20È,2022,64700.0,1.0,confirmed,"overlap=['france', 'mendes'] ; jugé en session : même opération : mission moe création d'ascenseurs collège mendes france"
2021_12_il_017,2021,Opérations individualisées 1er degré EP Gare de Lyon - Construction,511337.0,12,20202020S00006,"ATELIER SERGE JOLY, ARCHITECTES",88935888300011,MOE ÉCOCONSTRUCTION CMA ET EP SECTEUR GARE DE LYON DAUMESNIL,2021,1885138.02,0.9,confirmed,"overlap=['gare', 'lyon'] ; jugé en session : MOE construction école Gare de Lyon, même opération"
2021_12_il_017,2021,Opérations individualisées 1er degré EP Gare de Lyon - Construction,511337.0,12,20202021S00353,APAVE PARISIENNE SAS,39316827300299,CSPS ÉCO-CONSTRUCTION CRÈCHE ET EP GARE DE LYON-DAUMESNIL,2021,41700.0,0.9,confirmed,"overlap=['gare', 'lyon'] ; jugé en session : CSPS construction école Gare de Lyon-Daumesnil"
2021_09_il_013,2021,"Opérations individualisées EM 12, rue Chaptal - Mise aux normes de 3 cuisines",500365.0,9,20181210020027,ATELUX INGENIERIE,44044148300037,MISE AUX NORMES 3 CUISINES GS 12 CHAPTAL-9 BLANCHE-68/70 ROC,2019,87161.5,1.0,confirmed,"overlap=['chaptal', 'cuisines'] ; jugé en session : même école 12 Chaptal, 3 cuisines"
2021_12_il_024,2021,Piscines Piscine Roger le Gall - Rénovation,474024.0,12,20201410000579,CIOCAN BAT,48233369700027,SA4 RENOV. PISCINE ROGER LEGALL -LOT1: GROS OEUVRE/SECOND OE,2020,159724.0,0.7,probable,"overlap=['roger'] ; jugé en session : même piscine Roger Le Gall, rénovation lot 1"
2021_19_il_002,2021,EM Eugénie Cotton - Travaux d'étanchéïté et de réfection des cours,458357.0,19,20222022T02579,ETANCHECO,42296795000029,ETANCHEITE ZONE 2 COUR GS EUGENIE COTTON 19EME,2022,666245.35,1.0,confirmed,"overlap=['cotton', 'etancheite', 'eugenie'] ; jugé en session : même opération : etancheite zone 2 cour gs eugenie cotton"
2021_19_il_002,2021,EM Eugénie Cotton - Travaux d'étanchéïté et de réfection des cours,458357.0,19,20212021T03038,GEN ETANCHEITE COUVERTURE ID FRANCE,38898996400035,REFECTION ÉTANCHÉÏTÉ TOITURE TERRASSE EE EUGÉNIE COTTON 19È,2021,384737.6,1.0,confirmed,"overlap=['cotton', 'etancheite', 'eugenie'] ; jugé en session : même opération : refection étanchéïté toiture terrasse ee eugénie cotton"
2021_15_il_026,2021,Parc André Citroën - Réfection des fontaines et des cheminements,447740.0,15,20232023T07507,TERIDEAL,32307786700212,SA3.ACBC.TRVX RENOV (FONTAINERIE SERRURIE)PARC ANDRE CITROEN,2023,2399279.62,1.0,confirmed,"overlap=['andre', 'citroen'] ; jugé en session : même opération : sa3.acbc.trvx renov (fontainerie serrurie)parc andre citroen"
2021_19_il_003,2021,"EE 43, Armand Carrel - Réfection de la cour et des toilettes, installation d'un visiophone, réfection de 379 547 l'étanchéité et remise en état de l'électricité EE 119, avenue Simon Bolivar - Modernisation des ventilations, mise en place d'un organigramme de clefs et Entretien premier degré",424405.0,19,20212021T02617,EUROVIA ILE DE FRANCE,42094822600089,TX AMENAGEMENT COURS OASIS EE 43 RUE ARMAND CARREL 75019,2021,208131.78,1.0,confirmed,"overlap=['armand', 'carrel'] ; jugé en session : même opération : tx amenagement cours oasis ee 43 rue"
2021_19_il_003,2021,"EE 43, Armand Carrel - Réfection de la cour et des toilettes, installation d'un visiophone, réfection de 379 547 l'étanchéité et remise en état de l'électricité EE 119, avenue Simon Bolivar - Modernisation des ventilations, mise en place d'un organigramme de clefs et Entretien premier degré",424405.0,19,20212021T02081,TRAVAUX BATIMENTS ELECTRICITE SECUR,39436621500041,"TX MODER ARMOIRES ÉLECTRIQ EE 43,RUE ARMANR CARREL 75019",2021,61068.9,0.85,confirmed,"overlap=['carrel'] ; jugé en session : même opération : tx moder armoires électriq ee 43,rue armanr"
2021_09_il_001,2021,"EE 9, rue Blanche - Cour Oasis",415080.0,9,20212021T04102,COCHERY ILE DE FRANCE,41797626300018,MARCHÉ SUBSÉQUENT TRANSFORMATION EN COURS OASIS GS 9 BLANCHE,2021,414101.43,1.0,confirmed,"overlap=['blanche', 'oasis'] ; jugé en session : même école rue Blanche, cour Oasis"
2021_12_il_025,2021,Mise en accessibilité du quai de l'Arsenal depuis la place de la Bastille,404326.0,12,20191370000727,ARTELIA,44452352600564,CSP EP MS OPC CREAT.CONTINUITE PLACE DE LA BASTILLE/ARSENAL,2019,45509.45,1.0,confirmed,"overlap=['arsenal', 'bastille'] ; jugé en session : OPC continuité Bastille/Arsenal, même opération"
2021_12_il_025,2021,Mise en accessibilité du quai de l'Arsenal depuis la place de la Bastille,404326.0,12,20181370000692,OMNIUM GENERAL D'INGENIERIE,38400090700020,CSP4. MOE AMENAGT PIÉTON BASTILLE A PORT ARSENAL - MIXTE,2018,249975.57,1.0,confirmed,"overlap=['arsenal', 'bastille'] ; jugé en session : MOE aménagement piéton Bastille–Arsenal, même liaison"
2021_13_il_025,2021,Edition 2015 Rénovation partielle du square René Le Gall,392955.0,13,20181210001401,APB ARCHITECTURE,84874182300019,MATRISE D'OEUVRE RESTRUCTURAT° DU SQUARE RENE GALL PARIS 13È,2018,77532.04,0.9,confirmed,"overlap=['gall', 'rene'] ; jugé en session : même square René Le Gall, MOE restructuration"
2021_13_il_026,2021,"Edition 2016 Quoi de neuf, Charles ? Rénovation du centre sportif Charles Moureu",372667.0,13,20191410001195,TECHNIFENCE SAS,53969620300048,SA4 CLOTURES DES AIRES SPORTIVES DU CS CHARLES MOUREUX LOT 4,2019,67980.17,0.85,confirmed,"overlap=['charles'] ; jugé en session : même centre sportif Moureu, clôtures dans la rénovation"
2021_10_il_007,2021,Travaux Médiathèque François Villon - Travaux de restructuration,361262.0,10,20181210020026,ATELIER A I,50268807000031,MOP TVS RESTRUCTURATION BIBLOTHEQUE F.VILLON PARIS 10,2018,103500.0,1.0,confirmed,"overlap=['restructuration', 'villon'] ; jugé en session : même bibliothèque Villon, restructuration"
2021_08_il_007,2021,Collège Condorcet - Modernisation des centres thermiques,352377.0,8,20212021T03927,CHAUFFAGE RAMONAGE SERVICE,68202390800010,MODERNISATION DU CT COLLÈGE CONDORCET 61 RUE D'AMSTERDAM,2021,295990.27,0.85,confirmed,"overlap=['condorcet'] ; jugé en session : même collège Condorcet, centre thermique"
2021_01_il_029,2021,Abords Bourse du commerce Abords Bourse du commerce,346562.0,1,20191370001083,COLAS FRANCE,32933888302274,CSP EP MS TVX REAMENAGEMENTS ABORDS BOURSE DU COMMERCE LOT1,2019,1160148.08,1.0,confirmed,"overlap=['abords', 'bourse', 'commerce'] ; jugé en session : mêmes abords Bourse du commerce, travaux de réaménagement"
2021_01_il_024,2021,Abord Notre Dame Aménagement des abords de Notre-Dame,338915.0,1,20212021S03445,UNE FABRIQUE DE LA VILLE,50849633800015,AMO AMÉNAGEMENT ET ACCUEIL ABORDS DE NOTRE DAME DE PARIS,2021,54950.0,1.0,confirmed,"overlap=['abords', 'dame', 'notre'] ; jugé en session : AMO aménagement des abords de Notre-Dame, même opération"
2021_01_il_024,2021,Abord Notre Dame Aménagement des abords de Notre-Dame,338915.0,1,20222022S08577,BUREAU BAS SMETS,#,MSAC1 MOE REAMENAGEMENT DES ABORDS DE NOTRE-DAME,2022,2024946.37,1.0,confirmed,"overlap=['abords', 'dame', 'notre'] ; jugé en session : MOE réaménagement des abords de Notre-Dame"
2021_01_il_024,2021,Abord Notre Dame Aménagement des abords de Notre-Dame,338915.0,1,20222022S09902,PRESENTS,35024603900514,SA3 MS/AC(LOT2) CSPS TVX REAMENAG E.P. AUX ABORDS NOTRE DAME,2022,88880.0,1.0,confirmed,"overlap=['abords', 'dame', 'notre'] ; jugé en session : mêmes abords de Notre-Dame, travaux de réaménagement"
2021_01_il_024,2021,Abord Notre Dame Aménagement des abords de Notre-Dame,338915.0,1,20222022S09891,BTP CONSULTANTS,40842252500019,SA3 MSAC MISSION CONTROLE TECHNIQUE TVX ABORDS DE NOTRE DAME,2022,63520.0,1.0,confirmed,"overlap=['abords', 'dame', 'notre'] ; jugé en session : contrôle technique des travaux des abords de Notre-Dame"
2021_01_il_024,2021,Abord Notre Dame Aménagement des abords de Notre-Dame,338915.0,1,20201020000264,UNE FABRIQUE DE LA VILLE,50849633800015,SA4 AC MOE PARVIS NOTRE DAME DE PARIS,2020,139575.0,0.9,confirmed,"overlap=['dame', 'notre'] ; jugé en session : MOE du parvis de Notre-Dame, abords réaménagés"
2021_19_il_015,2021,TEP Edouard Pailleron - Rénovation et couverture,338593.0,19,20191410001209,ETABLISSEMENTS POULINGUE,38678011800058,SA5 COUVERTURE/RENOV.TERRAINS TENNIS CS PAILLERON - LOT1,2019,491447.82,0.85,confirmed,overlap=['pailleron'] ; jugé en session : même opération : sa5 couverture/renov.terrains tennis cs pailleron - lot1
2021_19_il_015,2021,TEP Edouard Pailleron - Rénovation et couverture,338593.0,19,20191410001210,POLYTAN FRANCE ENTREPRISES,39461791400020,SA5 COUVERTURE/RENOV.TERRAINS TENNIS CS PAILLERON - LOT2,2019,161288.59,0.85,confirmed,overlap=['pailleron'] ; jugé en session : même opération : sa5 couverture/renov.terrains tennis cs pailleron - lot2
2021_16_il_008,2021,sports Stade Jean-Pierre Wimille - Fermeture des pignons de la couverture du terrain d'éducation physique et Stade,329428.0,16,20201410000597,LAUNET,52732023800050,TRAVAUX FERMETURE PIGNONS TEP JP WIMILLE 75016 PARIS,2020,184331.51,1.0,confirmed,"overlap=['fermeture', 'pignons', 'wimille'] ; jugé en session : même opération : travaux fermeture pignons tep jp wimille 75016"
2021_12_il_018,2021,Opérations individualisées 2ème degré Collège Courteline - Extension et restructuration par création d'un nouveau bâtiment,322331.0,12,20181210001587,CAMPENON BERNARD CONSTRUCTION,34197215600119,CSP5 COLLEGE COURTELINE EXTENSION ET RESTRUCTURATION,2018,2594998.31,1.0,confirmed,"overlap=['courteline', 'restructuration'] ; jugé en session : même collège Courteline, extension et restructuration"
2021_12_il_018,2021,Opérations individualisées 2ème degré Collège Courteline - Extension et restructuration par création d'un nouveau bâtiment,322331.0,12,20222022T00913,SMC2,45075840400047,SA4 TEP COLLEGE COURTELINE LOT2:FONDATIONS/CHARP/GROS OEUV.,2022,775701.15,0.9,confirmed,"overlap=['courteline'] ; jugé en session : collège Courteline, lot gros œuvre de l'extension"
2021_12_il_018,2021,Opérations individualisées 2ème degré Collège Courteline - Extension et restructuration par création d'un nouveau bâtiment,322331.0,12,20222022T00912,LES PAVEURS DE MONTROUGE,57213102700029,SA4 COUVERTURE TEP COLLEGE COURTELINE LOT1:VRD/VEGETAL/BETON,2022,265999.8,0.85,confirmed,"overlap=['courteline'] ; jugé en session : collège Courteline, lot 1 de l'extension"
2021_05_il_017,2021,Edition 2019 Végétalisons la cour de l'école primaire 10 rue Rollin,320445.0,5,20212021T04295,VIABILITE TERRASSEMENT MATERIAUX,43864629100056,"REFECT°DE COURS, DANS LE PROGRAMME OASIS EE10 R. ROLLIN 5È",2021,250303.87,0.85,confirmed,"overlap=['rollin'] ; jugé en session : même école 10 rue Rollin, cour Oasis"
2021_15_il_002,2021,"EE 11, rue Vigee-Lebrun - Mise aux normes PMR (création d'ascenseurs) et création d'un auvent",318575.0,15,20212021T01547,BATI MAUD,49814571300026,RÉALISATION ASCENSEUR EE 11 VIGÉE LEBRUN 15 E LOT 01,2021,155758.5,1.0,confirmed,"overlap=['lebrun', 'vigee'] ; jugé en session : même école Vigée Lebrun, ascenseur"
2021_12_il_001,2021,tisanerie Edifices cultuels Eglise du Saint-Esprit - Restauration des couvertures et mise en conformité de l'ascenseur,315318.0,12,20201320000355,LEFEVRE SAS,35331873600058,SA4 TVX TOITURES EGLISE ST ESPRIT -LOT4 :ETANCHEITE/MACONNER,2020,619003.18,0.9,confirmed,"overlap=['esprit'] ; jugé en session : toitures église Saint-Esprit, lot étanchéité"
2021_12_il_001,2021,tisanerie Edifices cultuels Eglise du Saint-Esprit - Restauration des couvertures et mise en conformité de l'ascenseur,315318.0,12,20201320000352,LYON ECHAFAUDAGE,49077234000025,SA4 TOITURES EGLISE ST ESPRIT -LOT1 : INSTAL.CHANT./ECHAFAUD,2020,1940363.59,0.85,confirmed,"overlap=['esprit'] ; jugé en session : toitures église Saint-Esprit, lot échafaudage"
2021_12_il_001,2021,tisanerie Edifices cultuels Eglise du Saint-Esprit - Restauration des couvertures et mise en conformité de l'ascenseur,315318.0,12,20201320000353,PREMYS,32359288100078,SA4 TVX TOITURES EGLISE ST ESPRIT - LOT2 : DESAMIANTAGE,2020,559514.0,0.85,confirmed,"overlap=['esprit'] ; jugé en session : toitures église Saint-Esprit, lot désamiantage"
2021_17_il_001,2021,"EM 3, rue Gustave Dore - Réfection de la cour, travaux de sécurisation et réparation de fuites",310169.0,17,20212021T02143,ASTEN,54205733600027,SUBSÉQUENT TVX COURS OASIS EM GUSTAVE DORÉ 75017,2021,378953.88,1.0,confirmed,"overlap=['dore', 'gustave'] ; jugé en session : même opération : subséquent tvx cours oasis em gustave doré"
2021_13_il_017,2021,Edifices cultuels Sainte-Anne de la Butte-aux-Cailles - Consolidation pérenne,303642.0,13,20222022T02119,LEFEVRE SAS,35331873600058,SA4 EGLISE STE ANNE BUTTE AUX CAILLES LOT 1 GROS OEUVRE,2022,6164413.5,1.0,confirmed,"overlap=['anne', 'butte', 'cailles'] ; jugé en session : même église Sainte-Anne, gros œuvre"
2021_13_il_017,2021,Edifices cultuels Sainte-Anne de la Butte-aux-Cailles - Consolidation pérenne,303642.0,13,20222022T02120,STE LOUIS GENESTE ET SES FILS,86020025200093,SA4 EGLISE STE ANNE BUTTE AUX CAILLES LOT2 : MACONNERIE…,2022,1697781.97,1.0,confirmed,"overlap=['anne', 'butte', 'cailles'] ; jugé en session : même église Sainte-Anne, maçonnerie de consolidation"
2021_18_il_041,2021,Edition 2017 Réaménagement du square Léon Serpollet,302423.0,18,20212021T02323,TERIDEAL,32307786700055,SA3_TRAVAUX DE RÉNOVATION DU SQUARE LÉON SERPOLLET PARIS 18È,2021,395603.29,1.0,confirmed,"overlap=['leon', 'serpollet'] ; jugé en session : même opération : sa3_travaux de rénovation du square léon serpollet"
2021_13_il_009,2021,"Etablissements de petite CC 1, place de Rungis - Réfection de la toiture",300002.0,13,20212021T03942,ATTEC,51238993300049,REFECT°DE L'ETANCHEI DES TOITURES ET TERRAS CC 1/3 R.RUNGIS,2021,171124.0,0.85,confirmed,"overlap=['rungis'] ; jugé en session : même crèche place de Rungis, étanchéité toitures"
2021_13_il_009,2021,"Etablissements de petite CC 1, place de Rungis - Réfection de la toiture",300002.0,13,20212021T03943,ATTEC,51238993300049,REFECTION DU CLOS ET COUVERT DE LA CC 1/2 PLACE DE RUNGIS 13,2021,87333.0,0.85,confirmed,"overlap=['rungis'] ; jugé en session : même crèche place de Rungis, clos et couvert"
2021_18_il_022,2021,Piscines Piscine Belliard - Construction,296498.0,18,20232023T06374,BOUYGUES BATIMENT ILE DE FRANCE,43390083400188,SA4.TRVX CSTRUCT PISCINE 133 BIS R BELLIARD 75018 LOT 1,2023,18660000.0,0.9,confirmed,overlap=['belliard'] ; jugé en session : même opération : sa4.trvx cstruct piscine 133 bis r belliard
2021_18_il_022,2021,Piscines Piscine Belliard - Construction,296498.0,18,20201210020010,SCP ARCHITEC. BOURGUEIL / ROULEAU,34875168600034,MOE ÉCO-CONSTRUCTION PISCINE 133B RUE BELLIARD 75018 SAMO,2020,1495240.0,0.85,confirmed,overlap=['belliard'] ; jugé en session : même opération : moe éco-construction piscine 133b rue belliard 75018
2021_19_il_005,2021,"EM 8, Emelie - Modernisation du centre thermique et de la ventilation",295417.0,19,20212021T01963,CELSIO,38857243000048,MODERNISATION CT ET VENTILATION ECOLE MATERNELLE 8 R EMELIE,2021,309832.99,0.85,confirmed,overlap=['emelie'] ; jugé en session : même opération : modernisation ct et ventilation ecole maternelle 8
2021_19_il_013,2021,"Etablissements de petite CC 8 rue Henri Ribière - Réfection générale, travaux de dépollution et étanchéité",292577.0,19,20212021T04718,VALGO,45397583100109,DÉPOLLUTION DES SOLS 8/10 RUE HENRI RIBIÈRE,2021,393234.0,1.0,confirmed,"overlap=['depollution', 'henri', 'ribiere'] ; jugé en session : même opération : dépollution des sols 8/10 rue henri ribière"
2021_19_il_006,2021,Gymnase des Lilas - Réfection du gymnase et modernisation de la ventilation,290704.0,19,20212021T04078,LA LOUISIANE,32610261300022,GYMNASE DES LILAS 5 RUE DES LILAS MODERNISATION INSTALLATION,2021,620000.0,0.7,probable,overlap=['lilas'] ; jugé en session : même opération : gymnase des lilas 5 rue des lilas
2021_11_il_004,2021,"EM 9, rue Popincourt - Insonorisation des classes, réfectoire et préau, réfection de l'étanchéité de la toiture",284492.0,11,20212021T03037,EZEL,75359287200042,REFECTION DE L'ÉTANCHÉÏTÉ DE LA TOITURE BÂT. EM POPINCOURT,2021,206700.46,1.0,confirmed,"overlap=['etancheite', 'popincourt'] ; jugé en session : même EM Popincourt, étanchéité toiture citée au chantier"
2021_13_il_008,2021,"CC 58, rue Ricaut - Remplacement des menuiseries extérieures",283776.0,13,20212021T02657,ART ET TECHNIQUE DE LA MENUISERIE,47777174500023,REMPLACEMENT DES MENUISERIES EXTÉR BOIS CC10 RUE RICAUT 13ÈM,2021,208567.88,0.85,confirmed,"overlap=['ricaut'] ; jugé en session : crèche rue Ricaut, remplacement menuiseries extérieures"
2021_12_il_000,2021,Conservatoire municipal Paul Dukas - Amélioration du confort thermique et optimisation des bureaux et de la Enseignement artistique,275111.0,12,20191210005226,AUDETECH,49438652700027,MOE AMÉLIORATION INSTALLATION VENTILATION CMA12 PAUL DUKAS,2019,46200.0,1.0,confirmed,"overlap=['amelioration', 'dukas', 'paul'] ; jugé en session : MOE ventilation conservatoire Paul Dukas, confort thermique"
2021_11_il_002,2021,Edifices culturels Basilique Notre-Dame-du-Perpétuel-Secours - Restauration de toitures,260842.0,11,20191320000380,UNION TECHNIQUE DU BATIMENT,57206414500145,CSP5 RESTAUR TOITURES BASILIQ N/DAME PERPETUEL SECOURS LOT2,2019,964360.0,1.0,confirmed,"overlap=['dame', 'perpetuel', 'secours'] ; jugé en session : même basilique, restauration toitures lot 2"
2021_11_il_002,2021,Edifices culturels Basilique Notre-Dame-du-Perpétuel-Secours - Restauration de toitures,260842.0,11,20191320000378,LAYHER,32010280900201,CSP5 RESTAURATION TOITURES BASILIQUE ND PERPETUEL SEC -LOT1,2019,663260.5,1.0,confirmed,"overlap=['basilique', 'perpetuel'] ; jugé en session : même basilique, restauration toitures lot 1"
2021_19_il_035,2021,Edition 2019 Rénover les gymnases Lilas et Curial,255572.0,19,20201210020013,ROULLIAUD,58480172400116,REPRISE DES FACADES SALLES DE SPORT M. CURIAL PARIS 19ÈME,2020,313901.13,0.85,confirmed,overlap=['curial'] ; jugé en session : même opération : reprise des facades salles de sport m.
2021_12_il_011,2021,"CS Léo Lagrange - Recouvrement de 3 terrains de tennis, rénovation des urinoirs extérieurs et mise en 280 355 conformité du système de sécurité incendie Gymnases et salles de sports TEP Louis Braille - Rénovation des vestiaires et mise en accessibilté",253398.0,12,20201410000467,SOLS TECH,48072758500055,REFECTION COURTS TENNIS LÉO LAGRANGE 75012,2020,185520.8,1.0,confirmed,"overlap=['lagrange', 'tennis'] ; jugé en session : courts de tennis Léo Lagrange, cités au chantier"
2021_19_il_016,2021,Gymnases et salles de Gymnase des Lilas - Travaux de rénovation du gymnase,249703.0,19,20212021T04078,LA LOUISIANE,32610261300022,GYMNASE DES LILAS 5 RUE DES LILAS MODERNISATION INSTALLATION,2021,620000.0,0.7,probable,overlap=['lilas'] ; jugé en session : même opération : gymnase des lilas 5 rue des lilas
2021_19_il_016,2021,Gymnases et salles de Gymnase des Lilas - Travaux de rénovation du gymnase,249703.0,19,20201410000120,PYRAMIDE,34432740800029,RÉFECTION MUR ESCALDE GYMNASE DES LILAS 75019 PARIS,2020,74000.0,0.7,probable,overlap=['lilas'] ; jugé en session : même opération : réfection mur escalde gymnase des lilas 75019
2021_05_il_004,2021,Bâtiments CC Saint-Séverin Modernisation du centre thermique,249296.0,5,20212021T02549,CELSIO,38857243000048,CRÈCHE 6 R DES PRÊTRES ST-SEVERIN MODERNISATION CHAUFFERIE,2021,202902.98,0.85,confirmed,"overlap=['severin'] ; jugé en session : même crèche Saint-Séverin, chaufferie = centre thermique"
2021_15_il_008,2021,Bâtiments Gymnase Raymond Burgard - Changement d'énergie,238792.0,15,20212021T02744,CRAM,78821266000013,CHANGT NRJ MODERNISATION VENTILATION GYMNASE RAY. BURGARD,2021,675080.0,0.85,confirmed,"overlap=['burgard'] ; jugé en session : même gymnase Burgard, changement d'énergie"
2021_12_il_003,2021,"EE 18, rue de la Brèche aux Loups - Rénovation du sol de la cour, modernisation du sol de la cour et de la 300 456 Entretien premier degré salle des adultes, changement de portes coté cour et rénovation du logement de fonction Collège Paul Verlaine - Modernisation des menuiseries extérieures, des sanitaires et du réfectoire",227527.0,12,20212021T03235,SOC NOUV TRAVAUX PUBLICS ET PARTICU,57207510900015,MODERNISATION DU SOL DE COUR HAUTE EE BRÈCHE AUX LOUPS 12È,2021,267313.72,1.0,confirmed,"overlap=['breche', 'loups'] ; jugé en session : même école Brèche aux Loups, sol de cour"
2021_15_il_003,2021,"EE 20, rue Falguiere - Réfection des menuiseries extérieures du 1er étage et de la loge",222342.0,15,20201210000251,LES ETABLISSEMENTS GIFFARD,52284772200025,EE FALGUIERE MODERNISATION MENUISERIES EXTERIEURES BOIS,2020,438269.33,1.0,confirmed,"overlap=['exterieures', 'falguiere'] ; jugé en session : même école Falguière, menuiseries extérieures"
2021_10_il_003,2021,"EM 39, rue de l'Aqueduc - Remplacement des menuiseries extérieures",204721.0,10,20212021T03606,ART ET TECHNIQUE DE LA MENUISERIE,47777174500023,TRAVAUX MODERNISATION MENUMISERIES EXTÉRIEURES EM 39 AQUEDUC,2021,239360.0,1.0,confirmed,"overlap=['aqueduc', 'exterieures'] ; jugé en session : même école EM 39 Aqueduc, menuiseries extérieures"
2021_10_il_003,2021,"EM 39, rue de l'Aqueduc - Remplacement des menuiseries extérieures",204721.0,10,20222022T06898,ART ET TECHNIQUE DE LA MENUISERIE,47777174500023,TRAVAUX MODERNISATION MENUISERIES EXT. GS 39 AQUEDUC 75010,2022,627425.0,0.85,confirmed,"overlap=['aqueduc'] ; jugé en session : même école 39 Aqueduc, menuiseries extérieures"
2021_15_il_004,2021,"Entretien premier degré EE 19, rue Blomet - Réfection des menuiseries extérieures",203751.0,15,20202020T04331,NORMANDIE PATRIMOINE,80161864600013,MODERNISATION MENUISERIES EXT BOIS EE 19 BLOMET 75015 PARIS,2020,428245.67,0.85,confirmed,"overlap=['blomet'] ; jugé en session : même EE 19 Blomet, menuiseries extérieures"
2021_15_il_004,2021,"Entretien premier degré EE 19, rue Blomet - Réfection des menuiseries extérieures",203751.0,15,20232023T00700,ART DU BOIS SABIR,51000928500014,MODERNISATION MENUISERIES EXT. EE 19 RUE BLOMET 75015 PARIS,2023,403887.33,0.85,confirmed,overlap=['blomet'] ; jugé en session : même opération : modernisation menuiseries ext. ee 19 rue blomet
2021_15_il_034,2021,Edition 2019 Poursuivre la coulée verte à Beaugrenelle,201182.0,15,20191230000244,LACHAUX PAYSAGE,39044002200023,CSP4 AMENAGEMENT COULEE VERTE QUAI ANDRE CITROEN BEAUGRENELL,2019,379843.35,1.0,confirmed,"overlap=['coulee', 'verte'] ; jugé en session : même coulée verte Beaugrenelle, aménagement"
2021_15_il_000,2021,"Bibliothèque Chédid - 36, rue Emeriau - Modernisation des menuiseries extérieures",195389.0,15,20201210000127,ENTREPRISE POMMEROL,42912800200012,BIBLIOTHEQUE ANDREE CHEDID MODERNISATION MENUISERIES,2020,362989.03,0.85,confirmed,"overlap=['chedid'] ; jugé en session : même bibliothèque Chédid, menuiseries"
2021_10_il_024,2021,Opérations d'aménagement Square Alban Satragne - Travaux de voirie dans le cadre du réaménagement du quartier Alban Satragne,194424.0,10,20191370000768,EUROVIA ILE DE FRANCE,42094822600089,CSP MS EP TRAVX INFRAST VOIERIE-AMENAG SQUARE ALBAN SATRAGNE,2019,931012.2,1.0,confirmed,"overlap=['alban', 'satragne'] ; jugé en session : même square Alban Satragne, voirie-aménagement"
2021_13_il_014,2021,"Gymnases et salles de Centre Sportif Carpentier - Remplacement du TGBT, rénovation des vestiaires",192580.0,13,20222022S02188,ATELIER D'ARCHITECTURE C'EST ELLES,81420172900039,SA4.MOE RESTRUCT LOCAUX SOCIAUX CTR SPORTIF CARPENTIER MASSE,2022,63590.53,1.0,confirmed,"overlap=['carpentier', 'sportif'] ; jugé en session : même centre sportif Carpentier, vestiaires/locaux sociaux"
2021_20_il_038,2021,Refection du TEP Mouraud,185306.0,20,20201410000544,PARC ET JARDINS FRASNIER,69200024300026,TRAVAUX TEP MOURAUD 75020,2020,143018.49,0.85,confirmed,overlap=['mouraud'] ; jugé en session : même opération : travaux tep mouraud 75020
2021_01_il_010,2021,"CC 2, rue Moussy - Travaux de l'étanchéité de la cour terrasse",184879.0,1,20212021T03401,COCHERY ILE DE FRANCE,41797626300018,TRAVAUX VRD REFECTION TERRASSE CC 2-6 RUE MOUSSY 75004 PARIS,2021,145525.51,0.65,probable,"overlap=['moussy', 'terrasse'] ; jugé en session : même CC 2 rue Moussy, réfection de la terrasse"
2021_14_il_016,2021,"premier degré EM 11, rue Jean Dolent - Réaménagement de la cour en cour OASIS",181272.0,14,20202020T03335,ENTREPRISE JEAN LEFEBVRE ILE DE FRA,31547453600051,SUBSÉQUENT TVX COUR OASIS EM 11 RUE JEAN DOLENT 75014,2020,510727.24,1.0,confirmed,"overlap=['dolent', 'jean', 'oasis'] ; jugé en session : même école Jean Dolent, cour Oasis"
2021_15_il_032,2021,Edition 2015 Espace de Coworking étudiants - Entrepreneurs dans la gare de Vaugirard,181102.0,15,20181210000100,TRANSVERSE,82469205700022,GARE VAUGIRARD CREATION ESPACE COWORKING,2018,51205.0,1.0,confirmed,"overlap=['coworking', 'gare', 'vaugirard'] ; jugé en session : même gare de Vaugirard, espace coworking"
2021_11_il_001,2021,Eglise Saint Joseph des Nations - Restauration du massif d'entrée,175946.0,11,20181320001558,SOC COOP PRODUCT CHARPENTIER PARIS,57201099900017,CSP5 RESTAURAT°MASSIF ENTREE EGLISE ST JOSEPH DS NATIONS 11È,2018,102194.15,1.0,confirmed,"overlap=['joseph', 'nations'] ; jugé en session : même église, restauration du massif d'entrée"
2021_11_il_001,2021,Eglise Saint Joseph des Nations - Restauration du massif d'entrée,175946.0,11,20181320001235,H. CHEVALIER,62980277800064,CSP5 RESTAUR EGLISE ST JOSEPH D NATIONS - LOT 1 -PRIX MIXTES,2018,2987707.44,1.0,confirmed,"overlap=['joseph', 'nations'] ; jugé en session : même église Saint-Joseph des Nations, restauration lot 1"
2021_11_il_001,2021,Eglise Saint Joseph des Nations - Restauration du massif d'entrée,175946.0,11,20181320001239,ESCHLIMANN-ATELIER RESTAURATION-PEI,67850179200025,CSP5 RESTAUR EGLISE ST JOSEPH D NATIONS - LOT 6 - MIXTE,2018,234445.9,1.0,confirmed,"overlap=['joseph', 'nations'] ; jugé en session : même église, restauration lot 6"
2021_11_il_001,2021,Eglise Saint Joseph des Nations - Restauration du massif d'entrée,175946.0,11,20181320001237,BLONDEL METAL,44447710300014,CSP5 RESTAUR EGLISE ST JOSEPH DES NATIONS - LOT 4 SERRURERIE,2018,118188.18,1.0,confirmed,"overlap=['joseph', 'nations'] ; jugé en session : même église, restauration lot serrurerie"
2021_11_il_001,2021,Eglise Saint Joseph des Nations - Restauration du massif d'entrée,175946.0,11,20181320001236,COUVERTURES DE LOIRE,82811019700013,CSP5 TVX RESTAURAT° MASSIF ENTREE EGLISE ST JOSEPH - LOT 2,2018,77029.53,0.85,confirmed,"overlap=['joseph'] ; jugé en session : même église, massif d'entrée lot 2"
2021_07_il_005,2021,"Mairie du 7ème arrondissement - Remplacement des menuiseries extérieures, aménagement des locaux Mairies",174371.0,7,20191210000846,NORBA ILE DE FRANCE SUD,50943381900042,MAIRIE 7EME MODERNISATION MENUISERIES EXTERIEURES BOIS,2019,660582.5,1.0,confirmed,"overlap=['7eme', 'exterieures'] ; jugé en session : même mairie du 7e, menuiseries extérieures"
2021_10_il_005,2021,"réfectoire EE 34, rue du Faubourg-Saint-Denis - Rénovation de la cour Oasis",172100.0,10,20212021T02784,COCHERY ILE DE FRANCE,41797626300018,TRAVAUX TRANSORFORMATION COUR EN COUR OASIS EE 34 R.FBG ST.E,2021,152914.55,0.7,probable,"overlap=['oasis'] ; jugé en session : même école EE 34 Fbg-St-Denis, cour oasis"
2021_13_il_020,2021,Mairies Mairie du 13ème arrondissement - Ravalement des façades,164467.0,13,20191210000307,CHAMPAGNE CONSTRUCTION RENOVATION,32088927200037,CSP5 MAIRIE 13EME RESTAURATION FACADES,2019,1088499.2,0.7,probable,"overlap=['13eme'] ; jugé en session : même mairie du 13e, façades"
2021_10_il_006,2021,Collège Bernard Palissy - Réfection de la ventilation de la salle de restauration et curage de la façade Entretien second degré,161046.0,10,20201210003830,CHAUFFAGE RATIONNEL & APPLIC MODERN,78821266000013,MODERNISATION VENTILATION CUISINE COLLÈGE BERNARD PALISSY,2020,324717.27,1.0,confirmed,"overlap=['bernard', 'palissy'] ; jugé en session : ventilation cuisine collège Palissy, même opération"
2021_10_il_013,2021,"Centres d'Animation CPA Espace Jemmapes - Rénovation de la salle de spectacle, modernisation de la ventilation, désinfection 496 371 des locaux, installation d'une porte coupe feu, réfection de la toiture terrasse et autres travaux divers Gymnases et salles de Gymnase Jean Verdier - Mise aux normes du système de sécurité incendie",148955.0,10,20201410000062,SOCIETE GENERALE DE BATIMENT,38834569600032,SA4 TCE SALLE SPECTACLE JEMMAPES LOT 1,2020,624515.91,1.0,confirmed,"overlap=['jemmapes', 'spectacle'] ; jugé en session : salle de spectacle Jemmapes, même rénovation"
2021_10_il_013,2021,"Centres d'Animation CPA Espace Jemmapes - Rénovation de la salle de spectacle, modernisation de la ventilation, désinfection 496 371 des locaux, installation d'une porte coupe feu, réfection de la toiture terrasse et autres travaux divers Gymnases et salles de Gymnase Jean Verdier - Mise aux normes du système de sécurité incendie",148955.0,10,20191210003826,CIEC,43305622300152,CENTRE PARIS ANIM'JEMMAPES MODERNISATION VENTILATION,2019,301311.66,0.85,confirmed,"overlap=['jemmapes'] ; jugé en session : modernisation ventilation Anim'Jemmapes, même centre"
2021_18_il_001,2021,Edifices cultuels Eglise St-Bernard-de-la-Chapelle - Réparation du grand orgue et de la toiture,148224.0,18,20191320000254,YVES FOSSAERT MANUFACTURE D ORGUES,34485448400021,RÉPARAT°GRAND ORGUE DE TRIBUNE EGLISE ST BERNARD DE LA CHAPE,2019,48929.32,1.0,confirmed,"overlap=['bernard', 'grand', 'orgue'] ; jugé en session : même opération : réparat°grand orgue de tribune eglise st bernard"
2021_15_il_006,2021,"EM 35, avenue Emile Zola - Remplacement de la verrière et modernisation des menuiseries extérieures",144506.0,15,20212021T02422,ART ET TECHNIQUE DE LA MENUISERIE,47777174500023,MODERNISATION MENUISERIE ÉXTÉRIEURES BOIS EM 35 AV ZOLA 15E,2021,87904.0,1.0,confirmed,"overlap=['exterieures', 'zola'] ; jugé en session : même EM 35 Zola, menuiseries bois"
2021_15_il_006,2021,"EM 35, avenue Emile Zola - Remplacement de la verrière et modernisation des menuiseries extérieures",144506.0,15,20191210020047,PRODESIGN,48342570800011,MMODERNISAT° MENUISERIES EXTÉR EM 35 RUE EMILE ZOLA 75015,2019,216661.54,0.9,confirmed,"overlap=['emile', 'zola'] ; jugé en session : même EM 35 Zola, menuiseries extérieures"
2021_15_il_014,2021,Square des Périchaux - Travaux d'extension,141040.0,15,20191230010097,TERIDEAL SEGEX,32307786700055,SA4 TVX VOIRIE/RESEAUX/DIVERS RENOVATION SQUARE PERICHAUX,2019,461289.6,0.9,confirmed,overlap=['perichaux'] ; jugé en session : même opération : sa4 tvx voirie/reseaux/divers renovation square perichaux
2021_15_il_014,2021,Square des Périchaux - Travaux d'extension,141040.0,15,20191230010096,MARCEL VILLETTE,39040929000033,SA4 MS/AC TVX ESPACES VERTS RENOVATION SQUARE PERICHAUX,2019,485681.75,0.65,probable,overlap=['perichaux'] ; jugé en session : même opération : sa4 ms/ac tvx espaces verts renovation square
2021_12_il_007,2021,Travaux CPA Annie Fratellini - Modernisation de la climatisation,135180.0,12,20212021T03395,DALKIA,45650053700018,CPA ANNIE FRATELLINI 36 QUAI DE LA RAPÉE MODERNISATION CLIM,2021,106147.01,1.0,confirmed,"overlap=['annie', 'fratellini'] ; jugé en session : même CPA Fratellini, modernisation climatisation"
2021_16_il_014,2021,Marchés Marché de Passy - Démolition et reconstruction des resserres et du stand poissonnerie,133568.0,16,20191210020016,BATIMENTS ETUDES CONSTRUCTIONS,70204781200038,CSP5 MARCHE PASSY RESSERRE DEMOLITION RECONSTRUCTION,2019,619867.5,1.0,confirmed,"overlap=['demolition', 'passy', 'reconstruction'] ; jugé en session : même opération : csp5 marche passy resserre demolition reconstruction"
2021_17_il_005,2021,"Bâtiments CC 9, villa Sainte Croix - Modernisation de la chaufferie",126477.0,17,20201210029819,CELSIO,38857243000048,MODERNISATION DU CT DE LA CRÈCHE VILLA SAINTE CROIX (17È),2020,183347.79,0.9,confirmed,"overlap=['croix', 'villa'] ; jugé en session : même opération : modernisation du ct de la crèche villa"
2021_01_il_004,2021,"Entretien premier degré EM 6, rue Saint-Germain Auxerrois - Modernisation de la cour OASIS",123024.0,1,20212021T03638,COCHERY ILE DE FRANCE,41797626300018,RÉFECTION COUR EM ST GERMAIN L'AUXERROIS 75001 PARIS,2021,153628.67,1.0,confirmed,"overlap=['auxerrois', 'germain'] ; jugé en session : même EM St-Germain-l'Auxerrois, réfection de la cour"
2021_01_il_005,2021,"EE 22, rue de l'Avé Maria - Modernisation des sanitaires de la cour",122724.0,1,20212021T02626,SOGETHEC,51765203800020,MODERNISATION SANITAIRES COUR EE AVE MARIA PARIS 4E,2021,144553.33,0.7,probable,"overlap=['maria'] ; jugé en session : même EE Avé Maria, sanitaires de la cour"
2021_01_il_027,2021,Square Albert Schweitzer - Travaux d'aménagement,120027.0,1,20191230001146,SPORTS ET PAYSAGES,30741988700053,CSP EP TVX REQUALIF./JARDIN DES ARTS/SQU. SCHWEITZER 4EME,2019,671305.95,0.85,confirmed,"overlap=['schweitzer'] ; jugé en session : requalification square Schweitzer, même aménagement"
2021_20_il_001,2021,"remplacement des huisseries et modernisation du système de chauffage, de ventilation et de climatisation Bibliothèques Bibliothèque Couronnes, Naguib Mahfouz - Restructuration partielle et travaux de chauffage et de ventilation",117691.0,20,20212021T03554,CHAUFFAGE RAMONAGE SERVICE,68202390800010,BIBLIOTHÈQUE COURONNES NAGUIB MAHFOUZ. CHAUFFAGE VENTILATION,2021,131150.0,1.0,confirmed,"overlap=['couronnes', 'mahfouz', 'naguib'] ; jugé en session : même opération : bibliothèque couronnes naguib mahfouz. chauffage ventilation"
2021_05_il_007,2021,"CC 48, Lacépède - Réaménagement des locaux, restructuration de la biberonnerie, réaménagement de la 130 720 section des bébés et sécurisation des vitrages CC 7, rue des Lyonnais - Sécurisation vitrages, installation de moustiquaires et de stores, Réfection de la Etablissements de petite enfance",117546.0,5,20212021T02649,AM2B,53057083700019,REAMENAGEMENT DE LA SECT°DU 1ER ETAGE CC 48 RUE LACEPEDE 5EM,2021,83139.59,0.85,confirmed,"overlap=['lacepede'] ; jugé en session : même CC 48 Lacépède, réaménagement des locaux"
2021_15_il_021,2021,"Piscines Piscine Armand Massard - Installation de masses filtrantes, pose de porte d'entrée",116195.0,15,20212021T05619,EAUX COLLECTIVES ET TRAITEMENTS,39779986700064,FILTRATION PISCINE ARMAND MASSARD 75015,2021,69508.95,1.0,confirmed,"overlap=['armand', 'massard'] ; jugé en session : même opération : filtration piscine armand massard 75015"
2021_14_il_002,2021,Gymnase Huyghens - Modernisation de la chaufferie,111719.0,14,20191210000290,CHAUFFAGE RATIONNEL & APPLIC MODERN,78821266000013,MODERNISATION CHAUFFERIE GYMNASE 10 RUE HUYGHENS,2019,217855.0,1.0,confirmed,"overlap=['chaufferie', 'huyghens'] ; jugé en session : même gymnase Huyghens, chaufferie"
2021_01_il_000,2021,"Saint-Germain Auxerrois - Réfection des chéneaux en plomb et de la toiture, réparations du grand orgue 584 901 et du clos couvert Edifices cultuels Saint Eustache - Rénovation partielle de la toiture et sécurisation des murs et sols",101269.0,1,20212021T03120,GAUPILLAT,42483985000015,REPARATION GRAND ORGUE TRIBUNE ST GERMAIN L'AUXERROIS,2021,53088.0,1.0,confirmed,"overlap=['auxerrois', 'germain', 'grand', 'orgue'] ; jugé en session : réparation grand orgue de Saint-Germain-l'Auxerrois"
2021_10_il_000,2021,Bibliothèques Médiathèque François Villon - Travaux de restructuration et de mise en accessibilité,100580.0,10,20181210020026,ATELIER A I,50268807000031,MOP TVS RESTRUCTURATION BIBLOTHEQUE F.VILLON PARIS 10,2018,103500.0,1.0,confirmed,"overlap=['restructuration', 'villon'] ; jugé en session : MOP restructuration bibliothèque Villon, même équipement"
2021_10_il_012,2021,CPA Jean Verdier - Rénovation de l'accueil,96528.0,10,20212021T03594,REOLIAN MULTITEC,69201718900048,TRAVAUX DES ESPACES D’ACCUEIL DU CENTRE PARIS ANIM VERDIER,2021,85291.57,0.85,confirmed,"overlap=['verdier'] ; jugé en session : espaces d'accueil du CPA Verdier, même opération"
2021_06_il_001,2021,"Edifices cultuels Eglise Saint-Sulpice - Mise en conformité électrique, restauration de la statue Saint-Joseph, de la façade sud 155 485 du transept et des baies du chœur Maison des Pratiques Artistiques Amateurs Saint-Germain - Recloisonnement du bar et des loges, Salles de spectacle",65441.0,6,20212021S02882,LACOSTE ET THIEULIN ARCHITECTES,88275617400018,MISE EN CONFORMITE DES INSTALLATION ELEC ST SULPICE,2021,92538.0,1.0,confirmed,"overlap=['conformite', 'sulpice'] ; jugé en session : même église Saint-Sulpice, mise en conformité électrique"
2021_17_il_010,2021,"enfance CC 25, rue Curnonsky - Modernisation de la cuisine et déplacement de la biberonnerie",62662.0,17,20191210000441,APPROCHE BATIMENT ASS TECHNOLOGIES,48080837700042,CRECHE CURNONSKY MODERNISATION CUISINE,2019,71070.0,0.85,confirmed,overlap=['curnonsky'] ; jugé en session : même opération : creche curnonsky modernisation cuisine
2021_08_il_002,2021,"Entretien premier degré EP 8, rue Robert Estienne - Modernisation des sanitaires, remplacement des filets d'escaliers, du ballon d'eau 110 097 chaude et de l'extracteur de la laverie EM 12, rue de la Bienfaisance - Rénovation et modernisation des 2 sas d'entrée et modernisation des 2 préaux",56110.0,8,20222022T03252,TRAVAUX BATIMENTS ELECTRICITE SECUR,39436621500041,TRAVAUX RENOVATION ÉCOLES BIENFAISANCE FLORENCE ESTIENNE 8EM,2022,333333.2,1.0,confirmed,"overlap=['bienfaisance', 'estienne'] ; jugé en session : mêmes écoles Bienfaisance et Estienne, rénovation"
2021_13_il_000,2021,Bibliothèques Médiathèque Jean-Pierre Melville - Modernisation des locaux,54010.0,13,20191210000234,SUPRAMIANTE,50057326600029,"CSP5 RESTRUCT MEDIATHEQUE MELVILLE LOT1 DESAMIANTAGE, DEMOLI",2019,258759.0,0.85,confirmed,"overlap=['melville'] ; jugé en session : même médiathèque Melville, restructuration lot 1"
2021_08_il_001,2021,"EM 16, rue Roquepine - Modernisation des 2 cours et de la terrasse, remplacement de la porte d'entrée, 462 756 traitement de l'amiante, purge et remplacement du bloc porte EM 7, rue de Moscou - Rénovation de l'étanchéité de la verrière du réfectoire",49284.0,8,20212021T03063,ASTEN,54205733600027,TRAVAUX MODERNISATION 2 COURS EM 16 RUE ROQUEPINE PARIS 8E,2021,488301.5,1.0,confirmed,"overlap=['cours', 'roquepine'] ; jugé en session : même EM 16 Roquepine, modernisation des cours"
2021_16_il_023,2021,Edition 2016 Remise en eau - Fontaines porte de Saint-Cloud,38897.0,16,20191210000129,TERIDEAL SEGEX ENERGIES,78805646300052,CSP5 RENOVATION FONTAINE SAINT CLOUD LOT4 FONTAINERIE,2019,982820.15,0.75,probable,overlap=['cloud'] ; jugé en session : même opération : csp5 renovation fontaine saint cloud lot4 fontainerie
2021_16_il_023,2021,Edition 2016 Remise en eau - Fontaines porte de Saint-Cloud,38897.0,16,20191210000097,SOC NOUVELLE SOCRA,37890643200026,CSP5 FONTAINE SAINT CLOUD MOSAIQUE,2019,173419.0,0.7,probable,overlap=['cloud'] ; jugé en session : même opération : csp5 fontaine saint cloud mosaique
2021_19_il_000,2021,Conservatoire Jacques Ibert - Rénovation du sol de l'escalier principal et du hall et sécurisation des abords de Enseignement artistique,35473.0,19,20232023T02110,APPROCHE BATIMENT ASS TECHNOLOGIES,48080837700042,TVX DE MODERNISATION HALL DU CONSERVATOIRE JACQUES IBERT,2023,272316.15,1.0,confirmed,"overlap=['conservatoire', 'ibert', 'jacques'] ; jugé en session : même opération : tvx de modernisation hall du conservatoire jacques"
2021_20_il_036,2021,Edition 2019 Embellir le Pavillon Carré de Baudouin,24679.0,20,20222022T02602,SOCIETE DE REHABILITATION ET,84240158000035,TVX DU PAVILLON CARRÉ DE BAUDOUIN SIS 121 MÉNILMONTANT LOT 1,2022,501953.38,1.0,confirmed,"overlap=['baudouin', 'carre', 'pavillon'] ; jugé en session : même opération : tvx du pavillon carré de baudouin sis"
2021_20_il_036,2021,Edition 2019 Embellir le Pavillon Carré de Baudouin,24679.0,20,20222022T02603,PIERRENOEL,39480476900054,EMBELLISSEMENT DU PAVILLON CARRÉ DE BAUDOUIN 75020PARIS LOT3,2022,148456.76,1.0,confirmed,"overlap=['baudouin', 'carre', 'pavillon'] ; jugé en session : même opération : embellissement du pavillon carré de baudouin 75020paris"
2021_20_il_036,2021,Edition 2019 Embellir le Pavillon Carré de Baudouin,24679.0,20,20212021T09184,ESPACES TP,75331059800010,TRAVAUX D'EMBELLISSEMENT DU PAVILLON CARRÉ DE BAUDOIN,2021,139011.94,1.0,confirmed,"overlap=['carre', 'pavillon'] ; jugé en session : même opération : travaux d'embellissement du pavillon carré de baudoin"
2021_12_il_023,2021,Espace Reuilly Espace Reuilly - Amélioration des locaux,20571.0,12,20181210000220,BATIMENTS ETUDES CONSTRUCTIONS,70204781200038,TRAVAUX D'AMÉLIORATION DE L'ESPACE REUILLY RUE HÉNARD 75012,2018,344289.68,1.0,confirmed,"overlap=['amelioration', 'reuilly'] ; jugé en session : même Espace Reuilly, amélioration des locaux"
2021_16_il_027,2021,Edition 2015 Création d'une salle de tennis de table pour le 16ème arrondissement,10010.0,16,20222022T06186,CISCO BATIMENT,45160661000033,SA4 CREAT SALLE TENNIS/TABLE_COUVERT TEP STADE MUETTE LOT2,2022,295173.0,1.0,confirmed,"overlap=['table', 'tennis'] ; jugé en session : même opération : sa4 creat salle tennis/table_couvert tep stade muette"
2021_16_il_027,2021,Edition 2015 Création d'une salle de tennis de table pour le 16ème arrondissement,10010.0,16,20222022T06238,TECHNOLOGIE DU BATIMENT ET SERVICES,52450648200040,SA4 CREAT SALLE TENNIS/TABLE COUV STADE MUETTE LOT3,2022,196776.18,1.0,confirmed,"overlap=['table', 'tennis'] ; jugé en session : même opération : sa4 creat salle tennis/table couv stade muette"
2021_17_il_023,2021,Créations d'espaces verts Parc Martin Luther King - Aménagement (phase 3),5032565.0,17,,,,,,,,no_match,aucun candidat retenu (score >= 0.60 puis jugement en session)
2021_10_il_016,2021,Patrimoine de voirie Passerelles du Canal Saint-Martin - Rénovation de 3 passerelles métalliques,4508519.0,10,,,,,,,,no_match,aucun candidat retenu (score >= 0.60 puis jugement en session)
2021_07_il_011,2021,Gymnases et salles de sports Ilot St Germain - Construction d'un gymnase,4387317.0,7,,,,,,,,no_match,aucun candidat retenu (score >= 0.60 puis jugement en session)
2021_15_il_025,2021,"Opérations individualisées 1er degré GS 3, place du Cardinal Amette - Restructuration du groupe scolaire",4271044.0,15,,,,,,,,no_match,aucun candidat retenu (score >= 0.60 puis jugement en session)
2021_17_il_025,2021,Porte Maillot - Réaménagement,3119219.0,17,,,,,,,,no_match,aucun candidat retenu (score >= 0.60 puis jugement en session)
2021_19_il_022,2021,Enseignement artistique Médiathèque Jean Quarre - Création d'une médiathèque et d'une maison des réfugiés,2795932.0,19,,,,,,,,no_match,aucun candidat retenu (score >= 0.60 puis jugement en session)
2021_09_il_012,2021,Eglise Du Saint-Esprit - Restauration du massif d'entrée,2741360.0,9,,,,,,,,no_match,aucun candidat retenu (score >= 0.60 puis jugement en session)
2021_05_il_016,2021,"Piscines Piscine 19, rue de Pontoise - Travaux de rénovation",2010249.0,5,,,,,,,,no_match,aucun candidat retenu (score >= 0.60 puis jugement en session)
2021_20_il_018,2021,"Opérations individualisées premier EE 75, boulevard Davout - Construction",1861335.0,20,,,,,,,,no_match,aucun candidat retenu (score >= 0.60 puis jugement en session)
2021_14_il_014,2021,Edifices cultuels Eglise Saint-Pierre-de-Montrouge - Restauration de la flèche du clocher,1687965.0,14,,,,,,,,no_match,aucun candidat retenu (score >= 0.60 puis jugement en session)
2021_10_il_019,2021,Mairies modernisation Mairie du 10ème arrondissement - Restauration des façades et des menuiseries,1603134.0,10,,,,,,,,no_match,aucun candidat retenu (score >= 0.60 puis jugement en session)
2021_19_il_028,2021,Chanel porte d'Aubervilliers,1462243.0,19,,,,,,,,no_match,aucun candidat retenu (score >= 0.60 puis jugement en session)
2021_15_il_024,2021,Quai d’Issy-les-Moulineaux - Pérennisation de la piste cyclable à double sens reliant Issy-les-Moulineaux à Vélos,1359144.0,15,,,,,,,,no_match,aucun candidat retenu (score >= 0.60 puis jugement en session)
2021_17_il_012,2021,Piscine Bernard Lafay - Restructuration des vestiaires et remplacement de l'alarme,1296471.0,17,,,,,,,,no_match,aucun candidat retenu (score >= 0.60 puis jugement en session)
2021_20_il_023,2021,"Cimetière du Père Lachaise - Réhabilitation, mise en accessibilité et diagnostic structure du columbarium, Cimetières",1281419.0,20,,,,,,,,no_match,aucun candidat retenu (score >= 0.60 puis jugement en session)
2021_15_il_028,2021,MA Périchaux-Lefebvre - Construction d'un multi accueil,1246420.0,15,,,,,,,,no_match,aucun candidat retenu (score >= 0.60 puis jugement en session)
2021_05_il_013,2021,"Enseignement Supérieur Sorbonne 17, rue de la Sorbonne - Etudes et travaux d'accessibilité",1184679.0,5,,,,,,,,no_match,aucun candidat retenu (score >= 0.60 puis jugement en session)
2021_17_il_026,2021,Opérations d'aménagement ZAC Clichy-Batignolles - Etudes et travaux pont de Clichy Batignolles,1134178.0,17,,,,,,,,no_match,aucun candidat retenu (score >= 0.60 puis jugement en session)
2021_12_il_022,2021,"Etablissements de petite enfance CC 77, avenue du docteur Arnold Netter - Construction",1089000.0,12,,,,,,,,no_match,aucun candidat retenu (score >= 0.60 puis jugement en session)
2021_10_il_028,2021,Edition 2016 L'agora du Faubourg : ouverture d'une agora solidaire dans le quartier Saint Denis - Paradis,1066397.0,10,,,,,,,,no_match,aucun candidat retenu (score >= 0.60 puis jugement en session)
2021_19_il_029,2021,Opérations d'aménagement Rue d'Aubervilliers - Aménagement du secteur Eole-Evangile,1062079.0,19,,,,,,,,no_match,aucun candidat retenu (score >= 0.60 puis jugement en session)
2021_16_il_013,2021,Ediices cultuels Eglise Notre Dame d'Auteuil - Restauration des décors intérieurs et des vitraux,985022.0,16,,,,,,,,no_match,aucun candidat retenu (score >= 0.60 puis jugement en session)
2021_18_il_011,2021,"Boulevard périphérique - Application d'enrobés phoniques, raccordement des stations par le réseau fibre optique, amélioration des dispositifs crue, création de caméras tunnel vélo, refection de la chaussée,",940480.0,18,,,,,,,,no_match,aucun candidat retenu (score >= 0.60 puis jugement en session)
2021_14_il_013,2021,Enseignement artistique Conservatoire Darius Milhaud - Construction,908302.0,14,,,,,,,,no_match,aucun candidat retenu (score >= 0.60 puis jugement en session)
2021_15_il_022,2021,"Place de la Porte de Versailles - Réfection complète de la chaussée, Mise en accessibilité PMR",898150.0,15,,,,,,,,no_match,aucun candidat retenu (score >= 0.60 puis jugement en session)
2021_20_il_006,2021,Mairies Réaménagement dans le cadre du schéma fonctionnel et ravalement,843127.0,20,,,,,,,,no_match,aucun candidat retenu (score >= 0.60 puis jugement en session)
2021_13_il_022,2021,"Etablissements de petite MA 48, boulevard Vincent Auriol - Construction d'un multi-accueil",794845.0,13,,,,,,,,no_match,aucun candidat retenu (score >= 0.60 puis jugement en session)
2021_01_il_018,2021,Edifices cultuels Temple des billettes - Restauration de la façade principale,791284.0,1,,,,,,,,no_match,aucun candidat retenu (score >= 0.60 puis jugement en session)
2021_14_il_005,2021,Mairie d'arrondissement Maire du 14ème arrondissement - Travaux d'aménagements de la salle Marius Magnin,790000.0,14,,,,,,,,no_match,aucun candidat retenu (score >= 0.60 puis jugement en session)
2021_01_il_020,2021,Opérations individualisées Lycée Gautier-Annexe - Réaménagement partiel du l'annexe du Lycée T. Gautier,721260.0,1,,,,,,,,no_match,aucun candidat retenu (score >= 0.60 puis jugement en session)
2021_20_il_024,2021,"CC 73, boulevard Davout - Construction",706834.0,20,,,,,,,,no_match,aucun candidat retenu (score >= 0.60 puis jugement en session)
2021_15_il_007,2021,"EE 12, rue Fondary - Etude de transformation énergétique et innovation (lot 2)",701639.0,15,,,,,,,,no_match,aucun candidat retenu (score >= 0.60 puis jugement en session)
2021_08_il_011,2021,Rue Royale - Réfection de la chaussée,675239.0,8,,,,,,,,no_match,aucun candidat retenu (score >= 0.60 puis jugement en session)
2021_18_il_013,2021,"Grands projets de rénovation EE 2, rue de la Guadeloupe - Travaux dans le cadre du Contrat de Perfomance Energétique",666808.0,18,,,,,,,,no_match,aucun candidat retenu (score >= 0.60 puis jugement en session)
2021_19_il_031,2021,Edition 2019 Cours d’écoles végétalisées pour grandir ensemble dans le 19ème arrondissement,660088.0,19,,,,,,,,no_match,aucun candidat retenu (score >= 0.60 puis jugement en session)
2021_14_il_021,2021,Projets Urbains Réinventer Montparnasse,657170.0,14,,,,,,,,no_match,aucun candidat retenu (score >= 0.60 puis jugement en session)
2021_19_il_030,2021,Place des Fêtes - Aménagement de la place,641875.0,19,,,,,,,,no_match,aucun candidat retenu (score >= 0.60 puis jugement en session)
2021_07_il_012,2021,Etablissements de petite Ilôt St Germain - Construction d'une crèche,619537.0,7,,,,,,,,no_match,aucun candidat retenu (score >= 0.60 puis jugement en session)
2021_09_il_010,2021,Rue Châteaudun - Création d'une zone 30,612602.0,9,,,,,,,,no_match,aucun candidat retenu (score >= 0.60 puis jugement en session)
2021_13_il_021,2021,Entretien d'espaces verts Jardin Moulin de la Pointe - Travaux d'aménagement de la Tour Chambord,586423.0,13,,,,,,,,no_match,aucun candidat retenu (score >= 0.60 puis jugement en session)
2021_16_il_016,2021,Bâtiments Musée Galliera - Création d'un parcours permanent dans les locaux du sous-sol,575655.0,16,,,,,,,,no_match,aucun candidat retenu (score >= 0.60 puis jugement en session)
2021_06_il_006,2021,"Mairie du 6ème arrondissement - Aménagement de locaux, travaux de mise en accessibilité et installation Mairies",575180.0,6,,,,,,,,no_match,aucun candidat retenu (score >= 0.60 puis jugement en session)
2021_17_il_021,2021,"second degré EM, 31 rue des Renaudes - Désamiantage et déménagement",571204.0,17,,,,,,,,no_match,aucun candidat retenu (score >= 0.60 puis jugement en session)
2021_18_il_010,2021,"Opérations d'aménagement Rue Ferdinand Flocon - Piétonnisation dans le cadre du projet ""Rues aux écoles""",545644.0,18,,,,,,,,no_match,aucun candidat retenu (score >= 0.60 puis jugement en session)
2021_17_il_027,2021,ZAC Clichy-Batignolles - Etudes et travaux passerelle Clichy Batignolles,523811.0,17,,,,,,,,no_match,aucun candidat retenu (score >= 0.60 puis jugement en session)
2021_15_il_010,2021,"Mairie du 15ème arrondissement - Travaux d'encloisonnement de l'escalier, d'accessibilité et adaptation du Mairies",522037.0,15,,,,,,,,no_match,aucun candidat retenu (score >= 0.60 puis jugement en session)
2021_12_il_019,2021,Jardin de Reuilly - Création d'un jardin,512227.0,12,,,,,,,,no_match,aucun candidat retenu (score >= 0.60 puis jugement en session)
2021_08_il_019,2021,"Rue de la Bienfaisance - Travaux d'infrastructure, réfection de la chaussée, création de jardinières, pose de Opérations d'aménagement",511069.0,8,,,,,,,,no_match,aucun candidat retenu (score >= 0.60 puis jugement en session)
2021_12_il_033,2021,Edition 2018 Quartiers populaires : reconquête de la Petite Ceinture,509949.0,12,,,,,,,,no_match,aucun candidat retenu (score >= 0.60 puis jugement en session)
2021_17_il_013,2021,Piscines Bassin école Leon Biancotto - Adaptation du pédiluve pour la PMR,508165.0,17,,,,,,,,no_match,aucun candidat retenu (score >= 0.60 puis jugement en session)
2021_20_il_028,2021,Centre Sportif Docteurs Dejerine - Réaménagement,501292.0,20,,,,,,,,no_match,aucun candidat retenu (score >= 0.60 puis jugement en session)
2021_20_il_029,2021,"Rue Pierre Foncin - Piétonnisation dans le cadre du projet ""Rues aux écoles""",487671.0,20,,,,,,,,no_match,aucun candidat retenu (score >= 0.60 puis jugement en session)
2021_14_il_022,2021,Square Auguste Renoir-Broussais - Opération d'aménagement (phase 2),475536.0,14,,,,,,,,no_match,aucun candidat retenu (score >= 0.60 puis jugement en session)
2021_12_il_020,2021,Créations d'espaces verts Bois de Vincennes - Aménagement de la route du Pesage,471352.0,12,,,,,,,,no_match,aucun candidat retenu (score >= 0.60 puis jugement en session)
2021_13_il_018,2021,"Opérations individualisées EE 8, rue Kuss - Restructuration du groupe scolaire",450775.0,13,,,,,,,,no_match,aucun candidat retenu (score >= 0.60 puis jugement en session)
2021_10_il_030,2021,Edition 2014 Des jardins sur les murs,448076.0,10,,,,,,,,no_match,aucun candidat retenu (score >= 0.60 puis jugement en session)
2021_16_il_019,2021,Stades Stade Jean Bouin - Travaux divers,445145.0,16,,,,,,,,no_match,aucun candidat retenu (score >= 0.60 puis jugement en session)
2021_13_il_024,2021,Edition 2019 De belles cours oasis pour les enfants !,433129.0,13,,,,,,,,no_match,aucun candidat retenu (score >= 0.60 puis jugement en session)
2021_07_il_008,2021,Avenue de Suffren - Travaux de désamiantage,428614.0,7,,,,,,,,no_match,aucun candidat retenu (score >= 0.60 puis jugement en session)
2021_01_il_025,2021,Création d'une maison des jeunes paris centre dans l'ancienne mairie du 1er arrondissement,423945.0,1,,,,,,,,no_match,aucun candidat retenu (score >= 0.60 puis jugement en session)
2021_10_il_022,2021,"Etablissements de petite MA 1, avenue Vellefaux - Construction d'une crèche multi-accueil au sein de l'hôpital Saint-Louis",417447.0,10,,,,,,,,no_match,aucun candidat retenu (score >= 0.60 puis jugement en session)
2021_17_il_033,2021,Edition 2016 Sécurisation de l'espace public dans le 17ème arrondissement,412440.0,17,,,,,,,,no_match,aucun candidat retenu (score >= 0.60 puis jugement en session)
2021_16_il_007,2021,Gymnases et salles de CS de tennis Niox - Rénovation et adaptation des locaux aux personnes à mobilité réduite,408414.0,16,,,,,,,,no_match,aucun candidat retenu (score >= 0.60 puis jugement en session)
2021_17_il_006,2021,"Mairie du 17ème arrondissement - Modernisation du chauffage de la salle des fêtes, aménagement des Mairies",399247.0,17,,,,,,,,no_match,aucun candidat retenu (score >= 0.60 puis jugement en session)
2021_19_il_025,2021,"Opérations individualisées EM 21, rue Colette Magny - Réfections diverses (fenêtres, escaliers, réfectoire, hall d'entrée, terrasse)",398617.0,19,,,,,,,,no_match,aucun candidat retenu (score >= 0.60 puis jugement en session)
2021_11_il_008,2021,Plan climat - Entretien et Collège Lucie et Raymond Aubrac - Modernisation du Centre Thermique,394575.0,11,,,,,,,,no_match,aucun candidat retenu (score >= 0.60 puis jugement en session)
2021_18_il_009,2021,CS des Poissonniers - Rénovation du site d'entrainement,390613.0,18,,,,,,,,no_match,aucun candidat retenu (score >= 0.60 puis jugement en session)
2021_15_il_030,2021,Piscines Piscine Blomet - Travaux de restructuration,386281.0,15,,,,,,,,no_match,aucun candidat retenu (score >= 0.60 puis jugement en session)
2021_12_il_035,2021,Edition 2019 Améliorons l’environnement des usagers du Bois de Vincennes,383156.0,12,,,,,,,,no_match,aucun candidat retenu (score >= 0.60 puis jugement en session)
2021_19_il_034,2021,"Edition 2016 Rénover les terrains de sports Michelet, Porte Chaumont et Barbanègre",380676.0,19,,,,,,,,no_match,aucun candidat retenu (score >= 0.60 puis jugement en session)
2021_08_il_013,2021,Opérations d'aménagement Place Saint-Augustin - Travaux de sécurisation de la place,380121.0,8,,,,,,,,no_match,aucun candidat retenu (score >= 0.60 puis jugement en session)
2021_18_il_000,2021,Bibliothèques Bibliothèque Robert Sabatier - Modernisation et accès PMR,378286.0,18,,,,,,,,no_match,aucun candidat retenu (score >= 0.60 puis jugement en session)
2021_14_il_015,2021,"Opérations individualisées EE 7, avenue Maurice d'Ocagne - Modernisation des sanitaires du RDC et de la cour",369446.0,14,,,,,,,,no_match,aucun candidat retenu (score >= 0.60 puis jugement en session)
2021_05_il_005,2021,"Mairie du 5ème arrondissement - Travaux de restructuration des locaux sociaux, Travaux de mise en place Mairies",368107.0,5,,,,,,,,no_match,aucun candidat retenu (score >= 0.60 puis jugement en session)
2021_15_il_033,2021,Edition 2017 Réaménager le quartier Bargue/Falguière,365776.0,15,,,,,,,,no_match,aucun candidat retenu (score >= 0.60 puis jugement en session)
2021_11_il_023,2021,Edition 2017 Un parcours de fresques à Belleville-Saint-Maur,364932.0,11,,,,,,,,no_match,aucun candidat retenu (score >= 0.60 puis jugement en session)
2021_08_il_000,2021,"Eglise Sainte-Marie-Madeleine - Restauration et mise aux normes électriques des lustres de la nef, mise en Edifices cultuels",362422.0,8,,,,,,,,no_match,aucun candidat retenu (score >= 0.60 puis jugement en session)
2021_13_il_007,2021,"CC 58, rue Clisson - Travaux divers de mise en conformité",349057.0,13,,,,,,,,no_match,aucun candidat retenu (score >= 0.60 puis jugement en session)
2021_15_il_031,2021,Opérations d'aménagement Boulevards Vaugirard et Pasteur - Végétalisation,346663.0,15,,,,,,,,no_match,aucun candidat retenu (score >= 0.60 puis jugement en session)
2021_10_il_001,2021,Conservatoire municipal Hertor Berlioz - Modernisation de l'étanchéité de la toiture terrasse et de la Enseignement artistique,342678.0,10,,,,,,,,no_match,aucun candidat retenu (score >= 0.60 puis jugement en session)
2021_07_il_007,2021,Gymnases et salles de sports CS Cler - Mise en accessibilité,334941.0,7,,,,,,,,no_match,aucun candidat retenu (score >= 0.60 puis jugement en session)
2021_13_il_002,2021,"EE 30, place Jeanne d'Arc - Rénovation des sanitaires cour et création d'un visiophone",334596.0,13,,,,,,,,no_match,aucun candidat retenu (score >= 0.60 puis jugement en session)
2021_15_il_020,2021,Piscine Blomet - Travaux de restructuration,334480.0,15,,,,,,,,no_match,aucun candidat retenu (score >= 0.60 puis jugement en session)
2021_11_il_014,2021,"Gymnases et salles de CS 9, rue Alphonse Baudin - Réfection du sol de la salle de tennis, remplacement de l'éclairage des salles et 252 347 sports réfection de la terrasse du logement Piscines Piscine Georges Rigal - Systhème de sécurité incendie et travaux divers",332773.0,11,,,,,,,,no_match,aucun candidat retenu (score >= 0.60 puis jugement en session)
2021_18_il_020,2021,Centres d'animation CPA Hébert - Reconstruction,330858.0,18,,,,,,,,no_match,aucun candidat retenu (score >= 0.60 puis jugement en session)
2021_09_il_007,2021,Piscine Georges Drigny - Contrat de Performance Energétique,325280.0,9,,,,,,,,no_match,aucun candidat retenu (score >= 0.60 puis jugement en session)
2021_18_il_014,2021,"énergétique EM 56, rue d'Orsel - Travaux dans le cadre du Contrat de Perfomance Energétique",322227.0,18,,,,,,,,no_match,aucun candidat retenu (score >= 0.60 puis jugement en session)
2021_18_il_003,2021,"EM 58, rue d'Orsel - Modernisation des menuiseries",315579.0,18,,,,,,,,no_match,aucun candidat retenu (score >= 0.60 puis jugement en session)
2021_01_il_002,2021,"EM 12, Dussous - Modernisation des sanitaires, du sol de la cour et du sol souple",315216.0,1,,,,,,,,no_match,aucun candidat retenu (score >= 0.60 puis jugement en session)
2021_20_il_003,2021,"SEGPA, désamiantage et études sur la réfection de la passerelle EE 14, rue Riblette - Réfection des menuiseries, remplacement de 3 fenêtres, remplacement de la porte 365 177 d'entrée, mise en accessibilté et modernisation des sanitaires de la cour et de l'auvent Entretien premier degré EE 97, rue des Pyrénées - Remplacement du skydôme sur le toit terrasse, travaux de mise en accessibilité",314089.0,20,,,,,,,,no_match,aucun candidat retenu (score >= 0.60 puis jugement en session)
2021_07_il_010,2021,Opération d'aménagement Rue Dominique - Création d'une zone 30,313962.0,7,,,,,,,,no_match,aucun candidat retenu (score >= 0.60 puis jugement en session)
2021_10_il_027,2021,Edition 2017 Coup de culture,313568.0,10,,,,,,,,no_match,aucun candidat retenu (score >= 0.60 puis jugement en session)
2021_06_il_009,2021,Piscine Gymnase Garancière - Mise en accessibilité du gymnase,311371.0,6,,,,,,,,no_match,aucun candidat retenu (score >= 0.60 puis jugement en session)
2021_17_il_015,2021,Boulevard Malesherbes - Travaux d'aménagement,311011.0,17,,,,,,,,no_match,aucun candidat retenu (score >= 0.60 puis jugement en session)
2021_09_il_014,2021,"premier degré EE 32, rue Buffault - Travaux dans le cadre du Contrat de Performance Energétique 60 écoles",308157.0,9,,,,,,,,no_match,aucun candidat retenu (score >= 0.60 puis jugement en session)
2021_14_il_019,2021,Piscines Bassin école Elisabeth - Construction,307834.0,14,,,,,,,,no_match,aucun candidat retenu (score >= 0.60 puis jugement en session)
2021_12_il_012,2021,Opérations d'aménagement Rue de Reuilly - Mise à sens unique de la rue de Reuilly,299979.0,12,,,,,,,,no_match,aucun candidat retenu (score >= 0.60 puis jugement en session)
2021_18_il_034,2021,Edition 2019 Ouvrir les cours d’école aux sportifs les week-ends,299289.0,18,,,,,,,,no_match,aucun candidat retenu (score >= 0.60 puis jugement en session)
2021_20_il_004,2021,"EE 4, rue Eugène Reisz - Mise aux normes accessibilité et installation d'un visiophone",296571.0,20,,,,,,,,no_match,aucun candidat retenu (score >= 0.60 puis jugement en session)
2021_11_il_025,2021,Edition 2018 Rénovons les terrains de sport du 11e,295407.0,11,,,,,,,,no_match,aucun candidat retenu (score >= 0.60 puis jugement en session)
2021_09_il_011,2021,Opération d'aménagement Rue du Delta - Travaux de réaménagement,295394.0,9,,,,,,,,no_match,aucun candidat retenu (score >= 0.60 puis jugement en session)
2021_12_il_031,2021,Edition 2019 Rénovons les équipements sportifs et aquatiques du 12ème arrondissement,295028.0,12,,,,,,,,no_match,aucun candidat retenu (score >= 0.60 puis jugement en session)
2021_10_il_021,2021,Créations d'espaces verts Jardin ferme Saint-Lazare - Travaux d'extension,284778.0,10,,,,,,,,no_match,aucun candidat retenu (score >= 0.60 puis jugement en session)
2021_15_il_029,2021,"Etablissements de petite enfance MA 18, rue de l'ingénieur Robert Keller - Construction d'un multi accueil",283140.0,15,,,,,,,,no_match,aucun candidat retenu (score >= 0.60 puis jugement en session)
2021_11_il_024,2021,Edition 2019 Rénover et sécuriser les rues du quartier Belleville-Saint Maur,282662.0,11,,,,,,,,no_match,aucun candidat retenu (score >= 0.60 puis jugement en session)
2021_06_il_013,2021,Patrimoine de voirie Rue de Rennes - Travaux d'entretien,282118.0,6,,,,,,,,no_match,aucun candidat retenu (score >= 0.60 puis jugement en session)
2021_12_il_026,2021,Opérations d'aménagement Secteur Debergue - Travaux d'aménagement,282100.0,12,,,,,,,,no_match,aucun candidat retenu (score >= 0.60 puis jugement en session)
2021_11_il_005,2021,"Entretien premier degré EM 54, rue Servan - Remplacement des portes et du plafond, reprise d'étanchéité de la verrière",281063.0,11,,,,,,,,no_match,aucun candidat retenu (score >= 0.60 puis jugement en session)
2021_19_il_024,2021,Entretien d'espaces verts Buttes Chaumont (Ile de la Falaise) - Etudes de diagnostic et de rénovation,279388.0,19,,,,,,,,no_match,aucun candidat retenu (score >= 0.60 puis jugement en session)
2021_19_il_007,2021,"Bâtiments EP 10, rue Henri Noguères - Modernisation du centre thermique et de la ventilation",278224.0,19,,,,,,,,no_match,aucun candidat retenu (score >= 0.60 puis jugement en session)
2021_06_il_002,2021,déplacement de la centrale du système de sécurité incendie à l'accueil Bibliothèques Médiathèque André Malraux - Modernisation des bureaux et création d'un local ménage,275653.0,6,,,,,,,,no_match,aucun candidat retenu (score >= 0.60 puis jugement en session)
2021_05_il_018,2021,Edition 2019 Réhabilitation de la surface de la promenade piétonne,275459.0,5,,,,,,,,no_match,aucun candidat retenu (score >= 0.60 puis jugement en session)
2021_06_il_005,2021,"CC 4, rue Littré - Modernisation de la section bébé, mise aux normes de la grande section et travaux de Etablissements de petite enfance",272909.0,6,,,,,,,,no_match,aucun candidat retenu (score >= 0.60 puis jugement en session)
2021_19_il_004,2021,"travaux divers (étanchéité, porte d'entrée, fenêtres, réfections du mur extérieur) EE 8, rue Barbanegre - Modernisation de la cuisine",271308.0,19,,,,,,,,no_match,aucun candidat retenu (score >= 0.60 puis jugement en session)
2021_19_il_019,2021,Aménagement urbain/e Carrefour Rébéval/Atlas,269146.0,19,,,,,,,,no_match,aucun candidat retenu (score >= 0.60 puis jugement en session)
2021_11_il_020,2021,Créations d'espaces verts Jardin de l'impasse Truillot - Création d'un jardin,266402.0,11,,,,,,,,no_match,aucun candidat retenu (score >= 0.60 puis jugement en session)
2021_18_il_005,2021,"Bâtiments Gymnase de la Goutte d'Or - Modernisation des réseaux de chauffage, climatisation et ventilation",265776.0,18,,,,,,,,no_match,aucun candidat retenu (score >= 0.60 puis jugement en session)
2021_13_il_005,2021,"EE 17, rue de la pointe d'Ivry - Modernisation de l'étancheïte de la terrasse, diagnostic de l'affaissement de la 197 795 cour arrière Lycée Gaston Bachelard 2, rue Tagore - Travaux d'accessibilité et de transformation et sécurisation de Lycées Municipaux",265007.0,13,,,,,,,,no_match,aucun candidat retenu (score >= 0.60 puis jugement en session)
2021_01_il_026,2021,Mairies Mairie du 3ème arrondissement - Travaux dans le cadre de la fusion 1234,264438.0,1,,,,,,,,no_match,aucun candidat retenu (score >= 0.60 puis jugement en session)
2021_16_il_012,2021,Patrimoine de voirie Avenue Marcel Proust - Réparation de l'escalier de Passy,263188.0,16,,,,,,,,no_match,aucun candidat retenu (score >= 0.60 puis jugement en session)
2021_01_il_007,2021,Mairies Mairie d'arrondissement - Travaux dans le cadre de la fusion 1234,260246.0,1,,,,,,,,no_match,aucun candidat retenu (score >= 0.60 puis jugement en session)
2021_07_il_001,2021,"EP 27, rue Las Cases - Modernisation des menuiseries extérieures, réfection de la peinture des classes et 214 024 du dortoir, remplacement du sol du 1er étage et travaux divers EE 10, avenue de la Motte-Picquet - Modernisation des menuiseries extérieures coté cour et modernisation Entretien premier degré",256015.0,7,,,,,,,,no_match,aucun candidat retenu (score >= 0.60 puis jugement en session)
2021_18_il_021,2021,Piscine des Amiraux - Rénovation,255901.0,18,,,,,,,,no_match,aucun candidat retenu (score >= 0.60 puis jugement en session)
2021_17_il_004,2021,Piscine Bernard Lafay - Plan Climat (modernisation de la sous-station vapeur),254217.0,17,,,,,,,,no_match,aucun candidat retenu (score >= 0.60 puis jugement en session)
2021_16_il_011,2021,d'aménagement Avenue Bugeaud - Réfection trottoirs et chaussée,251268.0,16,,,,,,,,no_match,aucun candidat retenu (score >= 0.60 puis jugement en session)
2021_07_il_015,2021,Restaurer les peintures murales de St-Pierre-du-Gros-Caillou,250419.0,7,,,,,,,,no_match,aucun candidat retenu (score >= 0.60 puis jugement en session)
2021_14_il_001,2021,"EE 7, avenue Maurice d'Ocagne - Restructuration de la restauration, mise en accessibilité, modernisation du 316 165 sol de la cour, pose de stores dans toutes les classes et traitement de l'étanchéité des terrasses Entretien premier degré EM 3 bis, rue d'Alésia - Modernisation du logement de fonction et de la cour",250094.0,14,,,,,,,,no_match,aucun candidat retenu (score >= 0.60 puis jugement en session)
2021_15_il_011,2021,Square Carlo Sarrabezolles - Travaux de rénovation,249367.0,15,,,,,,,,no_match,aucun candidat retenu (score >= 0.60 puis jugement en session)
2021_01_il_033,2021,Edition 2019 Terminer la rénovation des grilles du square du Temple - Elie Wiesel,248106.0,1,,,,,,,,no_match,aucun candidat retenu (score >= 0.60 puis jugement en session)
2021_12_il_028,2021,Edition 2018 Isolation et confort thermiques renforcés pour les écoles,247859.0,12,,,,,,,,no_match,aucun candidat retenu (score >= 0.60 puis jugement en session)
2021_19_il_011,2021,Entretien d'espaces verts Square Botzaris - Travaux divers,245441.0,19,,,,,,,,no_match,aucun candidat retenu (score >= 0.60 puis jugement en session)
2021_13_il_003,2021,"EE 10, rue soeur Catherine Marie -Opérations multiples",244280.0,13,,,,,,,,no_match,aucun candidat retenu (score >= 0.60 puis jugement en session)
2021_12_il_021,2021,Entretien des espaces verts Parc de Bercy - Rénovation,241960.0,12,,,,,,,,no_match,aucun candidat retenu (score >= 0.60 puis jugement en session)
2021_12_il_002,2021,Bibliothèques Bibliothèque Saint-Eloi - Restructuration de la section adulte,241090.0,12,,,,,,,,no_match,aucun candidat retenu (score >= 0.60 puis jugement en session)
2021_17_il_003,2021,"Collège 5 bis, rue Saint-Ferdinand - Rénovations diverses",239672.0,17,,,,,,,,no_match,aucun candidat retenu (score >= 0.60 puis jugement en session)
2021_19_il_036,2021,Edition 2019 Aménager les canaux et développer la baignade,239341.0,19,,,,,,,,no_match,aucun candidat retenu (score >= 0.60 puis jugement en session)
2021_19_il_017,2021,sports CS Ladoumègue - Travaux d'électricité et de reconstruction,237582.0,19,,,,,,,,no_match,aucun candidat retenu (score >= 0.60 puis jugement en session)
2021_16_il_009,2021,Carrefour avenue Bugeaud - rue Crevaux - rue Picot - Travaux d'aménagement de sécurité,236199.0,16,,,,,,,,no_match,aucun candidat retenu (score >= 0.60 puis jugement en session)
2021_17_il_028,2021,L'école maternelle André Bréchet rénovée !,233845.0,17,,,,,,,,no_match,aucun candidat retenu (score >= 0.60 puis jugement en session)
2021_18_il_004,2021,"Entretien premier degré EM 7, rue Tchaikovski - Etanchéisation des toitures terrasses ,modernisation et études de recherche 285 945 d'amiante dans la cour Oasis EP 3, rue Maurice Genevoix - Réfection partielle de la cour et diagnostic technique de la cour Oasis",232979.0,18,,,,,,,,no_match,aucun candidat retenu (score >= 0.60 puis jugement en session)
2021_12_il_005,2021,"Entretien d'espaces verts Parc Floral - Rénovation de l'éclairage public, travaux d'adaptation handicapés et travaux divers",231650.0,12,,,,,,,,no_match,aucun candidat retenu (score >= 0.60 puis jugement en session)
2021_17_il_016,2021,Patrimoine de voirie Rue Saint-Marceaux - Réfection de la chaussée,231565.0,17,,,,,,,,no_match,aucun candidat retenu (score >= 0.60 puis jugement en session)
2021_13_il_016,2021,Aménagement urbain Marché de Maison Blanche - Réorganisation du marché,230385.0,13,,,,,,,,no_match,aucun candidat retenu (score >= 0.60 puis jugement en session)
2021_14_il_026,2021,Edition 2016 Espaces de travail publics,230171.0,14,,,,,,,,no_match,aucun candidat retenu (score >= 0.60 puis jugement en session)
2021_13_il_004,2021,"Entretien premier degré EE 51, avenue de la porte d'Ivry - Remplacement des menuiseries, isolation",230089.0,13,,,,,,,,no_match,aucun candidat retenu (score >= 0.60 puis jugement en session)
2021_07_il_013,2021,Restauration de la chapelle des baptêmes de Sainte-Clotilde,229031.0,7,,,,,,,,no_match,aucun candidat retenu (score >= 0.60 puis jugement en session)
2021_01_il_006,2021,"Entretien second degré Lycée Pierre-Lescot - Changement de la Centrale de Traitement de l'Air, travaux divers",228767.0,1,,,,,,,,no_match,aucun candidat retenu (score >= 0.60 puis jugement en session)
2021_20_il_020,2021,degré Collège Jean Perrin - Remplacement de pavés de verre,227693.0,20,,,,,,,,no_match,aucun candidat retenu (score >= 0.60 puis jugement en session)
2021_19_il_020,2021,Avenue Jean Jaurès (entre Lunéville et Pte de Pantin),226586.0,19,,,,,,,,no_match,aucun candidat retenu (score >= 0.60 puis jugement en session)
2021_05_il_009,2021,Place Jussieu - Réfection de la chaussée et création de jardinières,226021.0,5,,,,,,,,no_match,aucun candidat retenu (score >= 0.60 puis jugement en session)
2021_19_il_018,2021,Centres d'animation Centre Paris Anim Curial - Modernisation du centre thermique et révision de la toiture,224963.0,19,,,,,,,,no_match,aucun candidat retenu (score >= 0.60 puis jugement en session)
2021_11_il_006,2021,"Collège Alain Fournier - Modernisation des menuiseries extérieures, création d'un auvent",224633.0,11,,,,,,,,no_match,aucun candidat retenu (score >= 0.60 puis jugement en session)
2021_17_il_017,2021,Rue Cino Del Duca - Travaux d'aménagement,223636.0,17,,,,,,,,no_match,aucun candidat retenu (score >= 0.60 puis jugement en session)
2021_10_il_035,2021,Edition 2016 Pour des trottoirs plus larges et plus confortables,222275.0,10,,,,,,,,no_match,aucun candidat retenu (score >= 0.60 puis jugement en session)
2021_05_il_000,2021,"Eglise Saint-Etienne du Mont - 1, place Sainte-Geneviève - Remplacement d'une poutre principale, reprise 193 720 Etablissements cultuels d'un arc boutant, restauration d'un vitrail Eglise Saint-Séverin - 1, rue des Prêtres Saint-Séverin - Peintures murales et vitrail",215692.0,5,,,,,,,,no_match,aucun candidat retenu (score >= 0.60 puis jugement en session)
2021_18_il_042,2021,Edition 2017 Enregistrer et diffuser la voix des habitants du 18ème arrondissement,214732.0,18,,,,,,,,no_match,aucun candidat retenu (score >= 0.60 puis jugement en session)
2021_20_il_009,2021,"CC 8, Villa Saint-Fargeau - Modernisation des postes de change",214648.0,20,,,,,,,,no_match,aucun candidat retenu (score >= 0.60 puis jugement en session)
2021_19_il_021,2021,Patrimoine de voirie Rue Mouzaia,213904.0,19,,,,,,,,no_match,aucun candidat retenu (score >= 0.60 puis jugement en session)
2021_07_il_009,2021,"Patrimoine de voirie Place René Char - Travaux de désamiantage, reprises des fondations",212266.0,7,,,,,,,,no_match,aucun candidat retenu (score >= 0.60 puis jugement en session)
2021_14_il_011,2021,Rue d'Alésia - Réfection de la Chaussée,210307.0,14,,,,,,,,no_match,aucun candidat retenu (score >= 0.60 puis jugement en session)
2021_20_il_010,2021,"Etablissements de petite enfance CC 7, Passage Monplaisir - Modernisation des plans de change",210284.0,20,,,,,,,,no_match,aucun candidat retenu (score >= 0.60 puis jugement en session)
2021_20_il_025,2021,"Etablissements de petite enfance MA 21-29, rue de la Justice - Construction d'un multi-accueil",207540.0,20,,,,,,,,no_match,aucun candidat retenu (score >= 0.60 puis jugement en session)
2021_19_il_026,2021,"Centres d'animation CC 47 bis, rue de l'Ourcq - Remise en état",206141.0,19,,,,,,,,no_match,aucun candidat retenu (score >= 0.60 puis jugement en session)
2021_18_il_027,2021,Impasse de la Chapelle - Etude de stabilité du remblai et travaux d'aménagement,206099.0,18,,,,,,,,no_match,aucun candidat retenu (score >= 0.60 puis jugement en session)
2021_15_il_018,2021,Gymnases et salles de sports Gymnase Raymond Burgard - Réorganisation des locaux et changement d'énergie,204026.0,15,,,,,,,,no_match,aucun candidat retenu (score >= 0.60 puis jugement en session)
2021_11_il_007,2021,"Entretien second degré Collège Anne Frank - Modernisation des menuiseries extérieures, création d'un auvent",202881.0,11,,,,,,,,no_match,aucun candidat retenu (score >= 0.60 puis jugement en session)
2021_19_il_032,2021,Edition 2017 Réfection de nos pieds d'arbres,202844.0,19,,,,,,,,no_match,aucun candidat retenu (score >= 0.60 puis jugement en session)
2021_19_il_001,2021,"l'entrée Espace cuturel Le Centquatre - Mise en sécurité, travaux d'accessibilité et sur la toiture",202609.0,19,,,,,,,,no_match,aucun candidat retenu (score >= 0.60 puis jugement en session)
2021_14_il_004,2021,Entretien d'espaces verts Square Abbe Lemire - Modernisation type coulée verte,202104.0,14,,,,,,,,no_match,aucun candidat retenu (score >= 0.60 puis jugement en session)
2021_14_il_008,2021,calorifugeage Gymnases et salles de sports Gymnase Commandant Mouchotte - Rénovation des sols sportifs et de l'étanchéité,201133.0,14,,,,,,,,no_match,aucun candidat retenu (score >= 0.60 puis jugement en session)
2021_14_il_023,2021,Opérations d'aménagement Îlot Gaité Montparnasse - Aménagement de voirie avenue du Maine,200854.0,14,,,,,,,,no_match,aucun candidat retenu (score >= 0.60 puis jugement en session)
2021_14_il_031,2021,Un jardin potager rue Gassendi (toiture du conservatoire),199276.0,14,,,,,,,,no_match,aucun candidat retenu (score >= 0.60 puis jugement en session)
2021_05_il_011,2021,Rue de l'Arbalète - Travaux divers,198686.0,5,,,,,,,,no_match,aucun candidat retenu (score >= 0.60 puis jugement en session)
2021_14_il_010,2021,Patrimoine de voirie Rue Ledion - Réfection de la Chaussée,197687.0,14,,,,,,,,no_match,aucun candidat retenu (score >= 0.60 puis jugement en session)
2021_10_il_029,2021,Edition 2016 Des quartiers populaires à énergie positive,197649.0,10,,,,,,,,no_match,aucun candidat retenu (score >= 0.60 puis jugement en session)
2021_10_il_015,2021,Opérations d'aménagement Rue du Faubourg-Saint-Martin - Sécurisation de la traversée piétonne,194621.0,10,,,,,,,,no_match,aucun candidat retenu (score >= 0.60 puis jugement en session)
2021_08_il_012,2021,Patrimoine de voirie Place de la Concorde - Réfection des trottoirs et de la chaussée,194262.0,8,,,,,,,,no_match,aucun candidat retenu (score >= 0.60 puis jugement en session)
2021_13_il_015,2021,Patrimoine de voirie Rue Clisson - Travaux de voirie,189298.0,13,,,,,,,,no_match,aucun candidat retenu (score >= 0.60 puis jugement en session)
2021_01_il_031,2021,Edition 2019 Insonorisation et embellissement des réfectoires des écoles du 3ème,189295.0,1,,,,,,,,no_match,aucun candidat retenu (score >= 0.60 puis jugement en session)
2021_15_il_012,2021,Square Pablo Casals - Travaux de rénovation et d'accessibilité,188275.0,15,,,,,,,,no_match,aucun candidat retenu (score >= 0.60 puis jugement en session)
2021_15_il_009,2021,"CC 54, boulevard Lefebre - Modération du Centre Technique",185109.0,15,,,,,,,,no_match,aucun candidat retenu (score >= 0.60 puis jugement en session)
2021_15_il_027,2021,Entretien d'espaces verts Square des Périchaux - Aménagements divers,183491.0,15,,,,,,,,no_match,aucun candidat retenu (score >= 0.60 puis jugement en session)
2021_16_il_020,2021,"Opérations Rue Gustave Zede - Piétonnisation dans le cadre du projet ""Rues aux écoles""",183458.0,16,,,,,,,,no_match,aucun candidat retenu (score >= 0.60 puis jugement en session)
2021_20_il_019,2021,"Opérations individualisées second EM 31, rue Olivier Metra - Réfection de la cour",180846.0,20,,,,,,,,no_match,aucun candidat retenu (score >= 0.60 puis jugement en session)
2021_17_il_024,2021,Centres d'animation Centre Paris Anim' Mado Robin - Construction,180211.0,17,,,,,,,,no_match,aucun candidat retenu (score >= 0.60 puis jugement en session)
2021_01_il_003,2021,"EP 21, rue des Tournelles - Modernisation des menuiseries extérieures",178428.0,1,,,,,,,,no_match,aucun candidat retenu (score >= 0.60 puis jugement en session)
2021_12_il_013,2021,Rue de Picpus - Réfection de la chaussée rue de Picpus entre le faubourg saint Antoine et le boulevard 184 288 Patrimoine de voirie Diderot Avenue de Tremblay - Réfection de la chaussée,178198.0,12,,,,,,,,no_match,aucun candidat retenu (score >= 0.60 puis jugement en session)
2021_17_il_030,2021,"La maternelle Épinettes rénovée, ambitieuse et dynamique !",175678.0,17,,,,,,,,no_match,aucun candidat retenu (score >= 0.60 puis jugement en session)
2021_10_il_004,2021,"EP 16, rue Vicq d'Azir - Remplacement des menuiseries extérieures, diagnostic amiante et réfection du Entretien premier degré",175550.0,10,,,,,,,,no_match,aucun candidat retenu (score >= 0.60 puis jugement en session)
2021_06_il_000,2021,Eglise Notre-Dame-des-Champs - Réfection complète des chéneaux et du faitage,175388.0,6,,,,,,,,no_match,aucun candidat retenu (score >= 0.60 puis jugement en session)
2021_16_il_029,2021,Edition 2019 Sécuriser les piétons avenue de Versailles,174216.0,16,,,,,,,,no_match,aucun candidat retenu (score >= 0.60 puis jugement en session)
2021_15_il_001,2021,Bibliothèques Médiathèque Yourcenar - Travaux divers,172355.0,15,,,,,,,,no_match,aucun candidat retenu (score >= 0.60 puis jugement en session)
2021_14_il_009,2021,Avenue du Maine - Désamiantage et réfection de la couche de roulement du couloir de bus,171608.0,14,,,,,,,,no_match,aucun candidat retenu (score >= 0.60 puis jugement en session)
2021_18_il_012,2021,"Patrimoine de voirie remplacement portique, sécurisation du réseau STBB, et remplacement de capteurs de vibrations Rue Germain Pilon - Recalibrage de la voie",168976.0,18,,,,,,,,no_match,aucun candidat retenu (score >= 0.60 puis jugement en session)
2021_12_il_027,2021,Edition 2017 Coups de culture,168962.0,12,,,,,,,,no_match,aucun candidat retenu (score >= 0.60 puis jugement en session)
2021_17_il_018,2021,Enseignement artistique Conservatoire Debussy - Création d'un auditorium,168726.0,17,,,,,,,,no_match,aucun candidat retenu (score >= 0.60 puis jugement en session)
2021_15_il_016,2021,"CC, 62 rue Cambronne - Travaux de sécurisation divers",167785.0,15,,,,,,,,no_match,aucun candidat retenu (score >= 0.60 puis jugement en session)
2021_13_il_006,2021,"Entretien d'espaces verts Parc de Choisy 2, rue Fernand Widal - Rénovation des grilles extérieures",167195.0,13,,,,,,,,no_match,aucun candidat retenu (score >= 0.60 puis jugement en session)
2021_15_il_013,2021,Entretien d'espaces verts Square du Clos Feuquières - Travaux de rénovation,166449.0,15,,,,,,,,no_match,aucun candidat retenu (score >= 0.60 puis jugement en session)
2021_20_il_033,2021,Edition 2016 Un square au coeur de Saint-Blaise,165247.0,20,,,,,,,,no_match,aucun candidat retenu (score >= 0.60 puis jugement en session)
2021_15_il_005,2021,"EP 3, boulevard des Frères Voisin - Désamiantage de tous les sols",165021.0,15,,,,,,,,no_match,aucun candidat retenu (score >= 0.60 puis jugement en session)
2021_18_il_025,2021,Boulevard de la Chapelle - Travaux d'aménagement,164005.0,18,,,,,,,,no_match,aucun candidat retenu (score >= 0.60 puis jugement en session)
2021_18_il_002,2021,Marchés Marché de La Chapelle - Remplacement des derniers rideaux et travaux de couverture,163780.0,18,,,,,,,,no_match,aucun candidat retenu (score >= 0.60 puis jugement en session)
2021_05_il_002,2021,"du bloc sanitaire, rénovation des fenêtres et sécurisation des menuiseries extérieures EE 21, Pontoise - Traitement des infiltrations et modernisation des menuiseries",163295.0,5,,,,,,,,no_match,aucun candidat retenu (score >= 0.60 puis jugement en session)
2021_20_il_042,2021,Edition 2015 En piste pour encore plus d'aménagements cyclables,162356.0,20,,,,,,,,no_match,aucun candidat retenu (score >= 0.60 puis jugement en session)
2021_16_il_002,2021,"EM 56, rue Boissière - Reprise de la toiture du dortoir et du collecteur",162224.0,16,,,,,,,,no_match,aucun candidat retenu (score >= 0.60 puis jugement en session)
2021_20_il_015,2021,Rue Sorbier - Réfection du tapis en enrobé,161430.0,20,,,,,,,,no_match,aucun candidat retenu (score >= 0.60 puis jugement en session)
2021_07_il_006,2021,"Etablissements de petite CC 14, rue d' Estrées - Modernisation du 2ème étage",160610.0,7,,,,,,,,no_match,aucun candidat retenu (score >= 0.60 puis jugement en session)
2021_18_il_046,2021,Végétalisation des rues Joseph Dijon et Versigny et suppression d'une file de stationnement,160272.0,18,,,,,,,,no_match,aucun candidat retenu (score >= 0.60 puis jugement en session)
2021_01_il_015,2021,Patrimoine de voirie Chaussée - Boulevard Sébastopol-Rivoli et Rambuteau,158768.0,1,,,,,,,,no_match,aucun candidat retenu (score >= 0.60 puis jugement en session)
2021_05_il_001,2021,"EE 28, rue Saint-Jacques - Barreaudage du garde corps de l'escalier S, création d'une issue de secours et 258 494 modernisation des menuiseries extérieures EE 41, rue de l'Arbalete - Création d'une douche pour les agents, étude acoustique du gymnase, rénovation Entretien premier degré",158400.0,5,,,,,,,,no_match,aucun candidat retenu (score >= 0.60 puis jugement en session)
2021_18_il_043,2021,Edition 2018 Rénovons l’équipement sportif du Centre Bertrand Dauvin,156734.0,18,,,,,,,,no_match,aucun candidat retenu (score >= 0.60 puis jugement en session)
2021_19_il_008,2021,Gymnase Hautpoul - Modernisation du centre thermique et de la ventilation,155321.0,19,,,,,,,,no_match,aucun candidat retenu (score >= 0.60 puis jugement en session)
2021_10_il_034,2021,Edition 2015 Pour que revive le Faubourg Saint-Martin,154600.0,10,,,,,,,,no_match,aucun candidat retenu (score >= 0.60 puis jugement en session)
2021_06_il_016,2021,Opération d'aménagement Rue du Vieux Colombier - Création d'une zone 30,153464.0,6,,,,,,,,no_match,aucun candidat retenu (score >= 0.60 puis jugement en session)
2021_01_il_014,2021,Chaussée - Avenue Victoria,152660.0,1,,,,,,,,no_match,aucun candidat retenu (score >= 0.60 puis jugement en session)
2021_20_il_013,2021,Gymnases et salles de sports CS Pyrénées - Rénovation des sols sportifs,151527.0,20,,,,,,,,no_match,aucun candidat retenu (score >= 0.60 puis jugement en session)
2021_09_il_000,2021,Enseignement artistique Conservatoire municipal Nadia et Lili Boulanger - Reprise étanchéité du jardin,150874.0,9,,,,,,,,no_match,aucun candidat retenu (score >= 0.60 puis jugement en session)
2021_14_il_000,2021,Eglise Saint-Pierre-de-Montrouge - Travaux de restauration d'un gosier et réglages du Trémolo de l'orgue de Edifices cultuels,150058.0,14,,,,,,,,no_match,aucun candidat retenu (score >= 0.60 puis jugement en session)
2021_20_il_016,2021,Patrimoine de voirie Rue des Couronnes - Réfection du tapis en enrobé,149862.0,20,,,,,,,,no_match,aucun candidat retenu (score >= 0.60 puis jugement en session)
2021_08_il_009,2021,Avenue des Champs Elysées - Aménagement de pistes cyclables dans le cadre du plan vélo,147403.0,8,,,,,,,,no_match,aucun candidat retenu (score >= 0.60 puis jugement en session)
2021_18_il_019,2021,Etablissements de petite enfance CC Hopitâl Bichat - Construction,147227.0,18,,,,,,,,no_match,aucun candidat retenu (score >= 0.60 puis jugement en session)
2021_18_il_038,2021,Plus de végétal dans les quartiers populaires,147110.0,18,,,,,,,,no_match,aucun candidat retenu (score >= 0.60 puis jugement en session)
2021_06_il_012,2021,Boulevard Montparnasse - Travaux d'entretien de la chaussée,146009.0,6,,,,,,,,no_match,aucun candidat retenu (score >= 0.60 puis jugement en session)
2021_01_il_011,2021,"Etablissements de petite CC 16, rue de la Perle - Modernisation de l'établissement, réserve de sécurité",144272.0,1,,,,,,,,no_match,aucun candidat retenu (score >= 0.60 puis jugement en session)
2021_07_il_004,2021,"Bâtiments EE 14, rue Eble - Modernisation du Système de Sécurité Incendie",143192.0,7,,,,,,,,no_match,aucun candidat retenu (score >= 0.60 puis jugement en session)
2021_07_il_000,2021,"Conservatoire Erik Satie - Mise en accessibilité d'usage, modernisation des salles R+1à R+5 et travaux Enseignement artistique",142305.0,7,,,,,,,,no_match,aucun candidat retenu (score >= 0.60 puis jugement en session)
2021_16_il_003,2021,"EM 25, rue de Passy - Modernisation des menuiseries extérieures",140087.0,16,,,,,,,,no_match,aucun candidat retenu (score >= 0.60 puis jugement en session)
2021_18_il_018,2021,Entretien d'espaces verts Square Louise Michel - Rénovation,140061.0,18,,,,,,,,no_match,aucun candidat retenu (score >= 0.60 puis jugement en session)
2021_13_il_010,2021,"enfance CC 11, rue Choderlos de Laclos - Remplacement de la clôture du jardin",139915.0,13,,,,,,,,no_match,aucun candidat retenu (score >= 0.60 puis jugement en session)
2021_05_il_010,2021,Patrimoine de voirie Aménagement de Zones 30 Ecoles,138479.0,5,,,,,,,,no_match,aucun candidat retenu (score >= 0.60 puis jugement en session)
2021_13_il_011,2021,"CC 16, rue Dunois - Mise aux normes des locaux sociaux",136502.0,13,,,,,,,,no_match,aucun candidat retenu (score >= 0.60 puis jugement en session)
2021_17_il_000,2021,"Eglise Saint-Michel des Batignolles - Création d'une rampe d'accessibilité, réfection du chéneau de zinc, et Edifices cultuels",135571.0,17,,,,,,,,no_match,aucun candidat retenu (score >= 0.60 puis jugement en session)
2021_19_il_010,2021,Jardin îlot Riquet - Travaux divers,135285.0,19,,,,,,,,no_match,aucun candidat retenu (score >= 0.60 puis jugement en session)
2021_10_il_033,2021,Edition 2014 Rendre la rue aux enfants,134652.0,10,,,,,,,,no_match,aucun candidat retenu (score >= 0.60 puis jugement en session)
2021_16_il_015,2021,TOTA ATTRACTIVITE ET EMPLOI,133568.0,16,,,,,,,,no_match,aucun candidat retenu (score >= 0.60 puis jugement en session)
2021_13_il_023,2021,Piscines Piscine Dunois - Travaux et étude dans le cadre du Contrat de Performance Energétique,133150.0,13,,,,,,,,no_match,aucun candidat retenu (score >= 0.60 puis jugement en session)
2021_12_il_029,2021,Edition 2017 Des cantines rénovées et insonorisées pour les écoles du 12ème arrondissement,132615.0,12,,,,,,,,no_match,aucun candidat retenu (score >= 0.60 puis jugement en session)
2021_20_il_000,2021,"Conservatoire municipal Georges Bizet - Remplacement du réseau d'eau, travaux de mise en accessibilité, Enseignement artistique",132451.0,20,,,,,,,,no_match,aucun candidat retenu (score >= 0.60 puis jugement en session)
2021_12_il_034,2021,Edition 2017 Plus de nature en ville,132046.0,12,,,,,,,,no_match,aucun candidat retenu (score >= 0.60 puis jugement en session)
2021_15_il_035,2021,Edition 2018 Rénover le gymnase sportif Rigoulot,131716.0,15,,,,,,,,no_match,aucun candidat retenu (score >= 0.60 puis jugement en session)
2021_11_il_018,2021,"Opérations individualisées Collège Lucie et Raymond Aubrac - Amélioration de l' acoustique des cages d'escalier, peinture, 250 697 2er degré modernisation des salles Opérations individualisées EM 4, passage Bullourde - Création d'une cour OASIS",129123.0,11,,,,,,,,no_match,aucun candidat retenu (score >= 0.60 puis jugement en session)
2021_20_il_005,2021,Mairie du 20ème arrondissement - Installation d'une armature en acier en vue du remplacement de la porte Bâtiments,128500.0,20,,,,,,,,no_match,aucun candidat retenu (score >= 0.60 puis jugement en session)
2021_09_il_016,2021,Edition 2019 Modernisation des espaces de vie du Centre Paris Anim' Valeyre,127047.0,9,,,,,,,,no_match,aucun candidat retenu (score >= 0.60 puis jugement en session)
2021_07_il_002,2021,"de deux sanitaires EE1, rue du Général Camou - Réfection du réfectoire et extraction de la laverie",126825.0,7,,,,,,,,no_match,aucun candidat retenu (score >= 0.60 puis jugement en session)
2021_13_il_001,2021,"Ecole Estienne - Modernisation de l'installation électrique, remplacement du réseau d'eau et rénovation de la Enseignement Supérieur",125634.0,13,,,,,,,,no_match,aucun candidat retenu (score >= 0.60 puis jugement en session)
2021_15_il_015,2021,"CC 131, rue Falguière - Modernisation de la section des grands",125432.0,15,,,,,,,,no_match,aucun candidat retenu (score >= 0.60 puis jugement en session)
2021_20_il_017,2021,Rue des Frères Flavien - Réfection du trottoir,124028.0,20,,,,,,,,no_match,aucun candidat retenu (score >= 0.60 puis jugement en session)
2021_06_il_014,2021,Rue Auguste Comte - Travaux d'entretien,123635.0,6,,,,,,,,no_match,aucun candidat retenu (score >= 0.60 puis jugement en session)
2021_15_il_019,2021,Gymnase Cevennes - Réfection de l'éclairage - Travaux divers,123361.0,15,,,,,,,,no_match,aucun candidat retenu (score >= 0.60 puis jugement en session)
2021_20_il_034,2021,Edition 2018 Végétaliser et embellir les rues des Amandiers / Plâtrières,122355.0,20,,,,,,,,no_match,aucun candidat retenu (score >= 0.60 puis jugement en session)
2021_20_il_032,2021,Edition 2017 Centre de rencontre des jardins pédagogiques du 20ème,121825.0,20,,,,,,,,no_match,aucun candidat retenu (score >= 0.60 puis jugement en session)
2021_12_il_008,2021,"Mairie du 12ème arrondissement - Modernisation de la couverture de la salle des fêtes et des sanitaires, Mairies",120962.0,12,,,,,,,,no_match,aucun candidat retenu (score >= 0.60 puis jugement en session)
2021_16_il_010,2021,"Opérations Rue Perchamps - Piétonnisation dans le cadre du projet ""Rues aux écoles""",120590.0,16,,,,,,,,no_match,aucun candidat retenu (score >= 0.60 puis jugement en session)
2021_20_il_043,2021,Edition 2018 Rénovation de la rue de Belleville,120140.0,20,,,,,,,,no_match,aucun candidat retenu (score >= 0.60 puis jugement en session)
2021_07_il_003,2021,"EM 117, boulevard Saint-Dominique - Réfection des menuiseries extérieures",119903.0,7,,,,,,,,no_match,aucun candidat retenu (score >= 0.60 puis jugement en session)
2021_19_il_012,2021,"CC 327, rue de Belleville - Réfection de l'étanchéité",119547.0,19,,,,,,,,no_match,aucun candidat retenu (score >= 0.60 puis jugement en session)
2021_19_il_023,2021,Mairies Mairie du 19ème arrondissement - Mise en accessibilité et travaux divers,119435.0,19,,,,,,,,no_match,aucun candidat retenu (score >= 0.60 puis jugement en session)
2021_16_il_024,2021,Edition 2018 Pour une gestion de l'eau améliorée,118014.0,16,,,,,,,,no_match,aucun candidat retenu (score >= 0.60 puis jugement en session)
2021_08_il_004,2021,"CC 208, rue du Faubourg-Saint-Honoré - Travaux sur les extérieurs du bâtiment et rénovation de la toiture",117223.0,8,,,,,,,,no_match,aucun candidat retenu (score >= 0.60 puis jugement en session)
2021_18_il_024,2021,Bâtiments Mairie du 18ème arrondissement - Modernisation des ascenseurs,117173.0,18,,,,,,,,no_match,aucun candidat retenu (score >= 0.60 puis jugement en session)
2021_01_il_022,2021,Collège Cesar Franck Collège Cesar Franck - Remplacement de l'ascenseur,116938.0,1,,,,,,,,no_match,aucun candidat retenu (score >= 0.60 puis jugement en session)
2021_11_il_022,2021,Opérations d'aménagement Rue faubourg Saint-Antoine (Bastille à Faidherbe) - Travaux d'aménagement,116025.0,11,,,,,,,,no_match,aucun candidat retenu (score >= 0.60 puis jugement en session)
2021_14_il_035,2021,Edition 2019 Rénovation des trottoirs en surplomb de la Petite Ceinture,115598.0,14,,,,,,,,no_match,aucun candidat retenu (score >= 0.60 puis jugement en session)
2021_08_il_010,2021,Vélos Rue Royale - Entretien de la piste cyclable,115423.0,8,,,,,,,,no_match,aucun candidat retenu (score >= 0.60 puis jugement en session)
2021_10_il_025,2021,Edition 2018 Embellir les sanitaires dans les écoles,115372.0,10,,,,,,,,no_match,aucun candidat retenu (score >= 0.60 puis jugement en session)
2021_08_il_020,2021,Edition 2017 BPE - Ecole,115372.0,8,,,,,,,,no_match,aucun candidat retenu (score >= 0.60 puis jugement en session)
2021_16_il_006,2021,"Entretien d'espaces verts piétons, des jeux, des agrès, du parcours santé et achat de matériels Jardin des serres d'Auteuil - Entretien des serres, réparation des fuites et travaux de mise en accessibilité",115086.0,16,,,,,,,,no_match,aucun candidat retenu (score >= 0.60 puis jugement en session)
2021_05_il_012,2021,Ecole Spérieure de Physique et de Chimie Industrielles (ESPCI) - Survitrage coté rue,113536.0,5,,,,,,,,no_match,aucun candidat retenu (score >= 0.60 puis jugement en session)
2021_18_il_017,2021,Square rue René Binet - Rénovation,112144.0,18,,,,,,,,no_match,aucun candidat retenu (score >= 0.60 puis jugement en session)
2021_18_il_008,2021,Entretien d'espaces verts Jardin Louise Weber - Travaux divers,111261.0,18,,,,,,,,no_match,aucun candidat retenu (score >= 0.60 puis jugement en session)
2021_17_il_014,2021,Gymnases et salles de Gymnase Bernard Lafay - Modernisation de la sous-station vapeur,110931.0,17,,,,,,,,no_match,aucun candidat retenu (score >= 0.60 puis jugement en session)
2021_18_il_044,2021,Mieux éclairer le viaduc de la Ligne 2 du métro aérien,110510.0,18,,,,,,,,no_match,aucun candidat retenu (score >= 0.60 puis jugement en session)
2021_18_il_007,2021,Square du passage Léon - Remplacement de la clôture et rénovation du terrain de sport,110422.0,18,,,,,,,,no_match,aucun candidat retenu (score >= 0.60 puis jugement en session)
2021_09_il_008,2021,"Piscines Piscine Valeyre - Aménagement de vestiaires, diagnostic, travaux de structure et d'électricité",110191.0,9,,,,,,,,no_match,aucun candidat retenu (score >= 0.60 puis jugement en session)
2021_08_il_008,2021,Travaux Mairie du 8ème arrondissement - Modernisation du système de sécurité incendie,110005.0,8,,,,,,,,no_match,aucun candidat retenu (score >= 0.60 puis jugement en session)
2021_06_il_015,2021,Rue Littré - Création d'une zone 30,109292.0,6,,,,,,,,no_match,aucun candidat retenu (score >= 0.60 puis jugement en session)
2021_07_il_016,2021,Edition 2019 Restauration et mise aux normes de sécurité des horloges de l'église Saint-François-Xavier,108675.0,7,,,,,,,,no_match,aucun candidat retenu (score >= 0.60 puis jugement en session)
2021_06_il_022,2021,Edition 2018 Rénovation de la fresque de l’église Notre-Dame-des-Champs,108510.0,6,,,,,,,,no_match,aucun candidat retenu (score >= 0.60 puis jugement en session)
2021_01_il_023,2021,"Collège Cesar Franck CC 22 ter, rue des Jardins Saint-Paul - Remplacement de l'ascenseur",108452.0,1,,,,,,,,no_match,aucun candidat retenu (score >= 0.60 puis jugement en session)
2021_09_il_015,2021,Transformation des quartiers Rue de Mogador,108230.0,9,,,,,,,,no_match,aucun candidat retenu (score >= 0.60 puis jugement en session)
2021_01_il_008,2021,Square du temple Elie Wiesel - Rénovation de la clôture,106591.0,1,,,,,,,,no_match,aucun candidat retenu (score >= 0.60 puis jugement en session)
2021_01_il_012,2021,"enfance CC 5, place des Petits Pères - Etude et diagnostic",106068.0,1,,,,,,,,no_match,aucun candidat retenu (score >= 0.60 puis jugement en session)
2021_10_il_014,2021,"Mairie du 10ème arrondissement - Mise en accessibilté handicapés, aménagement du schéma fonctionnel, Mairies",105344.0,10,,,,,,,,no_match,aucun candidat retenu (score >= 0.60 puis jugement en session)
2021_19_il_014,2021,"enfance CC 118, avenue Simon Bolivar - Réfection de la cour",105239.0,19,,,,,,,,no_match,aucun candidat retenu (score >= 0.60 puis jugement en session)
2021_05_il_003,2021,"Sorbonne 17, rue de la Sorbonne - Remplacement du réseau d'eau, vérification du mécanisme de la tour Enseignement Supérieur",104841.0,5,,,,,,,,no_match,aucun candidat retenu (score >= 0.60 puis jugement en session)
2021_14_il_012,2021,Opérations d'aménagement Avenue de la porte d'Orléans - Travaux d'aménagement de sécurité,103499.0,14,,,,,,,,no_match,aucun candidat retenu (score >= 0.60 puis jugement en session)
2021_12_il_009,2021,"CC 43, rue de Picpus - Modernisation des menuiseries du RDC",102168.0,12,,,,,,,,no_match,aucun candidat retenu (score >= 0.60 puis jugement en session)
2021_01_il_009,2021,Entretien d'espaces verts Jardin des arts Albert Schweitzer - Travaux d'aménagement,100387.0,1,,,,,,,,no_match,aucun candidat retenu (score >= 0.60 puis jugement en session)
2021_19_il_037,2021,Edition 2016 Réaménager les trottoirs des quartiers Pont de Flandre et Flandre-Aubervilliers,100207.0,19,,,,,,,,no_match,aucun candidat retenu (score >= 0.60 puis jugement en session)
2021_08_il_024,2021,Rénovation de la chaussée de la rue de Monceau,99496.0,8,,,,,,,,no_match,aucun candidat retenu (score >= 0.60 puis jugement en session)
2021_10_il_009,2021,Entretien d'espaces verts Jardin Villemin - Réfection des couvertures et travaux de mise en accessibilité,99250.0,10,,,,,,,,no_match,aucun candidat retenu (score >= 0.60 puis jugement en session)
2021_18_il_030,2021,Coups de Culture,98771.0,18,,,,,,,,no_match,aucun candidat retenu (score >= 0.60 puis jugement en session)
2021_10_il_026,2021,Edition 2014 Les œuvres d'art investissent la rue,98496.0,10,,,,,,,,no_match,aucun candidat retenu (score >= 0.60 puis jugement en session)
2021_20_il_007,2021,Entretien d'espaces verts Square du Sergent Aurélie Salel - Travaux de mise en accessibilité,97308.0,20,,,,,,,,no_match,aucun candidat retenu (score >= 0.60 puis jugement en session)
2021_09_il_009,2021,Gymnases et salles de Gymnase Valeyre - Rénovations diverses dont de l'eau chaude sanitaire,96413.0,9,,,,,,,,no_match,aucun candidat retenu (score >= 0.60 puis jugement en session)
2021_17_il_032,2021,Edition 2019 Soutenir l'ambition zéro déchets et agir pour la propreté,95868.0,17,,,,,,,,no_match,aucun candidat retenu (score >= 0.60 puis jugement en session)
2021_11_il_009,2021,travaux Conservatoire Charles Munch - Modernisation du Système de Sécurité Incendie,95820.0,11,,,,,,,,no_match,aucun candidat retenu (score >= 0.60 puis jugement en session)
2021_17_il_007,2021,Parc Clichy-Batignolles - Rénovation des allées,95586.0,17,,,,,,,,no_match,aucun candidat retenu (score >= 0.60 puis jugement en session)
2021_14_il_028,2021,Edition 2017 Sous les pavés des fleurs,95008.0,14,,,,,,,,no_match,aucun candidat retenu (score >= 0.60 puis jugement en session)
2021_11_il_015,2021,Rue Lacharrière - Travaux d'aménagement,94996.0,11,,,,,,,,no_match,aucun candidat retenu (score >= 0.60 puis jugement en session)
2021_09_il_002,2021,"Entretien premier degré EE 15, rue Turgot - Création d'un auvent",94663.0,9,,,,,,,,no_match,aucun candidat retenu (score >= 0.60 puis jugement en session)
2021_12_il_015,2021,Médiathèque Saint-Eloi - Modernisation des ascenceurs,90893.0,12,,,,,,,,no_match,aucun candidat retenu (score >= 0.60 puis jugement en session)
2021_09_il_003,2021,"EE 32, rue Buffaut - Modernisation de la loge (logement), pose de stores, fourniture et pose d'un visiophone",90791.0,9,,,,,,,,no_match,aucun candidat retenu (score >= 0.60 puis jugement en session)
2021_08_il_003,2021,Entretien d'espaces verts Jardin des Champs-Elysées - Entretien des réseaux et installation scuptures,90733.0,8,,,,,,,,no_match,aucun candidat retenu (score >= 0.60 puis jugement en session)
2021_11_il_012,2021,"Etablissements de petite CC 65, rue de la Folie Régnault - Modernisation de la cuisine et du local poussettes",90238.0,11,,,,,,,,no_match,aucun candidat retenu (score >= 0.60 puis jugement en session)
2021_17_il_002,2021,"EE 101, rue de Saussure - Remplacement des menuiseries du logement de fonction - Rénovation du conduit 92 741 Entretien premier degré de cheminée EM 61, Cité des Fleurs - Travaux de dédoublement de classes et réfection du sol de cour",89784.0,17,,,,,,,,no_match,aucun candidat retenu (score >= 0.60 puis jugement en session)
2021_14_il_003,2021,"Bâtiments EM 15, rue Antoine Chantin - Modernisation du système de sécurité incendie",89751.0,14,,,,,,,,no_match,aucun candidat retenu (score >= 0.60 puis jugement en session)
2021_09_il_004,2021,Entretien d'espaces verts Square Alex Biscarre - Travaux divers,89227.0,9,,,,,,,,no_match,aucun candidat retenu (score >= 0.60 puis jugement en session)
2021_09_il_017,2021,Edition 2017 Réaliser des aménagements dans le secteur gare Saint-Lazare / place de Budapest,88847.0,9,,,,,,,,no_match,aucun candidat retenu (score >= 0.60 puis jugement en session)
2021_01_il_032,2021,Edition 2019 Rénovation énergétique de la Mairie du 3e (Paris Centre),88791.0,1,,,,,,,,no_match,aucun candidat retenu (score >= 0.60 puis jugement en session)
2021_18_il_026,2021,Opérations d'aménagement Rue Jules Joffrin - Création Zone 30,87287.0,18,,,,,,,,no_match,aucun candidat retenu (score >= 0.60 puis jugement en session)
2021_14_il_027,2021,Edition 2015 Végétalisation des murs et des rues du 14e arrondissement,86966.0,14,,,,,,,,no_match,aucun candidat retenu (score >= 0.60 puis jugement en session)
2021_20_il_011,2021,"CC 88, rue des Amandiers - Modernisation de la cuisine et remplacement des menuiseries extérieues",86033.0,20,,,,,,,,no_match,aucun candidat retenu (score >= 0.60 puis jugement en session)
2021_16_il_001,2021,"câblage et de reprise des sols Conservatoire municipal Francis Poulenc - Modernisation de l'auditorium, création d’une salle du personnel, Enseignement artistique",84959.0,16,,,,,,,,no_match,aucun candidat retenu (score >= 0.60 puis jugement en session)
2021_14_il_017,2021,"Bâtiments CC 28, rue Hippolyte Maindron - Modernisation des ascenseurs",84402.0,14,,,,,,,,no_match,aucun candidat retenu (score >= 0.60 puis jugement en session)
2021_14_il_024,2021,Avenue du Général Leclerc - Rénovation,83937.0,14,,,,,,,,no_match,aucun candidat retenu (score >= 0.60 puis jugement en session)
2021_01_il_028,2021,Entretien d'espaces verts Académie du Climat - Travaux de végétalisation,83210.0,1,,,,,,,,no_match,aucun candidat retenu (score >= 0.60 puis jugement en session)
2021_01_il_013,2021,Maison des jeunes Paris Centre - Travaux d'aménagement de la Maison de jeunes dans l'ancienne Centres d'animation,82756.0,1,,,,,,,,no_match,aucun candidat retenu (score >= 0.60 puis jugement en session)
2021_10_il_011,2021,"enfance CC 241, rue de Lafayette - Remplacement de portes fenêtres et travaux de mise en accessibilité",82216.0,10,,,,,,,,no_match,aucun candidat retenu (score >= 0.60 puis jugement en session)
2021_11_il_000,2021,Bibliothèques Médiathèque Parmentier - Etude éclairage et mise aux normes du Système de Sécurité Incendie,81256.0,11,,,,,,,,no_match,aucun candidat retenu (score >= 0.60 puis jugement en session)
2021_01_il_001,2021,"Marché Enfants Rouge - Reprise du caniveau de l'entrée principale, remplacement des stores sous Marchés",80508.0,1,,,,,,,,no_match,aucun candidat retenu (score >= 0.60 puis jugement en session)
2021_20_il_040,2021,Glisser et grimper dans le 20ème arrondissement,80339.0,20,,,,,,,,no_match,aucun candidat retenu (score >= 0.60 puis jugement en session)
2021_08_il_022,2021,Un passage piéton aligné au trottoir - rue du Rocher,79674.0,8,,,,,,,,no_match,aucun candidat retenu (score >= 0.60 puis jugement en session)
2021_12_il_016,2021,Bâtiments Gynmase Daumesnil - Modernisation des ascenceurs,79007.0,12,,,,,,,,no_match,aucun candidat retenu (score >= 0.60 puis jugement en session)
2021_16_il_028,2021,Edition 2017 Mille nouvelles places pour garer les vélos dans le 16ème arrondissement,78259.0,16,,,,,,,,no_match,aucun candidat retenu (score >= 0.60 puis jugement en session)
2021_06_il_027,2021,Edition 2018 Réfection des trottoirs du 6e arrondissement suite,77430.0,6,,,,,,,,no_match,aucun candidat retenu (score >= 0.60 puis jugement en session)
2021_17_il_008,2021,Entretien d'espaces verts Square Ernest Gouin - Modernisation de l'aire de jeux,76367.0,17,,,,,,,,no_match,aucun candidat retenu (score >= 0.60 puis jugement en session)
2021_01_il_030,2021,Edition 2019 Agrandissement de la bibliothèque Charlotte Delbo,76163.0,1,,,,,,,,no_match,aucun candidat retenu (score >= 0.60 puis jugement en session)
2021_11_il_019,2021,Mairies Mairie du 11ème arrondissement - Ravalement et couverture,74130.0,11,,,,,,,,no_match,aucun candidat retenu (score >= 0.60 puis jugement en session)
2021_11_il_010,2021,Mairies Mairie du 11ème arrondissement - Modernisation des menuiseries extérieures et des sanitaires,73949.0,11,,,,,,,,no_match,aucun candidat retenu (score >= 0.60 puis jugement en session)
2021_05_il_006,2021,"Entretien d'espaces verts Jardin Tino Rossi - Réfection partielle des sols, Travaux divers",73911.0,5,,,,,,,,no_match,aucun candidat retenu (score >= 0.60 puis jugement en session)
2021_20_il_021,2021,Mairie du 20ème arrondissement - Modernisation des ascenseurs,72595.0,20,,,,,,,,no_match,aucun candidat retenu (score >= 0.60 puis jugement en session)
2021_11_il_016,2021,Opération d'aménagement Boulebard Voltaire - Aménagement de pistes cyclables dans le cadre du Plan Vélo,72384.0,11,,,,,,,,no_match,aucun candidat retenu (score >= 0.60 puis jugement en session)
2021_17_il_009,2021,"MA 16, venue Brunetière - Travaux de transformation, audit de la ventilation et remplacement de l'éclairage 146 625 extérieur Etablissements de petite CC, 153 rue Cardinet - Remplacement des stores et des faux plafonds, modernisations et travaux divers",72177.0,17,,,,,,,,no_match,aucun candidat retenu (score >= 0.60 puis jugement en session)
2021_18_il_040,2021,Plus de nature en ville,72000.0,18,,,,,,,,no_match,aucun candidat retenu (score >= 0.60 puis jugement en session)
2021_06_il_004,2021,"Entretien second degré Lycée 5, rue Madame - Travaux sur cablâge électrique et informatique et sécurisation de la porte d'entrée",71578.0,6,,,,,,,,no_match,aucun candidat retenu (score >= 0.60 puis jugement en session)
2021_05_il_008,2021,"Centre Paris Anim Censier - Changement de la porte d'entrée, Modernisation du centre thermique et de la 159 277 Centres d'animation ventilation Gymnase Ortolan - Travaux d'éclairage",71408.0,5,,,,,,,,no_match,aucun candidat retenu (score >= 0.60 puis jugement en session)
2021_16_il_000,2021,"Bibliothèque Germaine Tillion - Changement des ouvrants et mise aux normes électriques, travaux de Bibliothèques",69513.0,16,,,,,,,,no_match,aucun candidat retenu (score >= 0.60 puis jugement en session)
2021_05_il_014,2021,Lycée municipal Lucas de Nehou Lycée municipal Lucas de Nehou - Mise en conformité locaux en plomberie,68987.0,5,,,,,,,,no_match,aucun candidat retenu (score >= 0.60 puis jugement en session)
2021_12_il_032,2021,Edition 2018 Paris championne du climat,68287.0,12,,,,,,,,no_match,aucun candidat retenu (score >= 0.60 puis jugement en session)
2021_17_il_031,2021,Edition 2018 Aménagement des pieds d'arbres du boulevard Pereire,67465.0,17,,,,,,,,no_match,aucun candidat retenu (score >= 0.60 puis jugement en session)
2021_06_il_023,2021,Edition 2019 Restauration de statuaires et de vitraux à l’église Saint-Sulpice,65683.0,6,,,,,,,,no_match,aucun candidat retenu (score >= 0.60 puis jugement en session)
2021_10_il_031,2021,Edition 2018 Pour une gestion de l'eau améliorée,63899.0,10,,,,,,,,no_match,aucun candidat retenu (score >= 0.60 puis jugement en session)
2021_08_il_016,2021,Opérations individualisées 2ème degré Collège Condorcet - Mise aux normes des ascenseurs,62565.0,8,,,,,,,,no_match,aucun candidat retenu (score >= 0.60 puis jugement en session)
2021_18_il_033,2021,Edition 2017 Ecole de rêve,62264.0,18,,,,,,,,no_match,aucun candidat retenu (score >= 0.60 puis jugement en session)
2021_18_il_047,2021,Edition 2019 Plus d’arceaux à vélos dans le 18ème arrondissement : favorisons les mobilités douces,59113.0,18,,,,,,,,no_match,aucun candidat retenu (score >= 0.60 puis jugement en session)
2021_10_il_010,2021,"Etablissements de petite CC 10, rue des Recollets -Travaux divers d'entretien",58605.0,10,,,,,,,,no_match,aucun candidat retenu (score >= 0.60 puis jugement en session)
2021_06_il_008,2021,"système de raffraichissement Université René Descartes - Mise aux normes électrique, travaux dans le cadre du plan de rénovation Enseignement supérieur",57182.0,6,,,,,,,,no_match,aucun candidat retenu (score >= 0.60 puis jugement en session)
2021_11_il_011,2021,Entretien d'espaces verts Square de la Roquette - Réfection de l'aire de jeux des petits,57178.0,11,,,,,,,,no_match,aucun candidat retenu (score >= 0.60 puis jugement en session)
2021_06_il_003,2021,"EP 12, rue Saint Benoit - Modernisation des faux plafonds et de la ventilation des cuisines, peinture de la 209 739 cage d'escalier et pose de plancher pour l'accès à la chaufferie EE 42, rue Madame - Création d'un auvent dans la cour, traitement de l'étanchéité du local de la plonge, 137 987 Entretien premier degré réfection peinture de la salle A37, mise en accessibilté et remplacement des solins de la toiture EE 6, rue Littré - Modernisation de 2 ouvrants, du système de sécurité incendie et du réseau d'eau froide, 72 831 installation d'un ballon d'eau chaude EM 6, rue Littré - Pose de stores électriques, réfection du mur du couloir et du préau",56003.0,6,,,,,,,,no_match,aucun candidat retenu (score >= 0.60 puis jugement en session)
2021_20_il_044,2021,Edition 2016 Aménager le boulevard de Belleville et ses contre-allées,55789.0,20,,,,,,,,no_match,aucun candidat retenu (score >= 0.60 puis jugement en session)
2021_08_il_017,2021,"Opérations individualisées 1er degré EP 15, rue de Monceau - Mise aux normes des ascenseurs",55482.0,8,,,,,,,,no_match,aucun candidat retenu (score >= 0.60 puis jugement en session)
2021_20_il_022,2021,"Bâtiments CC 82, rue Orteaux - Remplacement du monte-charge",55339.0,20,,,,,,,,no_match,aucun candidat retenu (score >= 0.60 puis jugement en session)
2021_14_il_033,2021,Edition 2019 Un mur d'escalade et des agrès à Rosa Parks,55122.0,14,,,,,,,,no_match,aucun candidat retenu (score >= 0.60 puis jugement en session)
2021_06_il_026,2021,Edition 2017 Réfection des trottoirs du 6e arrondissement,54608.0,6,,,,,,,,no_match,aucun candidat retenu (score >= 0.60 puis jugement en session)
2021_06_il_019,2021,Opération d'aménagement Rue Littré - Création d'une zone 30,53818.0,6,,,,,,,,no_match,aucun candidat retenu (score >= 0.60 puis jugement en session)
2021_17_il_011,2021,"CC 21, rue de l'Etoile - Rénovation des vestiaires et du poste de change",53081.0,17,,,,,,,,no_match,aucun candidat retenu (score >= 0.60 puis jugement en session)
2021_10_il_002,2021,Marchés Marché de Saint-Quentin - Mise aux normes du système de sécurité incendie,52999.0,10,,,,,,,,no_match,aucun candidat retenu (score >= 0.60 puis jugement en session)
2021_19_il_009,2021,Mairies Mairie du 19ème arrondissement - Mise en accessibilité - Travaux divers,50226.0,19,,,,,,,,no_match,aucun candidat retenu (score >= 0.60 puis jugement en session)
2021_14_il_007,2021,"CPA Angel Parra - Rénovation du hall et des vestiaires, modernisation du système de sécurité incendie et Centres d'animation",49563.0,14,,,,,,,,no_match,aucun candidat retenu (score >= 0.60 puis jugement en session)
2021_08_il_005,2021,"Etablissements de petite enfance MA 22, rue Laure Diebold - Réfection du sol de la cour",48013.0,8,,,,,,,,no_match,aucun candidat retenu (score >= 0.60 puis jugement en session)
2021_10_il_032,2021,Edition 2017 Réaménager les équipements sportifs extérieurs de la Grange-aux-Belles,47975.0,10,,,,,,,,no_match,aucun candidat retenu (score >= 0.60 puis jugement en session)
2021_11_il_013,2021,"enfance CC 16, cité Beauharnais - Modernisation du réseau d'eau chaude sanitaire",47698.0,11,,,,,,,,no_match,aucun candidat retenu (score >= 0.60 puis jugement en session)
2021_20_il_037,2021,Edition 2018 Améliorer les conditions d’accueil des tout-petits,46651.0,20,,,,,,,,no_match,aucun candidat retenu (score >= 0.60 puis jugement en session)
2021_14_il_029,2021,Tri et assises au parc Montsouris,45753.0,14,,,,,,,,no_match,aucun candidat retenu (score >= 0.60 puis jugement en session)
2021_14_il_034,2021,Edition 2015 Paris aux piétons,45386.0,14,,,,,,,,no_match,aucun candidat retenu (score >= 0.60 puis jugement en session)
2021_18_il_028,2021,Edition 2018 Ré-ouvrir une Ressourcerie dans le 18ème arrondissement,44509.0,18,,,,,,,,no_match,aucun candidat retenu (score >= 0.60 puis jugement en session)
2021_09_il_005,2021,"CC 13-15, rue Bleue - Pose de panneaux acoustiques",43976.0,9,,,,,,,,no_match,aucun candidat retenu (score >= 0.60 puis jugement en session)
2021_20_il_031,2021,Edition 2019 Commémorer la Commune de Paris,43776.0,20,,,,,,,,no_match,aucun candidat retenu (score >= 0.60 puis jugement en session)
2021_12_il_010,2021,"Etablissements de petite enfance CC 295, rue de Charenton",43743.0,12,,,,,,,,no_match,aucun candidat retenu (score >= 0.60 puis jugement en session)
2021_06_il_010,2021,Square Taras Chevtchenko - Réfection du réseau d'arrosage et création d'une borne fontaine,43014.0,6,,,,,,,,no_match,aucun candidat retenu (score >= 0.60 puis jugement en session)
2021_06_il_020,2021,"CS 12, rue Lobineau - Travaux de modernisation des ascenseurs",42711.0,6,,,,,,,,no_match,aucun candidat retenu (score >= 0.60 puis jugement en session)
2021_14_il_020,2021,Gymnases et salles de sports CS Elisabeth - Reprise des désordres de la piste d'athlétisme et réfection du court de tennis,42077.0,14,,,,,,,,no_match,aucun candidat retenu (score >= 0.60 puis jugement en session)
2021_18_il_029,2021,Edition 2019 Un espace jeux pour tous,42000.0,18,,,,,,,,no_match,aucun candidat retenu (score >= 0.60 puis jugement en session)
2021_06_il_021,2021,"Bâtiments EE 42, rue Madame - Travaux de modernisation de l'ascenseur",41342.0,6,,,,,,,,no_match,aucun candidat retenu (score >= 0.60 puis jugement en session)
2021_20_il_035,2021,Edition 2016 Plus de nature en ville,40898.0,20,,,,,,,,no_match,aucun candidat retenu (score >= 0.60 puis jugement en session)
2021_14_il_018,2021,Mairies modernisation Maire du 14ème arrondissement - Remplacement des menuiseries intérieures,40217.0,14,,,,,,,,no_match,aucun candidat retenu (score >= 0.60 puis jugement en session)
2021_18_il_037,2021,Un café-laverie solidaire dans le 18ème arrondissement,37500.0,18,,,,,,,,no_match,aucun candidat retenu (score >= 0.60 puis jugement en session)
2021_06_il_018,2021,Travaux opérations individualisées Université Réné Descartes - Travaux de modernisation de la distribution électrique,37370.0,6,,,,,,,,no_match,aucun candidat retenu (score >= 0.60 puis jugement en session)
2021_16_il_018,2021,"Entretien d'espaces verts Jardin des Serres d'Auteuil - Déménagement des serres, rénovations des parterres du Jardin Botanique",37061.0,16,,,,,,,,no_match,aucun candidat retenu (score >= 0.60 puis jugement en session)
2021_06_il_007,2021,"Marché Lobineau - Rénovation des entrées du marché, création/modification des sanitaires et création d'un Marché",36727.0,6,,,,,,,,no_match,aucun candidat retenu (score >= 0.60 puis jugement en session)
2021_13_il_012,2021,"Maison des associations Maison des associations, 11 rue Cailllaux - Désamiantage, refection de l'éclairage et autres travaux divers",36436.0,13,,,,,,,,no_match,aucun candidat retenu (score >= 0.60 puis jugement en session)
2021_09_il_006,2021,"Etablissements de petite enfance CC 13, rue Turgot - Réfection de l'entrée et agrandissement des bureaux",35987.0,9,,,,,,,,no_match,aucun candidat retenu (score >= 0.60 puis jugement en session)
2021_12_il_030,2021,Edition 2019 Réduire l'empreinte écologique des bâtiments,35000.0,12,,,,,,,,no_match,aucun candidat retenu (score >= 0.60 puis jugement en session)
2021_18_il_006,2021,"Mairie du 18ème arrondissement - Réaménagement du pôle élus, aménagement de la salle webconférence et Mairies",34774.0,18,,,,,,,,no_match,aucun candidat retenu (score >= 0.60 puis jugement en session)
2021_18_il_035,2021,Des repas solidaires : un véhicule frigorifique de quartier,34560.0,18,,,,,,,,no_match,aucun candidat retenu (score >= 0.60 puis jugement en session)
2021_20_il_014,2021,Opérations d'aménagement Aménagement de voiries dans le cadre du projet Rues Aux Ecoles,34030.0,20,,,,,,,,no_match,aucun candidat retenu (score >= 0.60 puis jugement en session)
2021_06_il_025,2021,Edition 2019 Embellissement du bassin de la fontaine de la place Edmond-Rostand,33720.0,6,,,,,,,,no_match,aucun candidat retenu (score >= 0.60 puis jugement en session)
2021_16_il_017,2021,Parc de Bagatelle - Rénovation des parterres du Jardin Botanique,33123.0,16,,,,,,,,no_match,aucun candidat retenu (score >= 0.60 puis jugement en session)
2021_06_il_011,2021,Entretien d'espaces verts Square Felix Desruelles - Réfection de la clôture,30026.0,6,,,,,,,,no_match,aucun candidat retenu (score >= 0.60 puis jugement en session)
2021_06_il_024,2021,Edition 2016 Restauration de la fontaine de la Paix et des Arts,29764.0,6,,,,,,,,no_match,aucun candidat retenu (score >= 0.60 puis jugement en session)
2021_12_il_006,2021,"Ecoles d'art Ecole Boulle - Travaux d'étanchéité de la toiture, de couverture et façades",29763.0,12,,,,,,,,no_match,aucun candidat retenu (score >= 0.60 puis jugement en session)
2021_16_il_026,2021,"Edition 2019 Installation de toilettes publiques dans le jardin Christiane Desroches-Noblecourt, place Rodin",26280.0,16,,,,,,,,no_match,aucun candidat retenu (score >= 0.60 puis jugement en session)
2021_11_il_003,2021,Marchés Marché Charonne - Mise aux normes des installations électriques,23010.0,11,,,,,,,,no_match,aucun candidat retenu (score >= 0.60 puis jugement en session)
2021_14_il_006,2021,"CC 2, rue Cabanis - Modernisation des sections, du bureau des médecins, de 4 plans de change et entretien 113 597 Etablissements de petite enfance de l'eau chaude sanitaire CC 1, place de la Garenne - Rénovation de la biberonnerie et de la buanderie",22658.0,14,,,,,,,,no_match,aucun candidat retenu (score >= 0.60 puis jugement en session)
2021_10_il_008,2021,"Aménagement des CC 41, Lucien Sampaix - Travaux de modernisation",21796.0,10,,,,,,,,no_match,aucun candidat retenu (score >= 0.60 puis jugement en session)
2021_18_il_032,2021,Musique pour tous,21132.0,18,,,,,,,,no_match,aucun candidat retenu (score >= 0.60 puis jugement en session)
2021_08_il_006,2021,Centres d'animation CPA Espace Beaujon - Mise aux normes des installations électriques,18288.0,8,,,,,,,,no_match,aucun candidat retenu (score >= 0.60 puis jugement en session)
2021_16_il_021,2021,Edition 2018 Un auvent de protection pour l'école 15 rue des Bauches,17869.0,16,,,,,,,,no_match,aucun candidat retenu (score >= 0.60 puis jugement en session)
2021_16_il_025,2021,Edition 2015 Cultiver en ville,16038.0,16,,,,,,,,no_match,aucun candidat retenu (score >= 0.60 puis jugement en session)
2021_08_il_021,2021,Edition 2017 Sous les pavés des fleurs,15991.0,8,,,,,,,,no_match,aucun candidat retenu (score >= 0.60 puis jugement en session)
2021_12_il_004,2021,"Bois de Vincennes - Entretien des réseaux d'eau d'arrosage, du cheminement, des jeux pour enfants et des 340 750 Bois lacs et rivières Bois de Vincennes - Mise en oeuvre du plan de gestion arboricole",15301.0,12,,,,,,,,no_match,aucun candidat retenu (score >= 0.60 puis jugement en session)
2021_08_il_018,2021,"Opérations individualisées 1er degré EM 12, rue de la Bienfaisance - Mise aux normes des cuisines",13674.0,8,,,,,,,,no_match,aucun candidat retenu (score >= 0.60 puis jugement en session)
2021_14_il_032,2021,Edition 2018 De l'art pour nos enfants,11939.0,14,,,,,,,,no_match,aucun candidat retenu (score >= 0.60 puis jugement en session)
2021_16_il_022,2021,Edition 2019 Espaces ludiques dans les écoles du 16ème arrondissement,9762.0,16,,,,,,,,no_match,aucun candidat retenu (score >= 0.60 puis jugement en session)
2021_20_il_041,2021,Edition 2019 Soutenir l'ambition zéro déchets et agir pour la propreté,7628.0,20,,,,,,,,no_match,aucun candidat retenu (score >= 0.60 puis jugement en session)
2021_17_il_029,2021,Edition,2019.0,17,,,,,,,,no_match,aucun candidat retenu (score >= 0.60 puis jugement en session)
2021_20_il_039,2021,Edition,2019.0,20,,,,,,,,no_match,aucun candidat retenu (score >= 0.60 puis jugement en session)
2021_18_il_036,2021,Edition,2019.0,18,,,,,,,,no_match,aucun candidat retenu (score >= 0.60 puis jugement en session)
2021_08_il_023,2021,Edition,2019.0,8,,,,,,,,no_match,aucun candidat retenu (score >= 0.60 puis jugement en session)
2021_14_il_030,2021,Edition,2019.0,14,,,,,,,,no_match,aucun candidat retenu (score >= 0.60 puis jugement en session)
2021_07_il_014,2021,Edition,2018.0,7,,,,,,,,no_match,aucun candidat retenu (score >= 0.60 puis jugement en session)
2021_18_il_031,2021,Edition,2017.0,18,,,,,,,,no_match,aucun candidat retenu (score >= 0.60 puis jugement en session)
2021_18_il_039,2021,Edition,2016.0,18,,,,,,,,no_match,aucun candidat retenu (score >= 0.60 puis jugement en session)
2021_18_il_045,2021,Edition,2015.0,18,,,,,,,,no_match,aucun candidat retenu (score >= 0.60 puis jugement en session)
2022_09_24_010,2022,Eglise De La Trinite - Restauration du massif d'entrée,6476861.0,9,20212021T00307,LOUBIERE LA FORGE D'ART,35220000000029,SA4 RESTAURATION MASSIF ENTREE EGLISE TRINITE LOT5 SERRURERI,2021,662719.7,0.9,confirmed,"overlap=['trinite'] ; jugé en session : même église Trinité, massif d'entrée, lot serrurerie"
2022_09_24_010,2022,Eglise De La Trinite - Restauration du massif d'entrée,6476861.0,9,20202020T06241,LEFEVRE SAS,35331873600017,SA4 TVX RESTAURATION MASSIF ENTREE EGLISE TRINITE LOT1,2020,14656080.1,0.9,confirmed,"overlap=['trinite'] ; jugé en session : même église Trinité, massif d'entrée, lot 1"
2022_09_24_010,2022,Eglise De La Trinite - Restauration du massif d'entrée,6476861.0,9,20202020T06247,TOLLIS,40081821700012,SA4 TVX RESTAURATION MASSIF ENTREE EGLISE TRINITE LOT2,2020,4325172.0,0.9,confirmed,"overlap=['trinite'] ; jugé en session : même église Trinité, massif d'entrée, lot 2"
2022_09_24_010,2022,Eglise De La Trinite - Restauration du massif d'entrée,6476861.0,9,20202020T06249,LE BRAS FRERES,32018244700054,SA4 TVX RESTAURATION MASSIF ENTREE EGLISE TRINITE LOT3,2020,1384208.71,0.9,confirmed,"overlap=['trinite'] ; jugé en session : même église Trinité, massif d'entrée, lot 3"
2022_09_24_010,2022,Eglise De La Trinite - Restauration du massif d'entrée,6476861.0,9,20191320008002,BRUNELLE,32406049000020,MS_MOE RESTAURAT° MASSIF EGLISE TRINITE,2019,754781.05,0.9,confirmed,overlap=['trinite'] ; jugé en session : MOE de la restauration du massif de la Trinité
2022_05_12_014,2022,"Piscine 19, rue de Pontoise - Travaux de rénovation",5730507.0,5,20222022T04166,LEFEVRE SAS,35331873600058,SA4 PISCINE PONTOISE RENOVATION ACCES ET BASSIN,2022,2698652.0,0.9,confirmed,"overlap=['pontoise'] ; jugé en session : même lieu et même opération, lot ou mission du chantier"
2022_13_38_015,2022,"EE A 53, rue Baudricourt - Modernisation de la cuisine et du réfectoire",5301177.0,13,20191210000249,CONPAS INNOVATIVE,87995310700015,SUBSÉQUENT CONSTRUCTION CUISINE 53/61 BAUDRICOURT 75013,2019,46280.01,0.85,confirmed,"overlap=['baudricourt'] ; jugé en session : même lieu et même opération, lot ou mission du chantier"
2022_08_21_015,2022,Eglise Sainte-Marie-Madeleine - Restauration de l'ensemble des façades,3259407.0,8,20212021T00588,SPMG,84115124400024,SA4 RESTAURATION FACADE SUD EGLISE MADELEINE LOT2: MARBRERIE,2021,257798.05,0.9,confirmed,"overlap=['madeleine'] ; jugé en session : même église Madeleine, restauration façades (lot marbrerie)"
2022_08_21_015,2022,Eglise Sainte-Marie-Madeleine - Restauration de l'ensemble des façades,3259407.0,8,20232023S03703,1090 ARCHITECTES,80352183000015,MO RESTAURATION FACADES EGLISE DE LA MADELEINE,2023,630720.0,0.85,confirmed,overlap=['madeleine'] ; jugé en session : maîtrise d'ouvrage de la restauration des façades de la Madeleine
2022_08_21_015,2022,Eglise Sainte-Marie-Madeleine - Restauration de l'ensemble des façades,3259407.0,8,20232023S06120,BUREAU D ETUDES ET DE CONSEILS EN,40353972900034,CSPS RESTAURAT° FACADES OUEST/NORD/EST EGLISE LA MADELEINE,2023,90945.0,0.85,confirmed,overlap=['madeleine'] ; jugé en session : CSPS de la restauration des façades de la Madeleine
2022_00_9_017,2022,"Eglise Saint Eustache - Restauration du massif d'entrée, autres travaux",2900408.0,0,20212021T07167,UNION TECHNIQUE DU BATIMENT,57206414500145,SA4 RESTAURATION EGLISE ST EUSTACHE - LOT3 : COUVERTURE,2021,313621.8,0.85,confirmed,"overlap=['eustache'] ; jugé en session : même Saint-Eustache, restauration lot 3"
2022_00_9_017,2022,"Eglise Saint Eustache - Restauration du massif d'entrée, autres travaux",2900408.0,0,20212021T07169,CHAPUIS,31715729500021,SA4 RESTAURATION EGLISE ST EUSTACHE - LOT5 : MENUISERIES B/P,2021,258472.94,0.85,confirmed,"overlap=['eustache'] ; jugé en session : même Saint-Eustache, restauration lot 5"
2022_00_9_017,2022,"Eglise Saint Eustache - Restauration du massif d'entrée, autres travaux",2900408.0,0,20212021T07165,SOCIETE NOUVELLE PRADEAU MORIN,80869888000065,SA4 ACBC RESTAUR EGLISE ST EUSTACHE LOT1:INSTA.CHANTIER/ECHA,2021,4661377.59,0.7,probable,"overlap=['eustache'] ; jugé en session : même Saint-Eustache, restauration lot 1"
2022_00_9_017,2022,"Eglise Saint Eustache - Restauration du massif d'entrée, autres travaux",2900408.0,0,20212021T07168,ATELIERS ENACHE,79278122100017,SA4 ACBC RESTAUR. EGLISE ST EUSTACHE -LOT4: RESTAUR SCULPTUR,2021,367852.46,0.65,probable,"overlap=['eustache'] ; jugé en session : même Saint-Eustache, restauration sculptures lot 4"
2022_00_9_019,2022,Eglise Saint-Gervais et Saint-Protais - Clocher et bras nord du transept,1251126.0,0,20191320000522,SOCIETE NOUVELLE PRADEAU MORIN,80869888000065,CSP5 RESTAUR CLOCHER EGLISE ST GERVAIS ST P.-LOT1:MACONNERIE,2019,3005712.83,1.0,confirmed,"overlap=['clocher', 'gervais'] ; jugé en session : même clocher Saint-Gervais, maçonnerie lot 1"
2022_00_9_019,2022,Eglise Saint-Gervais et Saint-Protais - Clocher et bras nord du transept,1251126.0,0,20191320010557,ATELIERS PERRAULT FRERES,06120108300013,CSP5 REST/CLOCHER EGLISE ST-GERVAIS CHARPENT/MENUISERIE LOT3,2019,366303.19,1.0,confirmed,"overlap=['clocher', 'gervais'] ; jugé en session : même clocher Saint-Gervais, charpente lot 3"
2022_00_9_019,2022,Eglise Saint-Gervais et Saint-Protais - Clocher et bras nord du transept,1251126.0,0,20191320010558,UNION TECHNIQUE DU BATIMENT,57206414500145,CSP5 REST/CLOCHER EGLISE ST-GERVAIS COUVERTURE LOT4 PARIS 4E,2019,290000.0,1.0,confirmed,"overlap=['clocher', 'gervais'] ; jugé en session : même clocher Saint-Gervais, couverture lot 4"
2022_00_9_019,2022,Eglise Saint-Gervais et Saint-Protais - Clocher et bras nord du transept,1251126.0,0,20191320000520,ATELIER JEAN LOUP BOUVIER,35362219400028,CSP5 RESTAUR CLOCHER EGLISE ST-GERVAIS ST P LOT2: SCULPTURES,2019,275515.96,1.0,confirmed,"overlap=['clocher', 'gervais'] ; jugé en session : même clocher Saint-Gervais, sculptures lot 2"
2022_20_62_031,2022,EE 29 Rue du Télégraphe - Travaux de restructuration et de restauration,1058216.0,20,20222022T02269,S.R.B.I.,45316662100020,SA4 RESTRUCTURATION GS TELEGRAPHE 75020 PARIS LOT 1,2022,947261.14,1.0,confirmed,"overlap=['restructuration', 'telegraphe'] ; jugé en session : même lieu et même opération, lot ou mission du chantier"
2022_13_38_013,2022,Sainte-Anne de la Butte-aux-Cailles - Consolidation pérenne,1040649.0,13,20222022T02119,LEFEVRE SAS,35331873600058,SA4 EGLISE STE ANNE BUTTE AUX CAILLES LOT 1 GROS OEUVRE,2022,6164413.5,1.0,confirmed,"overlap=['anne', 'butte', 'cailles'] ; jugé en session : même lieu et même opération, lot ou mission du chantier"
2022_13_38_013,2022,Sainte-Anne de la Butte-aux-Cailles - Consolidation pérenne,1040649.0,13,20222022T02120,STE LOUIS GENESTE ET SES FILS,86020025200093,SA4 EGLISE STE ANNE BUTTE AUX CAILLES LOT2 : MACONNERIE…,2022,1697781.97,1.0,confirmed,"overlap=['anne', 'butte', 'cailles'] ; jugé en session : même lieu et même opération, lot ou mission du chantier"
2022_00_9_025,2022,Rénovation de la fontaine Niki de Saint Phalle,998012.0,0,20222022T04126,BELLE ENVIRONNEMENT,78814002800051,SA4 TVX RENOVATION FONTAINE STRAVINSKY,2022,756258.28,0.85,confirmed,"overlap=['fontaine'] ; jugé en session : même fontaine Stravinsky, rénovation"
2022_13_38_023,2022,Rénovation partielle du square René Le Gall,864986.0,13,20202020S07254,APB ARCHITECTURE,84874182300019,MOE RESTAURAT°ELTS BATIS DU SQUARE RENE LE GALL 13ÈM,2020,80020.0,0.9,confirmed,"overlap=['gall', 'rene'] ; jugé en session : même lieu et même opération, lot ou mission du chantier"
2022_11_31_016,2022,Mairie du 11ème arrondissement - Ravalement et couverture,859892.0,11,20222022T00773,PIERRENOEL,39480476900054,SA4 RESTAURATION FACADE ET TOITURE MAIRIE 11EME LOT 1,2022,561977.99,0.7,probable,"overlap=['11eme'] ; jugé en session : même mairie du 11e, façade et toiture"
2022_19_59_001,2022,"EM 20, rue Eugénie Cotton - Travaux d'étanchéïté et de réfection des cours",854868.0,19,20222022T02579,ETANCHECO,42296795000029,ETANCHEITE ZONE 2 COUR GS EUGENIE COTTON 19EME,2022,666245.35,1.0,confirmed,"overlap=['cotton', 'etancheite', 'eugenie'] ; jugé en session : même lieu et même opération, lot ou mission du chantier"
2022_19_59_001,2022,"EM 20, rue Eugénie Cotton - Travaux d'étanchéïté et de réfection des cours",854868.0,19,20222022T03264,SOPREMA ENTREPRISES,48519755200014,ÉTANCHÉITÉ TERRASSES GS 16-20 EUGÉNIE COTTON 75019,2022,181323.67,1.0,confirmed,"overlap=['cotton', 'etancheite', 'eugenie'] ; jugé en session : même lieu et même opération, lot ou mission du chantier"
2022_05_12_013,2022,Mairie du 5ème arrondissement - Schéma directeur sécurité-accessibilité,850890.0,5,20191210001306,GM BATIMENT DE FRANCE 1,78842069300020,SA4 TVX MISE EN SECURITE/ACCESSIBILITE MAIRIE 5ÈME LOT1,2019,2042892.3,1.0,confirmed,"overlap=['5eme', 'accessibilite', 'securite'] ; jugé en session : même lieu et même opération, lot ou mission du chantier"
2022_19_59_003,2022,"EE 8, rue Barbanegre - Modernisation de la cuisine, Travaux d'étanchéité",596318.0,19,20212021T03282,REA CONCEPT,44331692200014,SA4 TRAVAUX MODERNISATION CUISINE EM BARBANEGRE LOT1,2021,521040.18,0.85,confirmed,"overlap=['barbanegre'] ; jugé en session : même lieu et même opération, lot ou mission du chantier"
2022_19_59_003,2022,"EE 8, rue Barbanegre - Modernisation de la cuisine, Travaux d'étanchéité",596318.0,19,20212021T03283,HORIS,37818678700024,SA4 EQUIPEMENTS CUISINE ECOLE MATERNELLE BARBANEGRE LOT2,2021,115695.42,0.85,confirmed,"overlap=['barbanegre'] ; jugé en session : même lieu et même opération, lot ou mission du chantier"
2022_14_41_029,2022,CS Elisabeth - Travaux de réfection de la piste d'athlétisme,592665.0,14,20222022T02838,AGILIS,44322232800025,SA4_LOT 1 TVX REFECTION INFRASTRUCTURE VRD TERR CS ELISABETH,2022,269764.05,0.85,confirmed,"overlap=['elisabeth'] ; jugé en session : même lieu et même opération, lot ou mission du chantier"
2022_14_41_029,2022,CS Elisabeth - Travaux de réfection de la piste d'athlétisme,592665.0,14,20222022T02839,AGILIS,44322232800025,SA4_LOT 2 TVX REFECTION REVETEMENT CS ELISABETH,2022,256625.6,0.85,confirmed,"overlap=['elisabeth'] ; jugé en session : même lieu et même opération, lot ou mission du chantier"
2022_12_34_002,2022,EE Charenton - Cour oasis et modernisation des menuiseries extérieures,557279.0,12,20222022T03542,COCHERY ILE DE FRANCE,41797626300018,AMENAGEMENT D'UNECOURS OASIS EE 315 RUE DE CHARENTON 75012,2022,505584.7,1.0,confirmed,"overlap=['charenton', 'oasis'] ; jugé en session : même EE rue de Charenton, cour oasis"
2022_05_12_012,2022,Colleges Pierre Alviset et Raymond Queneau - Modernisation des cuisines,535036.0,5,20232023T04311,SOCIETE AURION ET COMPAGNIE,38302656400039,COLLÈGE PIERRE ALVISET 88 E MONGE VENTIL CUISINE REFECTOIRE,2023,428549.91,1.0,confirmed,"overlap=['alviset', 'pierre'] ; jugé en session : même lieu et même opération, lot ou mission du chantier"
2022_09_24_000,2022,"EE 32, Bruxelles - Cour Oasis, Modernisation des salles adultes",503195.0,9,20222022T02237,COCHERY ILE DE FRANCE,41797626300018,TVX TRANSFORMATION COURS EN COURS OASIS EE 32-34 BRUXELLES,2022,376186.52,1.0,confirmed,"overlap=['bruxelles', 'oasis'] ; jugé en session : même école 32-34 Bruxelles, transformation en cour oasis"
2022_19_59_019,2022,Parc des buttes Chaumont (Ile de la Falaise) - Etudes de diagnostic et mis en sécurité,472990.0,19,20232023S10513,ANTEA FRANCE,39320673500598,SA3_ACBC_AMO RESTAURATION ILE FALAISE PARC BUTTES CHAUMONT,2023,1374700.0,1.0,confirmed,"overlap=['buttes', 'chaumont', 'falaise'] ; jugé en session : même lieu et même opération, lot ou mission du chantier"
2022_19_59_019,2022,Parc des buttes Chaumont (Ile de la Falaise) - Etudes de diagnostic et mis en sécurité,472990.0,19,20222022S06471,BRGM,58205614900120,"SA3.RÉALISAT°ETUDE CINÉ,EVOLUT°DES DÉSORDRES,BUTTES CHAUMONT",2022,408000.0,1.0,confirmed,"overlap=['buttes', 'chaumont'] ; jugé en session : même lieu et même opération, lot ou mission du chantier"
2022_19_59_019,2022,Parc des buttes Chaumont (Ile de la Falaise) - Etudes de diagnostic et mis en sécurité,472990.0,19,20232023T06948,ENT. DE TRAVAUX FAYOLLE ET FILS,50163916500015,SA3/ACBC_TVX SECURISATION DU PARC BUTTES CHAUMONT (19EME),2023,2400000.0,1.0,confirmed,"overlap=['buttes', 'chaumont'] ; jugé en session : même lieu et même opération, lot ou mission du chantier"
2022_19_59_019,2022,Parc des buttes Chaumont (Ile de la Falaise) - Etudes de diagnostic et mis en sécurité,472990.0,19,20222022S09965,OMNIUM GENERAL D'INGENIERIE,38400090700020,SA3 AMOA RESTAURAT°ILE& LA FALAISE PARC BUTTE CHAUMONT,2023,798500.0,1.0,confirmed,"overlap=['chaumont', 'falaise'] ; jugé en session : même lieu et même opération, lot ou mission du chantier"
2022_09_24_012,2022,"EM 12, rue Chaptal - Mise aux normes de 3 cuisines",441825.0,9,20181210020027,ATELUX INGENIERIE,44044148300037,MISE AUX NORMES 3 CUISINES GS 12 CHAPTAL-9 BLANCHE-68/70 ROC,2019,87161.5,1.0,confirmed,"overlap=['chaptal', 'cuisines'] ; jugé en session : même école 12 Chaptal, mise aux normes des 3 cuisines"
2022_20_62_039,2022,"CS Louis Lumière - Rénovation su 3ème terrain, rénovation du site, remplacement du gazon",388776.0,20,20232023T04320,ART-DAN ILE-DE-FRANCE,48940507600071,SA4 CREATION TERRAINS DE FOOTBALL CS LOUIS LUMIERE LOT1,2023,958164.73,1.0,confirmed,"overlap=['louis', 'lumiere'] ; jugé en session : même lieu et même opération, lot ou mission du chantier"
2022_20_62_039,2022,"CS Louis Lumière - Rénovation su 3ème terrain, rénovation du site, remplacement du gazon",388776.0,20,20232023T04321,BOUYGUES ENERGIES & SERVICES,77566487304147,SA4 CREATION DE TERRAINS DE FOOTBALL CS LOUIS LUMIERE LOT2,2023,68574.0,1.0,confirmed,"overlap=['louis', 'lumiere'] ; jugé en session : même lieu et même opération, lot ou mission du chantier"
2022_17_52_001,2022,"EM 8, rue Tapisseries - Réfection du sol de la cour",384337.0,17,20222022T03226,ASTEN,54205733600878,SUBSÉQUENT TVX COURS OASIS EM TAPISSERIES 75017,2022,312994.65,0.85,confirmed,"overlap=['tapisseries'] ; jugé en session : même lieu et même opération, lot ou mission du chantier"
2022_15_45_017,2022,Parc André Citroën - Travaux de rénovation,366490.0,15,20232023T07507,TERIDEAL,32307786700212,SA3.ACBC.TRVX RENOV (FONTAINERIE SERRURIE)PARC ANDRE CITROEN,2023,2399279.62,1.0,confirmed,"overlap=['andre', 'citroen'] ; jugé en session : même lieu et même opération, lot ou mission du chantier"
2022_15_45_017,2022,Parc André Citroën - Travaux de rénovation,366490.0,15,20191230000871,OMNIUM GENERAL D'INGENIERIE,38400090700020,CSP EP MISSIONS ÉTUD TECH RÉNOV°FONTAINE PARC ANDRÉ CITROEN,2019,54070.0,1.0,confirmed,"overlap=['andre', 'citroen'] ; jugé en session : même lieu et même opération, lot ou mission du chantier"
2022_00_9_021,2022,Boulevard Bourdon - Travaux végétalisation,350426.0,0,20212021T01583,TERIDEAL,32307786700055,SA3-TVX AMENAGEMENT VEGETALISATION BD BOURDON PARIS 4EME,2021,421689.85,1.0,confirmed,"overlap=['bourdon', 'vegetalisation'] ; jugé en session : même boulevard Bourdon, végétalisation"
2022_17_52_000,2022,Bibliothèque Colette Vivier - Amélioration thermique escalier et toiture,329199.0,17,20222022T00927,SASU BOC,75183803800022,RENOV. TOITURE BIB. COLETTE VIVIER 6 RUE FOURNEYRON 75017,2022,220565.0,1.0,confirmed,"overlap=['colette', 'vivier'] ; jugé en session : même lieu et même opération, lot ou mission du chantier"
2022_00_9_001,2022,"EE 11, rue d'Argenteuil - Modernisation cour oasis, travaux de sécurité",319237.0,0,20222022T02585,VIABILITE TERRASSEMENT MATERIAUX,43864629100056,TRANSFORMATION DE LA COUR EE ARGENTEUIL EN COUR OASIS,2022,256668.58,1.0,confirmed,"overlap=['argenteuil', 'oasis'] ; jugé en session : même EE Argenteuil, cour transformée en oasis"
2022_14_41_019,2022,Grand Montparnasse,301396.0,14,20232023S10527,AREP,44457238200034,SA3_ACBCMS_MOE REAMENAGEMENT ABORDS GARE MONTPARNASSE,2023,8000000.0,0.85,confirmed,"overlap=['montparnasse'] ; jugé en session : même lieu et même opération, lot ou mission du chantier"
2022_19_59_027,2022,Rénover les gymnases Lilas et Curial,298347.0,19,20212021T04078,LA LOUISIANE,32610261300022,GYMNASE DES LILAS 5 RUE DES LILAS MODERNISATION INSTALLATION,2021,620000.0,0.7,probable,"overlap=['lilas'] ; jugé en session : même lieu et même opération, lot ou mission du chantier"
2022_00_9_002,2022,"EE 21, rue Saint-Louis en l'Ile - Modernisation de la cour OASIS",285329.0,0,20222022T02019,VIABILITE TERRASSEMENT MATERIAUX,43864629100056,TRANSFORMATION COUR EM SAINT LOUIS 21 RUE ST LOUIS PARIS 4E,2022,233141.54,0.7,probable,"overlap=['louis'] ; jugé en session : même école rue Saint-Louis en l'Île, cour transformée"
2022_17_52_002,2022,EM 20 rue Jouffroy d'Abbans - Réfection des menuiseries extérieurs,284967.0,17,20191210020014,ETABLISSEMENTS LORILLARD,80542020500249,GS JOUFFROY D'ABBANS MODERNISATION MENUISERIES,2019,715347.0,1.0,confirmed,"overlap=['abbans', 'jouffroy'] ; jugé en session : même lieu et même opération, lot ou mission du chantier"
2022_17_52_022,2022,Rénovation au rez-de-chaussée de l'école Boursault,276684.0,17,20222022T09003,REA CONCEPT,44331692200014,SA4 ECOLE BOURSAULT RESTRUCTURATION TCE LOT1 17EME,2022,873166.48,0.85,confirmed,"overlap=['boursault'] ; jugé en session : même lieu et même opération, lot ou mission du chantier"
2022_17_52_022,2022,Rénovation au rez-de-chaussée de l'école Boursault,276684.0,17,20222022T09004,CLIMAIRTEC,44063869000014,"SA4.CHAUFFAGE,VENTILAT°,PLOMBERIE ECOLE BOURSAULT 75017 LOT2",2022,206886.78,0.85,confirmed,"overlap=['boursault'] ; jugé en session : même lieu et même opération, lot ou mission du chantier"
2022_17_52_022,2022,Rénovation au rez-de-chaussée de l'école Boursault,276684.0,17,20222022T09006,FROID CUISINES INDUS. RESTAURATION,31449029300052,SA4-TVX ECOLE BOURSAULT-EQUIP CUISINE-LOT4,2022,127233.92,0.85,confirmed,"overlap=['boursault'] ; jugé en session : même lieu et même opération, lot ou mission du chantier"
2022_17_52_022,2022,Rénovation au rez-de-chaussée de l'école Boursault,276684.0,17,20222022T09005,TRAVAUX BATIMENTS ELECTRICITE SECUR,39436621500041,SA4 - TVX ELECTRICTE CFO ET CFA ECOLE BOURSAULT 75017 - LOT3,2022,95212.88,0.85,confirmed,"overlap=['boursault'] ; jugé en session : même lieu et même opération, lot ou mission du chantier"
2022_20_62_034,2022,Parc Python-Duvernois,263506.0,20,20222022T10057,ENTREPRISE DE TRAVAUX PUBLICS EGA,64204779900027,SA3 TVX GENIE CIVIL TERRASSEMENT PARC PYTHON DUVERNOIS LOT1,2023,4493592.01,1.0,confirmed,"overlap=['duvernois', 'python'] ; jugé en session : même lieu et même opération, lot ou mission du chantier"
2022_20_62_034,2022,Parc Python-Duvernois,263506.0,20,20222022T10065,ESPACE DECO,30752136900032,SA3 TVX PLANTATIONS TERRE VEGET. PARC PYTHON DUVERNOIS LOT 4,2023,1346835.91,1.0,confirmed,"overlap=['duvernois', 'python'] ; jugé en session : même lieu et même opération, lot ou mission du chantier"
2022_20_62_034,2022,Parc Python-Duvernois,263506.0,20,20222022T10064,TERIDEAL,32307786700212,SA3 CREATION BASSIN VEGETALISE PARC PYTHON DUVERNOIS LOT3,2023,837532.2,1.0,confirmed,"overlap=['duvernois', 'python'] ; jugé en session : même lieu et même opération, lot ou mission du chantier"
2022_20_62_034,2022,Parc Python-Duvernois,263506.0,20,20222022T10070,ENTREPRISE GENERALE DE CLOTURES,78495033900019,SA3 TVX SERRURERIE PARC PYTHON DUVERNOIS LOT5,2023,827253.0,1.0,confirmed,"overlap=['duvernois', 'python'] ; jugé en session : même lieu et même opération, lot ou mission du chantier"
2022_20_62_034,2022,Parc Python-Duvernois,263506.0,20,20222022T10063,TERIDEAL SEGEX ENERGIES,78805646300151,SA3 TVX ARROSAGE EAU FONTAINERIE PARC PYTHON DUVERNOIS LOT2,2023,525238.0,1.0,confirmed,"overlap=['duvernois', 'python'] ; jugé en session : même lieu et même opération, lot ou mission du chantier"
2022_13_38_017,2022,Mairie du 13ème arrondissement - Ravalement des façades,247029.0,13,20191210000307,CHAMPAGNE CONSTRUCTION RENOVATION,32088927200037,CSP5 MAIRIE 13EME RESTAURATION FACADES,2019,1088499.2,0.7,probable,"overlap=['13eme'] ; jugé en session : même lieu et même opération, lot ou mission du chantier"
2022_15_45_020,2022,Poursuivre la coulée verte dans le quartier Beaugrenelle,216182.0,15,20191230000244,LACHAUX PAYSAGE,39044002200023,CSP4 AMENAGEMENT COULEE VERTE QUAI ANDRE CITROEN BEAUGRENELL,2019,379843.35,1.0,confirmed,"overlap=['coulee', 'verte'] ; jugé en session : même lieu et même opération, lot ou mission du chantier"
2022_00_9_023,2022,"CC 26, rue Saint Roch - Travaux de restructuration",205909.0,0,20212021S07467,ATELIER GIET ARCHITECTURE,49071473000036,MOE RESTRUCTURATION CC 26 RUE SAINT ROCH 75001 SAMO,2021,445870.04,1.0,confirmed,"overlap=['restructuration', 'roch'] ; jugé en session : même CC 26 Saint-Roch, MOE restructuration"
2022_00_9_023,2022,"CC 26, rue Saint Roch - Travaux de restructuration",205909.0,0,20222022S01010,AMOES,49519128000066,SUBSÉQUENT AMO RESTRUCTURATION CRECHE SAINT ROCH,2022,69972.0,1.0,confirmed,"overlap=['restructuration', 'roch'] ; jugé en session : même crèche Saint-Roch, AMO restructuration"
2022_00_9_023,2022,"CC 26, rue Saint Roch - Travaux de restructuration",205909.0,0,20232023T07496,DP.R,42878198300039,SA4-TVX RESTRUCTURATION CRECHE ST ROCH 75001 - LOT 1 TCE,2023,3750422.0,1.0,confirmed,"overlap=['restructuration', 'roch'] ; jugé en session : même crèche Saint-Roch, travaux restructuration"
2022_11_31_013,2022,Basilique Notre Dame Du Perpetuel Secours - Restauration des toitures,204706.0,11,20191320000380,UNION TECHNIQUE DU BATIMENT,57206414500145,CSP5 RESTAUR TOITURES BASILIQ N/DAME PERPETUEL SECOURS LOT2,2019,964360.0,1.0,confirmed,"overlap=['dame', 'perpetuel', 'secours'] ; jugé en session : même basilique ND Perpétuel Secours, toitures lot 2"
2022_11_31_013,2022,Basilique Notre Dame Du Perpetuel Secours - Restauration des toitures,204706.0,11,20191320000378,LAYHER,32010280900201,CSP5 RESTAURATION TOITURES BASILIQUE ND PERPETUEL SEC -LOT1,2019,663260.5,1.0,confirmed,"overlap=['basilique', 'perpetuel'] ; jugé en session : même basilique ND Perpétuel Secours, toitures lot 1"
2022_00_9_003,2022,"EE 15, Neuve Saint-Pierre - Modernisation des menuiseries extérieures, aménagement cour Oasis",202787.0,0,20191210000642,ESPACES TP,75331059800010,RÉAMÉNAGEMENT EN COUR OASIS EE NEUVE SAINT PIERRE 75004,2019,360771.61,1.0,confirmed,"overlap=['neuve', 'oasis', 'pierre'] ; jugé en session : même EE Neuve Saint-Pierre, cour oasis"
2022_00_9_003,2022,"EE 15, Neuve Saint-Pierre - Modernisation des menuiseries extérieures, aménagement cour Oasis",202787.0,0,20232023T03865,ART ET TECHNIQUE DE LA MENUISERIE,47777174500023,LOT 4 TRAVAUX MENUISERIES EE ARGENTEUIL/NEUVE SAINT PIERRE,2023,69730.0,1.0,confirmed,"overlap=['neuve', 'pierre'] ; jugé en session : même EE Neuve Saint-Pierre, menuiseries lot 4"
2022_00_9_003,2022,"EE 15, Neuve Saint-Pierre - Modernisation des menuiseries extérieures, aménagement cour Oasis",202787.0,0,20242024T05419,IDVERDE,33960966101129,TRAVAUX RÉAMÉNAGEMENT PAYSAGER COUR EE NEUVE SAINT-PIERRE 4E,2024,110138.02,1.0,confirmed,"overlap=['neuve', 'pierre'] ; jugé en session : même EE Neuve Saint-Pierre, cour réaménagée"
2022_00_9_003,2022,"EE 15, Neuve Saint-Pierre - Modernisation des menuiseries extérieures, aménagement cour Oasis",202787.0,0,20222022T02474,ART ET TECHNIQUE DE LA MENUISERIE,47777174500023,MODERNISATION MENUISERIES EXTÉRIEURES EE NEUVE ST PIERRE 4E,2022,171710.0,1.0,confirmed,"overlap=['exterieures', 'neuve', 'pierre'] ; jugé en session : même EE Neuve Saint-Pierre, menuiseries extérieures"
2022_18_55_018,2022,CS des Poissonniers - Rénovation du site d'entrainement,199566.0,18,20222022T00565,EDILE CONSTRUCTION,37770055400019,SA4 LOT1 DEMOLITION/DESAMIANTAGE CS POISSONNIERS JO 2024,2022,1411750.17,0.85,confirmed,"overlap=['poissonniers'] ; jugé en session : même lieu et même opération, lot ou mission du chantier"
2022_18_55_018,2022,CS des Poissonniers - Rénovation du site d'entrainement,199566.0,18,20222022T00567,R P H,49333305800037,SA4 LOT2 MENUIS.EXTER/REVET.FACADES CS POISSONNIERS JO 2024,2022,869554.1,0.85,confirmed,"overlap=['poissonniers'] ; jugé en session : même lieu et même opération, lot ou mission du chantier"
2022_18_55_018,2022,CS des Poissonniers - Rénovation du site d'entrainement,199566.0,18,20222022T00569,AIRCLIMO,45187027300021,SA4-TVX PLOMBERIE CHAUFF. CENTRE SPORTIF POISSONNIERS LOT 4,2022,704625.6,0.85,confirmed,"overlap=['poissonniers'] ; jugé en session : même lieu et même opération, lot ou mission du chantier"
2022_00_9_027,2022,Aménagement du grenier de l'école des Tournelles,185255.0,0,20191210000786,ABC BATIMENT,38492320700037,AMÉNAGEMENT DES COMBLES DU GS TOURNELLES-VOSGES 75004,2019,184953.0,0.85,confirmed,"overlap=['tournelles'] ; jugé en session : même école Tournelles, aménagement des combles/grenier"
2022_06_15_017,2022,Saint-Sulpice - Travaux de restauration,181398.0,6,20212021T10119,ALTIUS,41180144200020,SA4 TVX SERRURIE EGLISE SAINT-SULPICE LOT2,2022,56774.0,0.85,confirmed,"overlap=['sulpice'] ; jugé en session : même lieu et même opération, lot ou mission du chantier"
2022_06_15_017,2022,Saint-Sulpice - Travaux de restauration,181398.0,6,20212021T10118,SOC COOP PRODUCT,57201099900033,SA4 TVX CHARPENTE MENUISERIE EGLISE SAINT-SULPICE LOT1,2021,253830.17,0.85,confirmed,"overlap=['sulpice'] ; jugé en session : même église Saint-Sulpice, travaux de restauration (lot charpente-menuiserie)"
2022_14_41_004,2022,EM Maurice Ripoche - Modernisation des menuiseries et traitement de l'accoustique,180360.0,14,20201210000231,ART ET TECHNIQUE DE LA MENUISERIE,47777174500023,MODERNISATION MENUISERIES EE 55 MAURICE RIPOCHE 75014,2020,331995.0,1.0,confirmed,"overlap=['maurice', 'ripoche'] ; jugé en session : même lieu et même opération, lot ou mission du chantier"
2022_05_12_006,2022,"CC 11, rue Censier - Remplacement des menuiseries extérieures et de la biberonnie",152980.0,5,20222022T01816,ENTREPRISE POMMEROL,42912800200012,TRAVX DE MODERNISAT° DES MENUISERIES EXTÉ CC 11 RUE CENSIER,2022,95973.66,0.85,confirmed,"overlap=['censier'] ; jugé en session : même lieu et même opération, lot ou mission du chantier"
2022_05_12_007,2022,"CC 4, rue Jean Calvin - Remplacement des menuiseries extérieures",149754.0,5,20212021T02276,LES ETABLISSEMENTS GIFFARD,52284772200025,REMPLACEMT MENUISERIES EXT BOIS CC 4 RUE CALVIN PARIS 5ÈME,2021,126763.83,0.85,confirmed,"overlap=['calvin'] ; jugé en session : même lieu et même opération, lot ou mission du chantier"
2022_17_52_021,2022,La bibliothèque des Batignolles réaménagée et accessible,149579.0,17,20222022T06322,BAT TRAVAUX NEUFS RENOV CONSTRUCTIO,39872259500046,TRAVAUX REAMENAGEMENT BIBLIOTHEQUE BATIGNOLLES 17EME,2022,538664.0,0.85,confirmed,"overlap=['batignolles'] ; jugé en session : même lieu et même opération, lot ou mission du chantier"
2022_17_52_021,2022,La bibliothèque des Batignolles réaménagée et accessible,149579.0,17,20212021S01821,ATELIER DP,53039720700057,MOE RÉAMÉNAGEMENT BIBLIO BATIGNOLLES 75017,2021,49668.98,0.85,confirmed,"overlap=['batignolles'] ; jugé en session : même lieu et même opération, lot ou mission du chantier"
2022_20_62_017,2022,CC des Rigoles - Modernisation de la cuisine,141292.0,20,20222022T03395,REOLIAN MULTITEC,69201718900097,RESTRUCTURATION CUISINE CRECHE RIGOLES 20EME,2022,142031.79,0.85,confirmed,"overlap=['rigoles'] ; jugé en session : même lieu et même opération, lot ou mission du chantier"
2022_08_21_001,2022,EM Roquepine - Modernisation des deux cours,136079.0,8,20212021T03063,ASTEN,54205733600027,TRAVAUX MODERNISATION 2 COURS EM 16 RUE ROQUEPINE PARIS 8E,2021,488301.5,1.0,confirmed,"overlap=['cours', 'roquepine'] ; jugé en session : même EM 16 rue Roquepine, modernisation des deux cours"
2022_00_9_011,2022,Rue de la Verrerie - Travaux d'aménagement,135161.0,0,20202020T03842,DUBRAC T.P.,67201924700010,SA3: TRAVAUX DE VOIRIE POUR REAMENAGEMENT RUE DE LA VERRERIE,2020,408538.7,0.85,confirmed,"overlap=['verrerie'] ; jugé en session : même rue de la Verrerie, réaménagement voirie"
2022_00_9_033,2022,Végétaliser les murs et les toits des écoles Saint-Merri/Renard,129418.0,0,20222022T04281,COCHERY ILE DE FRANCE,41797626300018,TRANSFORMATIONS TERRASSES GS SAINT MERRI EN TERRASES OASIS,2022,676376.28,0.7,probable,"overlap=['merri'] ; jugé en session : même GS Saint-Merri, terrasses oasis"
2022_00_9_033,2022,Végétaliser les murs et les toits des écoles Saint-Merri/Renard,129418.0,0,20232023T03872,COCHERY ILE DE FRANCE,41797626300018,TERRASSE EST EN TERRASSE OASIS GS SAINT MERRI 4EME,2023,241876.03,0.7,probable,"overlap=['merri'] ; jugé en session : même GS Saint-Merri, terrasse oasis"
2022_10_27_003,2022,EM Paradis - Travaux suite aux désordres hourdis,120955.0,10,20202020T04037,BAT TRAVAUX NEUFS RENOV CONSTRUCTIO,39872259500046,TRAVAUX REPRISE PLANCHERS SUITE DÉSORDRES HOURDIS EM PARADIS,2020,1134106.71,1.0,confirmed,"overlap=['desordres', 'hourdis', 'paradis', 'suite'] ; jugé en session : même école Paradis, désordres hourdis"
2022_19_59_028,2022,Rénovation de la piscine Mathis,120584.0,19,20212021T05722,ENGIE ENERGIE SERVICES,55204695503708,MODERNIST° DES LOCAUX ET VENTILAT° ASCEN PISCINE MATHIS,2021,90514.1,0.85,confirmed,"overlap=['mathis'] ; jugé en session : même lieu et même opération, lot ou mission du chantier"
2022_00_9_015,2022,"CS Jean Dame - Création de sanitaire, Rénovation du parquet",117417.0,0,20222022T04336,SOCIETE GENERALE DE BATIMENT,38834569600032,CRÉATION BLOC WC CS JEAN DAME 75002,2022,126156.84,0.9,confirmed,"overlap=['dame', 'jean'] ; jugé en session : même CS Jean Dame, création de sanitaires"
2022_10_27_004,2022,EM Louis Blanc - Travaux de rénovation et d'étanchéité dans la cour,113492.0,10,20222022T03900,CHAPELEC,32878186900065,TRAVAUX RÉNOVATION COUR HAUTE GS 49 RUE LOUIS BLANC PARIS 10,2022,327031.25,0.9,confirmed,"overlap=['blanc', 'louis'] ; jugé en session : même cour haute école Louis Blanc, rénovation"
2022_10_27_004,2022,EM Louis Blanc - Travaux de rénovation et d'étanchéité dans la cour,113492.0,10,20202020T03817,EZEL,75359287200042,RÉNOVATION COUR HAUTE GROUPE SCOLAIRE SIS 49 R LOUIS BLANC,2020,204690.0,0.9,confirmed,"overlap=['blanc', 'louis'] ; jugé en session : même cour haute école Louis Blanc, rénovation"
2022_18_55_019,2022,CS Bertrand Dauvin - Rénovation des terrains de tennis et remplacement des clôtures,112638.0,18,20222022T01424,SLAMCOURT,82916431800026,SA4 TVX CS BERTRAND DAUVIN POUR J.O.-LOT4: RESINE TENNIS/SOL,2022,113118.4,1.0,confirmed,"overlap=['bertrand', 'dauvin', 'tennis'] ; jugé en session : même lieu et même opération, lot ou mission du chantier"
2022_20_62_003,2022,EE 103 rue des Amandiers - Cour Oasis,106830.0,20,20222022T01897,ENTREPRISE JEAN LEFEBVRE ILE DE FRA,31547453600051,TVX COURS OASIS EE AMANDIER ET COLLÉGE DOISNEAU 75020 LOT1,2022,346955.89,0.7,probable,"overlap=['oasis'] ; jugé en session : même lieu et même opération, lot ou mission du chantier"
2022_09_24_011,2022,Eglise Notre-Dame de Lorette - Restauration des maçonneries et des structures,105298.0,9,20191320000948,SOCIETE ENTREPRISE DEGAINE,56206287700021,CSP5 TRAVAUX EGLISE NOTRE DAME DE LORETTE - LOT1: MACONNERIE,2019,330433.47,1.0,confirmed,"overlap=['dame', 'lorette', 'notre'] ; jugé en session : même église Notre-Dame de Lorette, lot maçonnerie"
2022_09_24_011,2022,Eglise Notre-Dame de Lorette - Restauration des maçonneries et des structures,105298.0,9,20191320000949,1STRUMESURE,81784825200018,CSP5 TVX EGLISE NOTRE DAME DE LORETTE - LOT2:INSTRUMENTATION,2019,49500.0,1.0,confirmed,"overlap=['dame', 'lorette', 'notre'] ; jugé en session : même église Lorette, lot instrumentation des structures"
2022_05_12_003,2022,"du schéma directeur securité-accessibilité, Restauration de la salle du Capitant",102709.0,5,20191210001306,GM BATIMENT DE FRANCE 1,78842069300020,SA4 TVX MISE EN SECURITE/ACCESSIBILITE MAIRIE 5ÈME LOT1,2019,2042892.3,1.0,confirmed,"overlap=['accessibilite', 'securite'] ; jugé en session : même lieu et même opération, lot ou mission du chantier"
2022_11_31_002,2022,"EM 10 bis, rue Duranti - Sécurisation et Amélioration des façades",102202.0,11,20222022T04620,ECOBAT 77,34948220800023,SECU./AMELIORAT° PERF ENERGETIQUES FACADES EM/CC DURANTI 11E,2022,116802.49,0.85,confirmed,"overlap=['duranti'] ; jugé en session : même EM Duranti, façades sécurisation"
2022_11_31_002,2022,"EM 10 bis, rue Duranti - Sécurisation et Amélioration des façades",102202.0,11,20222022T04618,L ESSOR,54204382300013,SECU./AMELIORAT° PERF ENERGETIQUES FACADES EM/CC DURANTI 11E,2022,66296.0,0.85,confirmed,"overlap=['duranti'] ; jugé en session : même EM Duranti, façades sécurisation"
2022_11_31_003,2022,"EE 8, cité Voltaire - Modernisation sanitaires 1er étage, Modernisation des portes et fenêtres",96765.0,11,20212021T01826,DARRAS ET JOUANIN,77572541900086,MODERNISATION DES SANITAIRES 1ER ÉTAGE EE CITÉ VOLTAIRE 11È,2021,47801.88,1.0,confirmed,"overlap=['cite', 'etage', 'voltaire'] ; jugé en session : même EE cité Voltaire, sanitaires 1er étage"
2022_11_31_004,2022,"EE 109 bis, avenue Parmentier - Modernisation de la couverture",91863.0,11,20222022T03608,AUCHET,44279938300041,REFACT° DE LA COUVERTURE DU BAT EE 109 AV PARMENTIER 75011,2022,143887.94,0.85,confirmed,"overlap=['parmentier'] ; jugé en session : même EE 109 av. Parmentier, couverture"
2022_13_38_003,2022,"de la salle des fêtes, divers travaux",74130.0,13,20232023T01062,SOC COOP PRODUCT,57201099900033,RENOVATION DE LA SALLE DES FETES DE LA MAIRIE DE 13ÈME LOT 3,2023,379057.81,0.7,probable,"overlap=['fetes'] ; jugé en session : même lieu et même opération, lot ou mission du chantier"
2022_13_38_003,2022,"de la salle des fêtes, divers travaux",74130.0,13,20232023T04885,SCENIC FRANCE REALISATIONS,32881345600055,SCENOGRAPHIE ELECTRICITE SALLE DES FETES MAIRIE 13EME LOT 6,2023,312608.0,0.7,probable,"overlap=['fetes'] ; jugé en session : même lieu et même opération, lot ou mission du chantier"
2022_13_38_003,2022,"de la salle des fêtes, divers travaux",74130.0,13,20232023T01079,LACOUR ENTREPRISE,33864715900015,MAIRIE DU 13EME LOT N°1 RENOVATIONDE LA SALLE DES FETES,2023,306468.0,0.7,probable,"overlap=['fetes'] ; jugé en session : même salle des fêtes mairie 13e, rénovation lot 1"
2022_13_38_003,2022,"de la salle des fêtes, divers travaux",74130.0,13,20232023T01072,BALAS,56207779200082,MAIRIE DU 13EME LOT N°2 RENOVATION DE LA SALLE DES FETES,2023,120124.2,0.7,probable,"overlap=['fetes'] ; jugé en session : même salle des fêtes mairie 13e, rénovation lot 2"
2022_13_38_003,2022,"de la salle des fêtes, divers travaux",74130.0,13,20232023T01387,FRANCE VITRAIL INTERNATIONAL,34410109200056,RENOVATION SALLE DES FETES MAIRIE 13EME LOT 5 VITRAUX,2023,68775.0,0.7,probable,"overlap=['fetes'] ; jugé en session : même lieu et même opération, lot ou mission du chantier"
2022_20_62_016,2022,Square Sarah Bernhardt - Travaux de rénovation,72358.0,20,20222022T08258,COCHERY ILE DE FRANCE,41797626300018,SA3/MS-TVX RENOVATION SQUARE SARAH BERNHARDT PARIS 20EME,2022,1246581.01,1.0,confirmed,"overlap=['bernhardt', 'sarah'] ; jugé en session : même lieu et même opération, lot ou mission du chantier"
2022_00_9_007,2022,Trame verte Bourdon - Végétalisation,69208.0,0,20212021T01583,TERIDEAL,32307786700055,SA3-TVX AMENAGEMENT VEGETALISATION BD BOURDON PARIS 4EME,2021,421689.85,1.0,confirmed,"overlap=['bourdon', 'vegetalisation'] ; jugé en session : même boulevard Bourdon, végétalisation"
2022_06_15_022,2022,Des cours « Oasis » pour le groupe scolaire Littré,65143.0,6,20232023T03335,ASTEN,54205733600878,COURS OASIS GS LITTRE 6EME,2023,449190.0,1.0,confirmed,"overlap=['cours', 'littre', 'oasis'] ; jugé en session : même lieu et même opération, lot ou mission du chantier"
2022_16_48_003,2022,EE Chernoviz - Modernisation des sanitaires et menuiseries extérieures,62094.0,16,20191210020013,ETABLISSEMENTS BOUILLON,40304303700031,GS PASSY CHERNOVIZ MENUISERIES EXTERIEURES,2019,445523.58,1.0,confirmed,"overlap=['chernoviz', 'exterieures'] ; jugé en session : même lieu et même opération, lot ou mission du chantier"
2022_10_27_014,2022,CPA Jean Verdier - Amélioration de l'accueil,40456.0,10,20212021T03594,REOLIAN MULTITEC,69201718900048,TRAVAUX DES ESPACES D’ACCUEIL DU CENTRE PARIS ANIM VERDIER,2021,85291.57,0.85,confirmed,"overlap=['verdier'] ; jugé en session : même CPA Verdier, espaces d'accueil"
2022_09_24_003,2022,Mairie du 9ème arrondissement - Réfection façade Rossini de la salle polyvalente,29941.0,9,20242024T00276,LEFEVRE SAS,35331873600017,RESTAURATION FAÇADES SALLE ROSSINI/RÉAMÉNAGEMENT JARDIN,2024,350497.54,0.9,confirmed,"overlap=['rossini'] ; jugé en session : même salle Rossini de la mairie du 9e, façades"
2022_09_24_003,2022,Mairie du 9ème arrondissement - Réfection façade Rossini de la salle polyvalente,29941.0,9,20232023S07229,BERTHEZENE GIULIANI,80185180900021,REQUALIFICATION FAÇADE SALLE ROSSINI -RÉAMÉNA JARDIN MAIRI19,2023,50559.0,0.85,confirmed,"overlap=['rossini'] ; jugé en session : même salle Rossini de la mairie du 9e, façade"
2022_17_52_019,2022,Porte Maillot - Réaménagement,7097978.0,17,,,,,,,,no_match,aucun candidat retenu (score >= 0.60 puis jugement en session)
2022_19_59_018,2022,Maison des réfugiés,5508281.0,19,,,,,,,,no_match,aucun candidat retenu (score >= 0.60 puis jugement en session)
2022_20_62_033,2022,EE 73/75 Bd Davout - Construction de 10 classes,4797282.0,20,,,,,,,,no_match,aucun candidat retenu (score >= 0.60 puis jugement en session)
2022_07_18_009,2022,Etablissements de petite enfance Rue de l'Université - Construction d'une crèche,3299129.0,7,,,,,,,,no_match,aucun candidat retenu (score >= 0.60 puis jugement en session)
2022_20_62_036,2022,"CC 73, boulevard Davout - Construction",2164417.0,20,,,,,,,,no_match,aucun candidat retenu (score >= 0.60 puis jugement en session)
2022_07_18_010,2022,Ilot St Germain - Construction d'un gymnase,2018522.0,7,,,,,,,,no_match,aucun candidat retenu (score >= 0.60 puis jugement en session)
2022_14_41_026,2022,ZAC St Vincent Paul - Création d'une école,1793995.0,14,,,,,,,,no_match,aucun candidat retenu (score >= 0.60 puis jugement en session)
2022_00_9_018,2022,Eglise Saint-Louis en l'Île - Toitures et façades,1357293.0,0,,,,,,,,no_match,aucun candidat retenu (score >= 0.60 puis jugement en session)
2022_14_41_028,2022,ZAC St Vincent Paul - Création d'un gymnase,1280054.0,14,,,,,,,,no_match,aucun candidat retenu (score >= 0.60 puis jugement en session)
2022_16_48_024,2022,Eglise Notre Dame d'Auteuil - Restauration des décors intérieurs et des vitraux,1260658.0,16,,,,,,,,no_match,aucun candidat retenu (score >= 0.60 puis jugement en session)
2022_11_31_015,2022,"Opérations individualisées 1er degré EM 12, Cité Souzy - Rénovation de la cuisine",1193077.0,11,,,,,,,,no_match,aucun candidat retenu (score >= 0.60 puis jugement en session)
2022_19_59_020,2022,Rue d'Aubervilliers - Aménagement du secteur Eole-Evangile,1170348.0,19,,,,,,,,no_match,aucun candidat retenu (score >= 0.60 puis jugement en session)
2022_14_41_031,2022,Îlot Gaité Montparnasse - Aménagement de voirie avenue du Maine,1138601.0,14,,,,,,,,no_match,aucun candidat retenu (score >= 0.60 puis jugement en session)
2022_13_38_010,2022,Divers rues - Embellir Votre Quartier Choisy,1052734.0,13,,,,,,,,no_match,aucun candidat retenu (score >= 0.60 puis jugement en session)
2022_11_31_018,2022,Rue du Faubourg Saint-Antoine - Travaux d'aménagement,1006195.0,11,,,,,,,,no_match,aucun candidat retenu (score >= 0.60 puis jugement en session)
2022_06_15_018,2022,CC Garancière - Travaux de restructuration,906604.0,6,,,,,,,,no_match,aucun candidat retenu (score >= 0.60 puis jugement en session)
2022_20_62_037,2022,CC - 10/12 rue du Capitaine Marchal - Construction,876837.0,20,,,,,,,,no_match,aucun candidat retenu (score >= 0.60 puis jugement en session)
2022_13_38_014,2022,rue Watt - Réalisation d'atelier cirque et arts de la rue,859920.0,13,,,,,,,,no_match,aucun candidat retenu (score >= 0.60 puis jugement en session)
2022_19_59_029,2022,Ville refuge,835202.0,19,,,,,,,,no_match,aucun candidat retenu (score >= 0.60 puis jugement en session)
2022_13_38_019,2022,Aménager et rénover l’église Notre-Dame-de-la-Gare,796547.0,13,,,,,,,,no_match,aucun candidat retenu (score >= 0.60 puis jugement en session)
2022_17_52_014,2022,Rue de Rome - Travaux de voirie,761126.0,17,,,,,,,,no_match,aucun candidat retenu (score >= 0.60 puis jugement en session)
2022_20_62_011,2022,"menuiseries, isolation des combles, réfection des planchers, ravalement de la mairie",759387.0,20,,,,,,,,no_match,aucun candidat retenu (score >= 0.60 puis jugement en session)
2022_00_9_030,2022,Renforcer les moyens d'action en faveur de la propreté,755210.0,0,,,,,,,,no_match,aucun candidat retenu (score >= 0.60 puis jugement en session)
2022_08_21_016,2022,Eglise Saint-Philippe du Roule - Restauration des toitures,748751.0,8,,,,,,,,no_match,aucun candidat retenu (score >= 0.60 puis jugement en session)
2022_10_27_018,2022,Rue Saint Vincent de Paul,723581.0,10,,,,,,,,no_match,aucun candidat retenu (score >= 0.60 puis jugement en session)
2022_15_45_015,2022,"GS 3, place du Cardinal Amette - Restructuration du groupe scolaire",713058.0,15,,,,,,,,no_match,aucun candidat retenu (score >= 0.60 puis jugement en session)
2022_15_45_023,2022,De nouvelles rues intelligentes dans le 15e,684648.0,15,,,,,,,,no_match,aucun candidat retenu (score >= 0.60 puis jugement en session)
2022_20_62_032,2022,EE Julien Lacroix - Reconstruction TEP,634281.0,20,,,,,,,,no_match,aucun candidat retenu (score >= 0.60 puis jugement en session)
2022_14_41_025,2022,"Ecole Spéciale d'architecture 254, boulevard Raspail - Restauration des façades",633444.0,14,,,,,,,,no_match,aucun candidat retenu (score >= 0.60 puis jugement en session)
2022_14_41_021,2022,nouveau tapis,613588.0,14,,,,,,,,no_match,aucun candidat retenu (score >= 0.60 puis jugement en session)
2022_00_9_020,2022,Temple Des Billettes - Restauration façade principale Billettes,606858.0,0,,,,,,,,no_match,aucun candidat retenu (score >= 0.60 puis jugement en session)
2022_07_18_007,2022,Boulevard Raspail (à différents niveaux) - Travaux de rénovation de la chaussée,577846.0,7,,,,,,,,no_match,aucun candidat retenu (score >= 0.60 puis jugement en session)
2022_14_41_024,2022,Eglise Saint-Pierre de Montrouge - Restauration de la flèche du clocher,563761.0,14,,,,,,,,no_match,aucun candidat retenu (score >= 0.60 puis jugement en session)
2022_11_31_010,2022,"Avenue de la République - Piste cyclable, réfection de la chaussée",561113.0,11,,,,,,,,no_match,aucun candidat retenu (score >= 0.60 puis jugement en session)
2022_17_52_015,2022,"Place Richard Barret - Piétonnisation de la place, Travaux d'aménagement",556313.0,17,,,,,,,,no_match,aucun candidat retenu (score >= 0.60 puis jugement en session)
2022_18_55_002,2022,"ravalement et d'isolation thermique, réfection du préau et de la petite cour",555110.0,18,,,,,,,,no_match,aucun candidat retenu (score >= 0.60 puis jugement en session)
2022_17_52_023,2022,Rénovation des avenues de Saint-Ouen et de Clichy,552778.0,17,,,,,,,,no_match,aucun candidat retenu (score >= 0.60 puis jugement en session)
2022_14_41_027,2022,Etablissements de petite enfance ZAC St Vincent Paul - Création d'une crèche,525950.0,14,,,,,,,,no_match,aucun candidat retenu (score >= 0.60 puis jugement en session)
2022_14_41_030,2022,Réinventer Montparnasse,523703.0,14,,,,,,,,no_match,aucun candidat retenu (score >= 0.60 puis jugement en session)
2022_07_18_008,2022,Avenue de Suffren (à différents niveaux) - Travaux de rénovation de la chaussée,515810.0,7,,,,,,,,no_match,aucun candidat retenu (score >= 0.60 puis jugement en session)
2022_00_9_008,2022,Rue du Temple - Travaux de transformation,482577.0,0,,,,,,,,no_match,aucun candidat retenu (score >= 0.60 puis jugement en session)
2022_19_59_004,2022,"EM 58, rue Archereau - Rénovation partielle de l'école, Sécurisation du mur mitoyen",477163.0,19,,,,,,,,no_match,aucun candidat retenu (score >= 0.60 puis jugement en session)
2022_15_45_018,2022,Stade Suzanne Lenglen - Rénovation Rugby,476468.0,15,,,,,,,,no_match,aucun candidat retenu (score >= 0.60 puis jugement en session)
2022_19_59_014,2022,Divres rues - Embellir Votre Quartier,468702.0,19,,,,,,,,no_match,aucun candidat retenu (score >= 0.60 puis jugement en session)
2022_16_48_016,2022,Avenue de Versailles - Réfection de la chaussée,454448.0,16,,,,,,,,no_match,aucun candidat retenu (score >= 0.60 puis jugement en session)
2022_12_34_018,2022,(travaux d'étanchéité),452700.0,12,,,,,,,,no_match,aucun candidat retenu (score >= 0.60 puis jugement en session)
2022_16_48_018,2022,Boulevard Murat - Réfection de la chaussée,452538.0,16,,,,,,,,no_match,aucun candidat retenu (score >= 0.60 puis jugement en session)
2022_19_59_002,2022,"aménagement des locaux (réfectoire, sanitaires, préau …)",452131.0,19,,,,,,,,no_match,aucun candidat retenu (score >= 0.60 puis jugement en session)
2022_12_34_022,2022,Rue de Reuilly : Placette Reuilly,439041.0,12,,,,,,,,no_match,aucun candidat retenu (score >= 0.60 puis jugement en session)
2022_17_52_016,2022,Divres rues - Embellir Votre Quartier,417779.0,17,,,,,,,,no_match,aucun candidat retenu (score >= 0.60 puis jugement en session)
2022_16_48_004,2022,"Mairie - Ravalement extérieur, rénovation de la salle des fêtes, réaménagement des locaux",409267.0,16,,,,,,,,no_match,aucun candidat retenu (score >= 0.60 puis jugement en session)
2022_12_34_003,2022,des murs de la cours,391113.0,12,,,,,,,,no_match,aucun candidat retenu (score >= 0.60 puis jugement en session)
2022_15_45_011,2022,Rue Brancion - Travaux de rénovation de chaussée,389704.0,15,,,,,,,,no_match,aucun candidat retenu (score >= 0.60 puis jugement en session)
2022_06_15_021,2022,Restaurer deux chapelles de l'église Saint-Sulpice,366642.0,6,,,,,,,,no_match,aucun candidat retenu (score >= 0.60 puis jugement en session)
2022_15_45_012,2022,Rue Léon Lhermitte - Travaux de rénovation de chaussée,346044.0,15,,,,,,,,no_match,aucun candidat retenu (score >= 0.60 puis jugement en session)
2022_20_62_009,2022,"façade, dépose de plafond, restauration des escaliers",339609.0,20,,,,,,,,no_match,aucun candidat retenu (score >= 0.60 puis jugement en session)
2022_15_45_014,2022,Divres rues - Embellir Votre Quartier,334730.0,15,,,,,,,,no_match,aucun candidat retenu (score >= 0.60 puis jugement en session)
2022_13_38_022,2022,Des réfectoires ameliorés et des lieux de détente dans les écoles du 13e,332890.0,13,,,,,,,,no_match,aucun candidat retenu (score >= 0.60 puis jugement en session)
2022_16_48_015,2022,Embellir votre quartier - Auteuil Sud,327621.0,16,,,,,,,,no_match,aucun candidat retenu (score >= 0.60 puis jugement en session)
2022_18_55_001,2022,climatisation,323828.0,18,,,,,,,,no_match,aucun candidat retenu (score >= 0.60 puis jugement en session)
2022_00_9_006,2022,"Square Louis XIII - Aménagement des sanitaires PMR, Rénovation des sols",323650.0,0,,,,,,,,no_match,aucun candidat retenu (score >= 0.60 puis jugement en session)
2022_19_59_005,2022,"consolidation de la structure porteuse, Travaux divers",312571.0,19,,,,,,,,no_match,aucun candidat retenu (score >= 0.60 puis jugement en session)
2022_11_31_017,2022,CPA Mercoeur - Démolition Renovation,303436.0,11,,,,,,,,no_match,aucun candidat retenu (score >= 0.60 puis jugement en session)
2022_12_34_026,2022,Rue de Reuilly - Mise à sens unique de la rue de Reuilly,302992.0,12,,,,,,,,no_match,aucun candidat retenu (score >= 0.60 puis jugement en session)
2022_10_27_000,2022,"toiture, ravalement de la courette intérieure",302771.0,10,,,,,,,,no_match,aucun candidat retenu (score >= 0.60 puis jugement en session)
2022_17_52_006,2022,Square Saint-Odile - Rénovation de l'aire de jeux,302077.0,17,,,,,,,,no_match,aucun candidat retenu (score >= 0.60 puis jugement en session)
2022_15_45_000,2022,"EE 10, rue Emeriau - Cour Oasis, Modernisation des classes",300560.0,15,,,,,,,,no_match,aucun candidat retenu (score >= 0.60 puis jugement en session)
2022_00_9_028,2022,Paris championne du climat,298595.0,0,,,,,,,,no_match,aucun candidat retenu (score >= 0.60 puis jugement en session)
2022_19_59_010,2022,CC 8 rue Henri Ribière - Rénovation du pendant de fermeture,292577.0,19,,,,,,,,no_match,aucun candidat retenu (score >= 0.60 puis jugement en session)
2022_11_31_020,2022,Des cours embellies et équipées pour les élèves du 11e,289804.0,11,,,,,,,,no_match,aucun candidat retenu (score >= 0.60 puis jugement en session)
2022_11_31_023,2022,Refaire les trottoirs dégradés à Belleville Saint-Maur,284784.0,11,,,,,,,,no_match,aucun candidat retenu (score >= 0.60 puis jugement en session)
2022_13_38_020,2022,Pour un conservatoire plus adapté et mieux équipé,284035.0,13,,,,,,,,no_match,aucun candidat retenu (score >= 0.60 puis jugement en session)
2022_16_48_019,2022,Avenue d'Iéna - Réfection de la chaussée,283248.0,16,,,,,,,,no_match,aucun candidat retenu (score >= 0.60 puis jugement en session)
2022_00_9_029,2022,Sauvons la fontaine Molière !,274363.0,0,,,,,,,,no_match,aucun candidat retenu (score >= 0.60 puis jugement en session)
2022_00_9_012,2022,"CC 132, rue Rambuteau - Restructuration crèche, travaux de sécurité",273350.0,0,,,,,,,,no_match,aucun candidat retenu (score >= 0.60 puis jugement en session)
2022_18_55_013,2022,restructuration de la cuisine,271840.0,18,,,,,,,,no_match,aucun candidat retenu (score >= 0.60 puis jugement en session)
2022_12_34_023,2022,Rue de la Brèche aux Loups,268829.0,12,,,,,,,,no_match,aucun candidat retenu (score >= 0.60 puis jugement en session)
2022_14_41_000,2022,"EE Hypolite Maindron - Création d'une salle polyvalente, modernisation de la cour",268038.0,14,,,,,,,,no_match,aucun candidat retenu (score >= 0.60 puis jugement en session)
2022_07_18_000,2022,menuiseries extérieures,263479.0,7,,,,,,,,no_match,aucun candidat retenu (score >= 0.60 puis jugement en session)
2022_17_52_003,2022,"élèctrique""",262941.0,17,,,,,,,,no_match,aucun candidat retenu (score >= 0.60 puis jugement en session)
2022_10_27_001,2022,"EE des Recollets - Création d'une salle, travaux de rénovation et reprise d'étanchéité",262919.0,10,,,,,,,,no_match,aucun candidat retenu (score >= 0.60 puis jugement en session)
2022_13_38_006,2022,"CC 33, rue du Javelot - Travaux d'étancheité, Création d'une réserve au sous sol",262557.0,13,,,,,,,,no_match,aucun candidat retenu (score >= 0.60 puis jugement en session)
2022_16_48_020,2022,sens cyclable,261751.0,16,,,,,,,,no_match,aucun candidat retenu (score >= 0.60 puis jugement en session)
2022_07_18_006,2022,Centre Sportif Cler - Travaux de mise en accessibilité,256852.0,7,,,,,,,,no_match,aucun candidat retenu (score >= 0.60 puis jugement en session)
2022_13_38_016,2022,Ecole provisoire Franc-Nohain -Création,254304.0,13,,,,,,,,no_match,aucun candidat retenu (score >= 0.60 puis jugement en session)
2022_18_55_022,2022,Aménagement de la voirie et marquage de la piste cyclable,252108.0,18,,,,,,,,no_match,aucun candidat retenu (score >= 0.60 puis jugement en session)
2022_13_38_021,2022,Des cantines plus agréables pour nos enfants dans quatre écoles du 13e,251193.0,13,,,,,,,,no_match,aucun candidat retenu (score >= 0.60 puis jugement en session)
2022_17_52_007,2022,"Square Auguste Balagny - Rémanégament du square, travaux divers",250076.0,17,,,,,,,,no_match,aucun candidat retenu (score >= 0.60 puis jugement en session)
2022_20_62_013,2022,Square Antoine-Blondin - Rénovation des aires de jeux et travaux de végétalisation,247410.0,20,,,,,,,,no_match,aucun candidat retenu (score >= 0.60 puis jugement en session)
2022_14_41_001,2022,"classes, traitement d'étanchéité de la terrase et restructuration de restauration",246517.0,14,,,,,,,,no_match,aucun candidat retenu (score >= 0.60 puis jugement en session)
2022_15_45_008,2022,Gymnase Raymond Burgard - Réorganisation des locaux et changement d'énergie,239452.0,15,,,,,,,,no_match,aucun candidat retenu (score >= 0.60 puis jugement en session)
2022_16_48_021,2022,Allée de Longchamp - Réfection de la chaussée,238441.0,16,,,,,,,,no_match,aucun candidat retenu (score >= 0.60 puis jugement en session)
2022_13_38_008,2022,"CS Carpentier - Remplacement du TGBT, rénovation des vestiaires",233784.0,13,,,,,,,,no_match,aucun candidat retenu (score >= 0.60 puis jugement en session)
2022_14_41_002,2022,"EM Boulard - Traitement acoustique, modernisation des menuiseries extérieures sur rue",233535.0,14,,,,,,,,no_match,aucun candidat retenu (score >= 0.60 puis jugement en session)
2022_15_45_001,2022,"EM 2, rue Theodore Deck - Travaux couverture",227908.0,15,,,,,,,,no_match,aucun candidat retenu (score >= 0.60 puis jugement en session)
2022_06_15_020,2022,Rénovation de la fresque de l’église Notre-Dame-des-Champs,226989.0,6,,,,,,,,no_match,aucun candidat retenu (score >= 0.60 puis jugement en session)
2022_19_59_007,2022,"Eiffel, Entretien des ouvrages d'arts et du réseaux des allées",226917.0,19,,,,,,,,no_match,aucun candidat retenu (score >= 0.60 puis jugement en session)
2022_00_9_022,2022,Piscine Saint-Merri - Travaux de restructuration,225528.0,0,,,,,,,,no_match,aucun candidat retenu (score >= 0.60 puis jugement en session)
2022_16_48_022,2022,Place Charles de Gaulle - Réfection des trottoirs,224597.0,16,,,,,,,,no_match,aucun candidat retenu (score >= 0.60 puis jugement en session)
2022_11_31_011,2022,Boulevard de Ménilmontant - Réfection de la chaussée,223176.0,11,,,,,,,,no_match,aucun candidat retenu (score >= 0.60 puis jugement en session)
2022_08_21_010,2022,Rue de la Bienfaisance,222997.0,8,,,,,,,,no_match,aucun candidat retenu (score >= 0.60 puis jugement en session)
2022_19_59_009,2022,électricité et installation d'un sèche linge,222738.0,19,,,,,,,,no_match,aucun candidat retenu (score >= 0.60 puis jugement en session)
2022_00_9_013,2022,"CC 7-9, rue des Barres - Aménagement de la cour et du jardin extérieur",221283.0,0,,,,,,,,no_match,aucun candidat retenu (score >= 0.60 puis jugement en session)
2022_14_41_003,2022,l'évacuation du bac à graisse,219858.0,14,,,,,,,,no_match,aucun candidat retenu (score >= 0.60 puis jugement en session)
2022_17_52_024,2022,Des trottoirs rénovés avenue de Clichy,217771.0,17,,,,,,,,no_match,aucun candidat retenu (score >= 0.60 puis jugement en session)
2022_10_27_010,2022,"CC Claude Vallefaux, - Travaux de modernisation des sols et des murs",217010.0,10,,,,,,,,no_match,aucun candidat retenu (score >= 0.60 puis jugement en session)
2022_15_45_024,2022,En piste pour encore plus d'aménagements cyclables,215820.0,15,,,,,,,,no_match,aucun candidat retenu (score >= 0.60 puis jugement en session)
2022_05_12_009,2022,Boulevard Saint Marcel - Travaux divers,211793.0,5,,,,,,,,no_match,aucun candidat retenu (score >= 0.60 puis jugement en session)
2022_18_55_024,2022,Rue des Poissonniers,210091.0,18,,,,,,,,no_match,aucun candidat retenu (score >= 0.60 puis jugement en session)
2022_17_52_018,2022,Parc Martin Luther King - Aménagement (phase 3),208011.0,17,,,,,,,,no_match,aucun candidat retenu (score >= 0.60 puis jugement en session)
2022_19_59_012,2022,Salle de sports Archereau - Rénovation de la toiture,205025.0,19,,,,,,,,no_match,aucun candidat retenu (score >= 0.60 puis jugement en session)
2022_20_62_035,2022,Ménilmontant),204146.0,20,,,,,,,,no_match,aucun candidat retenu (score >= 0.60 puis jugement en session)
2022_16_48_007,2022,"courant, mise en sécurité des grilles, restauration d'escliers",200762.0,16,,,,,,,,no_match,aucun candidat retenu (score >= 0.60 puis jugement en session)
2022_09_24_014,2022,Des Tableaux Numériques Interactifs dans toutes les classes,199917.0,9,,,,,,,,no_match,aucun candidat retenu (score >= 0.60 puis jugement en session)
2022_13_38_000,2022,"EM 100, rue Glacière - Modernisation des sanitaires, Opérations multiples",199386.0,13,,,,,,,,no_match,aucun candidat retenu (score >= 0.60 puis jugement en session)
2022_00_9_009,2022,Rue de Reaumur - Réfection de la Chaussée,198571.0,0,,,,,,,,no_match,aucun candidat retenu (score >= 0.60 puis jugement en session)
2022_17_52_017,2022,Enseignement artistique Conservatoire Debussy - Création d'un auditorium,197729.0,17,,,,,,,,no_match,aucun candidat retenu (score >= 0.60 puis jugement en session)
2022_07_18_012,2022,Restaurer et embellir les églises du 7e arrondissement,197322.0,7,,,,,,,,no_match,aucun candidat retenu (score >= 0.60 puis jugement en session)
2022_15_45_010,2022,Gymnase Montparnasse - Travaux de réfection des sols sportifs,197170.0,15,,,,,,,,no_match,aucun candidat retenu (score >= 0.60 puis jugement en session)
2022_05_12_016,2022,Agir pour une ville plus propre,195863.0,5,,,,,,,,no_match,aucun candidat retenu (score >= 0.60 puis jugement en session)
2022_11_31_021,2022,Rénovons les terrains de sport du 11e,195147.0,11,,,,,,,,no_match,aucun candidat retenu (score >= 0.60 puis jugement en session)
2022_12_34_027,2022,Réfection des pieds d'arbre et végétalisation,194637.0,12,,,,,,,,no_match,aucun candidat retenu (score >= 0.60 puis jugement en session)
2022_12_34_004,2022,"changement des portes côté cour, modernisation du sol de la cour",194404.0,12,,,,,,,,no_match,aucun candidat retenu (score >= 0.60 puis jugement en session)
2022_15_45_009,2022,TEP André Mourlon - Réfection des sols des deux terrains de tennis,193467.0,15,,,,,,,,no_match,aucun candidat retenu (score >= 0.60 puis jugement en session)
2022_10_27_019,2022,"Rue du Château d'Eau, chaussée",192286.0,10,,,,,,,,no_match,aucun candidat retenu (score >= 0.60 puis jugement en session)
2022_14_41_020,2022,revêtements de la chaussée et des trottoirs et des signalisations horizontales,188910.0,14,,,,,,,,no_match,aucun candidat retenu (score >= 0.60 puis jugement en session)
2022_15_45_016,2022,"EM 99, rue Olivier de Serres - Extension et restructuration",188470.0,15,,,,,,,,no_match,aucun candidat retenu (score >= 0.60 puis jugement en session)
2022_12_34_005,2022,EM Baudelaire - Modernisation des menuiseries extérieures,182772.0,12,,,,,,,,no_match,aucun candidat retenu (score >= 0.60 puis jugement en session)
2022_16_48_012,2022,"CPA Point du jour, Antenne Mesnil Saint-Didier - Reprise de l'étanchéité de la toiture",180246.0,16,,,,,,,,no_match,aucun candidat retenu (score >= 0.60 puis jugement en session)
2022_13_38_011,2022,Rue Caillaux - Travaux de rénovation de chaussée,178489.0,13,,,,,,,,no_match,aucun candidat retenu (score >= 0.60 puis jugement en session)
2022_00_9_004,2022,"EM18, Poulletier - Modernisation des sanitaires de la cour",176326.0,0,,,,,,,,no_match,aucun candidat retenu (score >= 0.60 puis jugement en session)
2022_20_62_038,2022,TEP Amandiers - Travaux de restructuration,175978.0,20,,,,,,,,no_match,aucun candidat retenu (score >= 0.60 puis jugement en session)
2022_12_34_028,2022,Quai de la Rapée - Rénovation de la chaussée,175966.0,12,,,,,,,,no_match,aucun candidat retenu (score >= 0.60 puis jugement en session)
2022_14_41_022,2022,Rue Texel - Travaux de rénovation de la chaussée,175089.0,14,,,,,,,,no_match,aucun candidat retenu (score >= 0.60 puis jugement en session)
2022_20_62_021,2022,Centre sportif Maryse Hilsz - Rénovation des vestaires 7 à 15,174830.0,20,,,,,,,,no_match,aucun candidat retenu (score >= 0.60 puis jugement en session)
2022_07_18_002,2022,extérieures et réfection de la salle de bains du logement du gardien,174371.0,7,,,,,,,,no_match,aucun candidat retenu (score >= 0.60 puis jugement en session)
2022_19_59_008,2022,Square Claude Bernard - Rénovation des terrains de sport et des 1500m² des allées,174042.0,19,,,,,,,,no_match,aucun candidat retenu (score >= 0.60 puis jugement en session)
2022_07_18_005,2022,"Etablissements de petite enfance Rue de Grenelle - Crèche collective - Restructuration de plan de change, Rénovation du sol de l'escalier",173510.0,7,,,,,,,,no_match,aucun candidat retenu (score >= 0.60 puis jugement en session)
2022_11_31_024,2022,Rénover et sécuriser les rues du quartier Belleville Saint-Maur,173416.0,11,,,,,,,,no_match,aucun candidat retenu (score >= 0.60 puis jugement en session)
2022_00_9_005,2022,"EE 6, rue de Louvois - Mise aux normes service restauration, travaux de sécurité",173133.0,0,,,,,,,,no_match,aucun candidat retenu (score >= 0.60 puis jugement en session)
2022_20_62_008,2022,EP Tourelles - Création d'une cour,172624.0,20,,,,,,,,no_match,aucun candidat retenu (score >= 0.60 puis jugement en session)
2022_07_18_001,2022,différeRnts niveaux,171646.0,7,,,,,,,,no_match,aucun candidat retenu (score >= 0.60 puis jugement en session)
2022_17_52_025,2022,Entretenir et sécuriser les rues et trottoirs du 17ème,170463.0,17,,,,,,,,no_match,aucun candidat retenu (score >= 0.60 puis jugement en session)
2022_15_45_021,2022,Des fruits et légumes bio « Made in 15e »,169170.0,15,,,,,,,,no_match,aucun candidat retenu (score >= 0.60 puis jugement en session)
2022_20_62_024,2022,Embellir votre quartier - Saint Fargeau,168756.0,20,,,,,,,,no_match,aucun candidat retenu (score >= 0.60 puis jugement en session)
2022_17_52_008,2022,Square des Batignolles - Rénovation de l'aire de jeux,168646.0,17,,,,,,,,no_match,aucun candidat retenu (score >= 0.60 puis jugement en session)
2022_12_34_006,2022,EM Brèche aux Loups - Modernisation de la voie d'accès,168493.0,12,,,,,,,,no_match,aucun candidat retenu (score >= 0.60 puis jugement en session)
2022_19_59_025,2022,Améliorer nos terrains d’éducation physique (TEP),167538.0,19,,,,,,,,no_match,aucun candidat retenu (score >= 0.60 puis jugement en session)
2022_17_52_026,2022,Réaménagement de la rue de la Condamine,167301.0,17,,,,,,,,no_match,aucun candidat retenu (score >= 0.60 puis jugement en session)
2022_14_41_015,2022,Gymnase Huyghens - Reprise d'étanchéité,165429.0,14,,,,,,,,no_match,aucun candidat retenu (score >= 0.60 puis jugement en session)
2022_13_38_001,2022,"d'éclairage, divers",162963.0,13,,,,,,,,no_match,aucun candidat retenu (score >= 0.60 puis jugement en session)
2022_15_45_004,2022,Mairie du 15ème arrondissement - Travaux de cheminement Aire de jeux,159871.0,15,,,,,,,,no_match,aucun candidat retenu (score >= 0.60 puis jugement en session)
2022_18_55_025,2022,rabotage des trottoirs,159533.0,18,,,,,,,,no_match,aucun candidat retenu (score >= 0.60 puis jugement en session)
2022_09_24_007,2022,Rue La Bruyère (différents niveaux) - Travaux de rénovation de chaussée,159368.0,9,,,,,,,,no_match,aucun candidat retenu (score >= 0.60 puis jugement en session)
2022_06_15_001,2022,(sanitaires),158941.0,6,,,,,,,,no_match,aucun candidat retenu (score >= 0.60 puis jugement en session)
2022_19_59_022,2022,Des sanitaires neufs pour les écoles du 19 ème,155865.0,19,,,,,,,,no_match,aucun candidat retenu (score >= 0.60 puis jugement en session)
2022_08_21_006,2022,Hôtel Beaujon - Tavaux sur les extérieurs du bâtiment,155750.0,8,,,,,,,,no_match,aucun candidat retenu (score >= 0.60 puis jugement en session)
2022_09_24_008,2022,Rue Condorcet - Travaux de rénovation de chaussée,155222.0,9,,,,,,,,no_match,aucun candidat retenu (score >= 0.60 puis jugement en session)
2022_18_55_003,2022,travaux d'étanchéité de la terrasse,154976.0,18,,,,,,,,no_match,aucun candidat retenu (score >= 0.60 puis jugement en session)
2022_14_41_005,2022,EE Asseline - Modernisation de la cour,153969.0,14,,,,,,,,no_match,aucun candidat retenu (score >= 0.60 puis jugement en session)
2022_20_62_026,2022,Rue du Capitaine Ferber - Réfection de la chaussée,153846.0,20,,,,,,,,no_match,aucun candidat retenu (score >= 0.60 puis jugement en session)
2022_06_15_013,2022,Rue de Rennes - Rénovation de la chaussée et des trottoirs,153652.0,6,,,,,,,,no_match,aucun candidat retenu (score >= 0.60 puis jugement en session)
2022_11_31_014,2022,Eglise Saint-Joseph - Restauration du massif d'entrée,151602.0,11,,,,,,,,no_match,aucun candidat retenu (score >= 0.60 puis jugement en session)
2022_11_31_008,2022,"TEP Philippe Auguste - Création d'une salle polyvalente, rénovation de la piste du terrain",150268.0,11,,,,,,,,no_match,aucun candidat retenu (score >= 0.60 puis jugement en session)
2022_20_62_010,2022,"EM Surmelin - Réaménagement de la cour , réparation des stores",149982.0,20,,,,,,,,no_match,aucun candidat retenu (score >= 0.60 puis jugement en session)
2022_08_21_020,2022,Rénovation de la chaussée de la rue de Monceau,149499.0,8,,,,,,,,no_match,aucun candidat retenu (score >= 0.60 puis jugement en session)
2022_11_31_022,2022,Réduire l'empreinte écologique des bâtiments,149204.0,11,,,,,,,,no_match,aucun candidat retenu (score >= 0.60 puis jugement en session)
2022_09_24_006,2022,"Gymnase Valeyre - Agrandissement du mur d'escalade, Rénovations diverses",148970.0,9,,,,,,,,no_match,aucun candidat retenu (score >= 0.60 puis jugement en session)
2022_13_38_012,2022,Rue Jenner - Travaux de rénovation de chaussée,148762.0,13,,,,,,,,no_match,aucun candidat retenu (score >= 0.60 puis jugement en session)
2022_12_34_024,2022,Rue de Charenton- Travaux de désencombrement,148577.0,12,,,,,,,,no_match,aucun candidat retenu (score >= 0.60 puis jugement en session)
2022_10_27_002,2022,EM Martel - Réfection du préau et rénovation de la couverture,147424.0,10,,,,,,,,no_match,aucun candidat retenu (score >= 0.60 puis jugement en session)
2022_17_52_004,2022,"EE 90, boulevard Bessieres - Réfection menuiseries et de la porte d'entrée",146509.0,17,,,,,,,,no_match,aucun candidat retenu (score >= 0.60 puis jugement en session)
2022_16_48_023,2022,Boulevard Anatole France,145157.0,16,,,,,,,,no_match,aucun candidat retenu (score >= 0.60 puis jugement en session)
2022_15_45_002,2022,"EE 197, rue Saint-Charles - Modernisation des sanitaires",144842.0,15,,,,,,,,no_match,aucun candidat retenu (score >= 0.60 puis jugement en session)
2022_05_12_008,2022,thermique et de la ventilation,143813.0,5,,,,,,,,no_match,aucun candidat retenu (score >= 0.60 puis jugement en session)
2022_18_55_023,2022,"Patureau), travaux de pavage",141867.0,18,,,,,,,,no_match,aucun candidat retenu (score >= 0.60 puis jugement en session)
2022_00_9_032,2022,Renforcer les actions et multiplier les lieux de solidarité,141000.0,0,,,,,,,,no_match,aucun candidat retenu (score >= 0.60 puis jugement en session)
2022_09_24_001,2022,"EE 32, rue Buffaut - Cour Oasis (Mis en place de revêtement clair)",140103.0,9,,,,,,,,no_match,aucun candidat retenu (score >= 0.60 puis jugement en session)
2022_05_12_010,2022,Boulevard de Port - Réfection de la chaussée du couloir de bus,139454.0,5,,,,,,,,no_match,aucun candidat retenu (score >= 0.60 puis jugement en session)
2022_06_15_008,2022,Entretien d'espaces verts Square F.Desruelles- Réfection de la clôture,139081.0,6,,,,,,,,no_match,aucun candidat retenu (score >= 0.60 puis jugement en session)
2022_05_12_017,2022,Réaménagement de la cour de l'école Arbalète,138280.0,5,,,,,,,,no_match,aucun candidat retenu (score >= 0.60 puis jugement en session)
2022_18_55_026,2022,"Rue du Ruisseau - Ralentisseurs, glissière de sécurité, affaissement de la voirie",138208.0,18,,,,,,,,no_match,aucun candidat retenu (score >= 0.60 puis jugement en session)
2022_16_48_000,2022,CM Francis Poullenc - Modernisation de l'auditorium et travaux dans la salle du personnel,135179.0,16,,,,,,,,no_match,aucun candidat retenu (score >= 0.60 puis jugement en session)
2022_11_31_012,2022,République St Ambroise - Embellir Votre Quartier,134049.0,11,,,,,,,,no_match,aucun candidat retenu (score >= 0.60 puis jugement en session)
2022_20_62_027,2022,Rue Sorbier - Réfection de la chaussée,133407.0,20,,,,,,,,no_match,aucun candidat retenu (score >= 0.60 puis jugement en session)
2022_16_48_008,2022,Jardin des Poètes - Rénovation des allées et des aires de jeux,132716.0,16,,,,,,,,no_match,aucun candidat retenu (score >= 0.60 puis jugement en session)
2022_13_38_002,2022,EM 31 rue Château des Rentiers - Désamiantage des deux cages d'escalier,131444.0,13,,,,,,,,no_match,aucun candidat retenu (score >= 0.60 puis jugement en session)
2022_15_45_003,2022,"EM 83, rue Mademoiselle - Adduction d'eau",128760.0,15,,,,,,,,no_match,aucun candidat retenu (score >= 0.60 puis jugement en session)
2022_18_55_004,2022,de la façade,128131.0,18,,,,,,,,no_match,aucun candidat retenu (score >= 0.60 puis jugement en session)
2022_14_41_008,2022,"Square Serment de Koufra - Travaux d'enretien , de végétalisation et d'arrosage",128087.0,14,,,,,,,,no_match,aucun candidat retenu (score >= 0.60 puis jugement en session)
2022_20_62_040,2022,"Grand projet de renouvellement urbain - Square de la Salamandre, Saint Blaise",127972.0,20,,,,,,,,no_match,aucun candidat retenu (score >= 0.60 puis jugement en session)
2022_07_18_003,2022,Jardin du Champs de Mars - Rénovation et mise en sécurité de l'aire de jeux,127707.0,7,,,,,,,,no_match,aucun candidat retenu (score >= 0.60 puis jugement en session)
2022_16_48_013,2022,CS Henry de Montherlant - Réfection du sol du tennis,127437.0,16,,,,,,,,no_match,aucun candidat retenu (score >= 0.60 puis jugement en session)
2022_15_45_013,2022,Rue du général Castelnau - Travaux de rénovation de chaussée,126980.0,15,,,,,,,,no_match,aucun candidat retenu (score >= 0.60 puis jugement en session)
2022_11_31_001,2022,"EM 11 bis, avenue Parmentier - Modernisation de la couverture",126876.0,11,,,,,,,,no_match,aucun candidat retenu (score >= 0.60 puis jugement en session)
2022_20_62_022,2022,Gymnase Bretonneau - Travaux de désamiantage et rénovation de l'accueil,126003.0,20,,,,,,,,no_match,aucun candidat retenu (score >= 0.60 puis jugement en session)
2022_06_15_000,2022,extérieures,125990.0,6,,,,,,,,no_match,aucun candidat retenu (score >= 0.60 puis jugement en session)
2022_18_55_014,2022,de réparation de l'affaissement du sol (au niveau du portail),124900.0,18,,,,,,,,no_match,aucun candidat retenu (score >= 0.60 puis jugement en session)
2022_13_38_004,2022,Jardin Juan Miro - Réfection de l'aire de jeux,124507.0,13,,,,,,,,no_match,aucun candidat retenu (score >= 0.60 puis jugement en session)
2022_17_52_011,2022,CS Courcelles - Réfection des menuiserie extérieures,124228.0,17,,,,,,,,no_match,aucun candidat retenu (score >= 0.60 puis jugement en session)
2022_19_59_011,2022,"CC 327, rue de Belleville - Réfection de l'étanchéité, Travaux de vitrerie et pose de stores",123663.0,19,,,,,,,,no_match,aucun candidat retenu (score >= 0.60 puis jugement en session)
2022_16_48_025,2022,Jardin des Serres d'Auteuil - Réfection de la couverture du local du personnel,123614.0,16,,,,,,,,no_match,aucun candidat retenu (score >= 0.60 puis jugement en session)
2022_00_9_031,2022,Pour une gestion de l'eau améliorée,123537.0,0,,,,,,,,no_match,aucun candidat retenu (score >= 0.60 puis jugement en session)
2022_06_15_009,2022,"CC 15, rue Visconti - Végétalisation de la cour du RDC et pose de vitrage dans les sections",121977.0,6,,,,,,,,no_match,aucun candidat retenu (score >= 0.60 puis jugement en session)
2022_19_59_026,2022,Rénover les gymnases du 19e,121757.0,19,,,,,,,,no_match,aucun candidat retenu (score >= 0.60 puis jugement en session)
2022_13_38_007,2022,"CC 10, rue de la Pointe d'Ivry - Mise aux normes du plan de change",121706.0,13,,,,,,,,no_match,aucun candidat retenu (score >= 0.60 puis jugement en session)
2022_11_31_006,2022,"CC 13 bis, rue Popincourt - Modernisation des menuiseries, Restructuration des plans de change",120932.0,11,,,,,,,,no_match,aucun candidat retenu (score >= 0.60 puis jugement en session)
2022_12_34_020,2022,CS Carnot - Rénovation des vestiaires et des sanitaires,120043.0,12,,,,,,,,no_match,aucun candidat retenu (score >= 0.60 puis jugement en session)
2022_16_48_005,2022,Parc Sainte Périne - Rénovation de l'aire de jeux,120000.0,16,,,,,,,,no_match,aucun candidat retenu (score >= 0.60 puis jugement en session)
2022_17_52_009,2022,Parc Clichy-Batignolles - Rénovation de l'aire de jeux et des allées,118309.0,17,,,,,,,,no_match,aucun candidat retenu (score >= 0.60 puis jugement en session)
2022_20_62_007,2022,réaménagement et création de sanitaires,117069.0,20,,,,,,,,no_match,aucun candidat retenu (score >= 0.60 puis jugement en session)
2022_18_55_005,2022,EP 3 rue Maurice Genevoix - Travaux de rénovation des satinaires et cour oasis,116608.0,18,,,,,,,,no_match,aucun candidat retenu (score >= 0.60 puis jugement en session)
2022_11_31_000,2022,EE 77 boulevard de Belleville - Modernisation des menuiseries extérieurs,114728.0,11,,,,,,,,no_match,aucun candidat retenu (score >= 0.60 puis jugement en session)
2022_19_59_023,2022,Reconquête de la Petite Ceinture,113923.0,19,,,,,,,,no_match,aucun candidat retenu (score >= 0.60 puis jugement en session)
2022_10_27_020,2022,Rue des Vinaigrier et Poulmarch - Réfection des trottoirs,113611.0,10,,,,,,,,no_match,aucun candidat retenu (score >= 0.60 puis jugement en session)
2022_19_59_015,2022,Rue Rébéval,111740.0,19,,,,,,,,no_match,aucun candidat retenu (score >= 0.60 puis jugement en session)
2022_20_62_004,2022,EM Amandiers - Sécurisation de l'enceinte et traitement des infiltrations,111489.0,20,,,,,,,,no_match,aucun candidat retenu (score >= 0.60 puis jugement en session)
2022_10_27_021,2022,Rue Boy Zélensky (entre n°1 et 10) - Travaux de réfection,111407.0,10,,,,,,,,no_match,aucun candidat retenu (score >= 0.60 puis jugement en session)
2022_06_15_002,2022,EE 7 rue Jardinet - Modenisation du sol de la cour,110970.0,6,,,,,,,,no_match,aucun candidat retenu (score >= 0.60 puis jugement en session)
2022_19_59_013,2022,TEP Pierre Reverdy - Remplacement des sol,110799.0,19,,,,,,,,no_match,aucun candidat retenu (score >= 0.60 puis jugement en session)
2022_16_48_017,2022,Opération sécurité divers carrefours 16e,109878.0,16,,,,,,,,no_match,aucun candidat retenu (score >= 0.60 puis jugement en session)
2022_12_34_025,2022,Rue de Charenton - rue Poudhon - rue Taine,109668.0,12,,,,,,,,no_match,aucun candidat retenu (score >= 0.60 puis jugement en session)
2022_13_38_009,2022,"CS Boutroux - Remplacement des eclisses, Rénovation des locaux sociaux",109304.0,13,,,,,,,,no_match,aucun candidat retenu (score >= 0.60 puis jugement en session)
2022_14_41_012,2022,descente (accès sous-sol),109196.0,14,,,,,,,,no_match,aucun candidat retenu (score >= 0.60 puis jugement en session)
2022_10_27_012,2022,"d'alarme, rénovation de la salle de spectacle",108904.0,10,,,,,,,,no_match,aucun candidat retenu (score >= 0.60 puis jugement en session)
2022_18_55_027,2022,Rue René Binet -Réfection de la chaussée,108768.0,18,,,,,,,,no_match,aucun candidat retenu (score >= 0.60 puis jugement en session)
2022_12_34_007,2022,"des escaliers, modernisation de la ventilation du réfectoire",108384.0,12,,,,,,,,no_match,aucun candidat retenu (score >= 0.60 puis jugement en session)
2022_12_34_029,2022,Quai de Bercy - Travaux sur la piste cyclable du quai de Bercy,107487.0,12,,,,,,,,no_match,aucun candidat retenu (score >= 0.60 puis jugement en session)
2022_08_21_011,2022,Place de la Concorde - Travaux d'entretien,106818.0,8,,,,,,,,no_match,aucun candidat retenu (score >= 0.60 puis jugement en session)
2022_13_38_024,2022,Aménagements cyclables et bus pour la rue Bobillot,106203.0,13,,,,,,,,no_match,aucun candidat retenu (score >= 0.60 puis jugement en session)
2022_06_15_016,2022,Boulevard Raspail (au niveau des rues de Vavin et Huysmans) - Rénovation de la chaussée,105727.0,6,,,,,,,,no_match,aucun candidat retenu (score >= 0.60 puis jugement en session)
2022_00_9_026,2022,Agrandissement de la bibliothèque Charlotte Delbo,105529.0,0,,,,,,,,no_match,aucun candidat retenu (score >= 0.60 puis jugement en session)
2022_14_41_016,2022,d'athlétisme et création d'un accueil extérieur,105123.0,14,,,,,,,,no_match,aucun candidat retenu (score >= 0.60 puis jugement en session)
2022_14_41_023,2022,Rue Gassendi - Travaux de rénovation de la chaussée,104468.0,14,,,,,,,,no_match,aucun candidat retenu (score >= 0.60 puis jugement en session)
2022_16_48_001,2022,EP Decamps - Réfection des sanitaires et de la toiture,104027.0,16,,,,,,,,no_match,aucun candidat retenu (score >= 0.60 puis jugement en session)
2022_18_55_006,2022,du réseau d'eau,103851.0,18,,,,,,,,no_match,aucun candidat retenu (score >= 0.60 puis jugement en session)
2022_17_52_010,2022,"CC 30, rue Christine de Pisan - Modernisation postes de change T1/2",103840.0,17,,,,,,,,no_match,aucun candidat retenu (score >= 0.60 puis jugement en session)
2022_10_27_005,2022,EM Pierre Bullet - Cour oasis,103458.0,10,,,,,,,,no_match,aucun candidat retenu (score >= 0.60 puis jugement en session)
2022_00_9_010,2022,Place André Malraux - Réfection de la Chaussée,103382.0,0,,,,,,,,no_match,aucun candidat retenu (score >= 0.60 puis jugement en session)
2022_10_27_006,2022,réfectoire de la maternelle et remplacement du sol amianté du préau,101848.0,10,,,,,,,,no_match,aucun candidat retenu (score >= 0.60 puis jugement en session)
2022_08_21_012,2022,Rue de la Ville L'Evèque - Travaux d'entretien de la chaussée,101250.0,8,,,,,,,,no_match,aucun candidat retenu (score >= 0.60 puis jugement en session)
2022_18_55_007,2022,"sanitaires, dévoiement des canalisations",101208.0,18,,,,,,,,no_match,aucun candidat retenu (score >= 0.60 puis jugement en session)
2022_00_9_014,2022,"CC 21, rue des Blancs Manteaux - Restructuration partielle",100404.0,0,,,,,,,,no_match,aucun candidat retenu (score >= 0.60 puis jugement en session)
2022_17_52_005,2022,Mairie du 17ème arrondissement - Modernisation et aménagement de différents locaux,99957.0,17,,,,,,,,no_match,aucun candidat retenu (score >= 0.60 puis jugement en session)
2022_18_55_020,2022,"de chauffage, de climatisation et de ventilation",99193.0,18,,,,,,,,no_match,aucun candidat retenu (score >= 0.60 puis jugement en session)
2022_19_59_016,2022,Avenue Jean Jaurès,99070.0,19,,,,,,,,no_match,aucun candidat retenu (score >= 0.60 puis jugement en session)
2022_18_55_008,2022,aménagement des locaux sociaux et réparation de la verrière du hall central,98870.0,18,,,,,,,,no_match,aucun candidat retenu (score >= 0.60 puis jugement en session)
2022_09_24_002,2022,"EM 34, rue Buffaut - Modernisation des salles adultes et des sanitaires",98623.0,9,,,,,,,,no_match,aucun candidat retenu (score >= 0.60 puis jugement en session)
2022_06_15_003,2022,du rez-de-chaussée,98458.0,6,,,,,,,,no_match,aucun candidat retenu (score >= 0.60 puis jugement en session)
2022_20_62_006,2022,EP Davout - Travaux d'étanchéité sur les terrasses,97225.0,20,,,,,,,,no_match,aucun candidat retenu (score >= 0.60 puis jugement en session)
2022_20_62_005,2022,"remplacement de la trappe d'accès au sous-sol,",95516.0,20,,,,,,,,no_match,aucun candidat retenu (score >= 0.60 puis jugement en session)
2022_16_48_011,2022,distribution d'eau,94833.0,16,,,,,,,,no_match,aucun candidat retenu (score >= 0.60 puis jugement en session)
2022_18_55_009,2022,brumisateurs),94745.0,18,,,,,,,,no_match,aucun candidat retenu (score >= 0.60 puis jugement en session)
2022_14_41_009,2022,Square l'Abbé Lemire - Travaux de modernisation (type coulée verte) et d'entretien,94736.0,14,,,,,,,,no_match,aucun candidat retenu (score >= 0.60 puis jugement en session)
2022_15_45_022,2022,Des laveuses pour les trottoirs du 15e,94361.0,15,,,,,,,,no_match,aucun candidat retenu (score >= 0.60 puis jugement en session)
2022_12_34_010,2022,Square Jean Morin - Réaménagement de l'aire de jeux,93302.0,12,,,,,,,,no_match,aucun candidat retenu (score >= 0.60 puis jugement en session)
2022_09_24_004,2022,"CC 25, rue de la Rochefoucauld - Modernisation section bébé",93294.0,9,,,,,,,,no_match,aucun candidat retenu (score >= 0.60 puis jugement en session)
2022_17_52_012,2022,"CS Max Rousié - Réorganisation des locaux sociaux, Rénovation du site entrainement",92586.0,17,,,,,,,,no_match,aucun candidat retenu (score >= 0.60 puis jugement en session)
2022_13_38_005,2022,Jardin Yacine Kateb - Réfection des allées et des entrées,90699.0,13,,,,,,,,no_match,aucun candidat retenu (score >= 0.60 puis jugement en session)
2022_18_55_021,2022,reprise de vitrage,90131.0,18,,,,,,,,no_match,aucun candidat retenu (score >= 0.60 puis jugement en session)
2022_20_62_023,2022,Gymnase Le Vau - Etudes suite aux affaissements,89217.0,20,,,,,,,,no_match,aucun candidat retenu (score >= 0.60 puis jugement en session)
2022_11_31_007,2022,"CC 62, rue Saint-Sabin - Remplacement des portes pivot",87758.0,11,,,,,,,,no_match,aucun candidat retenu (score >= 0.60 puis jugement en session)
2022_18_55_030,2022,Rue Ganneron,87701.0,18,,,,,,,,no_match,aucun candidat retenu (score >= 0.60 puis jugement en session)
2022_18_55_015,2022,d'insonorisation,87426.0,18,,,,,,,,no_match,aucun candidat retenu (score >= 0.60 puis jugement en session)
2022_18_55_028,2022,Rue Lapeyrère,87102.0,18,,,,,,,,no_match,aucun candidat retenu (score >= 0.60 puis jugement en session)
2022_15_45_005,2022,Square Pablo Casals - Rénovation et d'accessibilité de l'aire de jeux,84750.0,15,,,,,,,,no_match,aucun candidat retenu (score >= 0.60 puis jugement en session)
2022_16_48_002,2022,EM Passy - Modernisation des menuiseries extérieures,82830.0,16,,,,,,,,no_match,aucun candidat retenu (score >= 0.60 puis jugement en session)
2022_10_27_007,2022,Jardin Villemin - Rénovation,82000.0,10,,,,,,,,no_match,aucun candidat retenu (score >= 0.60 puis jugement en session)
2022_16_48_009,2022,l'éclairage,81810.0,16,,,,,,,,no_match,aucun candidat retenu (score >= 0.60 puis jugement en session)
2022_17_52_013,2022,CS Leon Biancotto - Rénovation du gymnase,81275.0,17,,,,,,,,no_match,aucun candidat retenu (score >= 0.60 puis jugement en session)
2022_06_15_004,2022,"EM Littré - Pose de stores électriques, modernisation de la toiture",81086.0,6,,,,,,,,no_match,aucun candidat retenu (score >= 0.60 puis jugement en session)
2022_20_62_028,2022,"Rue Charles-Cros , Réfection de la chaussée",80996.0,20,,,,,,,,no_match,aucun candidat retenu (score >= 0.60 puis jugement en session)
2022_09_24_009,2022,Rue Louise-Émilie de la Tour d'Auvergne - Agrandissement du trottoire,80710.0,9,,,,,,,,no_match,aucun candidat retenu (score >= 0.60 puis jugement en session)
2022_08_21_013,2022,Rue Saint Florentin - Travaux d'entretien des trottoirs,80565.0,8,,,,,,,,no_match,aucun candidat retenu (score >= 0.60 puis jugement en session)
2022_06_15_005,2022,"modernisation du réseau d'eau froide, travaux d'accessibilité des terrasses",80483.0,6,,,,,,,,no_match,aucun candidat retenu (score >= 0.60 puis jugement en session)
2022_14_41_017,2022,Gymnase Alésia - Rénovation des vestiaires,79243.0,14,,,,,,,,no_match,aucun candidat retenu (score >= 0.60 puis jugement en session)
2022_19_59_017,2022,Quai de la Charente,77736.0,19,,,,,,,,no_match,aucun candidat retenu (score >= 0.60 puis jugement en session)
2022_05_12_011,2022,Réfection de divers trottoirs de l'arrondissement,77169.0,5,,,,,,,,no_match,aucun candidat retenu (score >= 0.60 puis jugement en session)
2022_12_34_011,2022,Square Van Vollenhoven - Rénovation des portails et divers travaux,76027.0,12,,,,,,,,no_match,aucun candidat retenu (score >= 0.60 puis jugement en session)
2022_18_55_029,2022,Rue de Sofia,75914.0,18,,,,,,,,no_match,aucun candidat retenu (score >= 0.60 puis jugement en session)
2022_06_15_012,2022,Rue Mabillon - Réfection de la chaussée,75310.0,6,,,,,,,,no_match,aucun candidat retenu (score >= 0.60 puis jugement en session)
2022_20_62_019,2022,"CC Piat - Sécurisation de la cour, traitement acoustique de l'atrium",75081.0,20,,,,,,,,no_match,aucun candidat retenu (score >= 0.60 puis jugement en session)
2022_14_41_010,2022,Square du Chanoine Viollet - Travaux d'entretien,72993.0,14,,,,,,,,no_match,aucun candidat retenu (score >= 0.60 puis jugement en session)
2022_09_24_015,2022,Redonner vie à la fontaine Pigalle,71864.0,9,,,,,,,,no_match,aucun candidat retenu (score >= 0.60 puis jugement en session)
2022_00_9_016,2022,Gymnase Saint-Merri - Désordres acoustiques au gymnase,71286.0,0,,,,,,,,no_match,aucun candidat retenu (score >= 0.60 puis jugement en session)
2022_10_27_013,2022,CPA Grange aux Belles - Création d'une réserve (Dojo) et travaux de peinture,71141.0,10,,,,,,,,no_match,aucun candidat retenu (score >= 0.60 puis jugement en session)
2022_15_45_006,2022,Jardin Boucicaut - Rénovation de l'aire de jeux,71094.0,15,,,,,,,,no_match,aucun candidat retenu (score >= 0.60 puis jugement en session)
2022_20_62_012,2022,Jardin Gabrielle Buffet - Rénovation de l'aire de jeux,69802.0,20,,,,,,,,no_match,aucun candidat retenu (score >= 0.60 puis jugement en session)
2022_06_15_014,2022,Divers réfection de trottoirs,68957.0,6,,,,,,,,no_match,aucun candidat retenu (score >= 0.60 puis jugement en session)
2022_08_21_002,2022,travaux de rénovation des sanitaires et du préau,67953.0,8,,,,,,,,no_match,aucun candidat retenu (score >= 0.60 puis jugement en session)
2022_14_41_018,2022,Gymnase Cange - Travaux système de sécurité incendie,65854.0,14,,,,,,,,no_match,aucun candidat retenu (score >= 0.60 puis jugement en session)
2022_19_59_024,2022,De nouveaux espaces ludiques pour les parcs du 19e,65258.0,19,,,,,,,,no_match,aucun candidat retenu (score >= 0.60 puis jugement en session)
2022_20_62_029,2022,Rue de Ménilmontant,63260.0,20,,,,,,,,no_match,aucun candidat retenu (score >= 0.60 puis jugement en session)
2022_00_9_000,2022,Bibliothèque Charlotte Delbo - Refection de la cage d'escalier,60629.0,0,,,,,,,,no_match,aucun candidat retenu (score >= 0.60 puis jugement en session)
2022_16_48_014,2022,Stade Christophe Dominici - Rénovation du logement,60323.0,16,,,,,,,,no_match,aucun candidat retenu (score >= 0.60 puis jugement en session)
2022_08_21_003,2022,conférences,60055.0,8,,,,,,,,no_match,aucun candidat retenu (score >= 0.60 puis jugement en session)
2022_05_12_001,2022,"EP 14, rue Victor Cousin - Modernisation du préau",59293.0,5,,,,,,,,no_match,aucun candidat retenu (score >= 0.60 puis jugement en session)
2022_07_18_004,2022,Square Missions étrangères - Rénovation des aires de jeu,58605.0,7,,,,,,,,no_match,aucun candidat retenu (score >= 0.60 puis jugement en session)
2022_18_55_016,2022,des menuiseries extérieures,57443.0,18,,,,,,,,no_match,aucun candidat retenu (score >= 0.60 puis jugement en session)
2022_05_12_004,2022,Rue Rollin - Réalisation d'un mur végétalisé,57369.0,5,,,,,,,,no_match,aucun candidat retenu (score >= 0.60 puis jugement en session)
2022_16_48_006,2022,Square Jefferson - Rénovation de l'aire de jeux,57265.0,16,,,,,,,,no_match,aucun candidat retenu (score >= 0.60 puis jugement en session)
2022_20_62_014,2022,Square Docteur Variot - Aménagement d'un city-stade,57011.0,20,,,,,,,,no_match,aucun candidat retenu (score >= 0.60 puis jugement en session)
2022_20_62_030,2022,Rue du Groupe Manouchian,55700.0,20,,,,,,,,no_match,aucun candidat retenu (score >= 0.60 puis jugement en session)
2022_09_24_005,2022,mur mitoyen,55686.0,9,,,,,,,,no_match,aucun candidat retenu (score >= 0.60 puis jugement en session)
2022_12_34_013,2022,CC Pommard - Modernisation du poste de change,55591.0,12,,,,,,,,no_match,aucun candidat retenu (score >= 0.60 puis jugement en session)
2022_12_34_009,2022,"d'aménagement de la terrasse (R+1), bureau du DGS",55444.0,12,,,,,,,,no_match,aucun candidat retenu (score >= 0.60 puis jugement en session)
2022_11_31_009,2022,désenfumage,54655.0,11,,,,,,,,no_match,aucun candidat retenu (score >= 0.60 puis jugement en session)
2022_11_31_005,2022,Square des jardinières - Modernisation du TEP,54277.0,11,,,,,,,,no_match,aucun candidat retenu (score >= 0.60 puis jugement en session)
2022_19_59_006,2022,"fêtes, rénovation du système de sécurité incendie",53470.0,19,,,,,,,,no_match,aucun candidat retenu (score >= 0.60 puis jugement en session)
2022_08_21_009,2022,Quartier de l'Europe,53257.0,8,,,,,,,,no_match,aucun candidat retenu (score >= 0.60 puis jugement en session)
2022_08_21_008,2022,Rue de Ponthieu - Travaux d'aménagement de la chaussée,53144.0,8,,,,,,,,no_match,aucun candidat retenu (score >= 0.60 puis jugement en session)
2022_14_41_013,2022,CC Bardinet - Travaux de mise aux normes et de restructuration,52591.0,14,,,,,,,,no_match,aucun candidat retenu (score >= 0.60 puis jugement en session)
2022_12_34_014,2022,CC Daumesnil - Changement des plans de change,52207.0,12,,,,,,,,no_match,aucun candidat retenu (score >= 0.60 puis jugement en session)
2022_05_12_005,2022,Jardin Tino Rossi - Réfection partielle des sols,51178.0,5,,,,,,,,no_match,aucun candidat retenu (score >= 0.60 puis jugement en session)
2022_10_27_015,2022,"TEP Verdun-Valmy , remplacement de la clôture (TEP)",50543.0,10,,,,,,,,no_match,aucun candidat retenu (score >= 0.60 puis jugement en session)
2022_18_55_017,2022,"CC 5-7, rue Carpeaux - Réaménagement des 3 salles",50379.0,18,,,,,,,,no_match,aucun candidat retenu (score >= 0.60 puis jugement en session)
2022_08_21_004,2022,Square Louis XVI- Rénovation du massif et d'une allée,50067.0,8,,,,,,,,no_match,aucun candidat retenu (score >= 0.60 puis jugement en session)
2022_06_15_024,2022,Réfection des trottoirs du 6e arrondissement,49565.0,6,,,,,,,,no_match,aucun candidat retenu (score >= 0.60 puis jugement en session)
2022_20_62_015,2022,Square de la Place de la Réunion - Rénovation des espaces et du réseau d'eau,48913.0,20,,,,,,,,no_match,aucun candidat retenu (score >= 0.60 puis jugement en session)
2022_06_15_010,2022,"sections, traitement des peintures",48190.0,6,,,,,,,,no_match,aucun candidat retenu (score >= 0.60 puis jugement en session)
2022_15_45_007,2022,"CC 131, rue Falguière - Modernisation de la section des grands, étanchéité de la toiture",47686.0,15,,,,,,,,no_match,aucun candidat retenu (score >= 0.60 puis jugement en session)
2022_12_34_008,2022,EM Marsoulan - Modernisation du sol de la terrasse et rénovation de peinture,45566.0,12,,,,,,,,no_match,aucun candidat retenu (score >= 0.60 puis jugement en session)
2022_12_34_021,2022,CS Polygone - Système de sécurité incendie,44988.0,12,,,,,,,,no_match,aucun candidat retenu (score >= 0.60 puis jugement en session)
2022_06_15_015,2022,Rue Saint-Sulpice - Désamiantage de la chaussée,43739.0,6,,,,,,,,no_match,aucun candidat retenu (score >= 0.60 puis jugement en session)
2022_18_55_010,2022,d'entretien,43044.0,18,,,,,,,,no_match,aucun candidat retenu (score >= 0.60 puis jugement en session)
2022_12_34_016,2022,CPA Musidora - Remplacement de fenêtres,42853.0,12,,,,,,,,no_match,aucun candidat retenu (score >= 0.60 puis jugement en session)
2022_12_34_012,2022,Parc de Bercy - Rénovation de la Roseraie,42850.0,12,,,,,,,,no_match,aucun candidat retenu (score >= 0.60 puis jugement en session)
2022_05_12_002,2022,garde corps de l'escalier S,40882.0,5,,,,,,,,no_match,aucun candidat retenu (score >= 0.60 puis jugement en session)
2022_18_55_011,2022,Square H.Huchard- Réaménagement partiel,39856.0,18,,,,,,,,no_match,aucun candidat retenu (score >= 0.60 puis jugement en session)
2022_20_62_025,2022,Rue du Groupe Manouchian du 2 à 30 bis,39146.0,20,,,,,,,,no_match,aucun candidat retenu (score >= 0.60 puis jugement en session)
2022_08_21_017,2022,École polyvalente Monceau - Travaux de restructuration et de construction,38988.0,8,,,,,,,,no_match,aucun candidat retenu (score >= 0.60 puis jugement en session)
2022_14_41_007,2022,Mairie - Réaménagement de l'accueil du RDC et modernisation de l'installation électrique,38693.0,14,,,,,,,,no_match,aucun candidat retenu (score >= 0.60 puis jugement en session)
2022_08_21_000,2022,Bibliothèque Europe - Réaménagement des locaux,37745.0,8,,,,,,,,no_match,aucun candidat retenu (score >= 0.60 puis jugement en session)
2022_20_62_020,2022,de la buanderie,37342.0,20,,,,,,,,no_match,aucun candidat retenu (score >= 0.60 puis jugement en session)
2022_18_55_000,2022,"Bib. Robert.Sabatier - 29, rue Hermel - Modernisation de l'accès PMR",36900.0,18,,,,,,,,no_match,aucun candidat retenu (score >= 0.60 puis jugement en session)
2022_10_27_008,2022,Square des Recollets - Rénovation,36699.0,10,,,,,,,,no_match,aucun candidat retenu (score >= 0.60 puis jugement en session)
2022_14_41_006,2022,EE Jean Zay - Traitement de l'étanchéité du logement du gardien,36300.0,14,,,,,,,,no_match,aucun candidat retenu (score >= 0.60 puis jugement en session)
2022_19_59_000,2022,Bibliothèque Crimée - Rétablissement de la ventilation,36053.0,19,,,,,,,,no_match,aucun candidat retenu (score >= 0.60 puis jugement en session)
2022_12_34_001,2022,études sur le confort thermique,35985.0,12,,,,,,,,no_match,aucun candidat retenu (score >= 0.60 puis jugement en session)
2022_10_27_011,2022,réseau d'eau,34357.0,10,,,,,,,,no_match,aucun candidat retenu (score >= 0.60 puis jugement en session)
2022_10_27_016,2022,CS Grange aux Belles - Sécurisation de la façade et travaux de maçonnerie,33873.0,10,,,,,,,,no_match,aucun candidat retenu (score >= 0.60 puis jugement en session)
2022_18_55_012,2022,"Jardin Eole - travaux divers (arrosage, plan fontaines et brumisateurs)",33506.0,18,,,,,,,,no_match,aucun candidat retenu (score >= 0.60 puis jugement en session)
2022_14_41_011,2022,Parc Montsouris Travaux d'entretien courant,32397.0,14,,,,,,,,no_match,aucun candidat retenu (score >= 0.60 puis jugement en session)
2022_16_48_026,2022,Stade Coubertin - Réfection partielle de la couverture,32031.0,16,,,,,,,,no_match,aucun candidat retenu (score >= 0.60 puis jugement en session)
2022_12_34_019,2022,Aire de roller Bercy - Travaux de restructuration,32028.0,12,,,,,,,,no_match,aucun candidat retenu (score >= 0.60 puis jugement en session)
2022_20_62_002,2022,"""chauffage, ventilation et climatisation""",31117.0,20,,,,,,,,no_match,aucun candidat retenu (score >= 0.60 puis jugement en session)
2022_14_41_014,2022,CPA Marc Sangnier - Travaux d'entretien (infiltration au niveau de la terrasse),28571.0,14,,,,,,,,no_match,aucun candidat retenu (score >= 0.60 puis jugement en session)
2022_08_21_007,2022,du local poterie,26674.0,8,,,,,,,,no_match,aucun candidat retenu (score >= 0.60 puis jugement en session)
2022_20_62_018,2022,CC Pelleport - Rénovation des locaux et travaux d'étanchéité,26038.0,20,,,,,,,,no_match,aucun candidat retenu (score >= 0.60 puis jugement en session)
2022_12_34_017,2022,et d'accessibilité,25953.0,12,,,,,,,,no_match,aucun candidat retenu (score >= 0.60 puis jugement en session)
2022_08_21_014,2022,Rue Chauveau Lagarde,25643.0,8,,,,,,,,no_match,aucun candidat retenu (score >= 0.60 puis jugement en session)
2022_10_27_017,2022,Gymnase Parmentier - Remplacement des buts,23182.0,10,,,,,,,,no_match,aucun candidat retenu (score >= 0.60 puis jugement en session)
2022_12_34_000,2022,travaux sur l'issue de secours,22997.0,12,,,,,,,,no_match,aucun candidat retenu (score >= 0.60 puis jugement en session)
2022_06_15_011,2022,Gymnase Vaugirard Littré - Travaux d'entretien (locaux sociaux),22214.0,6,,,,,,,,no_match,aucun candidat retenu (score >= 0.60 puis jugement en session)
2022_08_21_005,2022,Jardin des Champs-Elysées Travaux d'entretien,19695.0,8,,,,,,,,no_match,aucun candidat retenu (score >= 0.60 puis jugement en session)
2022_08_21_019,2022,Du Vert et du Bien-Être sur le parvis - Hôtel Beaujon,19548.0,8,,,,,,,,no_match,aucun candidat retenu (score >= 0.60 puis jugement en session)
2022_06_15_006,2022,douche dans les sanitaires,18365.0,6,,,,,,,,no_match,aucun candidat retenu (score >= 0.60 puis jugement en session)
2022_08_21_022,2022,Lutte contre les nuisances sonores sur les grands boulevards,17383.0,8,,,,,,,,no_match,aucun candidat retenu (score >= 0.60 puis jugement en session)
2022_16_48_010,2022,Square Jefferson - Travaux d'agrandissement,16895.0,16,,,,,,,,no_match,aucun candidat retenu (score >= 0.60 puis jugement en session)
2022_05_12_000,2022,Bibliothèque Buffon - Restructuration des locaux,16659.0,5,,,,,,,,no_match,aucun candidat retenu (score >= 0.60 puis jugement en session)
2022_12_34_015,2022,MC Montgallet - Changement des fenêtres du bureau de la directrice,14963.0,12,,,,,,,,no_match,aucun candidat retenu (score >= 0.60 puis jugement en session)
2022_20_62_000,2022,"Bibliothèque 66, rue des Couronnes - Restructuration partielle",13957.0,20,,,,,,,,no_match,aucun candidat retenu (score >= 0.60 puis jugement en session)
2022_20_62_001,2022,"Bibliothèque Duras - 109, rue de Bagnolet - Travaux d'électricité",13076.0,20,,,,,,,,no_match,aucun candidat retenu (score >= 0.60 puis jugement en session)
2022_06_15_023,2022,"Renaissance du cloître abbatial en végétal, square Laurent Prache",12611.0,6,,,,,,,,no_match,aucun candidat retenu (score >= 0.60 puis jugement en session)
2022_10_27_009,2022,Entretien d'espaces verts Square Alban Satagne - Rénovation du square,10887.0,10,,,,,,,,no_match,aucun candidat retenu (score >= 0.60 puis jugement en session)
2022_08_21_023,2022,Rénovation de la piste cyclable sur le boulevard Malesherbes,8896.0,8,,,,,,,,no_match,aucun candidat retenu (score >= 0.60 puis jugement en session)
2022_06_15_007,2022,EE 42 rue Madame - Pose de stores,8732.0,6,,,,,,,,no_match,aucun candidat retenu (score >= 0.60 puis jugement en session)
2022_08_21_021,2022,Un 8e apaisé,6172.0,8,,,,,,,,no_match,aucun candidat retenu (score >= 0.60 puis jugement en session)
2022_05_12_015,2022,AP de Budget Participatif,2021.0,5,,,,,,,,no_match,aucun candidat retenu (score >= 0.60 puis jugement en session)
2022_07_18_011,2022,AP de Budget Participatif,2021.0,7,,,,,,,,no_match,aucun candidat retenu (score >= 0.60 puis jugement en session)
2022_09_24_013,2022,AP de Budget Participatif,2021.0,9,,,,,,,,no_match,aucun candidat retenu (score >= 0.60 puis jugement en session)
2022_15_45_019,2022,AP de Budget Participatif,2021.0,15,,,,,,,,no_match,aucun candidat retenu (score >= 0.60 puis jugement en session)
2022_08_21_024,2022,Patrimoine de voirie,2019.0,8,,,,,,,,no_match,aucun candidat retenu (score >= 0.60 puis jugement en session)
2022_11_31_019,2022,AP de Budget Participatif,2019.0,11,,,,,,,,no_match,aucun candidat retenu (score >= 0.60 puis jugement en session)
2022_17_52_020,2022,Participatif,2019.0,17,,,,,,,,no_match,aucun candidat retenu (score >= 0.60 puis jugement en session)
2022_19_59_021,2022,AP de Budget Participatif,2019.0,19,,,,,,,,no_match,aucun candidat retenu (score >= 0.60 puis jugement en session)
2022_00_9_024,2022,Participatif,2018.0,0,,,,,,,,no_match,aucun candidat retenu (score >= 0.60 puis jugement en session)
2022_06_15_019,2022,Participatif,2018.0,6,,,,,,,,no_match,aucun candidat retenu (score >= 0.60 puis jugement en session)
2022_08_21_018,2022,AP de Budget Participatif,2018.0,8,,,,,,,,no_match,aucun candidat retenu (score >= 0.60 puis jugement en session)
2022_13_38_018,2022,AP de Budget Participatif,2018.0,13,,,,,,,,no_match,aucun candidat retenu (score >= 0.60 puis jugement en session)
2023_18_51_028,2023,Réaménagement de la Porte Chapelle (JO 2024),11290856.2,18,20222022T09784,TERIDEAL,32307786700212,SA4 VOIRIE ECLAIRAGE PUBLIC FEUX TRICOLORE PORTE CHAPELLE,2023,15935704.17,0.9,confirmed,overlap=['chapelle'] ; jugé en session : Voirie et éclairage Porte Chapelle : même réaménagement
2023_18_51_028,2023,Réaménagement de la Porte Chapelle (JO 2024),11290856.2,18,20232023T03034,FREYSSINET FRANCE,33405736100308,SA3 TRAVAUX OUVRAGES ART REAMENAGEMENT PORTE CHAPELLE 18EME,2023,3556491.2,0.9,confirmed,overlap=['chapelle'] ; jugé en session : Ouvrages d'art réaménagement Porte Chapelle : même opération
2023_18_51_028,2023,Réaménagement de la Porte Chapelle (JO 2024),11290856.2,18,20222022S01527,ARCADIS ESG,40150379200533,MOE RÉAMÉNAGEMENT DE LA PORTE DE LA CHAPELLE,2022,1151853.98,0.9,confirmed,overlap=['chapelle'] ; jugé en session : MOE réaménagement Porte de la Chapelle : même opération
2023_18_51_028,2023,Réaménagement de la Porte Chapelle (JO 2024),11290856.2,18,20222022T09890,TERIDEAL AGRIGEX ENVIRONNEMENT,32534895100030,SA3 MSAC TVX AMENAGEMENT ESPACES VERTS PORTE DE LA CHAPELLE,2022,510070.49,0.9,confirmed,overlap=['chapelle'] ; jugé en session : Espaces verts Porte de la Chapelle : même réaménagement
2023_18_51_028,2023,Réaménagement de la Porte Chapelle (JO 2024),11290856.2,18,20242024S00371,ARCADIS ESG,40150379200533,MOE RÉAMÉNAGEMENT DE LA PORTE DE LA CHAPELLE 3,2024,261200.0,0.9,confirmed,overlap=['chapelle'] ; jugé en session : MOE réaménagement Porte de la Chapelle : même opération
2023_19_54_016,2023,Médiathèque James Baldwin et Maison des Réfugiés Création,6540634.64,19,20232023F10342,VIDELIO,35009370400657,MS_INSTALLATION SON ET VIDEO MEDIATHEQUE J BALDWIN 19 EME,2023,181839.19,0.85,confirmed,overlap=['baldwin'] ; jugé en session : Son et vidéo médiathèque Baldwin : équipement de la création
2023_20_57_022,2023,Parc Python-Duvernois,4163920.27,20,20222022T10057,ENTREPRISE DE TRAVAUX PUBLICS EGA,64204779900027,SA3 TVX GENIE CIVIL TERRASSEMENT PARC PYTHON DUVERNOIS LOT1,2023,4493592.01,1.0,confirmed,"overlap=['duvernois', 'python'] ; jugé en session : même lieu et même opération : même parc Python-Duvernois, travaux du parc"
2023_20_57_022,2023,Parc Python-Duvernois,4163920.27,20,20222022T10065,ESPACE DECO,30752136900032,SA3 TVX PLANTATIONS TERRE VEGET. PARC PYTHON DUVERNOIS LOT 4,2023,1346835.91,1.0,confirmed,"overlap=['duvernois', 'python'] ; jugé en session : même lieu et même opération : même parc Python-Duvernois, lot plantations des travaux"
2023_20_57_022,2023,Parc Python-Duvernois,4163920.27,20,20222022T10064,TERIDEAL,32307786700212,SA3 CREATION BASSIN VEGETALISE PARC PYTHON DUVERNOIS LOT3,2023,837532.2,1.0,confirmed,"overlap=['duvernois', 'python'] ; jugé en session : même lieu et même opération : même parc Python-Duvernois, travaux du parc"
2023_20_57_022,2023,Parc Python-Duvernois,4163920.27,20,20222022T10070,ENTREPRISE GENERALE DE CLOTURES,78495033900019,SA3 TVX SERRURERIE PARC PYTHON DUVERNOIS LOT5,2023,827253.0,1.0,confirmed,"overlap=['duvernois', 'python'] ; jugé en session : même lieu et même opération : même parc Python-Duvernois, lot serrurerie des travaux"
2023_20_57_022,2023,Parc Python-Duvernois,4163920.27,20,20222022T10063,TERIDEAL SEGEX ENERGIES,78805646300151,SA3 TVX ARROSAGE EAU FONTAINERIE PARC PYTHON DUVERNOIS LOT2,2023,525238.0,1.0,confirmed,"overlap=['duvernois', 'python'] ; jugé en session : même lieu et même opération : même parc Python-Duvernois, lot arrosage des travaux"
2023_13_36_027,2023,Eglise Sainte Anne de la Butte-aux-Cailles - Consolidation perenne,3897786.69,13,20222022T02119,LEFEVRE SAS,35331873600058,SA4 EGLISE STE ANNE BUTTE AUX CAILLES LOT 1 GROS OEUVRE,2022,6164413.5,1.0,confirmed,"overlap=['anne', 'butte', 'cailles'] ; jugé en session : Église Sainte-Anne, lot gros œuvre de la consolidation : même opération"
2023_13_36_027,2023,Eglise Sainte Anne de la Butte-aux-Cailles - Consolidation perenne,3897786.69,13,20222022T02120,STE LOUIS GENESTE ET SES FILS,86020025200093,SA4 EGLISE STE ANNE BUTTE AUX CAILLES LOT2 : MACONNERIE…,2022,1697781.97,1.0,confirmed,"overlap=['anne', 'butte', 'cailles'] ; jugé en session : Église Sainte-Anne, lot maçonnerie de la consolidation : même opération"
2023_09_24_019,2023,Eglise de la Sainte-Trinité - Travaux de rénovation du massif d'entrée,3713587.41,9,20212021T00307,LOUBIERE LA FORGE D'ART,35220000000029,SA4 RESTAURATION MASSIF ENTREE EGLISE TRINITE LOT5 SERRURERI,2021,662719.7,0.9,confirmed,"overlap=['trinite'] ; jugé en session : même lieu et même opération : même église Trinité, massif d'entrée, serrurerie"
2023_09_24_019,2023,Eglise de la Sainte-Trinité - Travaux de rénovation du massif d'entrée,3713587.41,9,20202020T06241,LEFEVRE SAS,35331873600017,SA4 TVX RESTAURATION MASSIF ENTREE EGLISE TRINITE LOT1,2020,14656080.1,0.9,confirmed,"overlap=['trinite'] ; jugé en session : même lieu et même opération : même église Trinité, massif d'entrée, lot 1"
2023_09_24_019,2023,Eglise de la Sainte-Trinité - Travaux de rénovation du massif d'entrée,3713587.41,9,20202020T06247,TOLLIS,40081821700012,SA4 TVX RESTAURATION MASSIF ENTREE EGLISE TRINITE LOT2,2020,4325172.0,0.9,confirmed,"overlap=['trinite'] ; jugé en session : même lieu et même opération : même église Trinité, massif d'entrée, lot 2"
2023_09_24_019,2023,Eglise de la Sainte-Trinité - Travaux de rénovation du massif d'entrée,3713587.41,9,20202020T06249,LE BRAS FRERES,32018244700054,SA4 TVX RESTAURATION MASSIF ENTREE EGLISE TRINITE LOT3,2020,1384208.71,0.9,confirmed,"overlap=['trinite'] ; jugé en session : même lieu et même opération : même église Trinité, massif d'entrée"
2023_08_21_013,2023,Eglise Sainte-Marie-Madeleine - Restauration de l'ensemble des façades,2954066.97,8,20212021T00588,SPMG,84115124400024,SA4 RESTAURATION FACADE SUD EGLISE MADELEINE LOT2: MARBRERIE,2021,257798.05,0.9,confirmed,"overlap=['madeleine'] ; jugé en session : même lieu et même opération : même église Madeleine, restauration façade sud"
2023_08_21_013,2023,Eglise Sainte-Marie-Madeleine - Restauration de l'ensemble des façades,2954066.97,8,20232023S03703,1090 ARCHITECTES,80352183000015,MO RESTAURATION FACADES EGLISE DE LA MADELEINE,2023,630720.0,0.85,confirmed,"overlap=['madeleine'] ; jugé en session : même lieu et même opération : même église Madeleine, MOE restauration façades"
2023_08_21_013,2023,Eglise Sainte-Marie-Madeleine - Restauration de l'ensemble des façades,2954066.97,8,20232023S06120,BUREAU D ETUDES ET DE CONSEILS EN,40353972900034,CSPS RESTAURAT° FACADES OUEST/NORD/EST EGLISE LA MADELEINE,2023,90945.0,0.85,confirmed,"overlap=['madeleine'] ; jugé en session : même lieu et même opération : même église Madeleine, restauration façades"
2023_18_51_025,2023,Piscine Belliard - Construction,1662473.24,18,20232023T06374,BOUYGUES BATIMENT ILE DE FRANCE,43390083400188,SA4.TRVX CSTRUCT PISCINE 133 BIS R BELLIARD 75018 LOT 1,2023,18660000.0,0.9,confirmed,overlap=['belliard'] ; jugé en session : Construction piscine Belliard lot 1 : même opération
2023_18_51_025,2023,Piscine Belliard - Construction,1662473.24,18,20201210020010,SCP ARCHITEC. BOURGUEIL / ROULEAU,34875168600034,MOE ÉCO-CONSTRUCTION PISCINE 133B RUE BELLIARD 75018 SAMO,2020,1495240.0,0.85,confirmed,overlap=['belliard'] ; jugé en session : MOE construction piscine Belliard : même opération
2023_00_9_033,2023,Eglise des Billettes - Restauration façade principale Billettes,955367.0,0,20201320010640,H. CHEVALIER,62980277800064,SA4 EGLISE LUTHERIENNE DES BILLETTES LOT1:INSTALL/ECHAF/MACO,2020,1442051.6,0.85,confirmed,"overlap=['billettes'] ; jugé en session : même église des Billettes, lot installation et maçonnerie"
2023_19_54_017,2023,Buttes Chaumont - Ile de la Falaise,934979.28,19,20232023S10513,ANTEA FRANCE,39320673500598,SA3_ACBC_AMO RESTAURATION ILE FALAISE PARC BUTTES CHAUMONT,2023,1374700.0,1.0,confirmed,"overlap=['buttes', 'chaumont', 'falaise'] ; jugé en session : AMO restauration île falaise Buttes-Chaumont : même opération"
2023_19_54_017,2023,Buttes Chaumont - Ile de la Falaise,934979.28,19,20222022S09965,OMNIUM GENERAL D'INGENIERIE,38400090700020,SA3 AMOA RESTAURAT°ILE& LA FALAISE PARC BUTTE CHAUMONT,2023,798500.0,1.0,confirmed,"overlap=['chaumont', 'falaise'] ; jugé en session : AMOA restauration île et falaise Buttes-Chaumont : même opération"
2023_13_36_033,2023,Relogement de l'Aide Sociale à l'EnfEtablissement de solidarité et d'insertion - 127 rue de Tolbiac - Aménagement des locaux,883390.72,13,20222022T07563,APPROCHE BATIMENT ASS TECHNOLOGIES,48080837700042,SA4.AMÉNAGEMENT DE LOCAUX AU 127 RUE DE TOLBIAC 75013 PARIS,2022,699725.3,0.85,confirmed,overlap=['tolbiac'] ; jugé en session : Aménagement locaux 127 rue de Tolbiac : même adresse et opération
2023_00_9_038,2023,"Crèche collective 26, rue Saint- Roch - Travaux de restructuration",850641.94,0,20222022S01010,AMOES,49519128000066,SUBSÉQUENT AMO RESTRUCTURATION CRECHE SAINT ROCH,2022,69972.0,1.0,confirmed,"overlap=['restructuration', 'roch'] ; jugé en session : AMO de la restructuration de la crèche Saint-Roch"
2023_00_9_038,2023,"Crèche collective 26, rue Saint- Roch - Travaux de restructuration",850641.94,0,20212021S07467,ATELIER GIET ARCHITECTURE,49071473000036,MOE RESTRUCTURATION CC 26 RUE SAINT ROCH 75001 SAMO,2021,445870.04,1.0,confirmed,"overlap=['restructuration', 'roch'] ; jugé en session : MOE de la restructuration de la crèche 26 rue Saint-Roch"
2023_00_9_038,2023,"Crèche collective 26, rue Saint- Roch - Travaux de restructuration",850641.94,0,20232023T07496,DP.R,42878198300039,SA4-TVX RESTRUCTURATION CRECHE ST ROCH 75001 - LOT 1 TCE,2023,3750422.0,1.0,confirmed,"overlap=['restructuration', 'roch'] ; jugé en session : même crèche Saint-Roch, restructuration, lot TCE"
2023_18_51_017,2023,Église Saint-Jean de Montmartre - Travaux de restauration,849263.0,18,20212021T08056,J4R,50075934500043,SA4 FACADES EGLISE ST JEAN DE MONTMARTRE -LOT1: ECHAFAUDAGES,2021,128262.47,1.0,confirmed,"overlap=['jean', 'montmartre'] ; jugé en session : Église Saint-Jean de Montmartre, échafaudages : même restauration"
2023_18_51_017,2023,Église Saint-Jean de Montmartre - Travaux de restauration,849263.0,18,20212021T08060,UNION TECHNIQUE DU BATIMENT,57206414500145,SA4-LOT 5 TVX COUVERTURE DE L'EGLISE ST-JEAN DE MONTMARTRE,2021,88137.0,1.0,confirmed,"overlap=['jean', 'montmartre'] ; jugé en session : Église Saint-Jean de Montmartre, couverture : même restauration"
2023_18_51_017,2023,Église Saint-Jean de Montmartre - Travaux de restauration,849263.0,18,20212021T08058,VITRAIL SAINT GEORGES,33795152900078,SA4 FACADES EGLISE ST JEAN DE MONTMARTRE - LOT3 : SERRURERIE,2021,83410.26,1.0,confirmed,"overlap=['jean', 'montmartre'] ; jugé en session : Église Saint-Jean de Montmartre, serrurerie façades : même restauration"
2023_18_51_017,2023,Église Saint-Jean de Montmartre - Travaux de restauration,849263.0,18,20212021T08059,BAT TRAVAUX PUBLICS SCE ATLANTIQUES,41065117800015,SA4 FACADES EGLISE ST JEAN DE MONTMARTRE LOT4:PROTECT CATHOD,2021,44812.0,1.0,confirmed,"overlap=['jean', 'montmartre'] ; jugé en session : Église Saint-Jean de Montmartre, façades : même restauration"
2023_18_51_017,2023,Église Saint-Jean de Montmartre - Travaux de restauration,849263.0,18,20212021T08057,LEFEVRE SAS,35331873600058,SA4 FACADES ST JEAN DE MONTMARTRE LOT2 MACONNERIE/BETON ARME,2021,855149.0,1.0,confirmed,"overlap=['jean', 'montmartre'] ; jugé en session : Église Saint-Jean de Montmartre, maçonnerie : même restauration"
2023_12_33_016,2023,Jardin Debergue-Rendez vous - Extension du jardin,840965.78,12,20232023T10650,LACHAUX PAYSAGE,39044002200023,SA3 TRAVAUX AMENAGEMENT EXTANSION SQUARE DEBERGUE 12E LOT2,2023,240301.98,0.85,confirmed,"overlap=['debergue'] ; jugé en session : même square Debergue, extension du jardin"
2023_13_36_037,2023,De belles cours oasis pour les enfants! (Ecoles élémentaires avenue d'Ivry et rue Jenner),568946.8,13,20232023T04214,COLAS FRANCE,32933888302159,REFECT°DE LA COURS DS LE CADRE DU PROGRAM OASIS EE 40 JENNER,2023,305902.82,1.0,confirmed,"overlap=['cours', 'jenner', 'oasis'] ; jugé en session : même école 40 Jenner, cour oasis"
2023_00_9_015,2023,"Crèche collective 1, rue Bassompierre - Aménagement de la cour extérieure",545993.78,0,20232023T03936,COCHERY ILE DE FRANCE,41797626300018,TRAVAUX TRANFORMATION COUR CRÈCHE BASSOMPIERRE EN COUR OASIS,2023,484915.19,0.85,confirmed,"overlap=['bassompierre'] ; jugé en session : même crèche Bassompierre, cour transformée en cour oasis"
2023_17_48_028,2023,La bibliothèque des Batignolles réaménagée et accessible,516365.99,17,20222022T06322,BAT TRAVAUX NEUFS RENOV CONSTRUCTIO,39872259500046,TRAVAUX REAMENAGEMENT BIBLIOTHEQUE BATIGNOLLES 17EME,2022,538664.0,0.85,confirmed,overlap=['batignolles'] ; jugé en session : Travaux réaménagement bibliothèque Batignolles : même opération
2023_17_48_028,2023,La bibliothèque des Batignolles réaménagée et accessible,516365.99,17,20212021S01821,ATELIER DP,53039720700057,MOE RÉAMÉNAGEMENT BIBLIO BATIGNOLLES 75017,2021,49668.98,0.85,confirmed,overlap=['batignolles'] ; jugé en session : MOE réaménagement bibliothèque Batignolles : même opération
2023_18_51_026,2023,Centre sportif Bertrand Dauvin - Travaux de rénovation,487633.54,18,20222022T06225,ART-DAN ILE-DE-FRANCE,48940507600071,SA4 REFECTION PISTE ATHLETISME CS BERTRAND DAUVIN JOP 2024,2022,410295.45,1.0,confirmed,"overlap=['bertrand', 'dauvin'] ; jugé en session : Piste d'athlétisme CS Dauvin, dans rénovation large du centre"
2023_18_51_026,2023,Centre sportif Bertrand Dauvin - Travaux de rénovation,487633.54,18,20222022T05365,EIFFAGE ENERGIE SYSTEMES-CLEVIA IDF,32381463200127,SA4-LOT6-DGJOPGE TRAITEMENT DE L'EAU PISCINE BERTRAND DAUVIN,2022,408000.0,1.0,confirmed,"overlap=['bertrand', 'dauvin'] ; jugé en session : Traitement eau piscine Dauvin, partie de la rénovation du centre"
2023_18_51_026,2023,Centre sportif Bertrand Dauvin - Travaux de rénovation,487633.54,18,20222022T01422,LES PAVEURS DE MONTROUGE,57213102700029,SA4 TVX CS BERTRAND DAUVIN POUR J.O.- LOT1: TERRASSEMENT...,2022,270271.0,1.0,confirmed,"overlap=['bertrand', 'dauvin'] ; jugé en session : Terrassement lot 1 CS Dauvin, partie de la rénovation"
2023_18_51_026,2023,Centre sportif Bertrand Dauvin - Travaux de rénovation,487633.54,18,20222022T01424,SLAMCOURT,82916431800026,SA4 TVX CS BERTRAND DAUVIN POUR J.O.-LOT4: RESINE TENNIS/SOL,2022,113118.4,1.0,confirmed,"overlap=['bertrand', 'dauvin'] ; jugé en session : Lot tennis des travaux CS Dauvin, chantier de rénovation large"
2023_13_36_038,2023,Ouvrir les cours d'écoles aux sportifs le week-end - Collège Evariste Galois,483313.66,13,20222022T08267,CMBP CHARP MENUIS BATI PREFABR,65980373800049,SA4.COUVERT TERRAIN COLLEGE EVARISTE GALOIS -CHARPENTE LOT 2,2023,329898.9,1.0,confirmed,"overlap=['evariste', 'galois'] ; jugé en session : Couverture terrain collège Galois, lot charpente : même opération"
2023_13_36_038,2023,Ouvrir les cours d'écoles aux sportifs le week-end - Collège Evariste Galois,483313.66,13,20222022T08472,S.E.N.P.,91111460100014,SA4 TVX COUVERTURE TERRAIN BASKET EVARISTE GALOIS LOT1,2023,352174.7,1.0,confirmed,"overlap=['evariste', 'galois'] ; jugé en session : Couverture terrain de basket collège Galois : même opération"
2023_13_36_038,2023,Ouvrir les cours d'écoles aux sportifs le week-end - Collège Evariste Galois,483313.66,13,20242024T00526,ERI,57207890500021,SA4_TVX DE COUVERTURE TERR. DE BASKET COLLEGE GALOIS 13E_LT3,2024,88825.0,0.85,confirmed,overlap=['galois'] ; jugé en session : Couverture terrain de basket collège Galois : même opération
2023_20_57_005,2023,Square Sarah Bernhardt - Travaux de rénovation,477232.3,20,20222022T08258,COCHERY ILE DE FRANCE,41797626300018,SA3/MS-TVX RENOVATION SQUARE SARAH BERNHARDT PARIS 20EME,2022,1246581.01,1.0,confirmed,"overlap=['bernhardt', 'sarah'] ; jugé en session : même lieu et même opération : même square Sarah Bernhardt, rénovation"
2023_14_39_024,2023,Une galerie d'exposition aux Ateliers Beaux-Arts,471570.89,14,20232023T02282,REA CONCEPT,44331692200014,SA4 CREATION SALLE EXPOSITION ABA LOT 1 G.OEUVRE-ELEC-PLB,2023,816766.42,0.85,confirmed,overlap=['exposition'] ; jugé en session : Création salle d'exposition Ateliers Beaux-Arts : même opération
2023_13_36_041,2023,La modernisation du centre sportif Georges Carpentier,465738.44,13,20222022S02188,ATELIER D'ARCHITECTURE C'EST ELLES,81420172900039,SA4.MOE RESTRUCT LOCAUX SOCIAUX CTR SPORTIF CARPENTIER MASSE,2022,63590.53,1.0,confirmed,"overlap=['carpentier', 'sportif'] ; jugé en session : MOE restructuration centre sportif Carpentier : même équipement et opération"
2023_20_57_001,2023,"Ecole élémentaire 4 rue Eugène Reisz - Cour oasis, modernisation des pavés de verre",434461.96,20,20232023T02801,ESPACES TP,75331059800010,SUBSEQUENT COURS OASIS GS EUGENE REISZ 20EME,2023,406885.53,1.0,confirmed,"overlap=['eugene', 'oasis', 'reisz'] ; jugé en session : même lieu et même opération : même école Eugène Reisz, cour oasis"
2023_18_51_024,2023,Centre sportif Poissonniers - Rénovation,420116.7,18,20222022T00569,AIRCLIMO,45187027300021,SA4-TVX PLOMBERIE CHAUFF. CENTRE SPORTIF POISSONNIERS LOT 4,2022,704625.6,1.0,confirmed,"overlap=['poissonniers', 'sportif'] ; jugé en session : Lot plomberie chauffage Poissonniers : même rénovation"
2023_18_51_024,2023,Centre sportif Poissonniers - Rénovation,420116.7,18,20222022T00570,CESA,34747966900041,SA4 LOT5 ELECTRICITE CENTRE SPORTIF POISSONNIERS JO 2024,2022,227182.03,1.0,confirmed,"overlap=['poissonniers', 'sportif'] ; jugé en session : Lot électricité centre sportif Poissonniers : même rénovation"
2023_18_51_024,2023,Centre sportif Poissonniers - Rénovation,420116.7,18,20222022T00572,TK ELEVATOR FRANCE,72202474200172,SA4 LOT6 ASCENSEURS CENTRE SPORTIF POISSONNIERS JO 2024,2022,46770.0,1.0,confirmed,"overlap=['poissonniers', 'sportif'] ; jugé en session : Lot ascenseurs centre sportif Poissonniers : même rénovation"
2023_18_51_024,2023,Centre sportif Poissonniers - Rénovation,420116.7,18,20202020S07860,LVK ARCHITECTES,42061249100035,MS AC MOE CENTRE SPORTIF POISSONNIERS,2020,312612.01,1.0,confirmed,"overlap=['poissonniers', 'sportif'] ; jugé en session : MOE centre sportif Poissonniers : même opération"
2023_06_15_013,2023,Des cours « Oasis » pour le groupe scolaire Littré,418659.57,6,20232023T03335,ASTEN,54205733600878,COURS OASIS GS LITTRE 6EME,2023,449190.0,1.0,confirmed,"overlap=['cours', 'littre', 'oasis'] ; jugé en session : même lieu et même opération : même groupe scolaire Littré, cours Oasis"
2023_17_48_004,2023,"Ecole maternelle 221, boulevard Pereire - Réfection du sol de la cour",335223.0,17,20232023T02858,ASTEN,54205733600878,TVX COURS OASIS - EM 221 BD PEREIRE 75017,2023,299299.45,0.85,confirmed,"overlap=['pereire'] ; jugé en session : Cour oasis EM 221 bd Pereire : même école, sol de cour"
2023_08_21_005,2023,Mairie du 8ème arrondissement - Réaménagement des locaux,316280.22,8,20232023T00614,EIFFAGE CONSTRUCTION,80869891400021,SA4 2EME OEUVRE ELECTRICITE PLOMBERIE CVC MAIRIE 8EME LOT 2,2023,970000.0,0.75,probable,"overlap=['8eme'] ; jugé en session : même lieu et même opération : même mairie du 8e, réaménagement locaux second œuvre"
2023_08_21_005,2023,Mairie du 8ème arrondissement - Réaménagement des locaux,316280.22,8,20232023T02796,CHAPUIS,31715729500021,SA4 MENUISERIES AILE CAIL MAIRIE 8EME,2023,1082604.85,0.7,probable,"overlap=['8eme'] ; jugé en session : même lieu et même opération : même mairie 8e, menuiseries aile Cail"
2023_14_39_001,2023,"Ecole maternelle 34, rue de Sarrette - Modernisation de la cour et du réseau des eaux usées",312729.76,14,20232023T03337,ASTEN,54205733600878,COURS OASIS EM SARRETTE 14EME LOT 2,2023,257362.35,0.85,confirmed,"overlap=['sarrette'] ; jugé en session : Cour oasis EM Sarrette : modernisation de la cour, même école"
2023_00_9_003,2023,"Ecole élémentaire 3, rue de la Jussienne - Etudes avant travaux (cour oasis) et modernisation des sanitaires de la cour",308260.08,0,20232023T03873,COLAS FRANCE,32933888302217,COUR OASIS EE JUSSIENNE 2EME,2023,280714.86,1.0,confirmed,"overlap=['jussienne', 'oasis'] ; jugé en session : même école Jussienne, cour oasis"
2023_11_30_018,2023,Centre sportif - 11 rue de Candie - Reprise d'étanchéité,307826.42,11,20232023T03994,CHAPELEC,32878186900065,SA4.RÉNOVAT°TOITURE GYMNASE CTRE SPRTF CANDIE 11R.CANDIE 11E,2023,278570.5,0.85,confirmed,"overlap=['candie'] ; jugé en session : même centre sportif rue de Candie, toiture et étanchéité"
2023_13_36_032,2023,Centre sportif - 81 boulevard Massena - Réfection du terrain de rugby et rénovation des locaux sociaux,294767.51,13,20222022S02188,ATELIER D'ARCHITECTURE C'EST ELLES,81420172900039,SA4.MOE RESTRUCT LOCAUX SOCIAUX CTR SPORTIF CARPENTIER MASSE,2022,63590.53,1.0,confirmed,"overlap=['sociaux', 'sportif'] ; jugé en session : même centre sportif Masséna, restructuration des locaux sociaux"
2023_00_9_035,2023,Collège Victor Hugo Annexe Barbette - Cour oasis,280721.31,0,20232023S04979,AREP,44457238200034,AMÉNAGEMENT COURS OASIS RATTACHÉE ANNEXE BARBETTE,2023,157220.0,1.0,confirmed,"overlap=['annexe', 'barbette', 'oasis'] ; jugé en session : même annexe Barbette, aménagement cour oasis"
2023_20_57_021,2023,"Ecole élémentaire 29, rue du Télégraphe - Restructuration de la cuisine",280077.27,20,20222022T02270,L INDUSTRIEL DU FROID ET DE CUISSON,33211194700021,SA4 RESTRUCTURATION CUISINE GS TELEGRAPHE 75020 - LOT 2,2022,126208.4,1.0,confirmed,"overlap=['restructuration', 'telegraphe'] ; jugé en session : Restructuration cuisine GS Télégraphe : même école et opération"
2023_20_57_021,2023,"Ecole élémentaire 29, rue du Télégraphe - Restructuration de la cuisine",280077.27,20,20222022T02269,S.R.B.I.,45316662100020,SA4 RESTRUCTURATION GS TELEGRAPHE 75020 PARIS LOT 1,2022,947261.14,1.0,confirmed,"overlap=['restructuration', 'telegraphe'] ; jugé en session : Restructuration GS Télégraphe lot 1 : même opération que la cuisine"
2023_13_36_004,2023,Ecole maternelle - 15 rue de Domremy - Rénovation de la cour,276253.84,13,20222022T03917,ASTEN,54205733600878,REFECTION COURS OASIS EM DOMREMY 13EME,2022,405483.93,0.85,confirmed,"overlap=['domremy'] ; jugé en session : Cour oasis EM Domremy : même école, même opération"
2023_16_45_009,2023,Stade de la port de la Muette - Création d'une salle de tennis de table,272420.72,16,20222022T06186,CISCO BATIMENT,45160661000033,SA4 CREAT SALLE TENNIS/TABLE_COUVERT TEP STADE MUETTE LOT2,2022,295173.0,1.0,confirmed,"overlap=['muette', 'stade', 'table', 'tennis'] ; jugé en session : Salle tennis de table stade Muette : même création"
2023_16_45_009,2023,Stade de la port de la Muette - Création d'une salle de tennis de table,272420.72,16,20222022T06238,TECHNOLOGIE DU BATIMENT ET SERVICES,52450648200040,SA4 CREAT SALLE TENNIS/TABLE COUV STADE MUETTE LOT3,2022,196776.18,1.0,confirmed,"overlap=['muette', 'stade', 'table', 'tennis'] ; jugé en session : Salle tennis de table stade Muette : même création"
2023_10_27_014,2023,Piscine Château Landon - Travaux de rénovation,271874.5,10,20242024T03749,BOUYGUES BATIMENT ILE DE FRANCE,43390083400188,SA4-TRVX DE RENOVATION DE LA PISCINE CHATEAU LANDON PARIS 10,2024,8461700.12,1.0,confirmed,"overlap=['chateau', 'landon'] ; jugé en session : travaux de rénovation de la piscine Château Landon"
2023_10_27_014,2023,Piscine Château Landon - Travaux de rénovation,271874.5,10,20222022S02114,SOC. ETUDES BAT. TRAV. PUBL.,33977685800047,SA4_MOE RÉNOVATION PISCINE DE CHÂTEAU LANDON_75010 PARIS,2022,569500.0,1.0,confirmed,"overlap=['chateau', 'landon'] ; jugé en session : MOE de la rénovation de la piscine Château Landon"
2023_10_27_014,2023,Piscine Château Landon - Travaux de rénovation,271874.5,10,20222022S02060,UBIQUE,49306929800054,AMO RÉNOVATION PISCINE CHÂTEAU LANDON PARIS 75010,2022,106360.0,1.0,confirmed,"overlap=['chateau', 'landon'] ; jugé en session : AMO de la rénovation de la piscine Château Landon"
2023_12_33_015,2023,Eglise Saint-Esprit - Restauration des couvertures,271260.89,12,20201320000355,LEFEVRE SAS,35331873600058,SA4 TVX TOITURES EGLISE ST ESPRIT -LOT4 :ETANCHEITE/MACONNER,2020,619003.18,0.9,confirmed,"overlap=['esprit'] ; jugé en session : même église Saint-Esprit, toitures, lot étanchéité"
2023_12_33_015,2023,Eglise Saint-Esprit - Restauration des couvertures,271260.89,12,20201320000352,LYON ECHAFAUDAGE,49077234000025,SA4 TOITURES EGLISE ST ESPRIT -LOT1 : INSTAL.CHANT./ECHAFAUD,2020,1940363.59,0.85,confirmed,"overlap=['esprit'] ; jugé en session : même église Saint-Esprit, toitures, lot installation chantier"
2023_12_33_015,2023,Eglise Saint-Esprit - Restauration des couvertures,271260.89,12,20201320000353,PREMYS,32359288100078,SA4 TVX TOITURES EGLISE ST ESPRIT - LOT2 : DESAMIANTAGE,2020,559514.0,0.85,confirmed,"overlap=['esprit'] ; jugé en session : même église Saint-Esprit, toitures, lot désamiantage"
2023_12_33_015,2023,Eglise Saint-Esprit - Restauration des couvertures,271260.89,12,20201320000356,LES ETABLISSEMENTS GIFFARD,52284772200025,SA4 TVX TOITURES EGLISE ST ESPRIT -LOT5:MENUISERIE/METALLERI,2020,60500.0,0.85,confirmed,"overlap=['esprit'] ; jugé en session : même église Saint-Esprit, toitures, lot menuiserie"
2023_05_12_021,2023,Collège & annexes - 88 rue Monge 75005 -Modernisation ventilation de la cuisine,271258.29,5,20232023T04311,SOCIETE AURION ET COMPAGNIE,38302656400039,COLLÈGE PIERRE ALVISET 88 E MONGE VENTIL CUISINE REFECTOIRE,2023,428549.91,0.7,probable,"overlap=['monge'] ; jugé en session : même lieu et même opération : même collège 88 rue Monge, ventilation cuisine"
2023_15_42_002,2023,"Ecole maternelle Volontaires 17, rue des Volontaires - Modernisation des menuiseries",249066.33,15,20232023T03065,ART ET TECHNIQUE DE LA MENUISERIE,47777174500023,MODERNISATION MENUISERIES EM VOLONTAIRES 15EME,2023,212245.0,0.85,confirmed,overlap=['volontaires'] ; jugé en session : Menuiseries EM Volontaires : même école et opération
2023_18_51_009,2023,"Crèche collective 2, rue des Amiraux - Modernisation des menuiseries extérieures",248159.8,18,20222022T02836,ART ET TECHNIQUE DE LA MENUISERIE,47777174500023,TVX MENUISERIES DU R+3 DE LA CC 2 RUE AMIRAUX 75018 PARIS,2022,246562.58,0.85,confirmed,overlap=['amiraux'] ; jugé en session : Menuiseries crèche 2 rue des Amiraux : même opération
2023_15_42_001,2023,"Ecole élémentaire Blomet 19, rue Blomet - Réfection des menuiseries extérieures",246144.9,15,20232023T00700,ART DU BOIS SABIR,51000928500014,MODERNISATION MENUISERIES EXT. EE 19 RUE BLOMET 75015 PARIS,2023,403887.33,0.85,confirmed,overlap=['blomet'] ; jugé en session : Menuiseries extérieures EE 19 Blomet : même école et opération
2023_15_42_001,2023,"Ecole élémentaire Blomet 19, rue Blomet - Réfection des menuiseries extérieures",246144.9,15,20202020T04331,NORMANDIE PATRIMOINE,80161864600013,MODERNISATION MENUISERIES EXT BOIS EE 19 BLOMET 75015 PARIS,2020,428245.67,0.85,confirmed,overlap=['blomet'] ; jugé en session : Menuiseries extérieures EE 19 Blomet : même école et opération
2023_18_51_005,2023,"Ecole maternelle 72, rue Championnet - Modernisation et désamiantages des menuiseries de l'école",239150.17,18,20222022T03490,ART ET TECHNIQUE DE LA MENUISERIE,47777174500023,MENUISERIES EM CHAMPIONNET 18EME,2022,400434.0,0.85,confirmed,overlap=['championnet'] ; jugé en session : Menuiseries EM Championnet : même école et opération
2023_13_36_005,2023,"École polyvalente - 8 rue George Balanchine - Travaux d'étanchéité des terrasses, rénovation de la ventilation",208824.96,13,20232023T04437,ATTEC,51238993300049,ETANCHEITE TOITURES TERRASSES EP GEORGES BALANCHINE 13EME LO,2023,447000.0,1.0,confirmed,"overlap=['balanchine', 'etancheite', 'terrasses'] ; jugé en session : EP Balanchine, étanchéité toitures terrasses : même opération"
2023_13_36_005,2023,"École polyvalente - 8 rue George Balanchine - Travaux d'étanchéité des terrasses, rénovation de la ventilation",208824.96,13,20232023T04438,SP GENIE CLIMATIQUE,88883774700029,REFECTION TOITURES TERRASSES CVC EP BALANCHINE 13EME LOT 2,2023,202664.96,1.0,confirmed,"overlap=['balanchine', 'terrasses'] ; jugé en session : EP Balanchine, toitures terrasses et CVC : même opération"
2023_07_18_001,2023,Conservatoire Erik Satie -Modernisation des menuiseries extérieures,202899.5,7,20222022T02842,SERRURERIE MENUISERIE,39314897800017,MODERNISATION MENUISERIES EXTÉR ALAMINIUM CONSERVAT ERIK SAT,2022,563196.0,0.7,probable,"overlap=['erik'] ; jugé en session : même lieu et même opération : même conservatoire Erik Satie, menuiseries extérieures"
2023_16_45_008,2023,Stade Suchet - Rénovation de la salle de boxe et des vestiaires,198528.11,16,20212021T08898,LAFON TCE,88033226700033,"SA4 STADE SUCHET LOT1: TVX TCE VESTIAIRES, SALLE BOXE, LOCAU",2021,2560681.27,1.0,confirmed,"overlap=['boxe', 'stade', 'suchet', 'vestiaires'] ; jugé en session : Stade Suchet, vestiaires et salle de boxe : même opération"
2023_10_27_001,2023,"Ecole maternelle 49, rue Louis Blanc - Rénovation de l'étanchéité de la cour haut",191156.06,10,20222022T03900,CHAPELEC,32878186900065,TRAVAUX RÉNOVATION COUR HAUTE GS 49 RUE LOUIS BLANC PARIS 10,2022,327031.25,0.9,confirmed,"overlap=['blanc', 'louis'] ; jugé en session : même GS 49 Louis Blanc, rénovation cour haute"
2023_10_27_001,2023,"Ecole maternelle 49, rue Louis Blanc - Rénovation de l'étanchéité de la cour haut",191156.06,10,20202020T03817,EZEL,75359287200042,RÉNOVATION COUR HAUTE GROUPE SCOLAIRE SIS 49 R LOUIS BLANC,2020,204690.0,0.9,confirmed,"overlap=['blanc', 'louis'] ; jugé en session : même groupe scolaire 49 Louis Blanc, cour haute"
2023_00_9_004,2023,"Ecole élémentaire 6, rue de Louvois - Travaux de mise aux normes, modernisation du préau, cour oasis",181745.42,0,20222022T03142,COCHERY ILE DE FRANCE,41797626300018,TRAVAUX TRANSFORMATION COUR EE LOUVOIS PARIS 2 EN COUR OASIS,2022,222895.45,1.0,confirmed,"overlap=['louvois', 'oasis'] ; jugé en session : même école Louvois, transformation cour en oasis"
2023_20_57_013,2023,"Espace jeune 15, rue Leon Frapie -Insonorisation de la salle",177540.81,20,20232023T00916,S.R.B.I.,45316662100020,TRX INSONORISATION STUDIOS MUSIQUE ESPACE MAHALIA JACKSON,2023,217839.43,0.85,confirmed,"overlap=['insonorisation'] ; jugé en session : même lieu et même opération : même espace jeunes, insonorisation des studios"
2023_11_30_010,2023,Ecole maternelle - 5 impasse de la Baleine - Création d'une cour Oasis,174271.42,11,20232023T03284,VIABILITE TERRASSEMENT MATERIAUX,43864629100056,AMENAGEMENT D'UNE COUR OASIS À L'EM BALEINE 75011 PARIS,2023,142135.23,1.0,confirmed,"overlap=['baleine', 'oasis'] ; jugé en session : même EM impasse de la Baleine, cour oasis"
2023_09_24_001,2023,"Ecole élémentaire 10, rue de Clichy - Création d'un auvent",172892.2,9,20201210000105,FMD,30118807400035,TRAVAUX CRÉATION AUVENT COUR ÉLEMT. 10 CLICHY 75009 PARIS,2020,87500.0,1.0,confirmed,"overlap=['auvent', 'clichy'] ; jugé en session : même lieu et même opération : même école 10 Clichy, création d'auvent"
2023_16_45_001,2023,"Ecole maternelle 130 , rue de Longchamp - Ravalement de la façade, réfection étanchéité de laterrasse",168922.16,16,20232023T02499,FAT,49253586900027,MODERNISAT° ÉTANCHEITÉ TOITURES TERRASSES EE 130 LONGCHAMP,2023,132079.9,1.0,confirmed,"overlap=['etancheite', 'longchamp'] ; jugé en session : Étanchéité toitures terrasses 130 Longchamp : même opération"
2023_12_33_020,2023,Un terrain de sport couvert pour le collège public Courteline et le quartier,162436.38,12,20222022T00913,SMC2,45075840400047,SA4 TEP COLLEGE COURTELINE LOT2:FONDATIONS/CHARP/GROS OEUV.,2022,775701.15,0.9,confirmed,"overlap=['courteline'] ; jugé en session : même terrain couvert du collège Courteline, lot gros œuvre"
2023_12_33_020,2023,Un terrain de sport couvert pour le collège public Courteline et le quartier,162436.38,12,20222022T00912,LES PAVEURS DE MONTROUGE,57213102700029,SA4 COUVERTURE TEP COLLEGE COURTELINE LOT1:VRD/VEGETAL/BETON,2022,265999.8,0.85,confirmed,"overlap=['courteline'] ; jugé en session : même terrain couvert du collège Courteline, lot VRD"
2023_16_45_018,2023,Création d'une salle de tennis de table pour le 16e arrondissement,156937.14,16,20222022T06186,CISCO BATIMENT,45160661000033,SA4 CREAT SALLE TENNIS/TABLE_COUVERT TEP STADE MUETTE LOT2,2022,295173.0,1.0,confirmed,"overlap=['table', 'tennis'] ; jugé en session : Salle tennis de table stade Muette : même création, autre lot"
2023_16_45_018,2023,Création d'une salle de tennis de table pour le 16e arrondissement,156937.14,16,20222022T06238,TECHNOLOGIE DU BATIMENT ET SERVICES,52450648200040,SA4 CREAT SALLE TENNIS/TABLE COUV STADE MUETTE LOT3,2022,196776.18,1.0,confirmed,"overlap=['table', 'tennis'] ; jugé en session : Salle tennis de table stade Muette : même création, autre lot"
2023_16_45_003,2023,"Ecole élémentaire 18, rue Paul Valery - Rénovation de la toiture terrasse",147041.08,16,20232023T04017,CHAPELEC,32878186900065,DESAMIANTAGE ETANCHEITE TOITURES EP PAUL VALERY 16EME,2023,153443.86,1.0,confirmed,"overlap=['paul', 'valery'] ; jugé en session : Étanchéité toitures EP Paul Valéry : même école et opération"
2023_08_21_004,2023,"Ecole maternelle 7, rue de Moscou - Restructuration du rez-de-chaussée",146844.8,8,20232023T02824,ROCH'STONE,43980370100044,TRAVAUX RESTRUCTURATION PARTIELLE EM 7 RUE MOSCOU PARIS 8E,2023,209251.13,1.0,confirmed,"overlap=['moscou', 'restructuration'] ; jugé en session : même lieu et même opération : même école EM 7 rue de Moscou, restructuration"
2023_10_27_007,2023,"Crèche collective 241, rue la Fayette - Restructuration de la section des bébés",134118.74,10,20232023T04248,ROCH'STONE,43980370100044,TRAVAUX RESTRUCTURATION SECTION BB CC 241/243 LAFAYETTE 10E,2023,121500.0,1.0,confirmed,"overlap=['restructuration', 'section'] ; jugé en session : même crèche 241 Lafayette, restructuration section bébés"
2023_13_36_040,2023,Préserver et restaurer le patrimoine du Square Le Gall,131450.03,13,20202020S07254,APB ARCHITECTURE,84874182300019,MOE RESTAURAT°ELTS BATIS DU SQUARE RENE LE GALL 13ÈM,2020,80020.0,0.7,probable,overlap=['gall'] ; jugé en session : MOE restauration éléments bâtis du square Le Gall : même opération
2023_07_18_016,2023,"145, rue de l'Université - Travaux de restructuration",118919.15,7,20222022S07603,CABINET MAITRISE TECHNIQ. CONSTRUC.,66201291300031,MO RESTRUCTURATION CRECHE UNIVERSITE 75007,2022,198986.0,1.0,confirmed,"overlap=['restructuration', 'universite'] ; jugé en session : même lieu et même opération : même crèche Université, restructuration (MO)"
2023_07_18_016,2023,"145, rue de l'Université - Travaux de restructuration",118919.15,7,20242024T09129,EDILE CONSTRUCTION,37770055400050,SA4_RESTRUCT CRECHE UNIVERSITE 145 RUE DE L UNIVERSITE 75007,2024,1499282.84,0.85,confirmed,"overlap=['universite'] ; jugé en session : même lieu et même opération : même crèche 145 rue de l'Université, restructuration"
2023_00_9_034,2023,Cuisine centrale de Paris Centre,116506.63,0,20242024S05850,AMOES,49519128000108,SUBSÉQUENT AMO CRÉATION CUISINE CENTRALE EM P.DUBOIS 75003,2024,61275.0,0.85,confirmed,"overlap=['centrale'] ; jugé en session : AMO création cuisine centrale, EM Paul Dubois, Paris Centre"
2023_00_9_034,2023,Cuisine centrale de Paris Centre,116506.63,0,decp-2025T13152,DESIGN CONSTRUCTION ET RENOVATION,82363386200029,Transformation de l'école maternelle Paul Dubois en cuisine centrale - Structure - fondations - GO - VRD - Ravalement - Couverture,2025,1067008.47,0.85,confirmed,"overlap=['centrale'] ; jugé en session : transformation EM Paul Dubois en cuisine centrale, même opération"
2023_17_48_003,2023,"Ecole élémentaire 49, rue Legendre - Rénovation de la toiture du bâtiment principal",115279.73,17,20232023T04366,ENTREPRISE PATTOU,73201065700037,MODERNISATION DE LA COUVERTURE EE 49 RUE LEGENDRE 75017,2023,257800.0,0.85,confirmed,"overlap=['legendre'] ; jugé en session : Couverture EE 49 rue Legendre : même école, toiture"
2023_10_27_004,2023,"Ecole élémentaire 3, rue de Belzunce - Cour Oasis",113059.58,10,20242024T02944,ESPACES TP,75331059800010,LOT 1 _ TRAVAUX RÉAMÉNAGEMENTS COUR EP 3 RUE BELZUNCE 10E,2024,136371.84,0.85,confirmed,"overlap=['belzunce'] ; jugé en session : même école 3 rue Belzunce, réaménagement de cour"
2023_15_42_034,2023,Poursuivre la coulée verte dans le quartier Beaugrenelle,109396.86,15,20242024T09781,MARCEL VILLETTE,39040929000033,SA3.MS_AC.TRX ESP VERTS PHASE4 COULÉE VERTE BEAUGRENE 15E VP,2024,631490.43,1.0,confirmed,"overlap=['coulee', 'verte'] ; jugé en session : Coulée verte Beaugrenelle, travaux d'espaces verts : même opération"
2023_11_30_002,2023,Ecole élémentaire - 24 rue Saint Sébastien - Réfection de la cour oasis,109098.69,11,20222022T03609,COCHERY ILE DE FRANCE,41797626300018,COURS OASIS LOT3 EE SAINT SEBATIEN 11EME,2022,320261.2,0.7,probable,"overlap=['oasis'] ; jugé en session : même école Saint-Sébastien, cour oasis"
2023_10_27_013,2023,"Ecole maternelle 20, rue Paradis - Travaux suite désordres des hourdis",106259.86,10,20202020T04037,BAT TRAVAUX NEUFS RENOV CONSTRUCTIO,39872259500046,TRAVAUX REPRISE PLANCHERS SUITE DÉSORDRES HOURDIS EM PARADIS,2020,1134106.71,1.0,confirmed,"overlap=['desordres', 'hourdis', 'paradis', 'suite'] ; jugé en session : même EM Paradis, reprise planchers suite désordres hourdis"
2023_11_30_011,2023,"Ecole maternelle - 6 cité Voltaire - Cour oasis, travaux de modernisation des portes et fenêtres",103386.23,11,20222022T03985,ETS SYLVAIN JOYEUX GENNEVILLIERS,32933888302274,AMENAGEMENT D'UNE COURS OASIS EM 6/8 CITÉ VOLTAIRE 75011 PAR,2022,207739.63,1.0,confirmed,"overlap=['cite', 'oasis', 'voltaire'] ; jugé en session : même EM cité Voltaire, aménagement cour oasis"
2023_00_9_005,2023,"Ecole maternelle 52, rue de Turenne - Reconstruction de l'escalier principal et modernisation des menuiseries extérieures",102425.48,0,20222022T06328,BEPOX,37762748400050,RÉFECTION ESCALIER A EM 52 TURENNE 3E LOT 2 CHARPENTE BOIS,2022,154739.8,1.0,confirmed,"overlap=['escalier', 'turenne'] ; jugé en session : même EM 52 Turenne, réfection escalier, lot 2"
2023_00_9_005,2023,"Ecole maternelle 52, rue de Turenne - Reconstruction de l'escalier principal et modernisation des menuiseries extérieures",102425.48,0,20222022T06009,ATELIER PHILIPPE D ART,39473981700010,LOT 3 TRAVAUX RÉFECTION ESCALIER A EM 52 TURENNE PARIS 3E,2022,77909.44,1.0,confirmed,"overlap=['escalier', 'turenne'] ; jugé en session : même EM 52 Turenne, réfection escalier, lot 3"
2023_09_24_021,2023,Crèche collective municipale Drouot - Travaux de restructuration,99921.91,9,20222022S07602,CABINET MAITRISE TECHNIQ. CONSTRUC.,66201291300031,MO RESTRUCTURATION CRECHE DROUOT 75009,2022,236090.0,1.0,confirmed,"overlap=['drouot', 'restructuration'] ; jugé en session : même lieu et même opération : même crèche Drouot, restructuration"
2023_13_36_018,2023,Rue Baptiste Renard - Travaux de réaménagement,99064.96,13,20242024T11470,EUROVIA ILE DE FRANCE,42094822600089,SA3_MS_TRX_AMNGT_RUES NATIONALE/STHRAU/BAPTISTE RENARD 75013,2024,2612625.31,1.0,confirmed,"overlap=['baptiste', 'renard'] ; jugé en session : Aménagement de la rue Baptiste Renard, nommée dans le marché"
2023_11_30_019,2023,Centre sportif Cour des Lions - 9 rue Alphonse Baudin - Mise aux normes SSI et désenfumage,98462.22,11,20232023T04705,SONALARME,42101108100039,RÉNOVATION SSI CS COUR DES LIONS PARIS 75011,2023,74064.6,0.7,probable,"overlap=['lions'] ; jugé en session : même centre sportif Cour des Lions, mise aux normes SSI"
2023_14_39_008,2023,Jardin Anna Marly - Modernisation type coulée verte,97722.21,14,20232023T00728,TERIDEAL AGRIGEX ENVIRONNEMENT,32534895100097,SA3 MSAC TVX REAMENAGEMENT DU JARDIN ANNA MARLY PARIS 14EME,2023,720705.59,0.95,confirmed,"overlap=['anna', 'marly'] ; jugé en session : Réaménagement du jardin Anna Marly : même jardin et opération"
2023_11_30_005,2023,Ecole élémentaire - 8 cité VOLTAIRE -Modernisation des menuiseries (portes et fenêtres),91359.99,11,20232023T00598,ART ET TECHNIQUE DE LA MENUISERIE,47777174500023,MODERNISAT° DES MENUISERIES EXTERIEURES DU GS VOLTAIRE 11ÈME,2023,278705.0,0.85,confirmed,"overlap=['voltaire'] ; jugé en session : même école cité Voltaire, modernisation des menuiseries extérieures"
2023_11_30_001,2023,Ecole élémentaire - 109 avenue Parmentier - Modernisation de la couverture (grande section),91303.42,11,20222022T03608,AUCHET,44279938300041,REFACT° DE LA COUVERTURE DU BAT EE 109 AV PARMENTIER 75011,2022,143887.94,0.85,confirmed,"overlap=['parmentier'] ; jugé en session : même école 109 av. Parmentier, refonte de la couverture"
2023_00_9_020,2023,Place Joachim-Du-Bellay,90868.59,0,20232023T02043,UNION TECHNIQUE DU BATIMENT,57206414500145,SA4.RESTAURAT°FTAINE PL JOACHIM DU BELLAY. COUVERTURE LOT 2,2023,254385.85,1.0,confirmed,"overlap=['bellay', 'joachim'] ; jugé en session : même place Joachim-du-Bellay, restauration fontaine, lot couverture"
2023_05_12_012,2023,"Equipement multi-accueil 38, rue Pierre Nicole -Réaménagement de la salle de bain",84198.09,5,20222022T02223,TRAVAUX BATIMENTS ELECTRICITE SECUR,39436621500041,RÉAMÉNAG DE LA SALLE DE CHANGE ET SALLE D'EVEIL HG P. NICOLE,2022,58333.15,0.85,confirmed,"overlap=['nicole'] ; jugé en session : même lieu et même opération : même multi-accueil P. Nicole, réaménagement salle de change/"
2023_08_21_000,2023,"Bibliothèque 3, rue de Lisbonne - Réaménagement des locaux",82143.72,8,20232023T00613,EIFFAGE CONSTRUCTION,80869891400021,SA4.DEMOLIT°GROS OEUV DESAMENTIAGE 3 RUE LISBONNE 75008 LOT1,2023,334876.84,0.9,confirmed,"overlap=['lisbonne'] ; jugé en session : même lieu et même opération : même bibliothèque 3 rue de Lisbonne, réaménagement"
2023_17_48_006,2023,"Ecole maternelle - 8, rue des Tapisseries - Réfection du sol de la cour",78428.79,17,20222022T03226,ASTEN,54205733600878,SUBSÉQUENT TVX COURS OASIS EM TAPISSERIES 75017,2022,312994.65,0.85,confirmed,"overlap=['tapisseries'] ; jugé en session : Cour oasis EM Tapisseries : même école, sol de cour"
2023_13_36_015,2023,Terrain d'éducation physique - 35 rue des Cordelières - Travaux de mise en accessibilité,65084.37,13,20232023T03011,SOGETHEC,51765203800020,RENOVATION ET ACCESSIBILITE TEP CORDELIERES 13EME,2023,161964.28,1.0,confirmed,"overlap=['accessibilite', 'cordelieres'] ; jugé en session : Rénovation et accessibilité TEP Cordelières : même équipement"
2023_05_12_008,2023,"Crèche collective 11, rue Censier - Rénovation des menuiseries extérieures",62552.98,5,20222022T01816,ENTREPRISE POMMEROL,42912800200012,TRAVX DE MODERNISAT° DES MENUISERIES EXTÉ CC 11 RUE CENSIER,2022,95973.66,0.85,confirmed,"overlap=['censier'] ; jugé en session : même lieu et même opération : même crèche 11 rue Censier, menuiseries extérieures"
2023_13_36_016,2023,Terrain d'éducation physique - 59 rue Dunois - Etudes (couverture du TEP),58991.16,13,20242024T00136,SMC2,45075840400047,SA4-TRVX AMENAGMENT ET DE COUVERTURE SUR LE TEP DUNOIS -LOT2,2024,1725888.37,0.9,confirmed,"overlap=['dunois'] ; jugé en session : Couverture du TEP Dunois : même équipement, études puis travaux"
2023_11_30_008,2023,Ecole maternelle - 4 cité Souzy - Modernisation des façades et du réseau eaux pluviales,55752.01,11,20222022S08201,APB ARCHITECTURE,84874182300019,MOE MODERNISAT° DES FACADESDE EM 4/12 CITE SOUZY 75011 PARIS,2022,70760.0,0.9,confirmed,"overlap=['cite', 'souzy'] ; jugé en session : MOE façades de l'EM cité Souzy, même opération"
2023_11_30_008,2023,Ecole maternelle - 4 cité Souzy - Modernisation des façades et du réseau eaux pluviales,55752.01,11,20232023S07923,APB ARCHITECTURE,84874182300019,"MOE MODERNISAT° DES FAÇADES DE L’EM 4/12 CITÉ SOUZY,75011",2023,99234.71,0.9,confirmed,"overlap=['cite', 'souzy'] ; jugé en session : MOE façades de l'EM cité Souzy, même opération"
2023_09_24_004,2023,"École polyvalente - 32 rue de Bruxelles - Cour Oasis, modernisation de la salle des adultes,",54581.85,9,20222022T02237,COCHERY ILE DE FRANCE,41797626300018,TVX TRANSFORMATION COURS EN COURS OASIS EE 32-34 BRUXELLES,2022,376186.52,1.0,confirmed,"overlap=['bruxelles', 'oasis'] ; jugé en session : même lieu et même opération : même école 32-34 Bruxelles, cour oasis"
2023_08_21_009,2023,Centre Paris Anim' espace Beaujon - rénovation toiture,50000.0,8,20222022T02942,ENTREPRISE ROUSSIERE,69202682600051,SA4 RENOVATION TOITURE HOTEL BEAUJON 8EME,2022,3982868.92,0.85,confirmed,"overlap=['beaujon'] ; jugé en session : même lieu et même opération : même hôtel Beaujon, rénovation toiture"
2023_08_21_009,2023,Centre Paris Anim' espace Beaujon - rénovation toiture,50000.0,8,20201210000360,1090 ARCHITECTES,80352183000015,MOE TRAVAUX RÉNOVATION TOITURES HÔTEL BEAUJON 208 FBG ST HON,2020,151397.04,0.85,confirmed,overlap=['beaujon'] ; jugé en session : même lieu et même opération : MOE rénovation toitures hôtel Beaujon 208 fbg St-Honoré
2023_09_24_012,2023,"Salle de sports 26, rue Buffault - Rénovation du plan de circulation",49999.99,9,20242024S07795,SARL AGATHE,38937911600061,MOE HORS LOI MOP SALLES DE SPORT BUFFAULT 26 RUE BUFFAULT,2024,47940.0,0.85,confirmed,"overlap=['buffault'] ; jugé en session : même lieu et même opération : même salle de sport 26 rue Buffault, MOE de l'opération"
2023_09_24_003,2023,Ecole maternelle - 12 rue Clauzel - Remplacement de la baie vitrée et suppression de la réserve,46363.75,9,20242024T00827,ART ET TECHNIQUE DE LA MENUISERIE,47777174500023,TRAVAUX MODERNISATION MENUISERIES EXTÉRIEURES EM 12 CLAUZEL,2024,226377.31,0.85,confirmed,"overlap=['clauzel'] ; jugé en session : même lieu et même opération : même école EM 12 Clauzel, menuiseries extérieures"
2023_07_18_002,2023,"École polyvalente 8, rue Chomel - Remplacement des menuiseries",39742.88,7,20222022T03224,ART ET TECHNIQUE DE LA MENUISERIE,47777174500023,E POLYVALENTE CHOMEL 7EME MENUISERIES PREAUX,2022,43850.0,1.0,confirmed,"overlap=['chomel', 'polyvalente'] ; jugé en session : même lieu et même opération : même école Chomel, menuiseries"
2023_07_18_002,2023,"École polyvalente 8, rue Chomel - Remplacement des menuiseries",39742.88,7,20222022T02229,SERRURERIE MENUISERIE,39314897800017,MODERNISATION MENUISERIES PRÉAU ÉCOLE MATERNELLE 8 CHOMEL,2022,60769.0,0.85,confirmed,"overlap=['chomel'] ; jugé en session : même lieu et même opération : même école maternelle 8 Chomel, menuiseries du préau"
2023_09_24_022,2023,Restauration de la Chapelle des Ames de Notre-Dame-de-Lorette,19828.51,9,20232023T05630,SOCIETE ENTREPRISE DEGAINE,56206287700021,RESTAURATION CHAPELLE EGLISE NOTRE DAME DE LORETTE 9EME,2023,283042.51,1.0,confirmed,"overlap=['chapelle', 'dame', 'lorette', 'notre'] ; jugé en session : même lieu et même opération : restauration chapelle église Notre-Dame-de-Lorette, même opé"
2023_18_51_023,2023,Aréna 2 - Construction,11982146.31,18,,,,,,,,no_match,aucun candidat retenu (score >= 0.60 puis jugement en session)
2023_05_12_023,2023,énergétiques et thermiques),5935705.45,5,,,,,,,,no_match,aucun candidat retenu (score >= 0.60 puis jugement en session)
2023_20_57_020,2023,"Ecole élémentaire 75, boulevard Davout - Construction de 10 salles de classe",5293789.14,20,,,,,,,,no_match,aucun candidat retenu (score >= 0.60 puis jugement en session)
2023_00_9_031,2023,Eglise Saint EustacheRestauration du massif d'entrée,4263319.04,0,,,,,,,,no_match,aucun candidat retenu (score >= 0.60 puis jugement en session)
2023_14_39_019,2023,ZAC Saint Vincent de Paul - Création d'une école,3686659.02,14,,,,,,,,no_match,aucun candidat retenu (score >= 0.60 puis jugement en session)
2023_13_36_029,2023,Ecole élémentaire 53 rue Baudricourt - Modernisation de la cuisine centrale et du réfectoire,2992309.14,13,,,,,,,,no_match,aucun candidat retenu (score >= 0.60 puis jugement en session)
2023_00_9_030,2023,Eglise Saint Gervais-Saint-Protais - Clocher et bras nord du transept,2852192.95,0,,,,,,,,no_match,aucun candidat retenu (score >= 0.60 puis jugement en session)
2023_14_39_021,2023,ZAC Saint Vincent de Paul - Création d'un Gymnase,2630512.98,14,,,,,,,,no_match,aucun candidat retenu (score >= 0.60 puis jugement en session)
2023_20_57_023,2023,"Crèche collective 73, boulevard Davout - Construction d'une crèche",2493214.25,20,,,,,,,,no_match,aucun candidat retenu (score >= 0.60 puis jugement en session)
2023_20_57_024,2023,"Crèche collective 29, rue des Maraichers - Construction d'une crèche",2288889.22,20,,,,,,,,no_match,aucun candidat retenu (score >= 0.60 puis jugement en session)
2023_11_30_033,2023,Ecole maternelle Souzy - Rénovation de la cuisine,1927187.8,11,,,,,,,,no_match,aucun candidat retenu (score >= 0.60 puis jugement en session)
2023_18_51_022,2023,Requalification de la rue de la Goutte d'Or,1760056.2,18,,,,,,,,no_match,aucun candidat retenu (score >= 0.60 puis jugement en session)
2023_13_36_026,2023,Quartier Choisy / Jeanne d'Arc : Diverses rues et rues aux écoles,1759556.82,13,,,,,,,,no_match,aucun candidat retenu (score >= 0.60 puis jugement en session)
2023_13_36_006,2023,"installations électriques, schéma fonctionnel,",1537390.03,13,,,,,,,,no_match,aucun candidat retenu (score >= 0.60 puis jugement en session)
2023_11_30_031,2023,Embellir votre quartier - République Saint - Ambroise,1435676.62,11,,,,,,,,no_match,aucun candidat retenu (score >= 0.60 puis jugement en session)
2023_18_51_031,2023,Rénovons l’équipement sportif du Centre Bertrand Dauvin,1255811.08,18,,,,,,,,no_match,aucun candidat retenu (score >= 0.60 puis jugement en session)
2023_15_42_032,2023,Réaménager le quartier Bargue/Falguière,1242486.18,15,,,,,,,,no_match,aucun candidat retenu (score >= 0.60 puis jugement en session)
2023_17_48_023,2023,Restructuration du service de restauration,1189299.25,17,,,,,,,,no_match,aucun candidat retenu (score >= 0.60 puis jugement en session)
2023_18_51_021,2023,"Crèche collective 1, place Mac Orlan - Travaux de restructuration",1140176.6,18,,,,,,,,no_match,aucun candidat retenu (score >= 0.60 puis jugement en session)
2023_20_57_025,2023,remplacement du gazon,1106596.45,20,,,,,,,,no_match,aucun candidat retenu (score >= 0.60 puis jugement en session)
2023_14_39_020,2023,ZAC Saint Vincent de Paul - Création d'une crèche,1080828.01,14,,,,,,,,no_match,aucun candidat retenu (score >= 0.60 puis jugement en session)
2023_10_27_012,2023,Mairie du 10ème arrondissement - Restauration des façades et des menuiseries,1079899.85,10,,,,,,,,no_match,aucun candidat retenu (score >= 0.60 puis jugement en session)
2023_11_30_034,2023,Mairie d'arrondissement - Ravalement et couverture,1075919.16,11,,,,,,,,no_match,aucun candidat retenu (score >= 0.60 puis jugement en session)
2023_19_54_015,2023,Quartier Meaux - Secrétan,1064661.95,19,,,,,,,,no_match,aucun candidat retenu (score >= 0.60 puis jugement en session)
2023_00_9_008,2023,"et de rangements, réalisation de sanitaires et de locaux (maternelle), travaux (réfectoire et cuisine)",1034490.42,0,,,,,,,,no_match,aucun candidat retenu (score >= 0.60 puis jugement en session)
2023_19_54_029,2023,Ville refuge,1021826.66,19,,,,,,,,no_match,aucun candidat retenu (score >= 0.60 puis jugement en session)
2023_11_30_046,2023,"Rénover les trottoirs rues Saint-Maur, Oberkampf et Timbaud",961736.96,11,,,,,,,,no_match,aucun candidat retenu (score >= 0.60 puis jugement en session)
2023_09_24_017,2023,Boulevard Montmartre - Piste cyclable,952506.72,9,,,,,,,,no_match,aucun candidat retenu (score >= 0.60 puis jugement en session)
2023_17_48_027,2023,Parcs de stationnememnt Porte Maillot,893581.82,17,,,,,,,,no_match,aucun candidat retenu (score >= 0.60 puis jugement en session)
2023_15_42_033,2023,Rénover nos écoles,882484.92,15,,,,,,,,no_match,aucun candidat retenu (score >= 0.60 puis jugement en session)
2023_14_39_023,2023,Îlot Gaité Montparnasse - Aménagement de voirie avenue du Maine,877786.97,14,,,,,,,,no_match,aucun candidat retenu (score >= 0.60 puis jugement en session)
2023_00_9_039,2023,Rénovation de la fontaine Niki de Saint Phalle,859868.96,0,,,,,,,,no_match,aucun candidat retenu (score >= 0.60 puis jugement en session)
2023_00_9_029,2023,Eglise Saint-Louis en l'île -Toitures et façades,857570.37,0,,,,,,,,no_match,aucun candidat retenu (score >= 0.60 puis jugement en session)
2023_11_30_041,2023,"Favoriser l’économie sociale, solidaire et circulaire",852600.0,11,,,,,,,,no_match,aucun candidat retenu (score >= 0.60 puis jugement en session)
2023_08_21_015,2023,menuiseries,820830.59,8,,,,,,,,no_match,aucun candidat retenu (score >= 0.60 puis jugement en session)
2023_07_18_015,2023,Crèche collective,780316.38,7,,,,,,,,no_match,aucun candidat retenu (score >= 0.60 puis jugement en session)
2023_17_48_032,2023,Rénovation des avenues de Saint-Ouen et de Clichy,746704.24,17,,,,,,,,no_match,aucun candidat retenu (score >= 0.60 puis jugement en session)
2023_17_48_026,2023,"Rénovation du site, reconstruction des tribunes",740561.46,17,,,,,,,,no_match,aucun candidat retenu (score >= 0.60 puis jugement en session)
2023_19_54_003,2023,façade amiantée,740427.35,19,,,,,,,,no_match,aucun candidat retenu (score >= 0.60 puis jugement en session)
2023_19_54_002,2023,"des locaux (réfectoire, périscolaire…), aménagement des jardinières",737133.93,19,,,,,,,,no_match,aucun candidat retenu (score >= 0.60 puis jugement en session)
2023_05_12_025,2023,Amplifier la pratique sportive dans le 5e,714715.39,5,,,,,,,,no_match,aucun candidat retenu (score >= 0.60 puis jugement en session)
2023_17_48_022,2023,Quartier Ternes - Maillot,702951.7,17,,,,,,,,no_match,aucun candidat retenu (score >= 0.60 puis jugement en session)
2023_15_42_014,2023,restructuration,701852.12,15,,,,,,,,no_match,aucun candidat retenu (score >= 0.60 puis jugement en session)
2023_16_45_010,2023,Rue Massenet - Travaux de voirie,700709.77,16,,,,,,,,no_match,aucun candidat retenu (score >= 0.60 puis jugement en session)
2023_17_48_031,2023,Réhabilitation de la sortie station de Métro La Fourche,700000.0,17,,,,,,,,no_match,aucun candidat retenu (score >= 0.60 puis jugement en session)
2023_19_54_026,2023,Rénover les gymnases Lilas et Curial,692146.79,19,,,,,,,,no_match,aucun candidat retenu (score >= 0.60 puis jugement en session)
2023_17_48_033,2023,Entretenir et sécuriser les rues et trottoirs du 17ème,626588.31,17,,,,,,,,no_match,aucun candidat retenu (score >= 0.60 puis jugement en session)
2023_13_36_028,2023,Collège Flaubert - 82 avenune d'Ivry - Restructuration de la cuisine,613977.77,13,,,,,,,,no_match,aucun candidat retenu (score >= 0.60 puis jugement en session)
2023_06_15_011,2023,Restaurer deux chapelles de l'église Saint-Sulpice,613178.11,6,,,,,,,,no_match,aucun candidat retenu (score >= 0.60 puis jugement en session)
2023_08_21_010,2023,Rue de Moscou - Embellir votre quartier,589630.3,8,,,,,,,,no_match,aucun candidat retenu (score >= 0.60 puis jugement en session)
2023_06_15_006,2023,Boulevard Saint Michel - Travaux sur la piste cyclable,582627.06,6,,,,,,,,no_match,aucun candidat retenu (score >= 0.60 puis jugement en session)
2023_18_51_020,2023,Mairie du 18ème arrondissement - Travaux de restructuration,559882.61,18,,,,,,,,no_match,aucun candidat retenu (score >= 0.60 puis jugement en session)
2023_07_18_019,2023,Restaurer le Champ de Mars,558126.77,7,,,,,,,,no_match,aucun candidat retenu (score >= 0.60 puis jugement en session)
2023_14_39_025,2023,Un jardin sur les toits du stade Elisabeth,556740.52,14,,,,,,,,no_match,aucun candidat retenu (score >= 0.60 puis jugement en session)
2023_17_48_024,2023,Désamiantage du bâtiment annexe,555737.06,17,,,,,,,,no_match,aucun candidat retenu (score >= 0.60 puis jugement en session)
2023_15_42_030,2023,Rénovation de l'Île aux cygnes,555303.55,15,,,,,,,,no_match,aucun candidat retenu (score >= 0.60 puis jugement en session)
2023_08_21_014,2023,Eglise Saint-Philippe du Roule - Restauration des toitures,551034.75,8,,,,,,,,no_match,aucun candidat retenu (score >= 0.60 puis jugement en session)
2023_16_45_004,2023,réaménagement des locaux,549640.62,16,,,,,,,,no_match,aucun candidat retenu (score >= 0.60 puis jugement en session)
2023_14_39_009,2023,"Crèche collective 15, rue Bardinet - Travaux de rénovation et d'entretien",538812.96,14,,,,,,,,no_match,aucun candidat retenu (score >= 0.60 puis jugement en session)
2023_19_54_020,2023,Centre d'hébergement - Création,532971.84,19,,,,,,,,no_match,aucun candidat retenu (score >= 0.60 puis jugement en session)
2023_19_54_008,2023,"rénovation et aménagement des bureaux, remplacement SSI,",531463.03,19,,,,,,,,no_match,aucun candidat retenu (score >= 0.60 puis jugement en session)
2023_08_21_007,2023,"Crèche collective 208, rue du Faubourg Saint Honoré - Rénovation de la toiture",527016.25,8,,,,,,,,no_match,aucun candidat retenu (score >= 0.60 puis jugement en session)
2023_00_9_044,2023,Beaubourg s’ouvre sur les rues Simon le Franc et Geoffroy-l’Angevin,524887.76,0,,,,,,,,no_match,aucun candidat retenu (score >= 0.60 puis jugement en session)
2023_15_42_028,2023,Travaux de restructuration,522142.58,15,,,,,,,,no_match,aucun candidat retenu (score >= 0.60 puis jugement en session)
2023_07_18_018,2023,Espaces jeunesse,522090.21,7,,,,,,,,no_match,aucun candidat retenu (score >= 0.60 puis jugement en session)
2023_12_33_011,2023,Rues de Reuilly et Place Sarah Monod - Embellir votre quartier,519113.7,12,,,,,,,,no_match,aucun candidat retenu (score >= 0.60 puis jugement en session)
2023_19_54_023,2023,Des collèges mieux équipés et plus confortables,515007.3,19,,,,,,,,no_match,aucun candidat retenu (score >= 0.60 puis jugement en session)
2023_18_51_019,2023,École polyvalente rue du Pré - Construction de 12 salles de classe,510400.44,18,,,,,,,,no_match,aucun candidat retenu (score >= 0.60 puis jugement en session)
2023_15_42_027,2023,Quartier Emeriau-Zola,509659.92,15,,,,,,,,no_match,aucun candidat retenu (score >= 0.60 puis jugement en session)
2023_17_48_013,2023,des postes de change,499368.88,17,,,,,,,,no_match,aucun candidat retenu (score >= 0.60 puis jugement en session)
2023_11_30_036,2023,Centre d'animation Mercoeur - Travaux d'aménagement,496890.51,11,,,,,,,,no_match,aucun candidat retenu (score >= 0.60 puis jugement en session)
2023_14_39_022,2023,Réinventer Montparnasse,494793.22,14,,,,,,,,no_match,aucun candidat retenu (score >= 0.60 puis jugement en session)
2023_13_36_030,2023,Mairie d'arrondissement - Ravalement des façades,489734.47,13,,,,,,,,no_match,aucun candidat retenu (score >= 0.60 puis jugement en session)
2023_16_45_005,2023,Jardin du Trocadéro - Rénovation du réseau d'assainissement et mise aux normes de l'éclairage,484483.68,16,,,,,,,,no_match,aucun candidat retenu (score >= 0.60 puis jugement en session)
2023_15_42_007,2023,"passage, réfection partielle de la toiture, réparation des fissures de la cheminée de la cour",484381.58,15,,,,,,,,no_match,aucun candidat retenu (score >= 0.60 puis jugement en session)
2023_05_12_024,2023,(Collège Raymond Quenaud et école maternelle Mouffetard),466575.03,5,,,,,,,,no_match,aucun candidat retenu (score >= 0.60 puis jugement en session)
2023_11_30_014,2023,"change, modernisation des menuiseries, travaux de ravalement, modernisation de la ventilation",464548.97,11,,,,,,,,no_match,aucun candidat retenu (score >= 0.60 puis jugement en session)
2023_11_30_012,2023,Quartier République - Saint-Ambroise,460242.69,11,,,,,,,,no_match,aucun candidat retenu (score >= 0.60 puis jugement en session)
2023_15_42_031,2023,Parc A.Citroën - Rénovation du Grand Canal,458059.46,15,,,,,,,,no_match,aucun candidat retenu (score >= 0.60 puis jugement en session)
2023_17_48_030,2023,Embellir et rénover les écoles du 17ème,454102.81,17,,,,,,,,no_match,aucun candidat retenu (score >= 0.60 puis jugement en session)
2023_15_42_035,2023,Favoriser la pratique du sport dans le 15ème,451543.84,15,,,,,,,,no_match,aucun candidat retenu (score >= 0.60 puis jugement en session)
2023_08_21_001,2023,"Ecole maternelle & annexes 12, rue de la Bienfaisance - Cours OASIS",449063.34,8,,,,,,,,no_match,aucun candidat retenu (score >= 0.60 puis jugement en session)
2023_13_36_036,2023,Des cantines plus agréables pour nos enfants dans 11 écoles,447659.47,13,,,,,,,,no_match,aucun candidat retenu (score >= 0.60 puis jugement en session)
2023_19_54_005,2023,"Ecole maternelle 26 C, rue Archereau - Réfection de la toiture, aménagement de l'entrée",442945.6,19,,,,,,,,no_match,aucun candidat retenu (score >= 0.60 puis jugement en session)
2023_15_42_016,2023,terrain de rugby,438810.93,15,,,,,,,,no_match,aucun candidat retenu (score >= 0.60 puis jugement en session)
2023_11_30_045,2023,Réduire l'empreinte écologique des bâtiments,435245.69,11,,,,,,,,no_match,aucun candidat retenu (score >= 0.60 puis jugement en session)
2023_12_33_018,2023,Construire des cours Oasis pour nos écoles,432727.83,12,,,,,,,,no_match,aucun candidat retenu (score >= 0.60 puis jugement en session)
2023_19_54_027,2023,Rénover les gymnases du 19e,432539.83,19,,,,,,,,no_match,aucun candidat retenu (score >= 0.60 puis jugement en session)
2023_18_51_027,2023,Centre Paris Anim' Hébert - Restructuration,425440.71,18,,,,,,,,no_match,aucun candidat retenu (score >= 0.60 puis jugement en session)
2023_10_27_022,2023,Réduire l'empreinte écologique des bâtiments,423367.99,10,,,,,,,,no_match,aucun candidat retenu (score >= 0.60 puis jugement en session)
2023_00_9_028,2023,"Saint-Louis en l'île (rue aux écoles), rue des Vertus (rue aux écoles),",420166.64,0,,,,,,,,no_match,aucun candidat retenu (score >= 0.60 puis jugement en session)
2023_13_36_035,2023,Aménager et rénover l’église Notre-Dame-de-la-Gare,418698.75,13,,,,,,,,no_match,aucun candidat retenu (score >= 0.60 puis jugement en session)
2023_00_9_024,2023,De la rue Simon le Franc à la rue Geoffroy l'Angevin - Réfection de la chaussée (dont diagnostic amiante),409522.32,0,,,,,,,,no_match,aucun candidat retenu (score >= 0.60 puis jugement en session)
2023_07_18_009,2023,Rénovation de la chaussée,402638.22,7,,,,,,,,no_match,aucun candidat retenu (score >= 0.60 puis jugement en session)
2023_13_36_011,2023,des menuiseries,400065.39,13,,,,,,,,no_match,aucun candidat retenu (score >= 0.60 puis jugement en session)
2023_09_24_024,2023,Maison YMCA,400000.0,9,,,,,,,,no_match,aucun candidat retenu (score >= 0.60 puis jugement en session)
2023_10_27_020,2023,De la diversité commerciale et artisanale dans nos quartiers,400000.0,10,,,,,,,,no_match,aucun candidat retenu (score >= 0.60 puis jugement en session)
2023_07_18_017,2023,Restaurer et embellir les églises du 7e arrondissement,396030.45,7,,,,,,,,no_match,aucun candidat retenu (score >= 0.60 puis jugement en session)
2023_11_30_043,2023,Square Jean Aicard : le square fait vivre !,391443.13,11,,,,,,,,no_match,aucun candidat retenu (score >= 0.60 puis jugement en session)
2023_06_15_009,2023,Eglise Saint-Germain des Prés - Travaux de restauration,384935.5,6,,,,,,,,no_match,aucun candidat retenu (score >= 0.60 puis jugement en session)
2023_17_48_021,2023,Quartier des Epinettes - Rue aux écoles (Dautancourt et Lacaille),384106.97,17,,,,,,,,no_match,aucun candidat retenu (score >= 0.60 puis jugement en session)
2023_20_57_016,2023,Avenue Gambetta,380448.44,20,,,,,,,,no_match,aucun candidat retenu (score >= 0.60 puis jugement en session)
2023_14_39_018,2023,Ecole Spéciale d'architecture - Restauration des façades par phase,366999.9,14,,,,,,,,no_match,aucun candidat retenu (score >= 0.60 puis jugement en session)
2023_10_27_015,2023,Boulevard de la Chapelle - Travaux d'aménagement,366321.14,10,,,,,,,,no_match,aucun candidat retenu (score >= 0.60 puis jugement en session)
2023_19_54_028,2023,Améliorer nos terrains d’éducation physique,357351.4,19,,,,,,,,no_match,aucun candidat retenu (score >= 0.60 puis jugement en session)
2023_14_39_013,2023,Place Constantin-Brancusi - Travaux d'aménagement,355508.84,14,,,,,,,,no_match,aucun candidat retenu (score >= 0.60 puis jugement en session)
2023_06_15_007,2023,Rue Auguste - Désamiantage et Réfection du tapis,354712.51,6,,,,,,,,no_match,aucun candidat retenu (score >= 0.60 puis jugement en session)
2023_18_51_001,2023,"du plafonds du préau, divers travaux",348851.95,18,,,,,,,,no_match,aucun candidat retenu (score >= 0.60 puis jugement en session)
2023_18_51_007,2023,brumisateurs),345498.25,18,,,,,,,,no_match,aucun candidat retenu (score >= 0.60 puis jugement en session)
2023_00_9_032,2023,Eglise Saint-Eustache -Restauration du massif d'entrée,344098.42,0,,,,,,,,no_match,aucun candidat retenu (score >= 0.60 puis jugement en session)
2023_20_57_028,2023,Réaménager les espaces sportifs des jardins du 20e,343720.63,20,,,,,,,,no_match,aucun candidat retenu (score >= 0.60 puis jugement en session)
2023_18_51_002,2023,"Ecole élémentaire 5, rue Ferdinand Flocon - Étanchéisation verrière du réfectoire",341117.36,18,,,,,,,,no_match,aucun candidat retenu (score >= 0.60 puis jugement en session)
2023_13_36_002,2023,aménagement du parking,340767.65,13,,,,,,,,no_match,aucun candidat retenu (score >= 0.60 puis jugement en session)
2023_20_57_017,2023,"Saint Fargeau, rue Devéria - Embellir votre quartier",332113.46,20,,,,,,,,no_match,aucun candidat retenu (score >= 0.60 puis jugement en session)
2023_08_21_011,2023,Place Saint-Augustin - Embellir votre quartier,331319.05,8,,,,,,,,no_match,aucun candidat retenu (score >= 0.60 puis jugement en session)
2023_16_45_007,2023,l'étanchéité de la terrasse et de l'allée de secours bébés,330468.27,16,,,,,,,,no_match,aucun candidat retenu (score >= 0.60 puis jugement en session)
2023_17_48_029,2023,"Une cour rénovée pour les écoles Laugier, Fourcroy, Renaudes",327145.95,17,,,,,,,,no_match,aucun candidat retenu (score >= 0.60 puis jugement en session)
2023_20_57_002,2023,Ecole élémentaire 20 rue Maryse Hilsz - Modernisation des menuiseries extérieures R+1 (tranche 1/3),324006.77,20,,,,,,,,no_match,aucun candidat retenu (score >= 0.60 puis jugement en session)
2023_16_45_011,2023,Rue Poussin - Travaux de voirie,321372.04,16,,,,,,,,no_match,aucun candidat retenu (score >= 0.60 puis jugement en session)
2023_15_42_029,2023,Restructuration et extension du groupe scolaire,320235.07,15,,,,,,,,no_match,aucun candidat retenu (score >= 0.60 puis jugement en session)
2023_12_33_013,2023,Rues de Reuilly et Rue Montgallet - Embellir votre quartier,318765.21,12,,,,,,,,no_match,aucun candidat retenu (score >= 0.60 puis jugement en session)
2023_20_57_027,2023,Résidences sociales,315000.0,20,,,,,,,,no_match,aucun candidat retenu (score >= 0.60 puis jugement en session)
2023_15_42_024,2023,Boulevard Lefebvre - Rénovation de la chaussée,311604.56,15,,,,,,,,no_match,aucun candidat retenu (score >= 0.60 puis jugement en session)
2023_00_9_010,2023,Square Louis-XIII - Rénovation des sols,305963.64,0,,,,,,,,no_match,aucun candidat retenu (score >= 0.60 puis jugement en session)
2023_19_54_006,2023,"Ecole maternelle 58 A, rue Archereau - Rénovation partielle de l'école",303761.34,19,,,,,,,,no_match,aucun candidat retenu (score >= 0.60 puis jugement en session)
2023_10_27_021,2023,L'agora du faubourg: Ouverture d'une agora solidaire dans le quartier Saint Denis - Paradis,303758.51,10,,,,,,,,no_match,aucun candidat retenu (score >= 0.60 puis jugement en session)
2023_12_33_012,2023,Jardin de Reuilly et place du Colonel Bourgoin - Embellir votre quartier,303564.7,12,,,,,,,,no_match,aucun candidat retenu (score >= 0.60 puis jugement en session)
2023_00_9_040,2023,Bâtiment administratif - Rue de l'Arsenal,303372.53,0,,,,,,,,no_match,aucun candidat retenu (score >= 0.60 puis jugement en session)
2023_18_51_018,2023,Ateliers Beaux Arts Chapelle Internationale - construction,298456.71,18,,,,,,,,no_match,aucun candidat retenu (score >= 0.60 puis jugement en session)
2023_18_51_014,2023,Goutte d'Or - Embellir votre quartier,294951.86,18,,,,,,,,no_match,aucun candidat retenu (score >= 0.60 puis jugement en session)
2023_09_24_018,2023,Quartier Blanche Opéra,294241.76,9,,,,,,,,no_match,aucun candidat retenu (score >= 0.60 puis jugement en session)
2023_16_45_016,2023,Contre-allée Foch - Remise en état de l'éclairage,292957.8,16,,,,,,,,no_match,aucun candidat retenu (score >= 0.60 puis jugement en session)
2023_19_54_022,2023,#CoupsDeCulture,291874.06,19,,,,,,,,no_match,aucun candidat retenu (score >= 0.60 puis jugement en session)
2023_18_51_030,2023,Cinéma sous chapiteau à Clignancourt,280000.0,18,,,,,,,,no_match,aucun candidat retenu (score >= 0.60 puis jugement en session)
2023_12_33_010,2023,Boulevard de bercy - Travaux de voiries,276380.24,12,,,,,,,,no_match,aucun candidat retenu (score >= 0.60 puis jugement en session)
2023_07_18_012,2023,Avenue Anatole France - Rénovation du tapis,276279.79,7,,,,,,,,no_match,aucun candidat retenu (score >= 0.60 puis jugement en session)
2023_20_57_000,2023,remplacement du réseau d'eau menuiseries,273619.83,20,,,,,,,,no_match,aucun candidat retenu (score >= 0.60 puis jugement en session)
2023_19_54_007,2023,"Ecole maternelle 59 b, rue de Romainville - Sécurisation du bâti : Travaux clos-couvert",272940.31,19,,,,,,,,no_match,aucun candidat retenu (score >= 0.60 puis jugement en session)
2023_14_39_002,2023,"École polyvalente 69, rue de l'Ouest - Modernisation de la verrière des deux réfectoires",272081.92,14,,,,,,,,no_match,aucun candidat retenu (score >= 0.60 puis jugement en session)
2023_11_30_037,2023,Rue Richard Lenoir - Boulevard Jule Ferry : Travaux d'aménagement,271864.75,11,,,,,,,,no_match,aucun candidat retenu (score >= 0.60 puis jugement en session)
2023_13_36_031,2023,Travaux de restructuration,269530.77,13,,,,,,,,no_match,aucun candidat retenu (score >= 0.60 puis jugement en session)
2023_00_9_041,2023,Agir pour une ville plus propre,269520.19,0,,,,,,,,no_match,aucun candidat retenu (score >= 0.60 puis jugement en session)
2023_12_33_014,2023,Rue de Charenton - Embellir votre quartier,268597.97,12,,,,,,,,no_match,aucun candidat retenu (score >= 0.60 puis jugement en session)
2023_20_57_006,2023,Square de la Place de la Réunion - Rénovation des espaces et du réseau d'eau,265465.05,20,,,,,,,,no_match,aucun candidat retenu (score >= 0.60 puis jugement en session)
2023_12_33_017,2023,"Cèche collective 77, avenue du docteur Arnold Netter - Construction",265136.57,12,,,,,,,,no_match,aucun candidat retenu (score >= 0.60 puis jugement en session)
2023_13_36_001,2023,"d'escalier, création d'une réserve coupe-feu, remplacement des portes et de l'éclairage",264531.96,13,,,,,,,,no_match,aucun candidat retenu (score >= 0.60 puis jugement en session)
2023_07_18_005,2023,"(1er étage), création d'une palissade (terrasse)",263862.62,7,,,,,,,,no_match,aucun candidat retenu (score >= 0.60 puis jugement en session)
2023_00_9_002,2023,remplacement du système sécurité incendie,263614.61,0,,,,,,,,no_match,aucun candidat retenu (score >= 0.60 puis jugement en session)
2023_00_9_006,2023,"École polyvalente 11, rue Saint-Merri - Travaux d'étanchéité",256139.0,0,,,,,,,,no_match,aucun candidat retenu (score >= 0.60 puis jugement en session)
2023_15_42_036,2023,Rénovation de l’Île aux Cygnes,255352.31,15,,,,,,,,no_match,aucun candidat retenu (score >= 0.60 puis jugement en session)
2023_05_12_014,2023,"Gymnase 13, rue Buffon - Remplacement du sol sportif et de l'éclairage",253533.54,5,,,,,,,,no_match,aucun candidat retenu (score >= 0.60 puis jugement en session)
2023_16_45_017,2023,Eglise Notre Dame d'Auteuil - Restauration des décors intérieurs et des vitraux,253021.43,16,,,,,,,,no_match,aucun candidat retenu (score >= 0.60 puis jugement en session)
2023_18_51_029,2023,Eglise Notre Dame d'Auteuil - Restauration des décors intérieurs et des vitraux,253021.43,18,,,,,,,,no_match,aucun candidat retenu (score >= 0.60 puis jugement en session)
2023_16_45_015,2023,Auteuil Sud - Embellir votre quartier,252390.07,16,,,,,,,,no_match,aucun candidat retenu (score >= 0.60 puis jugement en session)
2023_14_39_010,2023,"Crèche collective 28, rue Hippolyte Maindron - Modernisation des locaux",250745.68,14,,,,,,,,no_match,aucun candidat retenu (score >= 0.60 puis jugement en session)
2023_20_57_004,2023,Mairie du 20ème arrondissement - Travaux divers,249518.38,20,,,,,,,,no_match,aucun candidat retenu (score >= 0.60 puis jugement en session)
2023_08_21_003,2023,du réfectoire,247800.21,8,,,,,,,,no_match,aucun candidat retenu (score >= 0.60 puis jugement en session)
2023_06_15_010,2023,Église Saint-Sulpice - Restauration des peintures murales,246690.76,6,,,,,,,,no_match,aucun candidat retenu (score >= 0.60 puis jugement en session)
2023_15_42_017,2023,"Gymnase Raymond Burgard 251, rue de Vaugirard - Réorganisation des locaux",243093.66,15,,,,,,,,no_match,aucun candidat retenu (score >= 0.60 puis jugement en session)
2023_15_42_011,2023,Square du docteur Calmette - Rénovation du square,241894.85,15,,,,,,,,no_match,aucun candidat retenu (score >= 0.60 puis jugement en session)
2023_18_51_003,2023,"Ecole élémentaire 4, rue Charles Hermite - Création d'une cour OASIS",241814.58,18,,,,,,,,no_match,aucun candidat retenu (score >= 0.60 puis jugement en session)
2023_15_42_004,2023,"Ecole maternelle Théodore Deck 2, rue Théodore Deck - Travaux de couverture",241692.15,15,,,,,,,,no_match,aucun candidat retenu (score >= 0.60 puis jugement en session)
2023_20_57_007,2023,Végétalisation des rues Saint Fargeau et Léon Frapié,241019.71,20,,,,,,,,no_match,aucun candidat retenu (score >= 0.60 puis jugement en session)
2023_18_51_032,2023,Montmartre accessible à tous - Phase 2,240340.83,18,,,,,,,,no_match,aucun candidat retenu (score >= 0.60 puis jugement en session)
2023_18_51_004,2023,"Ecole élémentaire 2, rue de la Guadeloupe - Création d'une cour OASIS, travaux de réfection des sanitaires",240160.85,18,,,,,,,,no_match,aucun candidat retenu (score >= 0.60 puis jugement en session)
2023_07_18_010,2023,Rue de Solférino - Rénovation de la chaussée,237099.27,7,,,,,,,,no_match,aucun candidat retenu (score >= 0.60 puis jugement en session)
2023_19_54_004,2023,des menuiseries extérieures,236577.81,19,,,,,,,,no_match,aucun candidat retenu (score >= 0.60 puis jugement en session)
2023_20_57_018,2023,"Saint Fargeau, porte des Lilas - Embellir votre quartier",232330.91,20,,,,,,,,no_match,aucun candidat retenu (score >= 0.60 puis jugement en session)
2023_05_12_015,2023,l'étanchéité du gymnase,231299.05,5,,,,,,,,no_match,aucun candidat retenu (score >= 0.60 puis jugement en session)
2023_13_36_020,2023,Rue Bobillot - Rénovation de la chaussée,231200.87,13,,,,,,,,no_match,aucun candidat retenu (score >= 0.60 puis jugement en session)
2023_12_33_021,2023,Amener la nature dans le 12e arrondissement,229255.0,12,,,,,,,,no_match,aucun candidat retenu (score >= 0.60 puis jugement en session)
2023_05_12_022,2023,"du hall, mise en accessibilité",229031.87,5,,,,,,,,no_match,aucun candidat retenu (score >= 0.60 puis jugement en session)
2023_12_33_001,2023,extérieures,228665.22,12,,,,,,,,no_match,aucun candidat retenu (score >= 0.60 puis jugement en session)
2023_09_24_006,2023,rénovation des aires de jeux,228554.18,9,,,,,,,,no_match,aucun candidat retenu (score >= 0.60 puis jugement en session)
2023_20_57_026,2023,Projets éducatifs 20,225456.76,20,,,,,,,,no_match,aucun candidat retenu (score >= 0.60 puis jugement en session)
2023_06_15_000,2023,"Conservatoire - 3 t rue Mabillon - Remplacement des menuiserie extérieures, travaux divers",222412.64,6,,,,,,,,no_match,aucun candidat retenu (score >= 0.60 puis jugement en session)
2023_13_36_025,2023,Boulevard de l'hôpital - Réfection des trottoirs et des pieds d'arbres,220774.12,13,,,,,,,,no_match,aucun candidat retenu (score >= 0.60 puis jugement en session)
2023_11_30_004,2023,Ecole élémentaire & annexes - 39 rue Alexandre Dumas- Création d'un local poubelle,220129.17,11,,,,,,,,no_match,aucun candidat retenu (score >= 0.60 puis jugement en session)
2023_19_54_025,2023,"Rénover les terrains de sports Michelet, Porte Chaumont et Barbanègre",215645.14,19,,,,,,,,no_match,aucun candidat retenu (score >= 0.60 puis jugement en session)
2023_16_45_012,2023,Rue de Passy- Travaux de voirie,213315.46,16,,,,,,,,no_match,aucun candidat retenu (score >= 0.60 puis jugement en session)
2023_10_27_018,2023,Des toitures solaires et végétales pour nos écoles,209767.89,10,,,,,,,,no_match,aucun candidat retenu (score >= 0.60 puis jugement en session)
2023_07_18_008,2023,Pavage de la place Vauban,207616.26,7,,,,,,,,no_match,aucun candidat retenu (score >= 0.60 puis jugement en session)
2023_08_21_012,2023,Rue de Rome - Réfection du tapis,207187.75,8,,,,,,,,no_match,aucun candidat retenu (score >= 0.60 puis jugement en session)
2023_11_30_035,2023,Crèche Breguet Marces,204884.27,11,,,,,,,,no_match,aucun candidat retenu (score >= 0.60 puis jugement en session)
2023_19_54_018,2023,Travaux de restructuration,202346.94,19,,,,,,,,no_match,aucun candidat retenu (score >= 0.60 puis jugement en session)
2023_14_39_015,2023,Grand Montparnasse / Rue Pernity - Embellir votre quartier,200185.9,14,,,,,,,,no_match,aucun candidat retenu (score >= 0.60 puis jugement en session)
2023_14_39_026,2023,Une bagagerie pour les sans-abris,199900.0,14,,,,,,,,no_match,aucun candidat retenu (score >= 0.60 puis jugement en session)
2023_11_30_013,2023,des grilles et des allées,199611.3,11,,,,,,,,no_match,aucun candidat retenu (score >= 0.60 puis jugement en session)
2023_16_45_014,2023,Rue des vignes - opération d'aménagement,198291.43,16,,,,,,,,no_match,aucun candidat retenu (score >= 0.60 puis jugement en session)
2023_15_42_026,2023,Rue Maublanc - Rénovation du tapis,198012.11,15,,,,,,,,no_match,aucun candidat retenu (score >= 0.60 puis jugement en session)
2023_18_51_012,2023,Modernisation des tribunes,197651.28,18,,,,,,,,no_match,aucun candidat retenu (score >= 0.60 puis jugement en session)
2023_12_33_002,2023,terrasses du niveau R+2,197586.28,12,,,,,,,,no_match,aucun candidat retenu (score >= 0.60 puis jugement en session)
2023_10_27_019,2023,Climat : de l'ombre pour nos écoliers,196519.14,10,,,,,,,,no_match,aucun candidat retenu (score >= 0.60 puis jugement en session)
2023_00_9_017,2023,réserves (travaux de sécurité),195903.76,0,,,,,,,,no_match,aucun candidat retenu (score >= 0.60 puis jugement en session)
2023_17_48_015,2023,Stade de la porte d'Asnières - Travaux de rénovation,195688.45,17,,,,,,,,no_match,aucun candidat retenu (score >= 0.60 puis jugement en session)
2023_12_33_022,2023,Améliorons l’environnement des usages du Bois de Vincennes,194975.9,12,,,,,,,,no_match,aucun candidat retenu (score >= 0.60 puis jugement en session)
2023_09_24_009,2023,peinture de l'escalier,194627.35,9,,,,,,,,no_match,aucun candidat retenu (score >= 0.60 puis jugement en session)
2023_19_54_021,2023,Aménagement du secteur,192554.45,19,,,,,,,,no_match,aucun candidat retenu (score >= 0.60 puis jugement en session)
2023_10_27_016,2023,Boulevard Magenta - Réfection de la chaussée,191132.67,10,,,,,,,,no_match,aucun candidat retenu (score >= 0.60 puis jugement en session)
2023_12_33_023,2023,De nouveaux équipements dans les squares et jardins du 12e,190637.25,12,,,,,,,,no_match,aucun candidat retenu (score >= 0.60 puis jugement en session)
2023_16_45_013,2023,Contre-allée Foch - Travaux de voirie,189583.41,16,,,,,,,,no_match,aucun candidat retenu (score >= 0.60 puis jugement en session)
2023_14_39_003,2023,"Ecole élémentaire 5, square Alain Fournier -Traitement de l'étanchéité de la terrasse",186257.33,14,,,,,,,,no_match,aucun candidat retenu (score >= 0.60 puis jugement en session)
2023_08_21_017,2023,Un 8e plus sportif,184041.33,8,,,,,,,,no_match,aucun candidat retenu (score >= 0.60 puis jugement en session)
2023_15_42_010,2023,Parc Georges Brassens - Rénovation des allées,183495.55,15,,,,,,,,no_match,aucun candidat retenu (score >= 0.60 puis jugement en session)
2023_13_36_012,2023,Halte-garderie - 57 avenue de la porte d'Ivry - Réaménagement des locaux,181684.47,13,,,,,,,,no_match,aucun candidat retenu (score >= 0.60 puis jugement en session)
2023_08_21_019,2023,Protéger piétons,179222.7,8,,,,,,,,no_match,aucun candidat retenu (score >= 0.60 puis jugement en session)
2023_17_48_010,2023,Quartier des Epinettes - Rue aux écoles Dautancourt,178496.25,17,,,,,,,,no_match,aucun candidat retenu (score >= 0.60 puis jugement en session)
2023_15_42_003,2023,de pompes de relevages du réseau des eaux usées,178204.25,15,,,,,,,,no_match,aucun candidat retenu (score >= 0.60 puis jugement en session)
2023_14_39_011,2023,désenfumage,177923.54,14,,,,,,,,no_match,aucun candidat retenu (score >= 0.60 puis jugement en session)
2023_17_48_020,2023,Rue Curnonsky - Réfection de la chaussée,177473.35,17,,,,,,,,no_match,aucun candidat retenu (score >= 0.60 puis jugement en session)
2023_12_33_007,2023,"Crèche collective 6, rue Eugenie Eboue - Modernisation de la salle des moyens",176314.46,12,,,,,,,,no_match,aucun candidat retenu (score >= 0.60 puis jugement en session)
2023_05_12_004,2023,"restructuration des locaux sociaux, adaptation de la porte de la terrasse",175517.68,5,,,,,,,,no_match,aucun candidat retenu (score >= 0.60 puis jugement en session)
2023_05_12_017,2023,Rue Monge - Rénovation du tapis,175398.38,5,,,,,,,,no_match,aucun candidat retenu (score >= 0.60 puis jugement en session)
2023_10_27_017,2023,Coups de culture,174171.14,10,,,,,,,,no_match,aucun candidat retenu (score >= 0.60 puis jugement en session)
2023_17_48_019,2023,Boulevard des Batignolles - Réfection de la chaussée,171198.47,17,,,,,,,,no_match,aucun candidat retenu (score >= 0.60 puis jugement en session)
2023_09_24_020,2023,Restauration de la cuisine,170755.18,9,,,,,,,,no_match,aucun candidat retenu (score >= 0.60 puis jugement en session)
2023_08_21_018,2023,Renouveau au Parc Monceau !,170425.15,8,,,,,,,,no_match,aucun candidat retenu (score >= 0.60 puis jugement en session)
2023_08_21_016,2023,"Centre sportif 7, allée Louis de Funes - Création du centre sportif Beaujon",169999.99,8,,,,,,,,no_match,aucun candidat retenu (score >= 0.60 puis jugement en session)
2023_00_9_023,2023,Rue de Saintonge - Réfection de la chaussée,169440.87,0,,,,,,,,no_match,aucun candidat retenu (score >= 0.60 puis jugement en session)
2023_19_54_000,2023,travaux de sécurisation de l'entrée,164024.84,19,,,,,,,,no_match,aucun candidat retenu (score >= 0.60 puis jugement en session)
2023_20_57_008,2023,Jardin Naturel Pierre Emmanuel - Rénovation des aires jeux et du pingpong,163193.17,20,,,,,,,,no_match,aucun candidat retenu (score >= 0.60 puis jugement en session)
2023_17_48_025,2023,Travaux de restructuration,160674.36,17,,,,,,,,no_match,aucun candidat retenu (score >= 0.60 puis jugement en session)
2023_13_36_003,2023,Ecole maternelle - 12 rue de l'Espérance - Création de locaux et modernisation de la réserve,160656.88,13,,,,,,,,no_match,aucun candidat retenu (score >= 0.60 puis jugement en session)
2023_14_39_004,2023,"Ecole élémentaire 48, rue Hippolyte Maindron",160095.86,14,,,,,,,,no_match,aucun candidat retenu (score >= 0.60 puis jugement en session)
2023_14_39_014,2023,Rue Pernity - Travaux de voiries,159777.83,14,,,,,,,,no_match,aucun candidat retenu (score >= 0.60 puis jugement en session)
2023_17_48_018,2023,Rue Alfred Roll,159066.27,17,,,,,,,,no_match,aucun candidat retenu (score >= 0.60 puis jugement en session)
2023_11_30_023,2023,Rue Alexandre Dumas - Chaussée,158139.01,11,,,,,,,,no_match,aucun candidat retenu (score >= 0.60 puis jugement en session)
2023_00_9_021,2023,Pont au Change,157648.13,0,,,,,,,,no_match,aucun candidat retenu (score >= 0.60 puis jugement en session)
2023_12_33_003,2023,territoriaux spécialisés des écoles maternelles et de la bibliothèque,157285.12,12,,,,,,,,no_match,aucun candidat retenu (score >= 0.60 puis jugement en session)
2023_12_33_019,2023,Construire des cours Oasis pour nos écoles,155061.36,12,,,,,,,,no_match,aucun candidat retenu (score >= 0.60 puis jugement en session)
2023_08_21_002,2023,l'entrée et des circulations,154854.05,8,,,,,,,,no_match,aucun candidat retenu (score >= 0.60 puis jugement en session)
2023_06_15_008,2023,Rue Félibien - Embellir votre quartier,154546.29,6,,,,,,,,no_match,aucun candidat retenu (score >= 0.60 puis jugement en session)
2023_19_54_014,2023,Gymnase Simon Bolivar - Aménagement de la salle DASCO,154325.98,19,,,,,,,,no_match,aucun candidat retenu (score >= 0.60 puis jugement en session)
2023_11_30_009,2023,"désamiantage, modernisation des sanitaires R+2",154051.3,11,,,,,,,,no_match,aucun candidat retenu (score >= 0.60 puis jugement en session)
2023_06_15_012,2023,Mise en valeur du porche de l'église Saint-Germain-des-Prés,153345.61,6,,,,,,,,no_match,aucun candidat retenu (score >= 0.60 puis jugement en session)
2023_08_21_006,2023,Parc Monceau - Travaux de maintenance et entretiens courants,152038.6,8,,,,,,,,no_match,aucun candidat retenu (score >= 0.60 puis jugement en session)
2023_20_57_014,2023,"Terrain d'éducation physique 8, rue Louis Delgres - Travaux de restructuration",151924.07,20,,,,,,,,no_match,aucun candidat retenu (score >= 0.60 puis jugement en session)
2023_05_12_009,2023,"Crèche collective 39 b, rue Poliveau - Travaux d'étanchéité",151556.52,5,,,,,,,,no_match,aucun candidat retenu (score >= 0.60 puis jugement en session)
2023_14_39_012,2023,Gymnase Didot - Assainissement des vestiaires et des tribunes,151534.76,14,,,,,,,,no_match,aucun candidat retenu (score >= 0.60 puis jugement en session)
2023_16_45_002,2023,"Ecole élémentaire 20, rue Musset - Travaux d'étanchéité de la toiture et entretien des menuiseries",151448.48,16,,,,,,,,no_match,aucun candidat retenu (score >= 0.60 puis jugement en session)
2023_05_12_018,2023,Boulevard Saint Marcel,149174.82,5,,,,,,,,no_match,aucun candidat retenu (score >= 0.60 puis jugement en session)
2023_09_24_010,2023,végétalisation des espaces extérieurs,148430.29,9,,,,,,,,no_match,aucun candidat retenu (score >= 0.60 puis jugement en session)
2023_13_36_021,2023,Rue du château des Rentiers - Rénovation la chaussée,145585.11,13,,,,,,,,no_match,aucun candidat retenu (score >= 0.60 puis jugement en session)
2023_16_45_000,2023,"Conservatoire Francis Poullenc - Modernisation des vestiaires R+2, reprise en façade",145214.38,16,,,,,,,,no_match,aucun candidat retenu (score >= 0.60 puis jugement en session)
2023_10_27_002,2023,menuiseries exérieures,144951.15,10,,,,,,,,no_match,aucun candidat retenu (score >= 0.60 puis jugement en session)
2023_14_39_005,2023,"d'isolation des combles, mise aux normes et modernisation de l'installation électrique de l'annexe",144061.93,14,,,,,,,,no_match,aucun candidat retenu (score >= 0.60 puis jugement en session)
2023_09_24_013,2023,Place Pigalle - Travaux d'aménagement,142730.24,9,,,,,,,,no_match,aucun candidat retenu (score >= 0.60 puis jugement en session)
2023_17_48_017,2023,"Centre sportif 211, rue de Courcelles - Réfection des menuiseries extérieures",141116.57,17,,,,,,,,no_match,aucun candidat retenu (score >= 0.60 puis jugement en session)
2023_13_36_017,2023,Aménagement des trottoirs du 13ème arrondissement,141015.23,13,,,,,,,,no_match,aucun candidat retenu (score >= 0.60 puis jugement en session)
2023_15_42_022,2023,Rue Platon - Réfection de la chaussée,140831.6,15,,,,,,,,no_match,aucun candidat retenu (score >= 0.60 puis jugement en session)
2023_00_9_042,2023,Renforcer les moyens d'action en faveur de la propreté,140105.34,0,,,,,,,,no_match,aucun candidat retenu (score >= 0.60 puis jugement en session)
2023_18_51_015,2023,Rue du Mont-Cenis - Travaux de voirie,140000.0,18,,,,,,,,no_match,aucun candidat retenu (score >= 0.60 puis jugement en session)
2023_12_33_006,2023,Jardin du port de l'Arsenal - Rénovation de l'aire de jeux,138601.7,12,,,,,,,,no_match,aucun candidat retenu (score >= 0.60 puis jugement en session)
2023_15_42_015,2023,"d'éclairage, remise en état des pylônes du terrain de football",137009.29,15,,,,,,,,no_match,aucun candidat retenu (score >= 0.60 puis jugement en session)
2023_11_30_020,2023,Gymnase - 11 rue de Candie - Réfection du sol du gymnase,136276.01,11,,,,,,,,no_match,aucun candidat retenu (score >= 0.60 puis jugement en session)
2023_14_39_006,2023,Parc Montsouris - Entretien courant,134338.16,14,,,,,,,,no_match,aucun candidat retenu (score >= 0.60 puis jugement en session)
2023_05_12_010,2023,section des bébés (1er étage),130782.54,5,,,,,,,,no_match,aucun candidat retenu (score >= 0.60 puis jugement en session)
2023_13_36_008,2023,Parc de Choisy - Rénovation des griles (2ème tranche),130317.16,13,,,,,,,,no_match,aucun candidat retenu (score >= 0.60 puis jugement en session)
2023_15_42_009,2023,Square Garibaldi - Rénovation du square,127805.83,15,,,,,,,,no_match,aucun candidat retenu (score >= 0.60 puis jugement en session)
2023_19_54_011,2023,"Crèche collective Thill- Jaurès 164, avenue Jean Jaurès - Travaux d'étanchéité",127603.41,19,,,,,,,,no_match,aucun candidat retenu (score >= 0.60 puis jugement en session)
2023_13_36_023,2023,Divers trottoirs du 13ème arrondissement,127176.84,13,,,,,,,,no_match,aucun candidat retenu (score >= 0.60 puis jugement en session)
2023_13_36_022,2023,Rue Max Jacob - Rénovation de la chaussée,127082.47,13,,,,,,,,no_match,aucun candidat retenu (score >= 0.60 puis jugement en session)
2023_14_39_016,2023,Grand Montparnasse / Rue de Montparnasse - Embellir votre quartier,126907.96,14,,,,,,,,no_match,aucun candidat retenu (score >= 0.60 puis jugement en session)
2023_18_51_000,2023,"Médiathèque Goutte D'Or - Travaux de rénovation de chauffage, ventilation et climatisation",125019.08,18,,,,,,,,no_match,aucun candidat retenu (score >= 0.60 puis jugement en session)
2023_18_51_006,2023,"Mairie du 18ème arrondissement - Travaux dans le cadre du Schéma fonctionel et immobilier, divers travaux",125019.08,18,,,,,,,,no_match,aucun candidat retenu (score >= 0.60 puis jugement en session)
2023_15_42_013,2023,Square d'Alleray Labrouste Saint-Armand - Rénovation du square,123666.11,15,,,,,,,,no_match,aucun candidat retenu (score >= 0.60 puis jugement en session)
2023_16_45_006,2023,Jardin des Poètes - Rénovation des allées et des aires de jeux,122804.26,16,,,,,,,,no_match,aucun candidat retenu (score >= 0.60 puis jugement en session)
2023_15_42_021,2023,Rue Fizeau - Réfection de la chaussée,122451.08,15,,,,,,,,no_match,aucun candidat retenu (score >= 0.60 puis jugement en session)
2023_17_48_005,2023,reprise du faux-plafond,122088.38,17,,,,,,,,no_match,aucun candidat retenu (score >= 0.60 puis jugement en session)
2023_14_39_017,2023,Grand Montparnasse / Rue d'Odessa - Embellir votre quartier,121911.99,14,,,,,,,,no_match,aucun candidat retenu (score >= 0.60 puis jugement en session)
2023_05_12_001,2023,"(2ème étage), trauvaux d'électricité",121902.29,5,,,,,,,,no_match,aucun candidat retenu (score >= 0.60 puis jugement en session)
2023_13_36_000,2023,Ecole élémentaire - 16 rue Wurtz 75013 - Modernisation du réseau d'évacuation,121767.63,13,,,,,,,,no_match,aucun candidat retenu (score >= 0.60 puis jugement en session)
2023_06_15_001,2023,travaux de modernisation,121708.07,6,,,,,,,,no_match,aucun candidat retenu (score >= 0.60 puis jugement en session)
2023_15_42_025,2023,Place Georges Mulot - Pavés,121225.24,15,,,,,,,,no_match,aucun candidat retenu (score >= 0.60 puis jugement en session)
2023_12_33_005,2023,Mairie du 12ème arrondissement - Travaux d'aménagement de la terrasse du niveau R+1,120962.32,12,,,,,,,,no_match,aucun candidat retenu (score >= 0.60 puis jugement en session)
2023_19_54_012,2023,Centre sportif Ladoumègue - Rénovation des clôtures pare-ballons,120874.37,19,,,,,,,,no_match,aucun candidat retenu (score >= 0.60 puis jugement en session)
2023_19_54_024,2023,Des sanitaires neufs pour les écoles du 19 ème,120856.44,19,,,,,,,,no_match,aucun candidat retenu (score >= 0.60 puis jugement en session)
2023_10_27_009,2023,Rue de Dunkerque - Embellir votre quartier,120538.38,10,,,,,,,,no_match,aucun candidat retenu (score >= 0.60 puis jugement en session)
2023_19_54_013,2023,"Terrain d'éducation physique 73, rue Curial - Rénovation du sol (terrain de basket)",120532.53,19,,,,,,,,no_match,aucun candidat retenu (score >= 0.60 puis jugement en session)
2023_15_42_000,2023,"rénovation de l'escalier, étanchéité de la terrasse",120280.32,15,,,,,,,,no_match,aucun candidat retenu (score >= 0.60 puis jugement en session)
2023_18_51_016,2023,Rue Lamarck - Travaux de voirie,118273.38,18,,,,,,,,no_match,aucun candidat retenu (score >= 0.60 puis jugement en session)
2023_15_42_019,2023,Rue Edmond Roger - Réfection de la chaussée,117728.25,15,,,,,,,,no_match,aucun candidat retenu (score >= 0.60 puis jugement en session)
2023_10_27_005,2023,du schéma directeur immobilier,117294.43,10,,,,,,,,no_match,aucun candidat retenu (score >= 0.60 puis jugement en session)
2023_19_54_001,2023,réfection du préau,117210.24,19,,,,,,,,no_match,aucun candidat retenu (score >= 0.60 puis jugement en session)
2023_11_30_032,2023,Basilique Notre Dame Du Perpétuel Secours -Restauration des toitures,116290.85,11,,,,,,,,no_match,aucun candidat retenu (score >= 0.60 puis jugement en session)
2023_12_33_004,2023,"Ecole maternelle 56, rue de Picpus - Rénovation des salles de classes et du sous sol",116044.44,12,,,,,,,,no_match,aucun candidat retenu (score >= 0.60 puis jugement en session)
2023_10_27_003,2023,"Ecole maternelle 6, rue LEgouve - Réfection de l'étancheité et du sol de la cour haut",115618.69,10,,,,,,,,no_match,aucun candidat retenu (score >= 0.60 puis jugement en session)
2023_18_51_010,2023,"Crèche collective 42, rue Hermel - Modernisation des locaux, création d'une grille d'accès",115356.04,18,,,,,,,,no_match,aucun candidat retenu (score >= 0.60 puis jugement en session)
2023_05_12_016,2023,Boulevard Saint-Marcel - Réfection des trottoirs,114381.11,5,,,,,,,,no_match,aucun candidat retenu (score >= 0.60 puis jugement en session)
2023_15_42_005,2023,(désamiantage),113418.83,15,,,,,,,,no_match,aucun candidat retenu (score >= 0.60 puis jugement en session)
2023_00_9_043,2023,"Pour une rue du Grenier Saint-Lazare conviviale, apaisée et verte",112940.82,0,,,,,,,,no_match,aucun candidat retenu (score >= 0.60 puis jugement en session)
2023_11_30_042,2023,Embellir le square Rajman et le parvis Olympe de Gouges,112552.4,11,,,,,,,,no_match,aucun candidat retenu (score >= 0.60 puis jugement en session)
2023_19_54_019,2023,Aménagement de la baignade estivale,109830.03,19,,,,,,,,no_match,aucun candidat retenu (score >= 0.60 puis jugement en session)
2023_10_27_006,2023,Square Juliette Dodu - Rénovation des airs de jeux,109057.34,10,,,,,,,,no_match,aucun candidat retenu (score >= 0.60 puis jugement en session)
2023_20_57_019,2023,"Saint Fargeau, rue Léon Frapié - Embellir votre quartier",108720.32,20,,,,,,,,no_match,aucun candidat retenu (score >= 0.60 puis jugement en session)
2023_11_30_040,2023,Des sanitaires réhabilités pour les élèves du 11e,107245.9,11,,,,,,,,no_match,aucun candidat retenu (score >= 0.60 puis jugement en session)
2023_18_51_033,2023,Plus d’arceaux à vélos dans le 18e : favorisons les mobilités douces,106474.86,18,,,,,,,,no_match,aucun candidat retenu (score >= 0.60 puis jugement en session)
2023_12_33_008,2023,Centre Paris Anim' Pina Bausch - Rénovation de l'éclairage,105276.65,12,,,,,,,,no_match,aucun candidat retenu (score >= 0.60 puis jugement en session)
2023_13_36_024,2023,Rue du colonel Dominé - Réfection des trottoirs,105199.58,13,,,,,,,,no_match,aucun candidat retenu (score >= 0.60 puis jugement en session)
2023_18_51_013,2023,"Gymnase 12, rue des Amiraux - Reprise de l'étanchéité en toiture",104912.72,18,,,,,,,,no_match,aucun candidat retenu (score >= 0.60 puis jugement en session)
2023_10_27_010,2023,Rue Yves Toudic - Travaux de voiries,104823.24,10,,,,,,,,no_match,aucun candidat retenu (score >= 0.60 puis jugement en session)
2023_07_18_014,2023,Quartier Saint-Thomas-D'Aquin,104436.01,7,,,,,,,,no_match,aucun candidat retenu (score >= 0.60 puis jugement en session)
2023_11_30_017,2023,d'une salle polyvalente,104317.01,11,,,,,,,,no_match,aucun candidat retenu (score >= 0.60 puis jugement en session)
2023_00_9_009,2023,"Mairie de Paris Centre 2, rue Eugène Spuller -Remise aux normes des couloirs, travaux et études",104227.29,0,,,,,,,,no_match,aucun candidat retenu (score >= 0.60 puis jugement en session)
2023_15_42_008,2023,Jardin Atlantique - Rénovation des aires de jeux,103809.94,15,,,,,,,,no_match,aucun candidat retenu (score >= 0.60 puis jugement en session)
2023_15_42_018,2023,Rue Dupleix - Réfection de la chaussée,102071.69,15,,,,,,,,no_match,aucun candidat retenu (score >= 0.60 puis jugement en session)
2023_20_57_003,2023,"Ecole élémentaire 22, rue Olivier Metra - Sanitaires innovants",101932.19,20,,,,,,,,no_match,aucun candidat retenu (score >= 0.60 puis jugement en session)
2023_20_57_015,2023,Gymnase Le Vau - R2novation des locaux du personnel,101655.34,20,,,,,,,,no_match,aucun candidat retenu (score >= 0.60 puis jugement en session)
2023_06_15_003,2023,"Centre Andre Malraux 112, rue de Rennes - Aménagements de sécurité",101636.56,6,,,,,,,,no_match,aucun candidat retenu (score >= 0.60 puis jugement en session)
2023_08_21_008,2023,la porte extérieure,101531.24,8,,,,,,,,no_match,aucun candidat retenu (score >= 0.60 puis jugement en session)
2023_05_12_007,2023,l'arrosage automatique),101161.92,5,,,,,,,,no_match,aucun candidat retenu (score >= 0.60 puis jugement en session)
2023_15_42_020,2023,Rue Fenoux - Réfection de la chaussée,100693.25,15,,,,,,,,no_match,aucun candidat retenu (score >= 0.60 puis jugement en session)
2023_11_30_006,2023,PMR dortoir,100162.06,11,,,,,,,,no_match,aucun candidat retenu (score >= 0.60 puis jugement en session)
2023_09_24_005,2023,Quartier Blanche Opéra,99987.64,9,,,,,,,,no_match,aucun candidat retenu (score >= 0.60 puis jugement en session)
2023_14_39_007,2023,Squar des Joncquilles - Rénovation de l'aire de jeux,99906.79,14,,,,,,,,no_match,aucun candidat retenu (score >= 0.60 puis jugement en session)
2023_05_12_003,2023,"Ecole maternelle 10, rue du Sommenard - Modernisation des menuiseries",99193.41,5,,,,,,,,no_match,aucun candidat retenu (score >= 0.60 puis jugement en session)
2023_15_42_023,2023,Rue Yvart - Rénovation de la chaussée,98782.73,15,,,,,,,,no_match,aucun candidat retenu (score >= 0.60 puis jugement en session)
2023_15_42_006,2023,extérieures,98521.25,15,,,,,,,,no_match,aucun candidat retenu (score >= 0.60 puis jugement en session)
2023_11_30_028,2023,Diverses rues - Trottoirs et pieds d'arbres,97894.29,11,,,,,,,,no_match,aucun candidat retenu (score >= 0.60 puis jugement en session)
2023_12_33_009,2023,"Gymnase 43, allée Vivaldi - Rénovation de l'éclairage",97361.91,12,,,,,,,,no_match,aucun candidat retenu (score >= 0.60 puis jugement en session)
2023_00_9_036,2023,"Marché couvert 21, place Louis Lépine - Réhabilitation des pavillons",97211.13,0,,,,,,,,no_match,aucun candidat retenu (score >= 0.60 puis jugement en session)
2023_15_42_012,2023,Parc Suzanne Lenglen - Rénovation du réseau d'eau,95386.08,15,,,,,,,,no_match,aucun candidat retenu (score >= 0.60 puis jugement en session)
2023_17_48_002,2023,modernisation de l'éclairage,95213.73,17,,,,,,,,no_match,aucun candidat retenu (score >= 0.60 puis jugement en session)
2023_20_57_009,2023,sécurisation: pose d'une échelle,94256.96,20,,,,,,,,no_match,aucun candidat retenu (score >= 0.60 puis jugement en session)
2023_13_36_010,2023,Jardins Abbé-Pierre Grands Moulins - Rénovation des bassins,94176.86,13,,,,,,,,no_match,aucun candidat retenu (score >= 0.60 puis jugement en session)
2023_07_18_011,2023,Boulevard de la Tour-Maubourg - Réfection des trottoirs,93870.36,7,,,,,,,,no_match,aucun candidat retenu (score >= 0.60 puis jugement en session)
2023_17_48_007,2023,"d'assainissement, des menuiseries et de la porte d'entrée",93331.02,17,,,,,,,,no_match,aucun candidat retenu (score >= 0.60 puis jugement en session)
2023_11_30_003,2023,"Modernisation des menuiseries et des portes, création d'un auvent",91033.49,11,,,,,,,,no_match,aucun candidat retenu (score >= 0.60 puis jugement en session)
2023_10_27_011,2023,Rue Ambroise Paré - Travaux de voiries,90950.61,10,,,,,,,,no_match,aucun candidat retenu (score >= 0.60 puis jugement en session)
2023_00_9_007,2023,"École polyvalente 18, rue Poulletier - Modernisation des menuiseries extérieures et mises aux normes des cuisines",89478.36,0,,,,,,,,no_match,aucun candidat retenu (score >= 0.60 puis jugement en session)
2023_13_36_019,2023,Avenue d'Ivry - Travaux d'aménagement de la piste cyclable,86424.04,13,,,,,,,,no_match,aucun candidat retenu (score >= 0.60 puis jugement en session)
2023_20_57_010,2023,réparation de la ventilation de cuisine,82534.28,20,,,,,,,,no_match,aucun candidat retenu (score >= 0.60 puis jugement en session)
2023_05_12_011,2023,"Crèche collective 88 t, boulevard de Port-Royal - Remplacement des luminaires",81013.63,5,,,,,,,,no_match,aucun candidat retenu (score >= 0.60 puis jugement en session)
2023_10_27_008,2023,d'adaptation,80375.87,10,,,,,,,,no_match,aucun candidat retenu (score >= 0.60 puis jugement en session)
2023_18_51_011,2023,"Crèche collective 3, rue Madeleine Rebérioux - Réfection des canalisations",79958.4,18,,,,,,,,no_match,aucun candidat retenu (score >= 0.60 puis jugement en session)
2023_11_30_007,2023,Ecole maternelle - 144 rue de la Roquette - Modernisation des menuiseries extérieures,79684.51,11,,,,,,,,no_match,aucun candidat retenu (score >= 0.60 puis jugement en session)
2023_17_48_011,2023,Clichy Batignolles Martin Luther King - Rénovation des allées,79091.5,17,,,,,,,,no_match,aucun candidat retenu (score >= 0.60 puis jugement en session)
2023_10_27_000,2023,circulations horizontales,78937.06,10,,,,,,,,no_match,aucun candidat retenu (score >= 0.60 puis jugement en session)
2023_06_15_002,2023,vitrification de l'escalier,78455.55,6,,,,,,,,no_match,aucun candidat retenu (score >= 0.60 puis jugement en session)
2023_19_54_010,2023,Jardin d'immeuble de la rue de la Marseillaise - Création d'un espace canin,76998.17,19,,,,,,,,no_match,aucun candidat retenu (score >= 0.60 puis jugement en session)
2023_06_15_005,2023,"Crèche collective 14, rue de Fleurus - Remise en état de la peinture",75537.38,6,,,,,,,,no_match,aucun candidat retenu (score >= 0.60 puis jugement en session)
2023_20_57_012,2023,Traitement d'Air de la cuisine,74308.7,20,,,,,,,,no_match,aucun candidat retenu (score >= 0.60 puis jugement en session)
2023_09_24_016,2023,Rue Bergère - Rénovation du tapis de la voirie,73855.98,9,,,,,,,,no_match,aucun candidat retenu (score >= 0.60 puis jugement en session)
2023_11_30_000,2023,Conservatoire - 7 rue Duranti - Création d'une annexe,73483.04,11,,,,,,,,no_match,aucun candidat retenu (score >= 0.60 puis jugement en session)
2023_00_9_027,2023,Embellir votre quartier – Place Joachim-du-Bellay,72552.2,0,,,,,,,,no_match,aucun candidat retenu (score >= 0.60 puis jugement en session)
2023_07_18_003,2023,de maçonnerie,72107.67,7,,,,,,,,no_match,aucun candidat retenu (score >= 0.60 puis jugement en session)
2023_05_12_005,2023,"stores, pose d'un sol souple",71722.5,5,,,,,,,,no_match,aucun candidat retenu (score >= 0.60 puis jugement en session)
2023_17_48_009,2023,Square André Brechet - Rénovation de l'aire jeux des moyens,71449.9,17,,,,,,,,no_match,aucun candidat retenu (score >= 0.60 puis jugement en session)
2023_12_33_000,2023,Bibliothèque Municipale Diderot - Travaux de restructuration,70833.56,12,,,,,,,,no_match,aucun candidat retenu (score >= 0.60 puis jugement en session)
2023_13_36_039,2023,"Pour toutes et tous, une alimentation collective et saine",70000.0,13,,,,,,,,no_match,aucun candidat retenu (score >= 0.60 puis jugement en session)
2023_07_18_007,2023,Chaussée - Carrefour Duquesne (au niveau de l'avenue Breteuil),69567.65,7,,,,,,,,no_match,aucun candidat retenu (score >= 0.60 puis jugement en session)
2023_13_36_014,2023,Terrain de sport Baudricourt - 115 rue de Tolbiac - Déméanagement AJ olympiade/ baudricourt,69550.96,13,,,,,,,,no_match,aucun candidat retenu (score >= 0.60 puis jugement en session)
2023_11_30_015,2023,menuiseries,68689.74,11,,,,,,,,no_match,aucun candidat retenu (score >= 0.60 puis jugement en session)
2023_00_9_011,2023,Jardin Anne Frank - Rénovation de la structure de la pergola,67212.62,0,,,,,,,,no_match,aucun candidat retenu (score >= 0.60 puis jugement en session)
2023_00_9_025,2023,Rue du Pont Louis Philippe - Réfection de la chaussée,67173.77,0,,,,,,,,no_match,aucun candidat retenu (score >= 0.60 puis jugement en session)
2023_17_48_000,2023,"Bibliothèque C Vivier 6, rue Fourneyron - Peinture de la cage d'escalier extérieure",66045.08,17,,,,,,,,no_match,aucun candidat retenu (score >= 0.60 puis jugement en session)
2023_09_24_002,2023,modernisation de la salle des adultes et des sanitaires,65272.37,9,,,,,,,,no_match,aucun candidat retenu (score >= 0.60 puis jugement en session)
2023_06_15_004,2023,"Jardin grands explorateurs 10, Avenue de l'observatoire - Réfection des sols",65158.88,6,,,,,,,,no_match,aucun candidat retenu (score >= 0.60 puis jugement en session)
2023_09_24_011,2023,modernisation du système sécutité incendie,64425.02,9,,,,,,,,no_match,aucun candidat retenu (score >= 0.60 puis jugement en session)
2023_09_24_014,2023,Rue Lafayette - Réfection des trottoirs,62805.66,9,,,,,,,,no_match,aucun candidat retenu (score >= 0.60 puis jugement en session)
2023_14_39_000,2023,Bibliothèque Municipale Georges Brassens - Réfection du sol et travaux de mise aux normes,61871.31,14,,,,,,,,no_match,aucun candidat retenu (score >= 0.60 puis jugement en session)
2023_13_36_034,2023,Pour un conservatoire plus adapté et mieux équipé,61868.95,13,,,,,,,,no_match,aucun candidat retenu (score >= 0.60 puis jugement en session)
2023_20_57_011,2023,canalisations,61335.58,20,,,,,,,,no_match,aucun candidat retenu (score >= 0.60 puis jugement en session)
2023_11_30_027,2023,"Passage de la Main d'Or - Trottoirs, reprise du pavage",60794.06,11,,,,,,,,no_match,aucun candidat retenu (score >= 0.60 puis jugement en session)
2023_09_24_000,2023,"d'étenchéité, rénovation des faux-plafonds",60514.31,9,,,,,,,,no_match,aucun candidat retenu (score >= 0.60 puis jugement en session)
2023_11_30_044,2023,Faire du sport en plein air dans les jardins du 11e,60485.96,11,,,,,,,,no_match,aucun candidat retenu (score >= 0.60 puis jugement en session)
2023_07_18_004,2023,Square des Missions Etrangères - Rénovation des sols,60126.06,7,,,,,,,,no_match,aucun candidat retenu (score >= 0.60 puis jugement en session)
2023_11_30_030,2023,Rue Oberkampf,59863.68,11,,,,,,,,no_match,aucun candidat retenu (score >= 0.60 puis jugement en session)
2023_07_18_006,2023,travaux de mise en accessibilité,58935.69,7,,,,,,,,no_match,aucun candidat retenu (score >= 0.60 puis jugement en session)
2023_17_48_008,2023,Square Sainte-Odile - Rénovation des aires jeux centrales,57870.27,17,,,,,,,,no_match,aucun candidat retenu (score >= 0.60 puis jugement en session)
2023_00_9_019,2023,"Entretien des centres d'animation Centre d'animation 9A, rue Rambuteau - Reprise de l'éclairage de l'accueil",57678.84,0,,,,,,,,no_match,aucun candidat retenu (score >= 0.60 puis jugement en session)
2023_00_9_022,2023,Entre rue Notre Dame des Victoires et Palais Brogniard - Réfection de la chaussée,56272.45,0,,,,,,,,no_match,aucun candidat retenu (score >= 0.60 puis jugement en session)
2023_11_30_016,2023,Gymnase - 68 avenue Philippe Auguste - Rénovation éclairage du gymnase,55102.04,11,,,,,,,,no_match,aucun candidat retenu (score >= 0.60 puis jugement en session)
2023_19_54_009,2023,Square du quai de la Loire - Rénovation des aires de jeux,53039.04,19,,,,,,,,no_match,aucun candidat retenu (score >= 0.60 puis jugement en session)
2023_05_12_002,2023,"mur de la cour (infiltrations), travaux sur la toiture (recherche de fuite)",51647.13,5,,,,,,,,no_match,aucun candidat retenu (score >= 0.60 puis jugement en session)
2023_17_48_014,2023,Entretien des centres d'animation Centre d'animation Interclub 17 - Rénovation des vestiaires et aménagement de l'accueil,51553.04,17,,,,,,,,no_match,aucun candidat retenu (score >= 0.60 puis jugement en session)
2023_05_12_013,2023,"Gymnase Lavoisier 10, rue Pierre Nicole - Reprise de l'éclairage",50598.86,5,,,,,,,,no_match,aucun candidat retenu (score >= 0.60 puis jugement en session)
2023_11_30_039,2023,Agrandissement du conservatoire du 11ème,50118.39,11,,,,,,,,no_match,aucun candidat retenu (score >= 0.60 puis jugement en session)
2023_17_48_016,2023,Terrains de tennis - 32 boulevard de Reims - Réfection des clôtures,49997.03,17,,,,,,,,no_match,aucun candidat retenu (score >= 0.60 puis jugement en session)
2023_13_36_009,2023,Square Ulysse Trélat - Rénovation des sols,49262.12,13,,,,,,,,no_match,aucun candidat retenu (score >= 0.60 puis jugement en session)
2023_18_51_008,2023,Square Nadar - Création d'un parc canin,48106.76,18,,,,,,,,no_match,aucun candidat retenu (score >= 0.60 puis jugement en session)
2023_05_12_019,2023,Boulevard de l'Hôpital côté pair - Réfection des trottoirs,48072.32,5,,,,,,,,no_match,aucun candidat retenu (score >= 0.60 puis jugement en session)
2023_11_30_021,2023,"Quartier République - Rue Amelot, P.Wagner",47515.74,11,,,,,,,,no_match,aucun candidat retenu (score >= 0.60 puis jugement en session)
2023_09_24_015,2023,Rue de la Boule Rouge - Opération de piétonnisation,46661.76,9,,,,,,,,no_match,aucun candidat retenu (score >= 0.60 puis jugement en session)
2023_11_30_022,2023,Boulevard Richard Lenoir - Piste cyclable,45760.92,11,,,,,,,,no_match,aucun candidat retenu (score >= 0.60 puis jugement en session)
2023_17_48_012,2023,Place du général Catroux - Réaménagement,42788.69,17,,,,,,,,no_match,aucun candidat retenu (score >= 0.60 puis jugement en session)
2023_07_18_013,2023,Avenue du Général Lambert - Réfection du tapis,42628.31,7,,,,,,,,no_match,aucun candidat retenu (score >= 0.60 puis jugement en session)
2023_00_9_016,2023,"Crèche collective 132, rue Rambuteau - Aménagement de la pataugeoire et restructuration de la crèche",40134.89,0,,,,,,,,no_match,aucun candidat retenu (score >= 0.60 puis jugement en session)
2023_13_36_007,2023,"Maison des associations, modernisation des locaux",40092.43,13,,,,,,,,no_match,aucun candidat retenu (score >= 0.60 puis jugement en session)
2023_11_30_029,2023,Avenue de la République - Piste cyclable,38465.67,11,,,,,,,,no_match,aucun candidat retenu (score >= 0.60 puis jugement en session)
2023_00_9_026,2023,Place de la république - Réfection des trottoirs,37864.05,0,,,,,,,,no_match,aucun candidat retenu (score >= 0.60 puis jugement en session)
2023_00_9_012,2023,"Jardin Clos des Blancs Manteaux - Diagnostic (mur, pignon)",37750.58,0,,,,,,,,no_match,aucun candidat retenu (score >= 0.60 puis jugement en session)
2023_13_36_013,2023,Centre d'animation - 61 rue Dunois - Travaux de mise en conformité et mise en éclairage du jardin,36967.11,13,,,,,,,,no_match,aucun candidat retenu (score >= 0.60 puis jugement en session)
2023_00_9_014,2023,Square du Temple - Rénovation des sols,36681.19,0,,,,,,,,no_match,aucun candidat retenu (score >= 0.60 puis jugement en session)
2023_00_9_000,2023,"Bibliothèque Charlotte Delbo 2, Passage des Petits-Pères - Réfection de l'ensemble de la cage d'escalier",36177.2,0,,,,,,,,no_match,aucun candidat retenu (score >= 0.60 puis jugement en session)
2023_00_9_013,2023,Square Vert-Galant - Peinture de la clôture,35999.99,0,,,,,,,,no_match,aucun candidat retenu (score >= 0.60 puis jugement en session)
2023_00_9_018,2023,Crèche collective9 rue des Barres -Aménagement de la cour et du jardin extérieurs,34007.6,0,,,,,,,,no_match,aucun candidat retenu (score >= 0.60 puis jugement en session)
2023_07_18_000,2023,Bibliothèque Amélie - Extension des bureaux du personnel,31978.84,7,,,,,,,,no_match,aucun candidat retenu (score >= 0.60 puis jugement en session)
2023_15_42_037,2023,En piste pour encore plus d'aménagements cyclables,31563.68,15,,,,,,,,no_match,aucun candidat retenu (score >= 0.60 puis jugement en session)
2023_11_30_026,2023,Rue Saint-Ambroise - Réfection de la chaussée,31207.46,11,,,,,,,,no_match,aucun candidat retenu (score >= 0.60 puis jugement en session)
2023_09_24_007,2023,Square d'Anvers - Travaux de maintenance,30000.0,9,,,,,,,,no_match,aucun candidat retenu (score >= 0.60 puis jugement en session)
2023_09_24_023,2023,Des tableaux numériques et interactifs dans toutes les classes,29540.9,9,,,,,,,,no_match,aucun candidat retenu (score >= 0.60 puis jugement en session)
2023_09_24_008,2023,Square Alex Biscarre - Travaux d'entretien,29387.14,9,,,,,,,,no_match,aucun candidat retenu (score >= 0.60 puis jugement en session)
2023_17_48_001,2023,"Médiathèque 18, rue des Batignolles - Création de nouveaux espaces",28369.04,17,,,,,,,,no_match,aucun candidat retenu (score >= 0.60 puis jugement en session)
2023_05_12_000,2023,"Bibliothèque Buffon - Restructuration des locaux, travaux de rénovation de la porte automatique",27952.62,5,,,,,,,,no_match,aucun candidat retenu (score >= 0.60 puis jugement en session)
2023_11_30_024,2023,Rue du Moulin Joly - réfection de la chaussée,23651.21,11,,,,,,,,no_match,aucun candidat retenu (score >= 0.60 puis jugement en session)
2023_11_30_025,2023,Rue Rochebrune - Réfection de la chaussée,23635.35,11,,,,,,,,no_match,aucun candidat retenu (score >= 0.60 puis jugement en session)
2023_00_9_037,2023,"Marché couvert 39 bis, rue de Bretagne 75003 - Ravalement du mur mitoyen",21067.52,0,,,,,,,,no_match,aucun candidat retenu (score >= 0.60 puis jugement en session)
2023_05_12_006,2023,Jardin Tino Rossi - Réfection partielle des sols,20518.35,5,,,,,,,,no_match,aucun candidat retenu (score >= 0.60 puis jugement en session)
2023_11_30_038,2023,De l’art et de la culture dans les rues du 11e,12550.0,11,,,,,,,,no_match,aucun candidat retenu (score >= 0.60 puis jugement en session)
2023_00_9_001,2023,"Bibliothèque 2, place Baudoyer 75004 - Divers travaux d'extension",10877.61,0,,,,,,,,no_match,aucun candidat retenu (score >= 0.60 puis jugement en session)
2023_05_12_020,2023,Val de Grâce,7625.22,5,,,,,,,,no_match,aucun candidat retenu (score >= 0.60 puis jugement en session)
2024_18_51_021,2024,Porte de la Chapelle - Réaménagement JO 2024,13523054.39,18,20242024S00371,ARCADIS ESG,40150379200533,MOE RÉAMÉNAGEMENT DE LA PORTE DE LA CHAPELLE 3,2024,261200.0,0.9,confirmed,overlap=['chapelle'] ; jugé en session : MOE du même réaménagement Porte de la Chapelle
2024_18_51_021,2024,Porte de la Chapelle - Réaménagement JO 2024,13523054.39,18,20222022T09784,TERIDEAL,32307786700212,SA4 VOIRIE ECLAIRAGE PUBLIC FEUX TRICOLORE PORTE CHAPELLE,2023,15935704.17,0.9,confirmed,overlap=['chapelle'] ; jugé en session : Voirie et éclairage du même réaménagement Porte de la Chapelle
2024_18_51_021,2024,Porte de la Chapelle - Réaménagement JO 2024,13523054.39,18,20232023T03034,FREYSSINET FRANCE,33405736100308,SA3 TRAVAUX OUVRAGES ART REAMENAGEMENT PORTE CHAPELLE 18EME,2023,3556491.2,0.9,confirmed,overlap=['chapelle'] ; jugé en session : Ouvrages d'art du même réaménagement Porte de la Chapelle
2024_18_51_021,2024,Porte de la Chapelle - Réaménagement JO 2024,13523054.39,18,20222022S01527,ARCADIS ESG,40150379200533,MOE RÉAMÉNAGEMENT DE LA PORTE DE LA CHAPELLE,2022,1151853.98,0.9,confirmed,overlap=['chapelle'] ; jugé en session : MOE du même réaménagement Porte de la Chapelle
2024_18_51_021,2024,Porte de la Chapelle - Réaménagement JO 2024,13523054.39,18,20222022T09890,TERIDEAL AGRIGEX ENVIRONNEMENT,32534895100030,SA3 MSAC TVX AMENAGEMENT ESPACES VERTS PORTE DE LA CHAPELLE,2022,510070.49,0.9,confirmed,overlap=['chapelle'] ; jugé en session : Espaces verts du même réaménagement Porte de la Chapelle
2024_18_51_019,2024,Piscine Belliard,13205064.34,18,20232023T06374,BOUYGUES BATIMENT ILE DE FRANCE,43390083400188,SA4.TRVX CSTRUCT PISCINE 133 BIS R BELLIARD 75018 LOT 1,2023,18660000.0,0.9,confirmed,overlap=['belliard'] ; jugé en session : Travaux structure de la même piscine Belliard
2024_18_51_020,2024,Porte de la Chapelle - rue de la Chapelle - rue Marx Dormoy - Rond Point,11948780.69,18,20242024S00371,ARCADIS ESG,40150379200533,MOE RÉAMÉNAGEMENT DE LA PORTE DE LA CHAPELLE 3,2024,261200.0,0.9,confirmed,overlap=['chapelle'] ; jugé en session : MOE du même réaménagement Porte de la Chapelle
2024_18_51_020,2024,Porte de la Chapelle - rue de la Chapelle - rue Marx Dormoy - Rond Point,11948780.69,18,20222022T09784,TERIDEAL,32307786700212,SA4 VOIRIE ECLAIRAGE PUBLIC FEUX TRICOLORE PORTE CHAPELLE,2023,15935704.17,0.9,confirmed,overlap=['chapelle'] ; jugé en session : Voirie et éclairage du même réaménagement Porte de la Chapelle
2024_18_51_020,2024,Porte de la Chapelle - rue de la Chapelle - rue Marx Dormoy - Rond Point,11948780.69,18,20232023T03034,FREYSSINET FRANCE,33405736100308,SA3 TRAVAUX OUVRAGES ART REAMENAGEMENT PORTE CHAPELLE 18EME,2023,3556491.2,0.9,confirmed,overlap=['chapelle'] ; jugé en session : Ouvrages d'art du même réaménagement Porte de la Chapelle
2024_18_51_020,2024,Porte de la Chapelle - rue de la Chapelle - rue Marx Dormoy - Rond Point,11948780.69,18,20222022S01527,ARCADIS ESG,40150379200533,MOE RÉAMÉNAGEMENT DE LA PORTE DE LA CHAPELLE,2022,1151853.98,0.9,confirmed,overlap=['chapelle'] ; jugé en session : MOE du même réaménagement Porte de la Chapelle
2024_18_51_020,2024,Porte de la Chapelle - rue de la Chapelle - rue Marx Dormoy - Rond Point,11948780.69,18,20222022T09890,TERIDEAL AGRIGEX ENVIRONNEMENT,32534895100030,SA3 MSAC TVX AMENAGEMENT ESPACES VERTS PORTE DE LA CHAPELLE,2022,510070.49,0.9,confirmed,overlap=['chapelle'] ; jugé en session : Espaces verts du même réaménagement Porte de la Chapelle
2024_19_54_014,2024,Médiathèque James Baldwin,6622015.94,19,20232023F10342,VIDELIO,35009370400657,MS_INSTALLATION SON ET VIDEO MEDIATHEQUE J BALDWIN 19 EME,2023,181839.19,0.85,confirmed,overlap=['baldwin'] ; jugé en session : Installation son-vidéo de la même médiathèque James Baldwin
2024_09_24_013,2024,Eglise De La Trinite - Restauration du massif d'entrée,4496747.39,9,20212021T00307,LOUBIERE LA FORGE D'ART,35220000000029,SA4 RESTAURATION MASSIF ENTREE EGLISE TRINITE LOT5 SERRURERI,2021,662719.7,0.9,confirmed,"overlap=['trinite'] ; jugé en session : Même église Trinité, massif d'entrée, lot serrurerie"
2024_13_36_014,2024,Eglise Sainte-Anne De La Butte-Aux-Cailles - Consolidation pérenne,4262446.31,13,20222022T02119,LEFEVRE SAS,35331873600058,SA4 EGLISE STE ANNE BUTTE AUX CAILLES LOT 1 GROS OEUVRE,2022,6164413.5,1.0,confirmed,"overlap=['anne', 'butte', 'cailles'] ; jugé en session : même lieu et même opération : même église Sainte-Anne, gros œuvre de consolidation"
2024_13_36_014,2024,Eglise Sainte-Anne De La Butte-Aux-Cailles - Consolidation pérenne,4262446.31,13,20222022T02120,STE LOUIS GENESTE ET SES FILS,86020025200093,SA4 EGLISE STE ANNE BUTTE AUX CAILLES LOT2 : MACONNERIE…,2022,1697781.97,1.0,confirmed,"overlap=['anne', 'butte', 'cailles'] ; jugé en session : même lieu et même opération : même église Sainte-Anne, lot maçonnerie de consolidation"
2024_20_57_015,2024,Parc Python Duvernois,3231990.68,20,20222022T10057,ENTREPRISE DE TRAVAUX PUBLICS EGA,64204779900027,SA3 TVX GENIE CIVIL TERRASSEMENT PARC PYTHON DUVERNOIS LOT1,2023,4493592.01,1.0,confirmed,"overlap=['duvernois', 'python'] ; jugé en session : Terrassement du même parc Python Duvernois"
2024_20_57_015,2024,Parc Python Duvernois,3231990.68,20,20222022T10065,ESPACE DECO,30752136900032,SA3 TVX PLANTATIONS TERRE VEGET. PARC PYTHON DUVERNOIS LOT 4,2023,1346835.91,1.0,confirmed,"overlap=['duvernois', 'python'] ; jugé en session : Plantations du même parc Python Duvernois"
2024_20_57_015,2024,Parc Python Duvernois,3231990.68,20,20222022T10064,TERIDEAL,32307786700212,SA3 CREATION BASSIN VEGETALISE PARC PYTHON DUVERNOIS LOT3,2023,837532.2,1.0,confirmed,"overlap=['duvernois', 'python'] ; jugé en session : Bassin végétalisé du même parc Python Duvernois"
2024_20_57_015,2024,Parc Python Duvernois,3231990.68,20,20222022T10070,ENTREPRISE GENERALE DE CLOTURES,78495033900019,SA3 TVX SERRURERIE PARC PYTHON DUVERNOIS LOT5,2023,827253.0,1.0,confirmed,"overlap=['duvernois', 'python'] ; jugé en session : Serrurerie du même parc Python Duvernois"
2024_19_54_018,2024,"Crèche Collective 7, Allée Des Eiders - Restructuration",2205791.07,19,20242024T02145,TRAVAUX BATS ELECTRICITE SECURITE,39436621500066,SA4-TRVX DE RESTRUCT°CRECHE EIDERS 7 ALLEE EIDERS-LOT4,2024,714292.97,1.0,confirmed,"overlap=['allee', 'eiders'] ; jugé en session : Lot 4 de la même restructuration crèche Eiders"
2024_19_54_018,2024,"Crèche Collective 7, Allée Des Eiders - Restructuration",2205791.07,19,20222022S00457,RMDM ARCHITECTES,43955573100033,MOE RESTRUCTURATION CRECHE 7 ALLÉE DES EIDERS 75019,2022,416650.0,1.0,confirmed,"overlap=['allee', 'eiders', 'restructuration'] ; jugé en session : MOE de la même restructuration crèche Eiders"
2024_19_54_018,2024,"Crèche Collective 7, Allée Des Eiders - Restructuration",2205791.07,19,20242024T02142,EDILE CONSTRUCTION,37770055400050,SA4_RESTRUCT° CRECHE EIDERS 75019_L1:GROS OEUVRE-ESPACES EXT,2024,1890109.32,0.85,confirmed,overlap=['eiders'] ; jugé en session : Lot 1 de la même restructuration crèche Eiders
2024_00_9_025,2024,"Crèche Collective 26, Rue Saint Roch - Restructuration",1820337.73,0,20222022S01010,AMOES,49519128000066,SUBSÉQUENT AMO RESTRUCTURATION CRECHE SAINT ROCH,2022,69972.0,1.0,confirmed,"overlap=['restructuration', 'roch'] ; jugé en session : même lieu et même opération : même crèche Saint-Roch, AMO restructuration"
2024_00_9_025,2024,"Crèche Collective 26, Rue Saint Roch - Restructuration",1820337.73,0,20212021S07467,ATELIER GIET ARCHITECTURE,49071473000036,MOE RESTRUCTURATION CC 26 RUE SAINT ROCH 75001 SAMO,2021,445870.04,1.0,confirmed,"overlap=['restructuration', 'roch'] ; jugé en session : même lieu et même opération : même crèche 26 rue Saint-Roch, MOE restructuration"
2024_00_9_025,2024,"Crèche Collective 26, Rue Saint Roch - Restructuration",1820337.73,0,20232023T07496,DP.R,42878198300039,SA4-TVX RESTRUCTURATION CRECHE ST ROCH 75001 - LOT 1 TCE,2023,3750422.0,1.0,confirmed,"overlap=['restructuration', 'roch'] ; jugé en session : même lieu et même opération : même crèche Saint-Roch, travaux de restructuration"
2024_08_21_011,2024,Eglise Sainte-Marie Madeleine - Restauration de l'ensemble des façades,1769803.92,8,20212021T00588,SPMG,84115124400024,SA4 RESTAURATION FACADE SUD EGLISE MADELEINE LOT2: MARBRERIE,2021,257798.05,0.9,confirmed,overlap=['madeleine'] ; jugé en session : Même église Madeleine ; lot marbrerie de la restauration des façades
2024_08_21_011,2024,Eglise Sainte-Marie Madeleine - Restauration de l'ensemble des façades,1769803.92,8,20232023S03703,1090 ARCHITECTES,80352183000015,MO RESTAURATION FACADES EGLISE DE LA MADELEINE,2023,630720.0,0.85,confirmed,overlap=['madeleine'] ; jugé en session : Maîtrise d'œuvre de la restauration des façades de la Madeleine
2024_08_21_011,2024,Eglise Sainte-Marie Madeleine - Restauration de l'ensemble des façades,1769803.92,8,20232023S06120,BUREAU D ETUDES ET DE CONSEILS EN,40353972900034,CSPS RESTAURAT° FACADES OUEST/NORD/EST EGLISE LA MADELEINE,2023,90945.0,0.85,confirmed,overlap=['madeleine'] ; jugé en session : CSPS de la restauration des façades de la même église
2024_13_36_016,2024,College Gustave Flaubert - Restructuration de la cuisine,1740832.82,13,20202021S00820,AKLA ARCHITECTES,49502120600026,MOE RESTRUCTURATION CANTINE COLL.GUSTAVE FLAUBERT 75013,2021,203742.0,1.0,confirmed,"overlap=['flaubert', 'gustave', 'restructuration'] ; jugé en session : même lieu et même opération : même collège Flaubert, restructuration cantine/cuisine"
2024_12_33_022,2024,Place Felix Eboué,1603305.63,12,20242024T12421,GROUPE LOISELEUR GRAND PARIS SUD,57213977200030,SA3_MS TRX ESPACES VERTS REAMENAGEMT PLACE FELIX EBOUE 12EME,2024,329111.47,0.9,confirmed,"overlap=['eboue', 'felix'] ; jugé en session : même lieu et même opération : même place Félix Éboué, réaménagement espaces verts"
2024_12_33_022,2024,Place Felix Eboué,1603305.63,12,20242024T02557,ENTREPRISE DE TRAVAUX FAYOLLE,50163916500015,SA3.MS_AC TRVX INFRACSTRUC VOIRIE PL FELIX EBOUÉ V.P 12EME,2024,4769981.9,0.9,confirmed,"overlap=['eboue', 'felix'] ; jugé en session : même lieu et même opération : même place Félix Éboué, travaux de voirie"
2024_09_24_017,2024,Rue de Clichy,1597536.06,9,20232023T08276,COLAS FRANCE,32933888302274,SA3 MS TVX DE REAMENAGEMENT RUE DE CLICHY,2023,1729556.3,0.85,confirmed,"overlap=['clichy'] ; jugé en session : Même rue de Clichy, réaménagement de voirie"
2024_20_57_028,2024,Poursuivre l'ouverture de la Petite Ceinture,1563987.69,20,20232023T03892,ENTREPRISE DE TRAVAUX PUBLICS EGA,64204779900027,SA3 ACBC AMENAGEMENT PROMENADE PETITE CEINTURE 20EME LOT 1,2023,1580837.76,1.0,confirmed,"overlap=['ceinture', 'petite'] ; jugé en session : Promenade Petite Ceinture 20e, même ouverture"
2024_20_57_028,2024,Poursuivre l'ouverture de la Petite Ceinture,1563987.69,20,20232023T03963,ENVIRONNEMENT SERVICES,41341774200025,SA3 ACBC AMENAGEMENT PROMENADE PETITE CEINTURE 20EME LOT 2,2023,499985.92,1.0,confirmed,"overlap=['ceinture', 'petite'] ; jugé en session : Promenade Petite Ceinture 20e, même ouverture"
2024_19_54_020,2024,Cours d'Aubervilliers-Ilôt fertile,1468550.97,19,20222022T02046,ETABL. DE BONNEUIL SUR MARNE,32933888302159,SA3_TRVX AMENAGEMENT RUE AUBERVILLIERS ÎLOT FERTILE 19EME VP,2022,1286089.79,1.0,confirmed,"overlap=['aubervilliers', 'fertile', 'ilot'] ; jugé en session : Même aménagement Cours d'Aubervilliers, îlot fertile"
2024_10_27_016,2024,Piscine Chateau Landon - Travaux de rénovation,1448765.17,10,20242024T03749,BOUYGUES BATIMENT ILE DE FRANCE,43390083400188,SA4-TRVX DE RENOVATION DE LA PISCINE CHATEAU LANDON PARIS 10,2024,8461700.12,1.0,confirmed,"overlap=['chateau', 'landon'] ; jugé en session : même lieu et même opération : même piscine Château-Landon, travaux de rénovation"
2024_10_27_016,2024,Piscine Chateau Landon - Travaux de rénovation,1448765.17,10,20222022S02114,SOC. ETUDES BAT. TRAV. PUBL.,33977685800047,SA4_MOE RÉNOVATION PISCINE DE CHÂTEAU LANDON_75010 PARIS,2022,569500.0,1.0,confirmed,"overlap=['chateau', 'landon'] ; jugé en session : même lieu et même opération : même piscine Château-Landon, MOE de rénovation"
2024_17_48_020,2024,Centre Sportif Max Rousié - Reconstruction de la tribune max rousié,1334951.16,17,20222022T09884,FRANCERGO,80286057700054,SA4 MODERNISATION TRIBUNES STADE MAX ROUSIE – LOT 2,2022,507000.0,0.85,confirmed,"overlap=['rousie'] ; jugé en session : même lieu et même opération : modernisation tribunes Max Rousié, lot 2"
2024_17_48_020,2024,Centre Sportif Max Rousié - Reconstruction de la tribune max rousié,1334951.16,17,20212021S00960,BANCILHON,34137274600048,SA4 MOE MODERNISATION TRIBUNES STADE MAX ROUSIE POUR J.O.,2021,76000.0,0.85,confirmed,"overlap=['rousie'] ; jugé en session : même lieu et même opération : MOE modernisation tribunes Max Rousié, même équipement"
2024_06_15_012,2024,Eglise Saint-Sulpice,1252627.04,6,20212021T10119,ALTIUS,41180144200020,SA4 TVX SERRURIE EGLISE SAINT-SULPICE LOT2,2022,56774.0,0.85,confirmed,"overlap=['sulpice'] ; jugé en session : Même église Saint-Sulpice ; serrurerie, lot plausible des travaux"
2024_06_15_012,2024,Eglise Saint-Sulpice,1252627.04,6,20212021T10118,SOC COOP PRODUCT,57201099900033,SA4 TVX CHARPENTE MENUISERIE EGLISE SAINT-SULPICE LOT1,2021,253830.17,0.85,confirmed,"overlap=['sulpice'] ; jugé en session : Même église Saint-Sulpice ; charpente/menuiserie, partie plausible des travaux"
2024_20_57_019,2024,Centre Sportif Louis Lumiere - 20 Louis Lumière - Aménagement du 3e terrain,1154870.86,20,20232023T04320,ART-DAN ILE-DE-FRANCE,48940507600071,SA4 CREATION TERRAINS DE FOOTBALL CS LOUIS LUMIERE LOT1,2023,958164.73,1.0,confirmed,"overlap=['louis', 'lumiere'] ; jugé en session : Terrains de football du même CS Louis Lumière, lot 1"
2024_20_57_019,2024,Centre Sportif Louis Lumiere - 20 Louis Lumière - Aménagement du 3e terrain,1154870.86,20,20232023T04321,BOUYGUES ENERGIES & SERVICES,77566487304147,SA4 CREATION DE TERRAINS DE FOOTBALL CS LOUIS LUMIERE LOT2,2023,68574.0,1.0,confirmed,"overlap=['louis', 'lumiere'] ; jugé en session : Terrains de football du même CS Louis Lumière, lot 2"
2024_19_54_016,2024,Parc Des Buttes Chaumont -Ile de la Falaise,1092130.35,19,20232023S10513,ANTEA FRANCE,39320673500598,SA3_ACBC_AMO RESTAURATION ILE FALAISE PARC BUTTES CHAUMONT,2023,1374700.0,1.0,confirmed,"overlap=['buttes', 'chaumont', 'falaise'] ; jugé en session : AMO de la même restauration île de la Falaise"
2024_19_54_016,2024,Parc Des Buttes Chaumont -Ile de la Falaise,1092130.35,19,20222022S09965,OMNIUM GENERAL D'INGENIERIE,38400090700020,SA3 AMOA RESTAURAT°ILE& LA FALAISE PARC BUTTE CHAUMONT,2023,798500.0,1.0,confirmed,"overlap=['chaumont', 'falaise'] ; jugé en session : AMOA de la même restauration île de la Falaise"
2024_14_39_023,2024,Place Denfert Rocherau - Aménagement,901342.24,14,2025T011130000,TERIDEAL ESPACES VERTS IDF,32534895100139,SA3_MS VEGETALISATION+REAM_PLACE DENFERT_ROCHEREAU 14EME,2025,2830081.63,0.9,confirmed,"overlap=['denfert'] ; jugé en session : même lieu et même opération : même place Denfert-Rochereau, végétalisation et réaménagemen"
2024_14_39_023,2024,Place Denfert Rocherau - Aménagement,901342.24,14,decp-2025T01113,TERIDEAL ESPACES VERTS ILE DE FRANCE,32534895100030,Travaux de végétalisation dans le cadre du réaménagement de la place Denfert-Rochereau à Paris 14e,2025,1830081.63,0.9,confirmed,"overlap=['denfert'] ; jugé en session : même lieu et même opération : même place Denfert-Rochereau, végétalisation du réaménagemen"
2024_14_39_023,2024,Place Denfert Rocherau - Aménagement,901342.24,14,20242024S02949,BUREAU DES PAYSAGES,50409691800033,MSAC2 MOE PLACE DENFERT ROCHEREAU,2024,755300.0,0.85,confirmed,"overlap=['denfert'] ; jugé en session : même lieu et même opération : même place Denfert-Rochereau, MOE d'aménagement"
2024_14_39_023,2024,Place Denfert Rocherau - Aménagement,901342.24,14,2025T008060000,EUROVIA ILE DE FRANCE,42094822600089,SA3_TVX INFRASTRUCTURE PR REAMNGMT PLACE DENFERT-ROCHEREAU,2025,8220708.5,0.85,confirmed,"overlap=['denfert'] ; jugé en session : même lieu et même opération : même place Denfert-Rochereau, travaux de réaménagement"
2024_14_39_023,2024,Place Denfert Rocherau - Aménagement,901342.24,14,decp-2025T00806,EUROVIA ILE DE FRANCE,42094822600089,Travaux d’infrastructure pour le réaménagement de la place Denfert-Rochereau,2025,6220708.5,0.85,confirmed,"overlap=['denfert'] ; jugé en session : même lieu et même opération : même place Denfert-Rochereau, travaux d'infrastructure du ré"
2024_19_54_021,2024,Secteur des Orgues de Flandre,854160.1,19,20242024T08008,BOTANICA JARDINS SERVICES,34063214000133,SA3 REAMENAG ILOT RIGUET ORGUES DES FLANDRES LOT3,2024,266204.0,0.85,confirmed,"overlap=['orgues'] ; jugé en session : Réaménagement îlot Orgues de Flandre, même secteur"
2024_19_54_021,2024,Secteur des Orgues de Flandre,854160.1,19,20212021S02065,ETUDES DE STRUCTURES ET D EQUIPEMEN,33764944600032,SA3 MS/AC REAMENAGT JARDIN & VOIRIES ILOT ORGUES DE FLANDRES,2021,272800.0,0.65,probable,"overlap=['orgues'] ; jugé en session : Jardin et voiries îlot Orgues de Flandre, même secteur"
2024_19_54_006,2024,Parc Des Buttes Chaumont - Curage du lac,844836.87,19,20232023T07356,ENT. DE TRAVAUX FAYOLLE ET FILS,50163916500015,SA3/ACBC_TVX CURAGE DES BIEFS DU LAC_PARC BUTTES CHAUMONT,2023,874600.0,1.0,confirmed,"overlap=['buttes', 'chaumont', 'curage'] ; jugé en session : Curage du lac des Buttes-Chaumont, même opération"
2024_18_51_014,2024,Institut Des Culture d'Islam 19 Rue Léon - Rénovation,709016.74,18,20232023S02702,IN3 TCE,79862563800027,MOE AMÉNAGEMENT EN CONFORMITÉ INSTITUT DES CULTURES D'ISLAM,2023,73640.0,1.0,confirmed,"overlap=['institut', 'islam'] ; jugé en session : MOE mise en conformité du même Institut des cultures d'Islam"
2024_18_51_014,2024,Institut Des Culture d'Islam 19 Rue Léon - Rénovation,709016.74,18,20232023T10386,EZEL,75359287200042,"SA4.AMÉNAGEMT INTÉRIEUR,INSTITUT CULT ISLAM PARIS 18ÈME LOT1",2023,715734.27,1.0,confirmed,"overlap=['institut', 'islam'] ; jugé en session : Aménagement intérieur du même Institut des cultures d'Islam"
2024_18_51_016,2024,College Aimé Césaire - Adaptations en cuisine et buanderie,681122.11,18,20242024T00788,TERENOVE,84161473800026,SA4_LOT1 TCE_ ADAPTAT° CUISINE COLLEGE AIME CESAIRE 18E,2024,338786.38,1.0,confirmed,"overlap=['aime', 'cesaire'] ; jugé en session : même lieu et même opération : même collège Aimé Césaire, adaptation cuisine"
2024_18_51_016,2024,College Aimé Césaire - Adaptations en cuisine et buanderie,681122.11,18,20242024T00790,COOLTHERM,80744936800016,SA4-LOT4 CHAUFF PLOMB VENTIL° CUISINE COLL AIME CESAIRE 18E,2024,103591.41,1.0,confirmed,"overlap=['aime', 'cesaire'] ; jugé en session : même lieu et même opération : même collège Aimé Césaire, cuisine chauffage-ventilation"
2024_13_36_005,2024,Mairie du 13e Arrondissement - Rénovation interieure de la salle des fêtes,608904.85,13,20232023T01062,SOC COOP PRODUCT,57201099900033,RENOVATION DE LA SALLE DES FETES DE LA MAIRIE DE 13ÈME LOT 3,2023,379057.81,0.7,probable,"overlap=['fetes'] ; jugé en session : même lieu et même opération : même salle des fêtes mairie 13e, rénovation"
2024_13_36_005,2024,Mairie du 13e Arrondissement - Rénovation interieure de la salle des fêtes,608904.85,13,20232023T04885,SCENIC FRANCE REALISATIONS,32881345600055,SCENOGRAPHIE ELECTRICITE SALLE DES FETES MAIRIE 13EME LOT 6,2023,312608.0,0.7,probable,"overlap=['fetes'] ; jugé en session : même lieu et même opération : même salle des fêtes mairie 13e, lot électricité scénographi"
2024_13_36_005,2024,Mairie du 13e Arrondissement - Rénovation interieure de la salle des fêtes,608904.85,13,20232023T01079,LACOUR ENTREPRISE,33864715900015,MAIRIE DU 13EME LOT N°1 RENOVATIONDE LA SALLE DES FETES,2023,306468.0,0.7,probable,"overlap=['fetes'] ; jugé en session : même lieu et même opération : même salle des fêtes mairie 13e, rénovation lot 1"
2024_13_36_005,2024,Mairie du 13e Arrondissement - Rénovation interieure de la salle des fêtes,608904.85,13,20232023T01072,BALAS,56207779200082,MAIRIE DU 13EME LOT N°2 RENOVATION DE LA SALLE DES FETES,2023,120124.2,0.7,probable,"overlap=['fetes'] ; jugé en session : même lieu et même opération : même salle des fêtes mairie 13e, rénovation lot 2"
2024_13_36_005,2024,Mairie du 13e Arrondissement - Rénovation interieure de la salle des fêtes,608904.85,13,20232023T01387,FRANCE VITRAIL INTERNATIONAL,34410109200056,RENOVATION SALLE DES FETES MAIRIE 13EME LOT 5 VITRAUX,2023,68775.0,0.7,probable,"overlap=['fetes'] ; jugé en session : même lieu et même opération : même salle des fêtes mairie 13e, rénovation vitraux"
2024_00_9_005,2024,Ecole Polyvalente 6 Rue Vaucanson - Création d'une Cour Oasis,604326.24,0,20242024T04767,COCHERY ILE DE FRANCE,41797626300018,TRAVAUX CRÉATION COUR OASIS EP VAUCANSON/COLLÈGE MONTGOLFIER,2024,968454.79,1.0,confirmed,"overlap=['oasis', 'vaucanson'] ; jugé en session : même lieu et même opération : même école Vaucanson, création cour oasis"
2024_19_54_001,2024,Ecole Elementaire 16 Rue Eugenie Cotton - Etanchéité et réfection des cours,544132.01,19,20222022T02579,ETANCHECO,42296795000029,ETANCHEITE ZONE 2 COUR GS EUGENIE COTTON 19EME,2022,666245.35,1.0,confirmed,"overlap=['cotton', 'etancheite', 'eugenie'] ; jugé en session : Étanchéité de cour de la même école Eugénie Cotton"
2024_19_54_001,2024,Ecole Elementaire 16 Rue Eugenie Cotton - Etanchéité et réfection des cours,544132.01,19,20222022T03264,SOPREMA ENTREPRISES,48519755200014,ÉTANCHÉITÉ TERRASSES GS 16-20 EUGÉNIE COTTON 75019,2022,181323.67,1.0,confirmed,"overlap=['cotton', 'etancheite', 'eugenie'] ; jugé en session : Étanchéité terrasses de la même école Eugénie Cotton"
2024_19_54_017,2024,"Crèche Collective 10, Rue Préault - Restructuration",520491.49,19,20242024S00374,MANERGY,32858182200033,SA4_AC BC&MS MOE RESTRUCTURATION CRECHE PREAULT 19ÈME,2024,1000000.0,1.0,confirmed,"overlap=['preault', 'restructuration'] ; jugé en session : MOE de la même restructuration crèche Préault"
2024_19_54_017,2024,"Crèche Collective 10, Rue Préault - Restructuration",520491.49,19,2025T038750000,BRIAND SAS,33498245100059,SA4_TVX RESTRUCTURATION CRECHE PREAULT_ LOT1_TCE,2025,3597241.77,1.0,confirmed,"overlap=['preault', 'restructuration'] ; jugé en session : Travaux de la même restructuration crèche Préault"
2024_19_54_017,2024,"Crèche Collective 10, Rue Préault - Restructuration",520491.49,19,20242024S02219,PROJECTIO,52964755400060,PRESTATIN DE CONTROLE TECHNIQUE RESTRUCT. CRECHE PREAULT,2024,56025.0,0.85,confirmed,overlap=['preault'] ; jugé en session : Contrôle technique de la même restructuration crèche Préault
2024_18_51_015,2024,Ecole Polyvalente Chapelle Charbon - Construction de l'école polyvalente 12 classes,489381.78,18,20232023S02669,LA ARCHITECTURES,51443180800039,MOE ÉCO-CONSTRUCTION ÉCOLE POLYVALENTE ZAC CHAPELLE CHARBON,2023,2148790.02,1.0,confirmed,"overlap=['chapelle', 'charbon', 'polyvalente'] ; jugé en session : MOE de la même école Chapelle-Charbon"
2024_18_51_015,2024,Ecole Polyvalente Chapelle Charbon - Construction de l'école polyvalente 12 classes,489381.78,18,decp-2026T00873,MAITRE CUBE,81046080800027,"Eco-construction d’une école polyvalente, d’une cuisine centrale et de locaux sociaux, ZAC Chapelle-Charbon Paris 18ème - Travaux TCE",2026,15500000.0,1.0,confirmed,"overlap=['chapelle', 'charbon', 'polyvalente'] ; jugé en session : Travaux TCE de la même école Chapelle-Charbon"
2024_18_51_015,2024,Ecole Polyvalente Chapelle Charbon - Construction de l'école polyvalente 12 classes,489381.78,18,decp-2026T00874,EUROVIA ILE DE FRANCE,42094822600089,"Eco-construction d’une école polyvalente, d’une cuisine centrale et de locaux sociaux, ZAC Chapelle-Charbon Paris 18ème - Espaces extérieurs",2026,425158.28,1.0,confirmed,"overlap=['chapelle', 'charbon', 'polyvalente'] ; jugé en session : Espaces extérieurs de la même école Chapelle-Charbon"
2024_18_51_015,2024,Ecole Polyvalente Chapelle Charbon - Construction de l'école polyvalente 12 classes,489381.78,18,20222022S10639,DEERNS FRANCE,52203871000045,SUBSEQUENT MS AC ECOLE POLY CUISINE CHAPELLE CHARBON PARIS18,2023,76320.0,1.0,confirmed,"overlap=['chapelle', 'charbon'] ; jugé en session : Mission sur la même école-cuisine Chapelle-Charbon"
2024_18_51_015,2024,Ecole Polyvalente Chapelle Charbon - Construction de l'école polyvalente 12 classes,489381.78,18,20222022S10086,APAVE PARISIENNE SAS,39316827300299,SUBSÉQUENT CSPS ÉCO-CONSTRUCTION ZAC CHAPELLE CHARBON 75018,2022,53136.0,1.0,confirmed,"overlap=['chapelle', 'charbon'] ; jugé en session : CSPS de la même opération Chapelle-Charbon"
2024_05_12_016,2024,Piscine Pontoise - Rénovation de la piscine,487745.79,5,20222022T04166,LEFEVRE SAS,35331873600058,SA4 PISCINE PONTOISE RENOVATION ACCES ET BASSIN,2022,2698652.0,0.9,confirmed,overlap=['pontoise'] ; jugé en session : Accès et bassin de la même piscine Pontoise
2024_05_12_016,2024,Piscine Pontoise - Rénovation de la piscine,487745.79,5,20222022T00424,LEFEVRE SAS,35331873600058,SA4_TVX RÉPARATION BÉTON DU BASSIN/PLAGES PISCINE PONTOISE,2022,592784.96,0.9,confirmed,overlap=['pontoise'] ; jugé en session : Béton du bassin de la même piscine Pontoise
2024_05_12_016,2024,Piscine Pontoise - Rénovation de la piscine,487745.79,5,20212021T01396,LEFEVRE SAS,35331873600058,SA4 PISCINE PONTOISE MACONNERIE DEMOLITION ETANCHEITE LOT1,2021,2074418.33,0.9,confirmed,overlap=['pontoise'] ; jugé en session : Maçonnerie-étanchéité de la même rénovation piscine Pontoise
2024_05_12_016,2024,Piscine Pontoise - Rénovation de la piscine,487745.79,5,20212021T01397,EIFFAGE METAL,33391638500250,SA4 RENOVATION CHARPENTE VERRIERE PISCINE PONTOISE LOT2,2021,1832099.0,0.9,confirmed,overlap=['pontoise'] ; jugé en session : Charpente verrière de la même rénovation piscine Pontoise
2024_09_24_001,2024,Ecole Maternelle 11 Rue Grange Bateliere - Modernisation des menuiseries,481607.46,9,20232023T04195,LES ETABLISSEMENTS GIFFARD,52284772200025,TRAVAUX MODERNISATION MENUISERIES EXT.BOIS EM 11 G.BATELIÈRE,2023,771687.27,0.85,confirmed,"overlap=['bateliere'] ; jugé en session : Même école EM 11 Grange Batelière, mêmes menuiseries"
2024_15_42_001,2024,Ecole Maternelle 22 Rue Sextius Michel - Modernisation des menuiseries,447465.33,15,20232023T00609,LES ETABLISSEMENTS GIFFARD,52284772200025,MODERNISATION MENUISERIES GS ROUELLE SEXTUS MICHEL 15EME,2023,848420.55,0.85,confirmed,"overlap=['michel'] ; jugé en session : même lieu et même opération : modernisation menuiseries GS Sextius Michel, même lieu et op"
2024_14_39_021,2024,Réaménagement de la rue Mouchotte,428720.14,14,20242024T04556,ENTREPRISE DE TRAVAUX FAYOLLE,50163916500015,SA3_MS_TVX REAMENAGEMENT RUE COMMANDANT MOUCHOTTE_14ÈME,2024,4368482.35,0.85,confirmed,"overlap=['mouchotte'] ; jugé en session : même lieu et même opération : même rue Mouchotte, travaux de réaménagement"
2024_12_33_014,2024,Ecole Maternelle 167 Rue Bercy - Modernisation du réfectoire,426108.33,12,decp-2025T05622,HENCO,33479637200012,"Travaux de modernisation d’une cuisine pour le groupe scolaire Bercy – 165/167 rue de Bercy, 75012 Paris, en 4 lots juridiques - Equipements de cuisine",2025,167795.6,0.7,probable,"overlap=['bercy'] ; jugé en session : même lieu et même opération : même groupe scolaire Bercy, modernisation cuisine/réfectoire"
2024_12_33_014,2024,Ecole Maternelle 167 Rue Bercy - Modernisation du réfectoire,426108.33,12,decp-2025T04959,DMW,81014577100012,"Travaux de modernisation d’une cuisine pour le groupe scolaire Bercy – 165/167 rue de Bercy, 75012 Paris, en 4 lots juridiques - Tous corps d'état",2025,161593.43,0.7,probable,"overlap=['bercy'] ; jugé en session : même lieu et même opération : même groupe scolaire Bercy, modernisation cuisine/réfectoire"
2024_12_33_014,2024,Ecole Maternelle 167 Rue Bercy - Modernisation du réfectoire,426108.33,12,decp-2025T05621,TRAVAUX BATIMENTS ELECTRICITE SECURITE,39436621500041,"Travaux de modernisation d’une cuisine pour le groupe scolaire Bercy – 165/167 rue de Bercy, 75012 Paris, en 4 lots juridiques - Electricité CFO/CFA",2025,116200.44,0.7,probable,"overlap=['bercy'] ; jugé en session : même lieu et même opération : même groupe scolaire Bercy, modernisation cuisine/réfectoire"
2024_15_42_002,2024,Ecole Maternelle 56 Av Felix Faure - Modernisation des menuiseries extérieures du RDC,425158.05,15,20232023T03482,ART ET TECHNIQUE DE LA MENUISERIE,47777174500023,MODERNISAT° MENUISERIES EXTE DU GS 56 AV FÉLIX FAURE 75015,2023,362490.0,0.9,confirmed,"overlap=['faure', 'felix'] ; jugé en session : même lieu et même opération : menuiseries extérieures GS 56 av Félix Faure, même opération"
2024_13_36_003,2024,Ecole Maternelle 40 Rue Vandrezanne - Restructuration du groupe scolaire Vandrezanne,424413.99,13,20242024T03054,DMW,81014577100020,TRAVAUX DE RESTRUCTURATION DU GRPE SCOLAIRE VANDREZANNE 13È,2024,304257.14,1.0,confirmed,"overlap=['restructuration', 'vandrezanne'] ; jugé en session : même lieu et même opération : même groupe scolaire Vandrezanne, restructuration"
2024_19_54_004,2024,"Ecole Maternelle Eugenie Cotton - Aménagement des locaux :réfectoire, périscolaire, etc",413475.13,19,20222022T02581,DMW,81014577100020,"AMÉNAGT DES LOCAUX ATE,CRÉATION BUREAU REV GS E.COTTON 75019",2022,141658.06,0.85,confirmed,"overlap=['cotton'] ; jugé en session : Aménagement de locaux, même groupe scolaire Eugénie Cotton"
2024_07_18_014,2024,Multi-Accueil Collectif Et Familial 145 Rue De L’Université - restructuration,407615.59,7,20222022S07603,CABINET MAITRISE TECHNIQ. CONSTRUC.,66201291300031,MO RESTRUCTURATION CRECHE UNIVERSITE 75007,2022,198986.0,1.0,confirmed,"overlap=['restructuration', 'universite'] ; jugé en session : Maîtrise d'œuvre de la restructuration de la même crèche Université"
2024_07_18_014,2024,Multi-Accueil Collectif Et Familial 145 Rue De L’Université - restructuration,407615.59,7,20242024T09129,EDILE CONSTRUCTION,37770055400050,SA4_RESTRUCT CRECHE UNIVERSITE 145 RUE DE L UNIVERSITE 75007,2024,1499282.84,0.85,confirmed,"overlap=['universite'] ; jugé en session : Même crèche 145 rue de l'Université, même restructuration"
2024_19_54_015,2024,Jardin De L'Ilot Riquet - Jardin îlot Riquet Orgue de Flandre,369036.69,19,20242024T08007,COCHERY ILE DE FRANCE,41797626300018,SA3.REAMENAGEMENT ILOT RIQUET ORGUES DE FLANDRES-LOT 1,2024,1814881.44,1.0,confirmed,"overlap=['ilot', 'riquet'] ; jugé en session : Lot 1 du même réaménagement îlot Riquet Orgues de Flandre"
2024_19_54_015,2024,Jardin De L'Ilot Riquet - Jardin îlot Riquet Orgue de Flandre,369036.69,19,20242024T10318,URBENCEA,51906509800039,SA3.TRVX RÉAMÉNAG JARDIN LOT RIQUET-SERRURERIE V.P 19ÈM,2024,599920.0,0.85,confirmed,overlap=['riquet'] ; jugé en session : Lot serrurerie du même jardin îlot Riquet
2024_19_54_015,2024,Jardin De L'Ilot Riquet - Jardin îlot Riquet Orgue de Flandre,369036.69,19,20242024T08008,BOTANICA JARDINS SERVICES,34063214000133,SA3 REAMENAG ILOT RIGUET ORGUES DES FLANDRES LOT3,2024,266204.0,0.7,probable,overlap=['ilot'] ; jugé en session : Lot 3 du même réaménagement îlot Riquet Orgues de Flandre
2024_10_27_000,2024,Ecole Élémentaire 3 Rue Belzunce - Rénovation de la cour et des sanitaires cour,341160.51,10,20242024T02944,ESPACES TP,75331059800010,LOT 1 _ TRAVAUX RÉAMÉNAGEMENTS COUR EP 3 RUE BELZUNCE 10E,2024,136371.84,0.85,confirmed,"overlap=['belzunce'] ; jugé en session : même lieu et même opération : même école 3 rue Belzunce, réaménagement cour"
2024_10_27_000,2024,Ecole Élémentaire 3 Rue Belzunce - Rénovation de la cour et des sanitaires cour,341160.51,10,20232023T02811,BOSSAL RENOVATION ET AGENCEMENT,52368581600010,TRAVAUX RESTAURATION SANITAIRES COUR GS BELZUNCE 10E,2023,78089.98,0.85,confirmed,"overlap=['belzunce'] ; jugé en session : même lieu et même opération : même groupe scolaire Belzunce, sanitaires cour"
2024_16_45_006,2024,Stade de la Porte de la Muette - création d'une salle de tennis de table,321394.5,16,20222022T06186,CISCO BATIMENT,45160661000033,SA4 CREAT SALLE TENNIS/TABLE_COUVERT TEP STADE MUETTE LOT2,2022,295173.0,1.0,confirmed,"overlap=['muette', 'stade', 'table', 'tennis'] ; jugé en session : même lieu et même opération : même salle tennis de table Stade Muette, lot 2"
2024_16_45_006,2024,Stade de la Porte de la Muette - création d'une salle de tennis de table,321394.5,16,20222022T06238,TECHNOLOGIE DU BATIMENT ET SERVICES,52450648200040,SA4 CREAT SALLE TENNIS/TABLE COUV STADE MUETTE LOT3,2022,196776.18,1.0,confirmed,"overlap=['muette', 'stade', 'table', 'tennis'] ; jugé en session : même lieu et même opération : même salle tennis de table Stade Muette, lot 3"
2024_12_33_001,2024,Ecole Maternelle 41 Rue Traversiere - Performance énergetique,318267.36,12,20222022S06972,AKPA ARCHITECTES,43311865000012,MOE AMELIORAT°DES PERFORMANCES THERMIQUES EM 41R.TRAVERSIERE,2022,53450.0,0.85,confirmed,"overlap=['traversiere'] ; jugé en session : même lieu et même opération : même école 41 Traversière, MOE performances thermiques"
2024_12_33_001,2024,Ecole Maternelle 41 Rue Traversiere - Performance énergetique,318267.36,12,20232023T09378,ECOBAT 77,34948220800023,LOT3-AMÉLIORAT°PERFORMANCES THERMIQUES EM 41 TRAVERSIÈRE 12È,2023,85625.49,0.85,confirmed,"overlap=['traversiere'] ; jugé en session : même lieu et même opération : même école 41 Traversière, performances thermiques"
2024_17_48_000,2024,Ecole Élémentaire 221 Bd Pereire - Ravalement de la façade côté cour,275076.36,17,20242024T04148,EUROPEENNE DE BATIMENT,45231636700039,RAVALEMENT FAÇADE PRINCIPALE CÔTÉ COURS EE 221 PEREIRE 17EME,2024,238272.5,1.0,confirmed,"overlap=['cote', 'pereire', 'ravalement'] ; jugé en session : même lieu et même opération : même école 221 Pereire, ravalement façade côté cour"
2024_16_45_009,2024,Stade Suchet - Rénovation de la salle de boxe et des vestiaires,273744.25,16,20212021T08898,LAFON TCE,88033226700033,"SA4 STADE SUCHET LOT1: TVX TCE VESTIAIRES, SALLE BOXE, LOCAU",2021,2560681.27,1.0,confirmed,"overlap=['boxe', 'stade', 'suchet', 'vestiaires'] ; jugé en session : même lieu et même opération : même stade Suchet, salle de boxe et vestiaires"
2024_20_57_000,2024,"Conservatoire Municipal Georges Bizet -Modernisation du système de chauffage, ventilation et climatisation",273200.92,20,20232023T03899,LA LOUISIANE,32610261300022,CMA20 GEORGES BIZET 3 PLACE CARMEN VENTILATION ET FROID,2023,1092089.74,1.0,confirmed,"overlap=['bizet', 'georges'] ; jugé en session : Ventilation et froid du même conservatoire Georges Bizet"
2024_20_57_000,2024,"Conservatoire Municipal Georges Bizet -Modernisation du système de chauffage, ventilation et climatisation",273200.92,20,20222022S06458,THERMI FLUIDES,44040888800061,VENTILATION CMA 20 GEORGES BIZET 3 PLACE CARMEN,2022,63100.0,1.0,confirmed,"overlap=['bizet', 'georges'] ; jugé en session : Ventilation du même conservatoire Georges Bizet"
2024_16_45_020,2024,Création d'une salle de tennis de table Stade de la Muette,258274.45,16,20222022T06186,CISCO BATIMENT,45160661000033,SA4 CREAT SALLE TENNIS/TABLE_COUVERT TEP STADE MUETTE LOT2,2022,295173.0,1.0,confirmed,"overlap=['muette', 'stade', 'table', 'tennis'] ; jugé en session : même lieu et même opération : même salle tennis de table Stade Muette, création"
2024_16_45_020,2024,Création d'une salle de tennis de table Stade de la Muette,258274.45,16,20222022T06238,TECHNOLOGIE DU BATIMENT ET SERVICES,52450648200040,SA4 CREAT SALLE TENNIS/TABLE COUV STADE MUETTE LOT3,2022,196776.18,1.0,confirmed,"overlap=['muette', 'stade', 'table', 'tennis'] ; jugé en session : même lieu et même opération : même salle tennis de table Stade Muette, lot 3"
2024_16_45_000,2024,Conservatoire Municipal Francis Poulenc - Modernisation de l'étanchéité,256743.56,16,20242024T04169,ETANCHECO,42296795000029,RÉFECTION D'ÉTANCHÉITÉ TOITURES TERRASSES CM POULENC 75016,2024,409029.4,1.0,confirmed,"overlap=['etancheite', 'poulenc'] ; jugé en session : même lieu et même opération : même conservatoire Poulenc, réfection étanchéité toitures"
2024_11_30_020,2024,Cour oasis Ecole Godefroy Cavaignac,256632.08,11,20242024T04881,ETS JEAN LEFEBVRE IDF,31547453600051,CREATION D'UNE COUR OASIS DANS LE GROUPE SCOLAIRE GODEFROY,2024,436276.21,1.0,confirmed,"overlap=['godefroy', 'oasis'] ; jugé en session : même lieu et même opération : même école Godefroy, création cour oasis"
2024_15_42_010,2024,"Atelier Stegc Sud, Dpa - 106 Rue de Brancion - Association et équipement culturel",239615.19,15,2025S040350000,APB ARCHITECTURE,84874182300019,MOE AMENAGEMENT D'UN EQUIPEMENT CULTUREL RUE BRANCION,2025,90374.0,1.0,confirmed,"overlap=['brancion', 'culturel'] ; jugé en session : même lieu et même opération : même équipement culturel rue Brancion, MOE d'aménagement"
2024_15_42_010,2024,"Atelier Stegc Sud, Dpa - 106 Rue de Brancion - Association et équipement culturel",239615.19,15,20232023T03112,COOLTHERM,80744936800016,SA4_TVX ATELIER SUD DE LA STEGC ET ANNEXE CASPE 7/15_ LOT3,2023,475000.0,1.0,confirmed,"overlap=['atelier', 'stegc'] ; jugé en session : même lieu et même opération : même atelier Sud STEGC, travaux d'aménagement"
2024_15_42_010,2024,"Atelier Stegc Sud, Dpa - 106 Rue de Brancion - Association et équipement culturel",239615.19,15,20232023T03110,STAAT,80921284800034,SA4 TVX POUR ATELIERS SUD STEGC ET ANNEXE CASPE - LOT1: TCE,2023,1022102.0,0.7,probable,"overlap=['stegc'] ; jugé en session : même lieu et même opération : même atelier Sud STEGC, travaux d'aménagement"
2024_10_27_003,2024,Ecole Maternelle 49 Rue Louis Blanc - remplacement des menuiseries extérieures,233452.86,10,20232023T11502,ART DU BOIS SABIR,51000928500014,TRAVAUX MODERNISATION MENUISERIES EXTÉRIEURES GS 49 L.BLANC,2023,898500.5,1.0,confirmed,"overlap=['blanc', 'exterieures'] ; jugé en session : même lieu et même opération : même école 49 Louis Blanc, menuiseries extérieures"
2024_06_15_017,2024,Cour oasis Ecole rue Littré,220830.03,6,20232023T03335,ASTEN,54205733600878,COURS OASIS GS LITTRE 6EME,2023,449190.0,1.0,confirmed,"overlap=['littre', 'oasis'] ; jugé en session : Cours oasis du même groupe scolaire Littré"
2024_12_33_024,2024,Cour oasis Ecole Picpus,211448.04,12,20242024T04600,ETS JEAN LEFEBVRE IDF,31547453600051,CREATION COUR OASIS AUX ECOLES MATERNELLE 56 RUE DE PICPUS &,2024,517188.09,1.0,confirmed,"overlap=['oasis', 'picpus'] ; jugé en session : même lieu et même opération : même école 56 rue de Picpus, cour oasis"
2024_12_33_024,2024,Cour oasis Ecole Picpus,211448.04,12,20232023T03904,COLAS FRANCE,32933888302274,AMENAGMNT D'UNE COUR OASIS GS 56 RUE DE PICPUS LOT:3 PARIS12,2023,708164.45,1.0,confirmed,"overlap=['oasis', 'picpus'] ; jugé en session : même lieu et même opération : même école 56 rue de Picpus, cour oasis"
2024_15_42_014,2024,Parc Andre Citroen - Rénovation,210392.56,15,20232023T07507,TERIDEAL,32307786700212,SA3.ACBC.TRVX RENOV (FONTAINERIE SERRURIE)PARC ANDRE CITROEN,2023,2399279.62,1.0,confirmed,"overlap=['andre', 'citroen'] ; jugé en session : même lieu et même opération : rénovation parc André Citroën, fontainerie serrurie"
2024_12_33_023,2024,Cour Oasis Bouton/Diderot,208363.11,12,decp-2025T05166,TERIDEAL,32307786700055,Marché subséquent à l'accord-cadre n°20242024T00128 de Travaux d'aménagement paysager des cours des établissements parisiens et travaux d’aménagement des cours oasis aux écoles maternelles d’Artagnan et bouton 75012 paris n°GO : 202410575 et 202310000,2025,522067.29,1.0,confirmed,"overlap=['bouton', 'oasis'] ; jugé en session : même lieu et même opération : même cours oasis maternelles d'Artagnan et Bouton"
2024_17_48_018,2024,Ecole Polyvalente 10 Rue Boursault - Restructuration Service Restauration,203433.71,17,20212021S06997,IN3 TCE,79862563800019,MOE RESTRUCTURATION CANTINE EP 10 BOURSAULT 75017,2021,103955.0,1.0,confirmed,"overlap=['boursault', 'restructuration'] ; jugé en session : même lieu et même opération : même école 10 Boursault, restructuration cantine"
2024_17_48_018,2024,Ecole Polyvalente 10 Rue Boursault - Restructuration Service Restauration,203433.71,17,20222022T09003,REA CONCEPT,44331692200014,SA4 ECOLE BOURSAULT RESTRUCTURATION TCE LOT1 17EME,2022,873166.48,1.0,confirmed,"overlap=['boursault', 'restructuration'] ; jugé en session : même lieu et même opération : école Boursault, restructuration TCE"
2024_17_48_010,2024,"Crèche Collective 9, Villa Sainte Croix - Modernisation des menuiseries extérieures",194788.8,17,20232023T02298,ETERNAL COMPANY,44837272200034,MODERNISATION MENUISERIES EXT. CC VILLA SAINTE CROIX 75017,2023,162000.0,0.9,confirmed,"overlap=['croix', 'villa'] ; jugé en session : même lieu et même opération : même crèche Villa Sainte Croix, menuiseries extérieures"
2024_09_24_008,2024,Etablissement Multi-Accueil 15 Ter Rue Louise-Emilie De La Tour D’Auvergne - Modernisation des locaux au RDC,191883.77,9,20242024T10071,ROCHSTONE,43980370100051,RÉNOVATION LOCAUX RDC CRÈCHE COLLECTIVE 15 AUVERGNE 75009 PA,2024,395564.98,0.85,confirmed,"overlap=['auvergne'] ; jugé en session : Même crèche 15 rue de la Tour d'Auvergne, locaux RDC"
2024_16_45_008,2024,Stade de la Porte de la Muette - création d'une salle de tennis de table,187972.36,16,20222022T06186,CISCO BATIMENT,45160661000033,SA4 CREAT SALLE TENNIS/TABLE_COUVERT TEP STADE MUETTE LOT2,2022,295173.0,1.0,confirmed,"overlap=['muette', 'stade', 'table', 'tennis'] ; jugé en session : même lieu et même opération : même salle tennis de table Stade Muette, lot 2"
2024_16_45_008,2024,Stade de la Porte de la Muette - création d'une salle de tennis de table,187972.36,16,20222022T06238,TECHNOLOGIE DU BATIMENT ET SERVICES,52450648200040,SA4 CREAT SALLE TENNIS/TABLE COUV STADE MUETTE LOT3,2022,196776.18,1.0,confirmed,"overlap=['muette', 'stade', 'table', 'tennis'] ; jugé en session : même lieu et même opération : même salle tennis de table Stade Muette, lot 3"
2024_11_30_002,2024,Ecole Maternelle 4 Pas Bullourde - Création d'une cour Oasis,186116.43,11,20232023T02945,COLAS FRANCE,32933888302274,D’AMÉNAG D’UNE COURS OASIS L’ÉCOLE MATERNELLE BULLOURDE 11ÈM,2023,227883.91,1.0,confirmed,"overlap=['bullourde', 'oasis'] ; jugé en session : même lieu et même opération : même école Bullourde, aménagement cour oasis"
2024_17_48_002,2024,Ecole Élémentaire 49 Rue Legendre - rénovation de la toiture du bâtiment principal,185770.87,17,20232023T04366,ENTREPRISE PATTOU,73201065700037,MODERNISATION DE LA COUVERTURE EE 49 RUE LEGENDRE 75017,2023,257800.0,0.85,confirmed,"overlap=['legendre'] ; jugé en session : même lieu et même opération : même école 49 Legendre, couverture/toiture"
2024_10_27_015,2024,"Crèche Collective 8, Rue Bossuet - Restructuration",175353.07,10,20232023S03812,MODAL ARCHITECTURE,81824817100022,MOE POUR RESTRUCTURATION CRECHE BOSSUET 7501,2023,328000.0,1.0,confirmed,"overlap=['bossuet', 'restructuration'] ; jugé en session : même lieu et même opération : même crèche Bossuet, MOE restructuration"
2024_10_27_015,2024,"Crèche Collective 8, Rue Bossuet - Restructuration",175353.07,10,decp-2025T13611,IPF 78,32916815700165,"Travaux de restructuration de la Crèche Bossuet , Paris 10 arr - Travaux TCE",2025,3098304.77,1.0,confirmed,"overlap=['bossuet', 'restructuration'] ; jugé en session : même lieu et même opération : même crèche Bossuet, travaux de restructuration"
2024_10_27_015,2024,"Crèche Collective 8, Rue Bossuet - Restructuration",175353.07,10,2025T136110000,COLAS FRANCE,32933888303413,SA4/TVX_RESTRUCTURAT° CRECHE BOSSUET_L1_TRAVAUX TCE_ 10E,2025,3098304.77,0.85,confirmed,"overlap=['bossuet'] ; jugé en session : même lieu et même opération : même crèche Bossuet, restructuration travaux TCE"
2024_09_24_003,2024,Mairie du 9e - Salle Des Fêtes Rossini - Restauration de la façade,173333.89,9,20242024T00276,LEFEVRE SAS,35331873600017,RESTAURATION FAÇADES SALLE ROSSINI/RÉAMÉNAGEMENT JARDIN,2024,350497.54,0.9,confirmed,"overlap=['rossini'] ; jugé en session : Même salle Rossini, restauration des façades"
2024_09_24_003,2024,Mairie du 9e - Salle Des Fêtes Rossini - Restauration de la façade,173333.89,9,20242024T00270,EPCM,78956386300024,TRAVAUX RESTAURATION FAÇADE SALLE ROSSINI/JARDIN MAIRIE 9E,2024,216835.38,0.85,confirmed,"overlap=['rossini'] ; jugé en session : Même salle Rossini mairie 9e, restauration façade"
2024_09_24_003,2024,Mairie du 9e - Salle Des Fêtes Rossini - Restauration de la façade,173333.89,9,20232023S07229,BERTHEZENE GIULIANI,80185180900021,REQUALIFICATION FAÇADE SALLE ROSSINI -RÉAMÉNA JARDIN MAIRI19,2023,50559.0,0.85,confirmed,"overlap=['rossini'] ; jugé en session : Même salle Rossini, façade (requalification, lot de la même opération)"
2024_00_9_028,2024,Rénovation énergétique école élémentaire Vertus,172490.62,0,20232023S03942,SOJA ARCHITECTURE,79287333300027,MOE RÉNOVATION ÉNERGÉTIQUE ÉCOLE DES VERTUS 75003,2023,158529.39,1.0,confirmed,"overlap=['energetique', 'vertus'] ; jugé en session : même lieu et même opération : même école des Vertus, MOE rénovation énergétique"
2024_09_24_000,2024,Conservatoire Municipal Nadia Et Lili Boulanger - Modernisation de l'auditorium,169697.95,9,20232023T05118,FLCI,43866477300043,TRAVAUX FABRICATION ET POSE GRADIN FIXE AUDITORIUM NADIA LIL,2023,107133.46,1.0,confirmed,"overlap=['auditorium', 'nadia'] ; jugé en session : Même auditorium Nadia et Lili Boulanger ; gradin dans la modernisation"
2024_13_36_024,2024,Aide Sociale À L'Enfance - Travaux 2023 163 Italie,168719.28,13,20242024S06365,SPHERE INGENIERIE,79236970400020,MOE HORS LOI MOP MODERNISATION LOCAUX DASES 163 AV D'ITALIE,2024,125000.0,0.85,confirmed,"overlap=['italie'] ; jugé en session : même lieu et même opération : même site 163 av. d'Italie, modernisation locaux DASES"
2024_00_9_002,2024,Ecole Polyvalente 3 Rue Beranger - Création cour Oasis,164959.47,0,20232023T03259,COCHERY ILE DE FRANCE,41797626300018,TRAVAUX TRANSFORMATION COUR EE BERANGER EN COUR OASIS,2023,418355.75,1.0,confirmed,"overlap=['beranger', 'oasis'] ; jugé en session : même lieu et même opération : même école Béranger, transformation de cour en oasis"
2024_00_9_002,2024,Ecole Polyvalente 3 Rue Beranger - Création cour Oasis,164959.47,0,2025T054190000,COCHERY ILE DE FRANCE,41797626300018,CRÉATION COUR OASIS EP ET COLLÈGE BÉRANGER PARIS 3ÈME,2025,286182.44,1.0,confirmed,"overlap=['beranger', 'oasis'] ; jugé en session : même lieu et même opération : même EP Béranger, création cour oasis"
2024_06_15_014,2024,Abords de la Gare Montparnasse,159832.2,6,20232023S10527,AREP,44457238200034,SA3_ACBCMS_MOE REAMENAGEMENT ABORDS GARE MONTPARNASSE,2023,8000000.0,1.0,confirmed,"overlap=['abords', 'gare', 'montparnasse'] ; jugé en session : MOE des mêmes abords gare Montparnasse"
2024_06_15_014,2024,Abords de la Gare Montparnasse,159832.2,6,20222022S09401,WSP FRANCE,34942875500095,SA3-MS-COORDIN.GLE CHANTIERS GARE MONTPARNASSE 6 14 ET 15EME,2022,587570.0,1.0,confirmed,"overlap=['gare', 'montparnasse'] ; jugé en session : Coordination chantiers des mêmes abords gare Montparnasse"
2024_14_39_017,2024,"Crèche Collective 14, Rue Auguste Cain - Restructuration",154564.04,14,20222022S10039,HODBOURG WAGNER ARCHITECTURE,40274837000069,MOE RESTRUCTURATION CRECHE AUGUSTE CAIN 14EME,2023,329210.0,1.0,confirmed,"overlap=['auguste', 'cain', 'restructuration'] ; jugé en session : même lieu et même opération : même crèche Auguste Cain, restructuration"
2024_14_39_024,2024,Cour oasis Ecole Rue Antoine Chantin,151680.93,14,decp-2025T04605,ASTEN,54205733600738,"Marché subséquent fondé sur l’accord-cadre n°20242024T00122, LOT 2, relatif aux travaux de modernisation des cours de l’école élémentaire 20 rue Antoine Chantin à Paris 14ème, en cours OASIS",2025,270935.71,1.0,confirmed,"overlap=['antoine', 'chantin', 'oasis'] ; jugé en session : même lieu et même opération : même école rue Antoine Chantin, cour oasis"
2024_16_45_022,2024,Création d'une salle de tennis de table Stade de la Muette,150453.54,16,20222022T06186,CISCO BATIMENT,45160661000033,SA4 CREAT SALLE TENNIS/TABLE_COUVERT TEP STADE MUETTE LOT2,2022,295173.0,1.0,confirmed,"overlap=['muette', 'stade', 'table', 'tennis'] ; jugé en session : même lieu et même opération : même salle tennis de table Stade Muette, création"
2024_16_45_022,2024,Création d'une salle de tennis de table Stade de la Muette,150453.54,16,20222022T06238,TECHNOLOGIE DU BATIMENT ET SERVICES,52450648200040,SA4 CREAT SALLE TENNIS/TABLE COUV STADE MUETTE LOT3,2022,196776.18,1.0,confirmed,"overlap=['muette', 'stade', 'table', 'tennis'] ; jugé en session : même lieu et même opération : même salle tennis de table Stade Muette, lot 3"
2024_00_9_029,2024,Rénovation partielle Pavillon de l'Arsenal,149808.1,0,20222023S02907,DATA ARCHITECTES,52084442400066,SUBSEQUENT MOE RENOVATION PARTIELLE PAVILLON ARSENAL 4EME,2023,654115.0,1.0,confirmed,"overlap=['arsenal', 'partielle', 'pavillon'] ; jugé en session : même lieu et même opération : MOE rénovation partielle du Pavillon de l'Arsenal"
2024_00_9_029,2024,Rénovation partielle Pavillon de l'Arsenal,149808.1,0,20212021S09807,DATA ARCHITECTES,52084442400066,SUBSÉQUENT MOE RÉNOVATION PAVILLON DE L'ARSENAL SAMO,2021,926670.0,1.0,confirmed,"overlap=['arsenal', 'pavillon'] ; jugé en session : même lieu et même opération : MOE rénovation Pavillon de l'Arsenal, même équipement"
2024_10_27_001,2024,Ecole Maternelle 39 Rue Aqueduc - remplacement des menuiseries extérieures,144684.46,10,20222022T06898,ART ET TECHNIQUE DE LA MENUISERIE,47777174500023,TRAVAUX MODERNISATION MENUISERIES EXT. GS 39 AQUEDUC 75010,2022,627425.0,0.85,confirmed,"overlap=['aqueduc'] ; jugé en session : même lieu et même opération : même école 39 Aqueduc, menuiseries extérieures"
2024_13_36_021,2024,Square Marie Curie - Extension et rénovation,141800.26,13,20232023S00080,OMNIUM GENERAL D'INGENIERIE,38400090700020,SA3 MSAC MISSIONS ÉTUDES_RÉAMÉNAGEMENT JARDIN MARIE CURIE,2023,195675.0,0.9,confirmed,"overlap=['curie', 'marie'] ; jugé en session : même lieu et même opération : même jardin Marie Curie, études de réaménagement"
2024_20_57_001,2024,Ecole Maternelle 24 Rue Retrait - Cour oasis,141679.99,20,20232023T01545,EUROVIA ILE DE FRANCE,42094822600089,COURS OASIS EM RETRAIT 20EME LOT 1,2023,151108.73,1.0,confirmed,"overlap=['oasis', 'retrait'] ; jugé en session : Cours oasis de la même école maternelle Retrait"
2024_09_24_002,2024,Ecole Maternelle 12 Rue Clauzel - Modernisation des menuiseries extérieures sur rue,132412.81,9,20242024T00827,ART ET TECHNIQUE DE LA MENUISERIE,47777174500023,TRAVAUX MODERNISATION MENUISERIES EXTÉRIEURES EM 12 CLAUZEL,2024,226377.31,1.0,confirmed,"overlap=['clauzel', 'exterieures'] ; jugé en session : Même école EM 12 Clauzel, mêmes menuiseries extérieures"
2024_07_18_000,2024,Conservatoire Municipal Erik Satie - Escalier menuiseries extérieures,132024.29,7,20222022T02842,SERRURERIE MENUISERIE,39314897800017,MODERNISATION MENUISERIES EXTÉR ALAMINIUM CONSERVAT ERIK SAT,2022,563196.0,0.7,probable,"overlap=['erik'] ; jugé en session : Même conservatoire Erik Satie, mêmes menuiseries extérieures"
2024_00_9_001,2024,Ecole Élémentaire 15 Rue Neuve Saint-Pierre - Reprise aménagement de la cour Oasis,131572.54,0,20242024T05419,IDVERDE,33960966101129,TRAVAUX RÉAMÉNAGEMENT PAYSAGER COUR EE NEUVE SAINT-PIERRE 4E,2024,110138.02,1.0,confirmed,"overlap=['neuve', 'pierre'] ; jugé en session : même lieu et même opération : même école Neuve Saint-Pierre, réaménagement de cour"
2024_09_24_016,2024,"Etablissement Multi-Accueil 11, Rue Drouot - restructuration",128566.6,9,decp-2025T01374,ATELIER FRANCILIEN MIROITERIE METALLERIE,45137632100019,"Travaux de restructuration d’une crèche et une halte garderie en un multi-accueil, 11 rue Drouot à Paris 9ème, en quatre lots. - Menuiseries extérieures",2025,191470.0,1.0,confirmed,"overlap=['drouot', 'restructuration'] ; jugé en session : Même multi-accueil 11 rue Drouot, lot menuiseries de la restructuration"
2024_09_24_016,2024,"Etablissement Multi-Accueil 11, Rue Drouot - restructuration",128566.6,9,20242024T13665,DP.R,42878198300039,SA4_TVX RESTRUCT°CRECHE 11RUE DROUOT P9_L1:AMNGT INT/ETANCHE,2025,1980000.0,0.85,confirmed,"overlap=['drouot'] ; jugé en session : Même crèche 11 rue Drouot, lot de la restructuration"
2024_12_33_027,2024,Cour oasis Ecole Picpus,120587.83,12,20242024T04600,ETS JEAN LEFEBVRE IDF,31547453600051,CREATION COUR OASIS AUX ECOLES MATERNELLE 56 RUE DE PICPUS &,2024,517188.09,1.0,confirmed,"overlap=['oasis', 'picpus'] ; jugé en session : même lieu et même opération : même école 56 rue de Picpus, cour oasis"
2024_12_33_027,2024,Cour oasis Ecole Picpus,120587.83,12,20232023T03904,COLAS FRANCE,32933888302274,AMENAGMNT D'UNE COUR OASIS GS 56 RUE DE PICPUS LOT:3 PARIS12,2023,708164.45,1.0,confirmed,"overlap=['oasis', 'picpus'] ; jugé en session : même lieu et même opération : même école 56 rue de Picpus, cour oasis"
2024_09_24_007,2024,Etablissement Multi-Accueil 15 Ter Rue Louise-Emilie De La Tour D’Auvergne - Modernisation des locaux au RDC,100458.78,9,20242024T10071,ROCHSTONE,43980370100051,RÉNOVATION LOCAUX RDC CRÈCHE COLLECTIVE 15 AUVERGNE 75009 PA,2024,395564.98,0.85,confirmed,"overlap=['auvergne'] ; jugé en session : Même crèche 15 rue de la Tour d'Auvergne, locaux RDC"
2024_16_45_017,2024,"Crèche Collective 11, Rue Serge Prokofiev - Restructuration",96177.68,16,20222022S08528,IMPULSE,47791348700120,AMO RESTRUCTURATION DE LA CC 11 RUE SERGE PROKOFIEV 75016,2022,50820.0,1.0,confirmed,"overlap=['prokofiev', 'restructuration', 'serge'] ; jugé en session : même lieu et même opération : même crèche 11 rue Prokofiev, AMO restructuration"
2024_16_45_017,2024,"Crèche Collective 11, Rue Serge Prokofiev - Restructuration",96177.68,16,20222022S05332,SATO ET ASSOCIES,30909503200079,MOE RESTRUCTURATION CRÈCHE MOZART 11 RUE S. PROKOFIEV 75016,2022,334180.0,1.0,confirmed,"overlap=['prokofiev', 'restructuration'] ; jugé en session : même lieu et même opération : même crèche 11 rue Prokofiev, MOE restructuration"
2024_08_21_000,2024,Ecole Maternelle 7 Rue Moscou - Restructuration du RDC,95604.2,8,20232023T02824,ROCH'STONE,43980370100044,TRAVAUX RESTRUCTURATION PARTIELLE EM 7 RUE MOSCOU PARIS 8E,2023,209251.13,1.0,confirmed,"overlap=['moscou', 'restructuration'] ; jugé en session : Même école EM 7 rue de Moscou, même restructuration"
2024_17_48_019,2024,Multi-Accueil 18 Rue Salneuve - Restructuration,89634.04,17,20222022S04440,DES CLICS ET DES CALQUES,74990877800014,MOE RESTRUCTURATION CRÈCHE MULTI-ACCUEIL 18 SALNEUVE SAMO,2022,279045.0,1.0,confirmed,"overlap=['restructuration', 'salneuve'] ; jugé en session : même lieu et même opération : même multi-accueil 18 Salneuve, MOE restructuration"
2024_17_48_019,2024,Multi-Accueil 18 Rue Salneuve - Restructuration,89634.04,17,2025T115100000,APPROCHE BATIMENT ASS TECHNOLOGIES,48080837700042,SA4_TVX RESTRUCTURATION TCE CRECHE SALNEUVE_LOT1,2025,1860433.39,1.0,confirmed,"overlap=['restructuration', 'salneuve'] ; jugé en session : même lieu et même opération : même crèche Salneuve, restructuration TCE"
2024_13_36_023,2024,Centre Sportif Georges Carpentier - Piscine,85470.21,13,decp-2025S11329,AMEXIA,45201746000018,"La présente consultation a pour objet une mission d’AMO d'assistance technique économique et financière pour l'élaboration, la passation et le suivi du contrat de construction et d'exploitation de 2 opérations de grande ampleur pilotées par la DCPA: - Construction d’un équipement multisports, (piscine, salles de sport et locaux annexes) dans le centre sportif Georges Carpentier, Paris 13ème ( de l’ordre de 28M euros HT en l’état actuel du pré-programme) - Restructuration du Groupe scolaire Franc Nohain (de l’ordre de 12M euros HT en l’état actuel du pré-programme Il est envisagé un fonctionnement en 2 temps : Un marché d’assistance à maîtrise d’ouvrage (AMO) afin de définir les contours de l’opération (notamment fixer le programme et les objectifs de performance), puis la passation de MGP. - Construction d’un équipement multisports, (piscine, salle de sport et locaux annexes) dans le centre sportif Georges Carpentier, Paris 13ème",2025,533706.13,1.0,confirmed,"overlap=['carpentier', 'georges', 'sportif'] ; jugé en session : même lieu et même opération : même centre Carpentier, construction piscine (AMO)"
2024_05_12_003,2024,Ecole Maternelle 10 Rue Sommerard - Modernisation des menuiseries,85331.74,5,20232023T03105,ART ET TECHNIQUE DE LA MENUISERIE,47777174500023,REMPLACEMT DES MENUIS EXTÉR BOIS DE L'EM 10 RUE SOMMERARD 5È,2023,192050.0,0.85,confirmed,overlap=['sommerard'] ; jugé en session : Menuiseries de la même école EM 10 rue Sommerard
2024_14_39_025,2024,Cour oasis Ecole Chantin,77113.08,14,decp-2025T04605,ASTEN,54205733600738,"Marché subséquent fondé sur l’accord-cadre n°20242024T00122, LOT 2, relatif aux travaux de modernisation des cours de l’école élémentaire 20 rue Antoine Chantin à Paris 14ème, en cours OASIS",2025,270935.71,1.0,confirmed,"overlap=['chantin', 'oasis'] ; jugé en session : même lieu et même opération : même école 20 rue Antoine Chantin, cour oasis"
2024_16_45_023,2024,Réfection de la passerelle Alboni,69699.08,16,20242024T09697,NGE GENIE CIVIL,48746933000111,SA3. TRVX DE RÉNOVATION DE PASSERELLE ALBONI À PARIS 16,2024,254770.91,1.0,confirmed,"overlap=['alboni', 'passerelle'] ; jugé en session : même lieu et même opération : même passerelle Alboni, travaux de rénovation"
2024_12_33_013,2024,Ecole Maternelle 167 Rue Bercy - Accessibilité,61367.5,12,20232023T09960,MTBCONCEPT SASU,80055121000027,CREATION D'UN ASCENSEUR GS 165/167 RUE DE BERCY 75012 PARIS,2023,54331.9,0.7,probable,"overlap=['bercy'] ; jugé en session : même lieu et même opération : même groupe scolaire 165/167 Bercy, ascenseur d'accessibilit"
2024_18_51_022,2024,Restauration de la flèche de St Bernard de la Chapelle,55027.37,18,decp-2025T08213,LE BRAS FRERES,32018244700054,"Travaux de restauration de la flèche de l’église Saint Bernard de la Chapelle, 11 rue Affre, 75018 Paris, opération traitée en quatre lots juridiques. - INSTALLATIONS DE CHANTIER - ECHAFAUDAGE - COUVERTURE",2025,2161808.33,1.0,confirmed,"overlap=['bernard', 'chapelle', 'fleche'] ; jugé en session : Échafaudage-couverture de la même flèche Saint-Bernard"
2024_18_51_022,2024,Restauration de la flèche de St Bernard de la Chapelle,55027.37,18,2025T082150000,MDB,83775606300058,SA4_TVX_EGLISE ST-BERNARD DE LA CHAPELLE LOT2_ CHARPENTE,2025,583623.44,1.0,confirmed,"overlap=['bernard', 'chapelle'] ; jugé en session : Charpente de la même restauration Saint-Bernard"
2024_18_51_022,2024,Restauration de la flèche de St Bernard de la Chapelle,55027.37,18,decp-2025T08216,LOUIS GENESTE,86020025200028,"Travaux de restauration de la flèche de l’église Saint Bernard de la Chapelle, 11 rue Affre, 75018 Paris, opération traitée en quatre lots juridiques. - MACONNERIE - PIERRE DE TAILLE",2025,104484.17,1.0,confirmed,"overlap=['bernard', 'chapelle', 'fleche'] ; jugé en session : Maçonnerie de la même flèche Saint-Bernard"
2024_18_51_022,2024,Restauration de la flèche de St Bernard de la Chapelle,55027.37,18,2025T082130000,LE BRAS FRERES,32018244700021,SA4_LOT 1_INSTAL CHANTIER_FLECHE ST BERNARD,2025,2165947.45,1.0,confirmed,"overlap=['bernard', 'fleche'] ; jugé en session : Installation de chantier de la même flèche Saint-Bernard"
2024_17_48_023,2024,Cour oasis Ecole Porte de Villiers,52295.06,17,decp-2025T05573,TERIDEAL,32307786700055,Marché subséquent de travaux de transformation de cours d'écoles en cours Oasis à Paris - Ecole Villiers (Paris 17ème),2025,474488.23,1.0,confirmed,"overlap=['oasis', 'villiers'] ; jugé en session : même lieu et même opération : cour oasis école Villiers 17e, même opération"
2024_16_45_019,2024,Porte Maillot - Réaménagement,7108531.73,16,,,,,,,,no_match,aucun candidat retenu (score >= 0.60 puis jugement en session)
2024_20_57_022,2024,Porte de Montreuil,6089661.57,20,,,,,,,,no_match,aucun candidat retenu (score >= 0.60 puis jugement en session)
2024_20_57_018,2024,Paul Meurice - Porte des Lilas - Crèche,3950640.0,20,,,,,,,,no_match,aucun candidat retenu (score >= 0.60 puis jugement en session)
2024_15_42_015,2024,Parc Andre Citroen - Rénovation du Grand Canal,2967076.57,15,,,,,,,,no_match,aucun candidat retenu (score >= 0.60 puis jugement en session)
2024_13_36_018,2024,Bruneseau Nord - 8 classes - Construction,2521846.13,13,,,,,,,,no_match,aucun candidat retenu (score >= 0.60 puis jugement en session)
2024_12_33_009,2024,Embellir votre quartier: Aligre,2338960.48,12,,,,,,,,no_match,aucun candidat retenu (score >= 0.60 puis jugement en session)
2024_16_45_018,2024,Etablissement Multi-Accueil 45-47 Boulevard Exelmans,2294028.21,16,,,,,,,,no_match,aucun candidat retenu (score >= 0.60 puis jugement en session)
2024_17_48_014,2024,Embellir votre quartier: Epinettes,2116720.29,17,,,,,,,,no_match,aucun candidat retenu (score >= 0.60 puis jugement en session)
2024_10_27_018,2024,Vélorue autour du canal St Martin,2043445.83,10,,,,,,,,no_match,aucun candidat retenu (score >= 0.60 puis jugement en session)
2024_05_12_017,2024,Ehpad Jardin Des Plantes,2000000.0,5,,,,,,,,no_match,aucun candidat retenu (score >= 0.60 puis jugement en session)
2024_15_42_020,2024,Restructuration du conservatoire du 15e,1862064.85,15,,,,,,,,no_match,aucun candidat retenu (score >= 0.60 puis jugement en session)
2024_11_30_017,2024,Mairie Du 11e Arrondissement - Ravalement et couverture,1726510.02,11,,,,,,,,no_match,aucun candidat retenu (score >= 0.60 puis jugement en session)
2024_10_27_014,2024,Mairie Du 10e Arrondissement - Restauration des façades et menuiseries,1581089.71,10,,,,,,,,no_match,aucun candidat retenu (score >= 0.60 puis jugement en session)
2024_12_33_020,2024,Crèche collective 77 av. du Dr Netter,1562112.0,12,,,,,,,,no_match,aucun candidat retenu (score >= 0.60 puis jugement en session)
2024_00_9_019,2024,Eglise Saint-Gervais Et Saint-Protais - Clocher et bras nord du transept,1501400.79,0,,,,,,,,no_match,aucun candidat retenu (score >= 0.60 puis jugement en session)
2024_15_42_012,2024,Ecole Maternelle 5 Av Porte Brancion - Restructuration,1466294.19,15,,,,,,,,no_match,aucun candidat retenu (score >= 0.60 puis jugement en session)
2024_19_54_019,2024,Maison des réfugiés,1374192.2,19,,,,,,,,no_match,aucun candidat retenu (score >= 0.60 puis jugement en session)
2024_07_18_015,2024,Restaurer le champ de Mars,1358561.78,7,,,,,,,,no_match,aucun candidat retenu (score >= 0.60 puis jugement en session)
2024_12_33_021,2024,Roller Park Bercy,1292443.24,12,,,,,,,,no_match,aucun candidat retenu (score >= 0.60 puis jugement en session)
2024_15_42_019,2024,Restructuration du conservatoire du 15e,1230700.25,15,,,,,,,,no_match,aucun candidat retenu (score >= 0.60 puis jugement en session)
2024_08_21_009,2024,Embellir votre quartier: Europe,1223848.21,8,,,,,,,,no_match,aucun candidat retenu (score >= 0.60 puis jugement en session)
2024_11_30_018,2024,Centre Paris Anim' Mercoeur,1213744.7,11,,,,,,,,no_match,aucun candidat retenu (score >= 0.60 puis jugement en session)
2024_09_24_011,2024,Embellir votre quartier: Blanche,1156008.98,9,,,,,,,,no_match,aucun candidat retenu (score >= 0.60 puis jugement en session)
2024_15_42_018,2024,"Crèche multi-accueil 28/30, rue Théodore Deck",1152299.95,15,,,,,,,,no_match,aucun candidat retenu (score >= 0.60 puis jugement en session)
2024_15_42_022,2024,Modernisation sol cour oasis Rue Mademoiselle,1092000.48,15,,,,,,,,no_match,aucun candidat retenu (score >= 0.60 puis jugement en session)
2024_11_30_011,2024,Embellir votre quartier: Belleville,1089928.4,11,,,,,,,,no_match,aucun candidat retenu (score >= 0.60 puis jugement en session)
2024_10_27_017,2024,Place de la bataille de Stalingrad,1084708.87,10,,,,,,,,no_match,aucun candidat retenu (score >= 0.60 puis jugement en session)
2024_13_36_022,2024,"Crèche Collective 101, Rue De La Glacière - Restructuration",1073992.26,13,,,,,,,,no_match,aucun candidat retenu (score >= 0.60 puis jugement en session)
2024_06_15_010,2024,Embellir votre quartier: Odéon,1056919.29,6,,,,,,,,no_match,aucun candidat retenu (score >= 0.60 puis jugement en session)
2024_11_30_013,2024,Embellir votre quartier: République,1033720.3,11,,,,,,,,no_match,aucun candidat retenu (score >= 0.60 puis jugement en session)
2024_06_15_013,2024,Crèche collective Garancière,1032596.43,6,,,,,,,,no_match,aucun candidat retenu (score >= 0.60 puis jugement en session)
2024_09_24_019,2024,Diversifier les commerces de la place Pigalle,1000000.0,9,,,,,,,,no_match,aucun candidat retenu (score >= 0.60 puis jugement en session)
2024_13_36_020,2024,Jardin Laure Albin Guillot - Jardin Paul Bourget,931098.07,13,,,,,,,,no_match,aucun candidat retenu (score >= 0.60 puis jugement en session)
2024_20_57_011,2024,Embellir votre quartier: Saint Fargeau,928114.62,20,,,,,,,,no_match,aucun candidat retenu (score >= 0.60 puis jugement en session)
2024_10_27_019,2024,Réfection de la chaussée Boulevard Magenta,901504.14,10,,,,,,,,no_match,aucun candidat retenu (score >= 0.60 puis jugement en session)
2024_00_9_016,2024,Eglise Saint-Eustache - Restauration du massif d'entrée,880175.48,0,,,,,,,,no_match,aucun candidat retenu (score >= 0.60 puis jugement en session)
2024_09_24_014,2024,Notre Dame De Lorette - Restauration et consolisdation des maçonneries et de la structure,864960.7,9,,,,,,,,no_match,aucun candidat retenu (score >= 0.60 puis jugement en session)
2024_20_57_013,2024,Ecole Elementaire 73-75 Bd Davout - Construction,849365.42,20,,,,,,,,no_match,aucun candidat retenu (score >= 0.60 puis jugement en session)
2024_19_54_029,2024,Paris ville refuge,814006.45,19,,,,,,,,no_match,aucun candidat retenu (score >= 0.60 puis jugement en session)
2024_17_48_015,2024,Embellir votre quartier: Epinettes,813018.19,17,,,,,,,,no_match,aucun candidat retenu (score >= 0.60 puis jugement en session)
2024_20_57_021,2024,Terrain Education Physique Angelique Duchemin - Restructuration,805812.04,20,,,,,,,,no_match,aucun candidat retenu (score >= 0.60 puis jugement en session)
2024_17_48_004,2024,Mairie du 17e arrondissement - Aménagement de l'accueil du RDC,761241.92,17,,,,,,,,no_match,aucun candidat retenu (score >= 0.60 puis jugement en session)
2024_14_39_007,2024,Square Carole Roussopoulos - Rénovation complète,712464.54,14,,,,,,,,no_match,aucun candidat retenu (score >= 0.60 puis jugement en session)
2024_08_21_014,2024,"Crèche Collective 208, Rue Du Faubourg Saint Honoré - Hôtel Beaujon - rénovation de la toiture",706221.42,8,,,,,,,,no_match,aucun candidat retenu (score >= 0.60 puis jugement en session)
2024_06_15_007,2024,Gymnase Garanciere - restructuration,690128.52,6,,,,,,,,no_match,aucun candidat retenu (score >= 0.60 puis jugement en session)
2024_00_9_022,2024,Copropriété 62 /66 Rue Vieille Du Temple,682521.8,0,,,,,,,,no_match,aucun candidat retenu (score >= 0.60 puis jugement en session)
2024_15_42_009,2024,Embellir votre quartier: Emeriau Zola,649872.59,15,,,,,,,,no_match,aucun candidat retenu (score >= 0.60 puis jugement en session)
2024_13_36_011,2024,Embellir votre quartier: Rungis,642591.14,13,,,,,,,,no_match,aucun candidat retenu (score >= 0.60 puis jugement en session)
2024_13_36_017,2024,Ecole Élémentaire A 8 Rue Kuss - Restructuration,633130.77,13,,,,,,,,no_match,aucun candidat retenu (score >= 0.60 puis jugement en session)
2024_17_48_017,2024,Ecole Élémentaire 16 Rue Laugier - Désamiantage du bâtiment annexe,630822.11,17,,,,,,,,no_match,aucun candidat retenu (score >= 0.60 puis jugement en session)
2024_20_57_020,2024,Centre Sportif Louis Lumiere - Modernisation des vestiaires,624475.19,20,,,,,,,,no_match,aucun candidat retenu (score >= 0.60 puis jugement en session)
2024_11_30_022,2024,Embellir le square des Jardiniers,558888.18,11,,,,,,,,no_match,aucun candidat retenu (score >= 0.60 puis jugement en session)
2024_20_57_023,2024,Cour oasis Ecole Le Vau,546190.84,20,,,,,,,,no_match,aucun candidat retenu (score >= 0.60 puis jugement en session)
2024_11_30_012,2024,Embellir votre quartier: République,543193.53,11,,,,,,,,no_match,aucun candidat retenu (score >= 0.60 puis jugement en session)
2024_12_33_003,2024,Embellir votre quartier: Aligre,519765.47,12,,,,,,,,no_match,aucun candidat retenu (score >= 0.60 puis jugement en session)
2024_05_12_018,2024,Cour Oasis Ecole élémentaire rue arbalète,514951.09,5,,,,,,,,no_match,aucun candidat retenu (score >= 0.60 puis jugement en session)
2024_18_51_012,2024,Embellir votre quartier: Montmartre,507369.58,18,,,,,,,,no_match,aucun candidat retenu (score >= 0.60 puis jugement en session)
2024_05_12_015,2024,Cuisines des collèges Alviset et Queneau - Rénovation,504764.29,5,,,,,,,,no_match,aucun candidat retenu (score >= 0.60 puis jugement en session)
2024_19_54_013,2024,Embellir votre quartier: Secrétan contre allée rue de Meaux,479040.48,19,,,,,,,,no_match,aucun candidat retenu (score >= 0.60 puis jugement en session)
2024_11_30_021,2024,Création d'une cour Oasis (Belleville),466603.62,11,,,,,,,,no_match,aucun candidat retenu (score >= 0.60 puis jugement en session)
2024_05_12_013,2024,Embellir votre quartier: Val de Grace,465305.38,5,,,,,,,,no_match,aucun candidat retenu (score >= 0.60 puis jugement en session)
2024_19_54_010,2024,Embellir votre quartier: Contre allée télégraphe,459450.02,19,,,,,,,,no_match,aucun candidat retenu (score >= 0.60 puis jugement en session)
2024_13_36_025,2024,Cour Oasis Baudricourt,452301.95,13,,,,,,,,no_match,aucun candidat retenu (score >= 0.60 puis jugement en session)
2024_20_57_007,2024,Réfection de la chaussée Avenue Gambetta,452273.66,20,,,,,,,,no_match,aucun candidat retenu (score >= 0.60 puis jugement en session)
2024_14_39_013,2024,Embellir votre quartier: Santé,451143.72,14,,,,,,,,no_match,aucun candidat retenu (score >= 0.60 puis jugement en session)
2024_13_36_006,2024,Embellir votre quartier: Rungis - Végétalisation de la Rue du Dr Landouzy,449275.29,13,,,,,,,,no_match,aucun candidat retenu (score >= 0.60 puis jugement en session)
2024_00_9_020,2024,Eglise Saint-Louis En L'Île - Toitures et façades,447555.95,0,,,,,,,,no_match,aucun candidat retenu (score >= 0.60 puis jugement en session)
2024_19_54_012,2024,Embellir votre quartier: Secrétan - entretien du quartier,442622.45,19,,,,,,,,no_match,aucun candidat retenu (score >= 0.60 puis jugement en session)
2024_15_42_007,2024,Grosse répartaion de la chaussée Av Motte Piquet,439085.94,15,,,,,,,,no_match,aucun candidat retenu (score >= 0.60 puis jugement en session)
2024_13_36_007,2024,Embellir votre quartier: Rungis - Végétalisation de la Rue du Dr Lecène,432243.23,13,,,,,,,,no_match,aucun candidat retenu (score >= 0.60 puis jugement en session)
2024_18_51_017,2024,Centre Sportif Des Poissonniers - Rénovation du site d'entrainement,429610.25,18,,,,,,,,no_match,aucun candidat retenu (score >= 0.60 puis jugement en session)
2024_20_57_016,2024,Ecole Elementaire 73-75 Bd Davout - Construction,416323.93,20,,,,,,,,no_match,aucun candidat retenu (score >= 0.60 puis jugement en session)
2024_16_45_001,2024,Ecole Maternelle 64 Rue Chardon-Lagache - Réfection de la cour,414142.78,16,,,,,,,,no_match,aucun candidat retenu (score >= 0.60 puis jugement en session)
2024_16_45_005,2024,"Crèche Collective 6, Rue Du Commandant Schloesing - Modernisation de la section moyens et grands",410943.06,16,,,,,,,,no_match,aucun candidat retenu (score >= 0.60 puis jugement en session)
2024_19_54_002,2024,"Ecole Maternelle 5 Rue Rampal - Rénovation des locaux, WC, création d'une buanderie au RDC",409852.34,19,,,,,,,,no_match,aucun candidat retenu (score >= 0.60 puis jugement en session)
2024_14_39_011,2024,Embellir votre quartier: Grand Montparnasse,406223.5,14,,,,,,,,no_match,aucun candidat retenu (score >= 0.60 puis jugement en session)
2024_17_48_021,2024,Centre Sportif Max Rousié - Rénovation du site d'entrainement,405605.54,17,,,,,,,,no_match,aucun candidat retenu (score >= 0.60 puis jugement en session)
2024_11_30_016,2024,Ecole Maternelle 6 Av Bouvines - Modernisation de la ventilation de la cuisine,396645.99,11,,,,,,,,no_match,aucun candidat retenu (score >= 0.60 puis jugement en session)
2024_12_33_018,2024,Mairie Du 12e Arrondissement - Modernisation de la couverture de la salle des fetes,391194.25,12,,,,,,,,no_match,aucun candidat retenu (score >= 0.60 puis jugement en session)
2024_09_24_018,2024,Restauration de la chapelle des âmes du purgatoire,390803.14,9,,,,,,,,no_match,aucun candidat retenu (score >= 0.60 puis jugement en session)
2024_00_9_006,2024,Mairie du Secteur Paris Centre - Remise aux normes des couloirs,387172.72,0,,,,,,,,no_match,aucun candidat retenu (score >= 0.60 puis jugement en session)
2024_18_51_024,2024,Quartiers populaires : reconquête de la Petite Ceinture,384785.93,18,,,,,,,,no_match,aucun candidat retenu (score >= 0.60 puis jugement en session)
2024_18_51_005,2024,Square Jehan Rictus - Rénovation du square,384679.32,18,,,,,,,,no_match,aucun candidat retenu (score >= 0.60 puis jugement en session)
2024_13_36_015,2024,Atelier cirque et arts de la rue: Parking rue Watt,384298.0,13,,,,,,,,no_match,aucun candidat retenu (score >= 0.60 puis jugement en session)
2024_17_48_025,2024,Solidarité avec les personnes vulnérables,380000.0,17,,,,,,,,no_match,aucun candidat retenu (score >= 0.60 puis jugement en session)
2024_17_48_006,2024,Embellir votre quartier: Epinettes,377235.6,17,,,,,,,,no_match,aucun candidat retenu (score >= 0.60 puis jugement en session)
2024_10_27_024,2024,Végétaliser les pieds d'arbres,373068.06,10,,,,,,,,no_match,aucun candidat retenu (score >= 0.60 puis jugement en session)
2024_13_36_012,2024,Embellir votre quartier: Végétalisation Rue Kuss,370987.93,13,,,,,,,,no_match,aucun candidat retenu (score >= 0.60 puis jugement en session)
2024_06_15_015,2024,Restauration des chapelles de Saint Sulpice,363309.61,6,,,,,,,,no_match,aucun candidat retenu (score >= 0.60 puis jugement en session)
2024_13_36_010,2024,Embellir votre quartier: Choisy - Place Serge Poliakoff,362702.95,13,,,,,,,,no_match,aucun candidat retenu (score >= 0.60 puis jugement en session)
2024_18_51_013,2024,Goutte d'Or - Rue Ernestine,362140.83,18,,,,,,,,no_match,aucun candidat retenu (score >= 0.60 puis jugement en session)
2024_14_39_004,2024,Embellir votre quartier: Grand Montparnasse,359920.66,14,,,,,,,,no_match,aucun candidat retenu (score >= 0.60 puis jugement en session)
2024_14_39_012,2024,Embellir votre quartier: Montparnasse,359234.54,14,,,,,,,,no_match,aucun candidat retenu (score >= 0.60 puis jugement en session)
2024_14_39_022,2024,Secteur Montparnasse / Îlot Gaité - Raccourcissement trémie ave Maine,357331.03,14,,,,,,,,no_match,aucun candidat retenu (score >= 0.60 puis jugement en session)
2024_15_42_016,2024,Ile aux cygnes - Rénovation,350653.73,15,,,,,,,,no_match,aucun candidat retenu (score >= 0.60 puis jugement en session)
2024_13_36_008,2024,Réfection du trottoir Boulevard de l'Hôpital,349226.68,13,,,,,,,,no_match,aucun candidat retenu (score >= 0.60 puis jugement en session)
2024_14_39_014,2024,Embellir votre quartier: Grand Montparnasse,347376.3,14,,,,,,,,no_match,aucun candidat retenu (score >= 0.60 puis jugement en session)
2024_18_51_018,2024,Centre Sportif Des Poissonniers - Modernisation des tribunes,337735.61,18,,,,,,,,no_match,aucun candidat retenu (score >= 0.60 puis jugement en session)
2024_10_27_013,2024,Eglise Saint-Vincent De Paul - Restauration des toitures,332906.01,10,,,,,,,,no_match,aucun candidat retenu (score >= 0.60 puis jugement en session)
2024_14_39_005,2024,Embellir votre quartier: Montparnasse,328054.87,14,,,,,,,,no_match,aucun candidat retenu (score >= 0.60 puis jugement en session)
2024_09_24_010,2024,Aménagement de la place Pigalle,327324.98,9,,,,,,,,no_match,aucun candidat retenu (score >= 0.60 puis jugement en session)
2024_18_51_001,2024,Ecole Élémentaire 7 Rue Doudeauville - Cour Oasis,323394.43,18,,,,,,,,no_match,aucun candidat retenu (score >= 0.60 puis jugement en session)
2024_19_54_000,2024,Ecole Élémentaire 105 Bis Rue Ourcq - Rénovation des locaux sociaux et des sanitaires dans la cour,321033.93,19,,,,,,,,no_match,aucun candidat retenu (score >= 0.60 puis jugement en session)
2024_12_33_006,2024,Réfection de la chaussée Rue de Charenton,320557.11,12,,,,,,,,no_match,aucun candidat retenu (score >= 0.60 puis jugement en session)
2024_14_39_003,2024,Mairie Du 14e arrondissement - Réaménagement de l'accueil du RDC,319645.41,14,,,,,,,,no_match,aucun candidat retenu (score >= 0.60 puis jugement en session)
2024_20_57_005,2024,Plantations Rue Dulaure,318157.66,20,,,,,,,,no_match,aucun candidat retenu (score >= 0.60 puis jugement en session)
2024_15_42_024,2024,Rénovation des aires de jeux du Parc Suzanne Lenglen,316290.09,15,,,,,,,,no_match,aucun candidat retenu (score >= 0.60 puis jugement en session)
2024_17_48_001,2024,Ecole Élémentaire 23 Av Saint-Ouen - Réfection des sanitaires dans la cour,315116.2,17,,,,,,,,no_match,aucun candidat retenu (score >= 0.60 puis jugement en session)
2024_12_33_016,2024,Ecole Maternelle 167 Rue Bercy - Réfection de l' étanchéité,308795.95,12,,,,,,,,no_match,aucun candidat retenu (score >= 0.60 puis jugement en session)
2024_14_39_026,2024,Modernisation et végétalisation Ecole rue Boulard,307347.1,14,,,,,,,,no_match,aucun candidat retenu (score >= 0.60 puis jugement en session)
2024_19_54_008,2024,"Centre Sportif Ladoumegue - Remplacement du sable, travaux d'éclairage et création d'une douche",306766.32,19,,,,,,,,no_match,aucun candidat retenu (score >= 0.60 puis jugement en session)
2024_15_42_021,2024,Cour oasis Ecole Rue Vaugirard,305921.75,15,,,,,,,,no_match,aucun candidat retenu (score >= 0.60 puis jugement en session)
2024_12_33_025,2024,Cour Oasis Reuilly,301878.3,12,,,,,,,,no_match,aucun candidat retenu (score >= 0.60 puis jugement en session)
2024_13_36_029,2024,Modernisation des centres Paris Anim',301774.14,13,,,,,,,,no_match,aucun candidat retenu (score >= 0.60 puis jugement en session)
2024_19_54_028,2024,Du sport pour toutes et tous dans les quartiers populaires,301768.91,19,,,,,,,,no_match,aucun candidat retenu (score >= 0.60 puis jugement en session)
2024_08_21_001,2024,Bibliotheque-Discotheque Municipale de L'Europe - Réaménagement des locaux,295546.04,8,,,,,,,,no_match,aucun candidat retenu (score >= 0.60 puis jugement en session)
2024_18_51_008,2024,Aménagement Rue Letort,295500.1,18,,,,,,,,no_match,aucun candidat retenu (score >= 0.60 puis jugement en session)
2024_13_36_013,2024,Bibliothèque De La Zac Paul Bourget,289578.64,13,,,,,,,,no_match,aucun candidat retenu (score >= 0.60 puis jugement en session)
2024_00_9_018,2024,Eglise Saint-Eustache - Restauration de la chapelle des charcutiers,288712.83,0,,,,,,,,no_match,aucun candidat retenu (score >= 0.60 puis jugement en session)
2024_00_9_031,2024,Paris aux piétons,287447.03,0,,,,,,,,no_match,aucun candidat retenu (score >= 0.60 puis jugement en session)
2024_00_9_008,2024,Place des Vosges,286844.68,0,,,,,,,,no_match,aucun candidat retenu (score >= 0.60 puis jugement en session)
2024_00_9_004,2024,Ecole Polyvalente 3 Rue Beranger - Travaux réfectoire et cuisine,285669.65,0,,,,,,,,no_match,aucun candidat retenu (score >= 0.60 puis jugement en session)
2024_12_33_028,2024,Aménager le jardin Paul Pernin,284459.62,12,,,,,,,,no_match,aucun candidat retenu (score >= 0.60 puis jugement en session)
2024_00_9_024,2024,Lycée Municipal Theophile Gautier - Annexe place des Vosges,284390.28,0,,,,,,,,no_match,aucun candidat retenu (score >= 0.60 puis jugement en session)
2024_11_30_014,2024,Embellir votre quartier: RSA -Rue Alphone Baudin,282676.26,11,,,,,,,,no_match,aucun candidat retenu (score >= 0.60 puis jugement en session)
2024_10_27_002,2024,Ecole Polyvalente 15 Rue Lancry - Réfection de l'étanchéité des toitures terrasse,280433.26,10,,,,,,,,no_match,aucun candidat retenu (score >= 0.60 puis jugement en session)
2024_00_9_023,2024,College Victor Hugo - Cour OASIS ouverte emprise Lissac,279105.12,0,,,,,,,,no_match,aucun candidat retenu (score >= 0.60 puis jugement en session)
2024_19_54_007,2024,"Crèche Collective 34, Rue Petit - Etanchiété de la toiture, isolation et végétalisation",278204.09,19,,,,,,,,no_match,aucun candidat retenu (score >= 0.60 puis jugement en session)
2024_11_30_006,2024,Marché Popincourt,275404.04,11,,,,,,,,no_match,aucun candidat retenu (score >= 0.60 puis jugement en session)
2024_15_42_017,2024,"Crèche Collective 62, Rue Cambronne - amélioration performance énergétique",269971.98,15,,,,,,,,no_match,aucun candidat retenu (score >= 0.60 puis jugement en session)
2024_08_21_013,2024,Bibliotheque-Discotheque Municipale de L'Europe - Réaménagement des locaux,268695.42,8,,,,,,,,no_match,aucun candidat retenu (score >= 0.60 puis jugement en session)
2024_13_36_009,2024,Embellir votre quartier: Choisy,267715.61,13,,,,,,,,no_match,aucun candidat retenu (score >= 0.60 puis jugement en session)
2024_19_54_011,2024,Embellir votre quartier: Flandre,265136.02,19,,,,,,,,no_match,aucun candidat retenu (score >= 0.60 puis jugement en session)
2024_13_36_004,2024,Mairie du 13e Arrondissement - Ravalement des façades,262823.62,13,,,,,,,,no_match,aucun candidat retenu (score >= 0.60 puis jugement en session)
2024_15_42_005,2024,"Crèche Collective 19, Rue Charles Lecocq - Rénovation des plans de charge",261520.58,15,,,,,,,,no_match,aucun candidat retenu (score >= 0.60 puis jugement en session)
2024_19_54_005,2024,Embellir votre quartier: Secrétan contre allée rue de Meaux,261505.09,19,,,,,,,,no_match,aucun candidat retenu (score >= 0.60 puis jugement en session)
2024_07_18_013,2024,Embellir votre quartier: Place Saint Thomas D'Aquin,258755.97,7,,,,,,,,no_match,aucun candidat retenu (score >= 0.60 puis jugement en session)
2024_20_57_009,2024,Réfection de la chaussée: Rue Dulaure,258571.41,20,,,,,,,,no_match,aucun candidat retenu (score >= 0.60 puis jugement en session)
2024_20_57_029,2024,Rénovation de la rue de Belleville,258507.01,20,,,,,,,,no_match,aucun candidat retenu (score >= 0.60 puis jugement en session)
2024_18_51_010,2024,Réfection de la chaussée Rue Belliard,257117.22,18,,,,,,,,no_match,aucun candidat retenu (score >= 0.60 puis jugement en session)
2024_19_54_023,2024,PLUS DE NATURE EN VILLE,256452.3,19,,,,,,,,no_match,aucun candidat retenu (score >= 0.60 puis jugement en session)
2024_20_57_027,2024,Maison citoyenne de l'alimentation,252000.0,20,,,,,,,,no_match,aucun candidat retenu (score >= 0.60 puis jugement en session)
2024_06_15_016,2024,Restauration des chapelles de Saint Sulpice,247725.24,6,,,,,,,,no_match,aucun candidat retenu (score >= 0.60 puis jugement en session)
2024_09_24_005,2024,Embellir votre quartier: Blanche,247384.01,9,,,,,,,,no_match,aucun candidat retenu (score >= 0.60 puis jugement en session)
2024_20_57_017,2024,Multi-Accueil 14-16 Rue Du Capitaine Marchal - Construction de la crèche,244566.75,20,,,,,,,,no_match,aucun candidat retenu (score >= 0.60 puis jugement en session)
2024_15_42_025,2024,Rénovation de l'ïle aux Cygnes,244520.26,15,,,,,,,,no_match,aucun candidat retenu (score >= 0.60 puis jugement en session)
2024_10_27_020,2024,Carrefour et Boulevard de la Chapelle,244234.05,10,,,,,,,,no_match,aucun candidat retenu (score >= 0.60 puis jugement en session)
2024_00_9_021,2024,Annexe De L'Ecole Polyvalente 3 Beranger - Cuisine centrale de Paris Centre,241256.23,0,,,,,,,,no_match,aucun candidat retenu (score >= 0.60 puis jugement en session)
2024_16_45_015,2024,Embellir votre quartier: Auteuil Sud,239554.29,16,,,,,,,,no_match,aucun candidat retenu (score >= 0.60 puis jugement en session)
2024_10_27_009,2024,Embellir votre quartier: Louis Blanc,238616.42,10,,,,,,,,no_match,aucun candidat retenu (score >= 0.60 puis jugement en session)
2024_15_42_006,2024,Centre Sportif Sablonniere - Réfection du sol sportif,236620.25,15,,,,,,,,no_match,aucun candidat retenu (score >= 0.60 puis jugement en session)
2024_13_36_001,2024,Ecole Élémentaire 173 Rue Chateau Des Rentiers - Modernisation des locaux intérieurs par niveau,233456.84,13,,,,,,,,no_match,aucun candidat retenu (score >= 0.60 puis jugement en session)
2024_09_24_015,2024,Ecole Polyvalente 12 Rue Chaptal - Mise aux normes de 3 cuisines,231538.82,9,,,,,,,,no_match,aucun candidat retenu (score >= 0.60 puis jugement en session)
2024_00_9_013,2024,Embellir votre quartier - Rue de Turenne - Sécurisation,229454.76,0,,,,,,,,no_match,aucun candidat retenu (score >= 0.60 puis jugement en session)
2024_10_27_012,2024,Rue René Boulanger - Promenade Vellay,228809.55,10,,,,,,,,no_match,aucun candidat retenu (score >= 0.60 puis jugement en session)
2024_10_27_006,2024,Réfection de la chaussée Cité d'Hauteville,227405.95,10,,,,,,,,no_match,aucun candidat retenu (score >= 0.60 puis jugement en session)
2024_16_45_007,2024,Stade de la Porte de la Muette -Reprise du sol et du terrain handball,226937.29,16,,,,,,,,no_match,aucun candidat retenu (score >= 0.60 puis jugement en session)
2024_13_36_000,2024,Ecole Élémentaire 33 Place Jeanne d'Arc - Remplacement des portes et de l'éclairage,226505.37,13,,,,,,,,no_match,aucun candidat retenu (score >= 0.60 puis jugement en session)
2024_20_57_024,2024,Cour oasis Ecole rue Télégraphe,226124.22,20,,,,,,,,no_match,aucun candidat retenu (score >= 0.60 puis jugement en session)
2024_09_24_020,2024,Aménagement de la place Pigalle,225881.9,9,,,,,,,,no_match,aucun candidat retenu (score >= 0.60 puis jugement en session)
2024_12_33_029,2024,Des jeux pour enfants au jardin Paul Pernin,222548.49,12,,,,,,,,no_match,aucun candidat retenu (score >= 0.60 puis jugement en session)
2024_15_42_003,2024,Mairie Du 15e arrondissement - Eclairage des façades,221659.51,15,,,,,,,,no_match,aucun candidat retenu (score >= 0.60 puis jugement en session)
2024_15_42_004,2024,Jardin Duranton - Rénovatin du square,219521.48,15,,,,,,,,no_match,aucun candidat retenu (score >= 0.60 puis jugement en session)
2024_12_33_019,2024,Jardin Debergue-Rendez-Vous - Extension du jardin,218115.35,12,,,,,,,,no_match,aucun candidat retenu (score >= 0.60 puis jugement en session)
2024_20_57_014,2024,Maison de l'air,216838.4,20,,,,,,,,no_match,aucun candidat retenu (score >= 0.60 puis jugement en session)
2024_15_42_023,2024,Favoriser l'autonomie des personnes en situation de handicap,216705.74,15,,,,,,,,no_match,aucun candidat retenu (score >= 0.60 puis jugement en session)
2024_16_45_011,2024,Réfection de la chaussée Route de la Porte Maillot,214280.55,16,,,,,,,,no_match,aucun candidat retenu (score >= 0.60 puis jugement en session)
2024_10_27_021,2024,Cour oasis Ecole rue Schwarzenberg,214062.98,10,,,,,,,,no_match,aucun candidat retenu (score >= 0.60 puis jugement en session)
2024_16_45_010,2024,Réfection de la chaussée Avenue Paul Doumer,209684.04,16,,,,,,,,no_match,aucun candidat retenu (score >= 0.60 puis jugement en session)
2024_16_45_012,2024,Réfection de la chaussée Rue de la Pomp,207659.45,16,,,,,,,,no_match,aucun candidat retenu (score >= 0.60 puis jugement en session)
2024_19_54_009,2024,Contre allée télégraphe,206110.07,19,,,,,,,,no_match,aucun candidat retenu (score >= 0.60 puis jugement en session)
2024_15_42_000,2024,Ecole Maternelle 2 Rue Theodore Deck - Travaux de couverture,203942.15,15,,,,,,,,no_match,aucun candidat retenu (score >= 0.60 puis jugement en session)
2024_00_9_017,2024,Eglise Saint-Eustache - Tour du cœur et vitraux,203409.96,0,,,,,,,,no_match,aucun candidat retenu (score >= 0.60 puis jugement en session)
2024_10_27_010,2024,Embellir votre quartier: Paradis,202399.8,10,,,,,,,,no_match,aucun candidat retenu (score >= 0.60 puis jugement en session)
2024_12_33_011,2024,Place Henri Frenay,201438.0,12,,,,,,,,no_match,aucun candidat retenu (score >= 0.60 puis jugement en session)
2024_17_48_007,2024,Square Des Epinettes -Rénovation des allées en stabilisé,200322.24,17,,,,,,,,no_match,aucun candidat retenu (score >= 0.60 puis jugement en session)
2024_11_30_001,2024,Ecole Maternelle 19 Rue Alphonse Baudin - Sanitaires du 1e et 2e étage. Désamiantage des étages.,200155.82,11,,,,,,,,no_match,aucun candidat retenu (score >= 0.60 puis jugement en session)
2024_12_33_002,2024,Mairie Du 12e Arrondissement -Modernisation de la couverture de la salle des fetes,199999.99,12,,,,,,,,no_match,aucun candidat retenu (score >= 0.60 puis jugement en session)
2024_00_9_003,2024,Ecole Polyvalente 3 Rue Beranger - Réalisation sanitaires,199688.81,0,,,,,,,,no_match,aucun candidat retenu (score >= 0.60 puis jugement en session)
2024_17_48_005,2024,Mairie du 17e Arrondissement - Modernisation de la fonction réception,199389.44,17,,,,,,,,no_match,aucun candidat retenu (score >= 0.60 puis jugement en session)
2024_10_27_008,2024,Réfection du trottoir Rue du Faubourg St Denis de petites,197931.03,10,,,,,,,,no_match,aucun candidat retenu (score >= 0.60 puis jugement en session)
2024_06_15_011,2024,Eglise Saint-Germain Des Prés - Restauration,195058.17,6,,,,,,,,no_match,aucun candidat retenu (score >= 0.60 puis jugement en session)
2024_19_54_003,2024,Ecole Maternelle 59 Rue Romainville - Sécurisation du bâtiment : Travaux clos-couvert,194450.24,19,,,,,,,,no_match,aucun candidat retenu (score >= 0.60 puis jugement en session)
2024_15_42_008,2024,Tapis du quai de Grenelle,194256.43,15,,,,,,,,no_match,aucun candidat retenu (score >= 0.60 puis jugement en session)
2024_05_12_014,2024,Embellir votre quartier: Val de Grace - Desencombrement,193602.62,5,,,,,,,,no_match,aucun candidat retenu (score >= 0.60 puis jugement en session)
2024_07_18_010,2024,Réfection de la chaussée: Rue de Bourgogne,193450.53,7,,,,,,,,no_match,aucun candidat retenu (score >= 0.60 puis jugement en session)
2024_13_36_031,2024,Faciliter les déplacements à vélo,193400.0,13,,,,,,,,no_match,aucun candidat retenu (score >= 0.60 puis jugement en session)
2024_15_42_011,2024,Ecole Elementaire 20 Rue De La Saida - Restructuration et extension,192548.06,15,,,,,,,,no_match,aucun candidat retenu (score >= 0.60 puis jugement en session)
2024_20_57_012,2024,Embellir votre quartier: St Fargeau,191837.97,20,,,,,,,,no_match,aucun candidat retenu (score >= 0.60 puis jugement en session)
2024_08_21_003,2024,Parc Monceau - Entretien courant,190528.51,8,,,,,,,,no_match,aucun candidat retenu (score >= 0.60 puis jugement en session)
2024_13_36_026,2024,Cour Oasis école élementaire place Jeanne d'Arc,189476.42,13,,,,,,,,no_match,aucun candidat retenu (score >= 0.60 puis jugement en session)
2024_08_21_010,2024,Embellir votre quartier: Place de Dublin,187027.66,8,,,,,,,,no_match,aucun candidat retenu (score >= 0.60 puis jugement en session)
2024_18_51_009,2024,Réfection de la chaussée Pont Caulaincourt,186167.8,18,,,,,,,,no_match,aucun candidat retenu (score >= 0.60 puis jugement en session)
2024_17_48_012,2024,Réfection de la chaussée: Avenue de Villiers,185449.46,17,,,,,,,,no_match,aucun candidat retenu (score >= 0.60 puis jugement en session)
2024_17_48_013,2024,Réfection de la chaussée: Rue Jouffroy d'Abbans,185015.25,17,,,,,,,,no_match,aucun candidat retenu (score >= 0.60 puis jugement en session)
2024_12_33_004,2024,"Gymnase Victor ""Young"" Perez - Etanchéité de la toiture du centre sportif",184999.28,12,,,,,,,,no_match,aucun candidat retenu (score >= 0.60 puis jugement en session)
2024_13_36_002,2024,Ecole Elementaire 37/40 Rue Chateau Des Rentiers - étanchéité des 2 terrasses,184798.24,13,,,,,,,,no_match,aucun candidat retenu (score >= 0.60 puis jugement en session)
2024_14_39_020,2024,Ilôt Gaîté Monparnasse,183663.48,14,,,,,,,,no_match,aucun candidat retenu (score >= 0.60 puis jugement en session)
2024_06_15_001,2024,Ecole Élémentaire 6 Rue Littre - Modernisations des menuiseries,183532.64,6,,,,,,,,no_match,aucun candidat retenu (score >= 0.60 puis jugement en session)
2024_00_9_015,2024,Temple Des Billettes - Restauration de la façade principale,181638.24,0,,,,,,,,no_match,aucun candidat retenu (score >= 0.60 puis jugement en session)
2024_11_30_005,2024,Réfection de la chaussée Boulevard Voltaire,178812.03,11,,,,,,,,no_match,aucun candidat retenu (score >= 0.60 puis jugement en session)
2024_11_30_009,2024,Réfection de la chaussée Rue Oberkampf,177446.2,11,,,,,,,,no_match,aucun candidat retenu (score >= 0.60 puis jugement en session)
2024_12_33_026,2024,Cour Oasis Reuilly,175469.55,12,,,,,,,,no_match,aucun candidat retenu (score >= 0.60 puis jugement en session)
2024_20_57_006,2024,Amenagement de la Rue Bagnolet,174062.29,20,,,,,,,,no_match,aucun candidat retenu (score >= 0.60 puis jugement en session)
2024_12_33_007,2024,Réfection de la chaussée Rue de Reuilly,172598.29,12,,,,,,,,no_match,aucun candidat retenu (score >= 0.60 puis jugement en session)
2024_17_48_008,2024,Square Du Passage Moncey - Réaménagement du square,170588.42,17,,,,,,,,no_match,aucun candidat retenu (score >= 0.60 puis jugement en session)
2024_20_57_002,2024,Square Rues Belleville - Telegraphe -Rénovation de l'aire de jeux et de l'allée,170439.47,20,,,,,,,,no_match,aucun candidat retenu (score >= 0.60 puis jugement en session)
2024_16_45_002,2024,Ecole Polyvalente 15 Rue Bauches - Rénovation des sanitaires de la cour,170078.01,16,,,,,,,,no_match,aucun candidat retenu (score >= 0.60 puis jugement en session)
2024_00_9_027,2024,Bibliothèque Marguerite Audoux,169820.39,0,,,,,,,,no_match,aucun candidat retenu (score >= 0.60 puis jugement en session)
2024_11_30_019,2024,Promenade Richard Lenoir et Jules Ferry,169532.26,11,,,,,,,,no_match,aucun candidat retenu (score >= 0.60 puis jugement en session)
2024_13_36_030,2024,Cour oasis Centre de loisirs Yeo Thomas,169110.8,13,,,,,,,,no_match,aucun candidat retenu (score >= 0.60 puis jugement en session)
2024_20_57_004,2024,Terrain Education Physique Angelique Duchemin - Restructuration,167776.17,20,,,,,,,,no_match,aucun candidat retenu (score >= 0.60 puis jugement en session)
2024_14_39_001,2024,Ecole Élémentaire 5 Square Alain Fournier - Traitement de l'étanchéité de la terrasse,167322.36,14,,,,,,,,no_match,aucun candidat retenu (score >= 0.60 puis jugement en session)
2024_12_33_012,2024,Collège Tillion - cuisine - restructuration,166863.6,12,,,,,,,,no_match,aucun candidat retenu (score >= 0.60 puis jugement en session)
2024_14_39_019,2024,Réinventer Montparnasse,166686.43,14,,,,,,,,no_match,aucun candidat retenu (score >= 0.60 puis jugement en session)
2024_08_21_002,2024,Embellir votre quartier: Europe,166485.56,8,,,,,,,,no_match,aucun candidat retenu (score >= 0.60 puis jugement en session)
2024_18_51_026,2024,Favoriser l'autonomie des personnes en situation de handicap,164539.13,18,,,,,,,,no_match,aucun candidat retenu (score >= 0.60 puis jugement en session)
2024_13_36_028,2024,Renforcer la sécurité des espaces du jardin Charles Trenet,161783.11,13,,,,,,,,no_match,aucun candidat retenu (score >= 0.60 puis jugement en session)
2024_07_18_012,2024,Tapis divers 7e,161223.43,7,,,,,,,,no_match,aucun candidat retenu (score >= 0.60 puis jugement en session)
2024_20_57_003,2024,Stade Maryse Hilsz - Aménagement des tribunes,161056.64,20,,,,,,,,no_match,aucun candidat retenu (score >= 0.60 puis jugement en session)
2024_12_33_015,2024,Ecole Maternelle 167 Rue Bercy - Préfiguration de la mise en polyvalence,160871.62,12,,,,,,,,no_match,aucun candidat retenu (score >= 0.60 puis jugement en session)
2024_06_15_006,2024,Centre Sportif Saint-Germain - Mise en conformité du TGBT,160290.81,6,,,,,,,,no_match,aucun candidat retenu (score >= 0.60 puis jugement en session)
2024_11_30_000,2024,Ecole Élémentaire 8 Cité Voltaire - Modernisation des portes et des fenêtres,160072.58,11,,,,,,,,no_match,aucun candidat retenu (score >= 0.60 puis jugement en session)
2024_11_30_015,2024,Ecole Maternelle 4-12 Cite Souzy - Augmentation de la production,158875.7,11,,,,,,,,no_match,aucun candidat retenu (score >= 0.60 puis jugement en session)
2024_20_57_010,2024,Rue de Belgrade - Complément piste cyclable,157650.01,20,,,,,,,,no_match,aucun candidat retenu (score >= 0.60 puis jugement en session)
2024_08_21_004,2024,Square Louis XVI - Rénovation du massif Rue d'Anjou,157364.97,8,,,,,,,,no_match,aucun candidat retenu (score >= 0.60 puis jugement en session)
2024_16_45_003,2024,Mairie Du 16e Arrondissement - Transformation d'un logement en bureaux,157266.88,16,,,,,,,,no_match,aucun candidat retenu (score >= 0.60 puis jugement en session)
2024_17_48_011,2024,Réfection de la chaussée Rue de Rome,156661.35,17,,,,,,,,no_match,aucun candidat retenu (score >= 0.60 puis jugement en session)
2024_09_24_012,2024,Embellir votre quartier: Blanche,156270.12,9,,,,,,,,no_match,aucun candidat retenu (score >= 0.60 puis jugement en session)
2024_05_12_019,2024,Rénovation des fontaines du 5e,156055.43,5,,,,,,,,no_match,aucun candidat retenu (score >= 0.60 puis jugement en session)
2024_12_33_000,2024,Ecole Maternelle 16 Rue Charles Baudelaire - Modernisation des menuiseries extérieures,155833.82,12,,,,,,,,no_match,aucun candidat retenu (score >= 0.60 puis jugement en session)
2024_10_27_005,2024,Terrain Education Physique Verdun Valmy - Remplacement de la clôture et du portail,155750.76,10,,,,,,,,no_match,aucun candidat retenu (score >= 0.60 puis jugement en session)
2024_10_27_007,2024,Réfection de la chaussée Rue Beaurepaire du Quai de Valmy,154820.68,10,,,,,,,,no_match,aucun candidat retenu (score >= 0.60 puis jugement en session)
2024_20_57_008,2024,Réfection de la chaussée Rue de Buzenval,154329.42,20,,,,,,,,no_match,aucun candidat retenu (score >= 0.60 puis jugement en session)
2024_16_45_013,2024,Réfection de la chaussée Rue du Général Appert,153006.19,16,,,,,,,,no_match,aucun candidat retenu (score >= 0.60 puis jugement en session)
2024_00_9_030,2024,Rues Simon le Franc/Geoffroy l'Angevin,152918.5,0,,,,,,,,no_match,aucun candidat retenu (score >= 0.60 puis jugement en session)
2024_16_45_004,2024,Jardins du Trocadero - Mise aux normes de l'éclairage,152002.22,16,,,,,,,,no_match,aucun candidat retenu (score >= 0.60 puis jugement en session)
2024_17_48_024,2024,Création d'espaces canins,151421.19,17,,,,,,,,no_match,aucun candidat retenu (score >= 0.60 puis jugement en session)
2024_00_9_014,2024,Embellir votre quartier: circulation et sécurisation,151225.93,0,,,,,,,,no_match,aucun candidat retenu (score >= 0.60 puis jugement en session)
2024_11_30_010,2024,Embellir votre quartier- RSA – Pierre Levée,147666.05,11,,,,,,,,no_match,aucun candidat retenu (score >= 0.60 puis jugement en session)
2024_17_48_009,2024,"Crèche Collective 10, Rue Du Caporal Peugeot - Restauration des sections",145129.46,17,,,,,,,,no_match,aucun candidat retenu (score >= 0.60 puis jugement en session)
2024_16_45_014,2024,Embellir votre quartier: Auteuil Sud,144720.53,16,,,,,,,,no_match,aucun candidat retenu (score >= 0.60 puis jugement en session)
2024_08_21_006,2024,Réfection de la chaussée Avenue George V,144430.27,8,,,,,,,,no_match,aucun candidat retenu (score >= 0.60 puis jugement en session)
2024_17_48_003,2024,"Ecole Maternelle 28 Rue Brochant - bureau REV, préau et désamientage des sols",142917.34,17,,,,,,,,no_match,aucun candidat retenu (score >= 0.60 puis jugement en session)
2024_09_24_004,2024,Embellir votre quartier: Blanche,140657.82,9,,,,,,,,no_match,aucun candidat retenu (score >= 0.60 puis jugement en session)
2024_14_39_009,2024,Divers trottoirs,138088.45,14,,,,,,,,no_match,aucun candidat retenu (score >= 0.60 puis jugement en session)
2024_12_33_010,2024,Embellir votre quartier: Reuilly,136367.05,12,,,,,,,,no_match,aucun candidat retenu (score >= 0.60 puis jugement en session)
2024_12_33_008,2024,Réfection de la chaussée Rue de Charenton,136000.01,12,,,,,,,,no_match,aucun candidat retenu (score >= 0.60 puis jugement en session)
2024_17_48_026,2024,Des trottoirs rénovés avenue de Clichy,135777.95,17,,,,,,,,no_match,aucun candidat retenu (score >= 0.60 puis jugement en session)
2024_11_30_007,2024,Réfection de la chaussée Rue Alexandre Dumas,135672.93,11,,,,,,,,no_match,aucun candidat retenu (score >= 0.60 puis jugement en session)
2024_15_42_013,2024,Restructuration et extension du groupe scolaire rue de la Saida,133999.1,15,,,,,,,,no_match,aucun candidat retenu (score >= 0.60 puis jugement en session)
2024_12_33_017,2024,Ravalement ateliers de Paris,133785.54,12,,,,,,,,no_match,aucun candidat retenu (score >= 0.60 puis jugement en session)
2024_14_39_008,2024,Stade Jules Noel - Rénovation des vestiaires,133248.44,14,,,,,,,,no_match,aucun candidat retenu (score >= 0.60 puis jugement en session)
2024_14_39_016,2024,Saint Vincent de Paul: création d'un jardin,133129.97,14,,,,,,,,no_match,aucun candidat retenu (score >= 0.60 puis jugement en session)
2024_18_51_002,2024,Ecole Élémentaire 9 Rue Richomme - modernisation des menuiseries,132721.32,18,,,,,,,,no_match,aucun candidat retenu (score >= 0.60 puis jugement en session)
2024_18_51_004,2024,Mairie du 18e arrondissement - Schéma fonctionel et immobilier,126829.76,18,,,,,,,,no_match,aucun candidat retenu (score >= 0.60 puis jugement en session)
2024_19_54_022,2024,La reconquête de la petite ceinture,125688.21,19,,,,,,,,no_match,aucun candidat retenu (score >= 0.60 puis jugement en session)
2024_11_30_004,2024,Square Des Jardiniers - Embellir le Square des Jardiniers,123128.0,11,,,,,,,,no_match,aucun candidat retenu (score >= 0.60 puis jugement en session)
2024_12_33_005,2024,Boulevard de Bercy,122337.33,12,,,,,,,,no_match,aucun candidat retenu (score >= 0.60 puis jugement en session)
2024_14_39_018,2024,Bassin Ecole Elisabeth - Construction de la piscine,121772.44,14,,,,,,,,no_match,aucun candidat retenu (score >= 0.60 puis jugement en session)
2024_05_12_007,2024,Embellir votre quartier: Val de Grace,121047.07,5,,,,,,,,no_match,aucun candidat retenu (score >= 0.60 puis jugement en session)
2024_13_36_027,2024,Ouvrir les cours d’école aux sportifs les week-ends,120621.12,13,,,,,,,,no_match,aucun candidat retenu (score >= 0.60 puis jugement en session)
2024_10_27_011,2024,Embellir votre quartier: Paradis - Végétalisation du Boulevard Magenta,119941.37,10,,,,,,,,no_match,aucun candidat retenu (score >= 0.60 puis jugement en session)
2024_18_51_007,2024,"Gymnase Ronsard - Rénovation des menuiseries extérieurs, boxe et danse",119576.83,18,,,,,,,,no_match,aucun candidat retenu (score >= 0.60 puis jugement en session)
2024_05_12_005,2024,Jardin Tino Rossi - Musee De La Sculpture En Plein Air - Rénovation de l' aire de jeux,117658.96,5,,,,,,,,no_match,aucun candidat retenu (score >= 0.60 puis jugement en session)
2024_14_39_006,2024,Jardin Anna Marly - Remplacement du filet City Stade,115762.16,14,,,,,,,,no_match,aucun candidat retenu (score >= 0.60 puis jugement en session)
2024_14_39_010,2024,Réfection de la chaussée Rue Mouton Duvernet,115652.47,14,,,,,,,,no_match,aucun candidat retenu (score >= 0.60 puis jugement en session)
2024_14_39_000,2024,Ecole Élémentaire 24 Rue Delambre - Rénovation du réfectoire,115163.56,14,,,,,,,,no_match,aucun candidat retenu (score >= 0.60 puis jugement en session)
2024_07_18_016,2024,Amélioration de l'accueil Tour Eiffel,113512.44,7,,,,,,,,no_match,aucun candidat retenu (score >= 0.60 puis jugement en session)
2024_05_12_012,2024,Embellir votre quartier: Val de Grace,113498.55,5,,,,,,,,no_match,aucun candidat retenu (score >= 0.60 puis jugement en session)
2024_10_27_004,2024,Embellir votre quartier: Paradis,113230.31,10,,,,,,,,no_match,aucun candidat retenu (score >= 0.60 puis jugement en session)
2024_08_21_005,2024,Place de Dublin,113102.84,8,,,,,,,,no_match,aucun candidat retenu (score >= 0.60 puis jugement en session)
2024_14_39_002,2024,Ecole Polyvalente 69 Rue Ouest - Modernisation de la verrière des 2 réfectoires,112783.36,14,,,,,,,,no_match,aucun candidat retenu (score >= 0.60 puis jugement en session)
2024_06_15_004,2024,Embellir votre quartier: Odéon,111911.54,6,,,,,,,,no_match,aucun candidat retenu (score >= 0.60 puis jugement en session)
2024_00_9_012,2024,Embellir votre quartier - Rue de Bretagne - Piste cyclable,111506.83,0,,,,,,,,no_match,aucun candidat retenu (score >= 0.60 puis jugement en session)
2024_11_30_003,2024,Embellir votre quartier: République,109738.09,11,,,,,,,,no_match,aucun candidat retenu (score >= 0.60 puis jugement en session)
2024_05_12_009,2024,Trottoir Boulevard Saint Marcel,108765.91,5,,,,,,,,no_match,aucun candidat retenu (score >= 0.60 puis jugement en session)
2024_18_51_003,2024,Ecole Maternelle 7 Rue Tchaikovski - Modernisation des menuiseries,108345.73,18,,,,,,,,no_match,aucun candidat retenu (score >= 0.60 puis jugement en session)
2024_11_30_023,2024,Un 11ème solidaire et attractif,106800.0,11,,,,,,,,no_match,aucun candidat retenu (score >= 0.60 puis jugement en session)
2024_07_18_002,2024,Ecole Maternelle 14 Rue Eble - Restructuration du service de la restauration,106782.38,7,,,,,,,,no_match,aucun candidat retenu (score >= 0.60 puis jugement en session)
2024_09_24_009,2024,Gymnase Paul Gauguin - Réfection du sol sportif,106584.74,9,,,,,,,,no_match,aucun candidat retenu (score >= 0.60 puis jugement en session)
2024_10_27_022,2024,Embellir et sécuriser le Bd Magenta,106136.68,10,,,,,,,,no_match,aucun candidat retenu (score >= 0.60 puis jugement en session)
2024_18_51_006,2024,"Crèche Collective 16, Rue De L'Abreuvoir - réfection des espaces extérieurs",105599.19,18,,,,,,,,no_match,aucun candidat retenu (score >= 0.60 puis jugement en session)
2024_11_30_008,2024,Réfection de la chaussée Rue de Nice,105452.35,11,,,,,,,,no_match,aucun candidat retenu (score >= 0.60 puis jugement en session)
2024_07_18_007,2024,Réfection de la chaussée Avenue de Suffren,104327.79,7,,,,,,,,no_match,aucun candidat retenu (score >= 0.60 puis jugement en session)
2024_09_24_006,2024,Square D'Estienne D'Orves Dit De La Trinité - Rénovation du jardin,103025.63,9,,,,,,,,no_match,aucun candidat retenu (score >= 0.60 puis jugement en session)
2024_18_51_000,2024,Ecole Élémentaire 2 Rue Guadeloupe - Cour oasis,101056.32,18,,,,,,,,no_match,aucun candidat retenu (score >= 0.60 puis jugement en session)
2024_06_15_003,2024,Square Ozanam - Rénovation de l'aire de jeux,100974.67,6,,,,,,,,no_match,aucun candidat retenu (score >= 0.60 puis jugement en session)
2024_05_12_004,2024,Mairie du 5e arrondissement - Transformation en salle d’exposition,100586.86,5,,,,,,,,no_match,aucun candidat retenu (score >= 0.60 puis jugement en session)
2024_18_51_011,2024,Réfection de la chaussée Rue du Département,100233.32,18,,,,,,,,no_match,aucun candidat retenu (score >= 0.60 puis jugement en session)
2024_18_51_023,2024,Cour oasis école rue Doudeauville,100000.0,18,,,,,,,,no_match,aucun candidat retenu (score >= 0.60 puis jugement en session)
2024_14_39_029,2024,Une bagagerie pour sans-abri,99950.0,14,,,,,,,,no_match,aucun candidat retenu (score >= 0.60 puis jugement en session)
2024_05_12_000,2024,Bibliotheque-Discotheque Municipale Buffon - Restructuration des locaux,99494.76,5,,,,,,,,no_match,aucun candidat retenu (score >= 0.60 puis jugement en session)
2024_16_45_016,2024,Notre-Dame D'Auteuil - Restauration des décors intérieurs et des vitraux,99151.63,16,,,,,,,,no_match,aucun candidat retenu (score >= 0.60 puis jugement en session)
2024_13_36_019,2024,Ecole élémentaire 53 rue Baudricourt - Modernisation de la cuisine et du réfectoire,96945.95,13,,,,,,,,no_match,aucun candidat retenu (score >= 0.60 puis jugement en session)
2024_05_12_011,2024,Réfection du trottoir: Boulevard Saint Marcel,96292.6,5,,,,,,,,no_match,aucun candidat retenu (score >= 0.60 puis jugement en session)
2024_05_12_001,2024,Ecole Élémentaire 10 Rue Rollin - Menuiseries,95870.88,5,,,,,,,,no_match,aucun candidat retenu (score >= 0.60 puis jugement en session)
2024_00_9_007,2024,Gymnase Suzanne Berlioux - éclairage gymnase et circualtion,95694.33,0,,,,,,,,no_match,aucun candidat retenu (score >= 0.60 puis jugement en session)
2024_07_18_005,2024,"Crèche Collective 164 Bis, Rue De Grenelle - Modernisation de la hall du RDC",93638.48,7,,,,,,,,no_match,aucun candidat retenu (score >= 0.60 puis jugement en session)
2024_07_18_003,2024,Square Boucicaut - Rénovation de l'aire de jeux,90287.01,7,,,,,,,,no_match,aucun candidat retenu (score >= 0.60 puis jugement en session)
2024_00_9_000,2024,Ecole Élémentaire 11 Rue Argenteuil - Remplacement des portes et création des rangements,88485.96,0,,,,,,,,no_match,aucun candidat retenu (score >= 0.60 puis jugement en session)
2024_00_9_010,2024,Grosse répartation de la chaussée - Rue de Turenne,87970.42,0,,,,,,,,no_match,aucun candidat retenu (score >= 0.60 puis jugement en session)
2024_10_27_026,2024,Partager l'espace public,86657.69,10,,,,,,,,no_match,aucun candidat retenu (score >= 0.60 puis jugement en session)
2024_05_12_010,2024,Réfection du trottoir: Boulevard de l'Hôpital,86400.0,5,,,,,,,,no_match,aucun candidat retenu (score >= 0.60 puis jugement en session)
2024_11_30_024,2024,Réaménager la place Marek Edelman,85002.53,11,,,,,,,,no_match,aucun candidat retenu (score >= 0.60 puis jugement en session)
2024_00_9_011,2024,Réfection de la chaussée: Rue de l'Echelle,84457.12,0,,,,,,,,no_match,aucun candidat retenu (score >= 0.60 puis jugement en session)
2024_07_18_011,2024,Tapis - Le Quai Anatole France 2023,83771.5,7,,,,,,,,no_match,aucun candidat retenu (score >= 0.60 puis jugement en session)
2024_08_21_012,2024,Eglise Saint-Philippe du Roule - Restauration des toitures,83587.6,8,,,,,,,,no_match,aucun candidat retenu (score >= 0.60 puis jugement en session)
2024_17_48_022,2024,Améliorer le cadre de vie,82843.52,17,,,,,,,,no_match,aucun candidat retenu (score >= 0.60 puis jugement en session)
2024_09_24_021,2024,Aménagement de la place Pigalle,82151.25,9,,,,,,,,no_match,aucun candidat retenu (score >= 0.60 puis jugement en session)
2024_00_9_009,2024,Grosse réparation de la chaussée Rue Turbigo (Montmatre/Mondetour),80151.25,0,,,,,,,,no_match,aucun candidat retenu (score >= 0.60 puis jugement en session)
2024_19_54_025,2024,Lutter contre toutes les pollutions,78493.69,19,,,,,,,,no_match,aucun candidat retenu (score >= 0.60 puis jugement en session)
2024_07_18_001,2024,Ecole Élémentaire 14 Rue Eble - Travaux de redistribution des salles de classes,77299.37,7,,,,,,,,no_match,aucun candidat retenu (score >= 0.60 puis jugement en session)
2024_05_12_008,2024,"Etablissement Multi-Accueil ""L'Ile Au Trésor 2"" : Travaux divers",76515.82,5,,,,,,,,no_match,aucun candidat retenu (score >= 0.60 puis jugement en session)
2024_07_18_004,2024,Square Boucicaut - Rénovation des sols,76411.05,7,,,,,,,,no_match,aucun candidat retenu (score >= 0.60 puis jugement en session)
2024_19_54_024,2024,Plus de végétal dans les quartiers populaires,76082.32,19,,,,,,,,no_match,aucun candidat retenu (score >= 0.60 puis jugement en session)
2024_19_54_026,2024,Améliorer nos terrains d'éducation physique,76004.92,19,,,,,,,,no_match,aucun candidat retenu (score >= 0.60 puis jugement en session)
2024_10_27_025,2024,Des équipes mobiles de solidarité,75932.0,10,,,,,,,,no_match,aucun candidat retenu (score >= 0.60 puis jugement en session)
2024_19_54_027,2024,Rénover les gymnases du 19e,75916.87,19,,,,,,,,no_match,aucun candidat retenu (score >= 0.60 puis jugement en session)
2024_10_27_027,2024,Réinventons nos places dans les quartiers populaires,73401.39,10,,,,,,,,no_match,aucun candidat retenu (score >= 0.60 puis jugement en session)
2024_17_48_016,2024,College Stephane Mallarme - Creation d'une cuisine,73066.72,17,,,,,,,,no_match,aucun candidat retenu (score >= 0.60 puis jugement en session)
2024_17_48_027,2024,S'adapter aux effets du réchauffement climatique à Paris,72008.94,17,,,,,,,,no_match,aucun candidat retenu (score >= 0.60 puis jugement en session)
2024_00_9_026,2024,Rénovation fontaine Niki de Saint Phalle,70744.8,0,,,,,,,,no_match,aucun candidat retenu (score >= 0.60 puis jugement en session)
2024_08_21_007,2024,Réfection de la chaussée Rue de Madrid,70236.85,8,,,,,,,,no_match,aucun candidat retenu (score >= 0.60 puis jugement en session)
2024_07_18_008,2024,Réfection de la chaussée Avenue de Suffren,69696.58,7,,,,,,,,no_match,aucun candidat retenu (score >= 0.60 puis jugement en session)
2024_07_18_009,2024,Réfection de la chaussée Rue du Champs de Mars,69002.14,7,,,,,,,,no_match,aucun candidat retenu (score >= 0.60 puis jugement en session)
2024_14_39_015,2024,Ecole Maternelle 2 Rue Maurice Rouvier - Travaux,67082.55,14,,,,,,,,no_match,aucun candidat retenu (score >= 0.60 puis jugement en session)
2024_08_21_015,2024,Parc Monceau,66667.02,8,,,,,,,,no_match,aucun candidat retenu (score >= 0.60 puis jugement en session)
2024_05_12_002,2024,Ecole Élémentaire 19 Rue Boulangers - Modernisation des menuiseries,66560.29,5,,,,,,,,no_match,aucun candidat retenu (score >= 0.60 puis jugement en session)
2024_06_15_009,2024,Réfection de la chaussée Rue Jean Bart,65761.68,6,,,,,,,,no_match,aucun candidat retenu (score >= 0.60 puis jugement en session)
2024_05_12_006,2024,Embellir votre quartier: Val de Grace,65415.36,5,,,,,,,,no_match,aucun candidat retenu (score >= 0.60 puis jugement en session)
2024_08_21_008,2024,Réfection de la chaussée Rue des Mathurins,65066.95,8,,,,,,,,no_match,aucun candidat retenu (score >= 0.60 puis jugement en session)
2024_18_51_027,2024,Paris aux piétons,60217.55,18,,,,,,,,no_match,aucun candidat retenu (score >= 0.60 puis jugement en session)
2024_06_15_018,2024,Lutter contre toutes les pollutions,60000.0,6,,,,,,,,no_match,aucun candidat retenu (score >= 0.60 puis jugement en session)
2024_20_57_025,2024,Cour oasis école Bd Davout,59726.83,20,,,,,,,,no_match,aucun candidat retenu (score >= 0.60 puis jugement en session)
2024_10_27_023,2024,Végétaliser les murs dans le 10e,57746.9,10,,,,,,,,no_match,aucun candidat retenu (score >= 0.60 puis jugement en session)
2024_16_45_021,2024,Améliorer le cadre de vie Bois de Boulogne,57153.59,16,,,,,,,,no_match,aucun candidat retenu (score >= 0.60 puis jugement en session)
2024_07_18_006,2024,Pavage de la Place Vauban,55725.8,7,,,,,,,,no_match,aucun candidat retenu (score >= 0.60 puis jugement en session)
2024_20_57_026,2024,Cour oasis école Champagne,55342.11,20,,,,,,,,no_match,aucun candidat retenu (score >= 0.60 puis jugement en session)
2024_14_39_028,2024,Embellir l'enceinte du square Alésia Rider,53807.58,14,,,,,,,,no_match,aucun candidat retenu (score >= 0.60 puis jugement en session)
2024_14_39_027,2024,Cour oasis atelier des beaux-arts Montparnasse,51927.38,14,,,,,,,,no_match,aucun candidat retenu (score >= 0.60 puis jugement en session)
2024_18_51_025,2024,Poursuivre l'ouverture de la Petite Ceinture,51399.06,18,,,,,,,,no_match,aucun candidat retenu (score >= 0.60 puis jugement en session)
2024_06_15_005,2024,Jardin Des Grands Explorateurs - Marco Polo et Cavelier de La Salle - Entretien courant,40868.43,6,,,,,,,,no_match,aucun candidat retenu (score >= 0.60 puis jugement en session)
2024_06_15_002,2024,Mairie Du 6e Arrondissement - Rénovation des stores Rue Madame,40007.9,6,,,,,,,,no_match,aucun candidat retenu (score >= 0.60 puis jugement en session)
2024_06_15_000,2024,Ecole Élémentaire 42 Rue Madame - Réfection des peintures,32864.91,6,,,,,,,,no_match,aucun candidat retenu (score >= 0.60 puis jugement en session)
2024_06_15_008,2024,Gymnase Vaugirard Littre - Rénovations des réserves,31797.04,6,,,,,,,,no_match,aucun candidat retenu (score >= 0.60 puis jugement en session)
