beneficiaire_normalise,identite,regle,preuve
100 ETABLISS CULTUREL SOLIDAIRE,100 ETABLISSEMENT CULTUREL SOLIDAIRE,normalisation,"mêmes mots une fois accents, ponctuation et articles retirés : « 100 ETABLISS CULTUREL SOLIDAIRE »"
100 ETABLISSEMENT CULTUREL SOLIDAIRE,100 ETABLISSEMENT CULTUREL SOLIDAIRE,normalisation,"mêmes mots une fois accents, ponctuation et articles retirés : « 100 ETABLISSEMENT CULTUREL SOLIDAIRE »"
LE 100 ETABLISS CULTUREL SOLIDAIRE,100 ETABLISSEMENT CULTUREL SOLIDAIRE,normalisation,"mêmes mots une fois accents, ponctuation et articles retirés : « 100 ETABLISS CULTUREL SOLIDAIRE »"
LE 100 ETABLISSEMENT CULTUREL SOLIDAIRE,100 ETABLISSEMENT CULTUREL SOLIDAIRE,normalisation,"mêmes mots une fois accents, ponctuation et articles retirés : « 100 ETABLISSEMENT CULTUREL SOLIDAIRE »"
1000 VISAGES,1000 VISAGES,siren,"même SIREN 498303320 (dossiers votés), noms proches"
1000 VISAGES PRODUCTION,1000 VISAGES,siren,"même SIREN 498303320 (dossiers votés), noms proches"
1001 FEUILLES,1001 FEUILLES,normalisation,"mêmes mots une fois accents, ponctuation et articles retirés : « 1001 FEUILLES »"
LES 1001 FEUILLES,1001 FEUILLES,normalisation,"mêmes mots une fois accents, ponctuation et articles retirés : « 1001 FEUILLES »"
104 CENT QUATRE,104 CENT QUATRE,jugement,"Le 104 / CENTQUATRE, même établissement"
CENT QUATRE,104 CENT QUATRE,jugement,"Le 104 / CENTQUATRE, même établissement"
12 COURTS DE MINUIT,12 COURTS DE MINUIT,normalisation,"mêmes mots une fois accents, ponctuation et articles retirés : « 12 COURTS MINUIT »"
LES 12 COURTS DE MINUIT,12 COURTS DE MINUIT,normalisation,"mêmes mots une fois accents, ponctuation et articles retirés : « 12 COURTS MINUIT »"
190,190,normalisation,"mêmes mots une fois accents, ponctuation et articles retirés : « 190 »"
LE 190,190,normalisation,"mêmes mots une fois accents, ponctuation et articles retirés : « 190 »"
19EME RUGISSANTS,19EME RUGISSANTS,normalisation,"mêmes mots une fois accents, ponctuation et articles retirés : « 19EME RUGISSANTS »"
LES 19EME RUGISSANTS,19EME RUGISSANTS,normalisation,"mêmes mots une fois accents, ponctuation et articles retirés : « 19EME RUGISSANTS »"
4 ARTS PARIS CENTRE,4 ARTS PARIS CENTRE,siren,"même SIREN 537751240 (dossiers votés), noms proches"
4 PARIS ART,4 ARTS PARIS CENTRE,normalisation,"mêmes mots une fois accents, ponctuation et articles retirés : « 4 PARIS ART »"
LE 4 PARIS ART,4 ARTS PARIS CENTRE,normalisation,"mêmes mots une fois accents, ponctuation et articles retirés : « 4 PARIS ART »"
400 COUPS,400 COUPS,normalisation,"mêmes mots une fois accents, ponctuation et articles retirés : « 400 COUPS »"
LES 400 COUPS,400 COUPS,normalisation,"mêmes mots une fois accents, ponctuation et articles retirés : « 400 COUPS »"
56,56,normalisation,"mêmes mots une fois accents, ponctuation et articles retirés : « 56 »"
LE 56,56,normalisation,"mêmes mots une fois accents, ponctuation et articles retirés : « 56 »"
A I M S,A I M S,jugement,"même sigle avec ou sans espaces, années complémentaires"
AIMS,A I M S,jugement,"même sigle avec ou sans espaces, années complémentaires"
ABC PUERICULTURE,ABC PUERICULTURE,normalisation,"mêmes mots une fois accents, ponctuation et articles retirés : « ABC PUERICULTURE »"
ABC PUÉRICULTURE,ABC PUERICULTURE,normalisation,"mêmes mots une fois accents, ponctuation et articles retirés : « ABC PUERICULTURE »"
ABRI COCOON,ABRI COCOON,normalisation,"mêmes mots une fois accents, ponctuation et articles retirés : « ABRI COCOON »"
L ABRI COCOON,ABRI COCOON,normalisation,"mêmes mots une fois accents, ponctuation et articles retirés : « ABRI COCOON »"
ACACIAS,ACACIAS,normalisation,"mêmes mots une fois accents, ponctuation et articles retirés : « ACACIAS »"
LES ACACIAS,ACACIAS,normalisation,"mêmes mots une fois accents, ponctuation et articles retirés : « ACACIAS »"
ACADEMIE MUSIC VIVALDI PARIS IDF,ACADEMIE MUSIC VIVALDI PARIS IDF,jugement,"IDF = ILE FR, même académie"
ACADEMIE MUSIC VIVALDI PARIS ILE FR,ACADEMIE MUSIC VIVALDI PARIS IDF,jugement,"IDF = ILE FR, même académie"
ACCELER PARISIEN D INNOVATION,ACCELER PARISIEN D INNOVATION,normalisation,"mêmes mots une fois accents, ponctuation et articles retirés : « ACCELER PARISIEN INNOVATION »"
L ACCELER PARISIEN D INNOVATION,ACCELER PARISIEN D INNOVATION,normalisation,"mêmes mots une fois accents, ponctuation et articles retirés : « ACCELER PARISIEN INNOVATION »"
ACCOMP LIEU ACCUEIL CARREF EDU SO,ACCOMP LIEU ACCUEIL CARREF EDU SO,jugement,"même intitulé abrégé et coupé, montants continus"
ACCOMPAG LIEU ACCUEIL CARREF EDUC,ACCOMP LIEU ACCUEIL CARREF EDU SO,jugement,"même intitulé abrégé et coupé, montants continus"
ACCUEILLETTE DU 9E,ACCUEILLETTE DU 9E,jugement,"même nom, 9E vs 9°"
L ACCUEILLETTE DU 9,ACCUEILLETTE DU 9E,jugement,"même nom, 9E vs 9°"
ADFI,ADFI,jugement,ADFI = Association de défense des familles et de l'individu.
ADFI ASS DEFENSE FAMILLES ET INDIVI,ADFI,jugement,ADFI = Association de défense des familles et de l'individu.
ADIL,ADIL,jugement,"ADIL = sigle de l'association départementale d'information sur le logement, seule à Paris"
AGENCE DEPARTEMENTALE D INFORMATION SUR LE LOGEMENT 75,ADIL,jugement,ADIL 75 = association départementale d'information sur le logement de Paris
AGENCE DEPARTEMENTALE DINFORMATION SUR LE LOGEMENT 75,ADIL,jugement,"même nom, apostrophe supprimée"
ASS DEPARTEMENTALE INFORMATION LOGE,ADIL,jugement,ADIL 75 = association départementale d'information sur le logement de Paris
ASSOCIATION DEPARTEMENTALE INFORMATION LOGE,ADIL,jugement,"même nom, « ASS » développé"
ASSOCIATION DEPARTEMENTALE POUR L INFORMATION SUR LE LOGEMENT ADIL,ADIL,jugement,"ADIL développé, même organisme"
DEPARTEMENTALE INFORMATION LOGE,ADIL,jugement,"même nom, article « ASS » retiré"
ADVOCACY PARIS ILE DE FRANCE,ADVOCACY PARIS ILE DE FRANCE,jugement,"même nom, faute de trait d'union"
ADVOCACY PARIS ILEDEFRANCE,ADVOCACY PARIS ILE DE FRANCE,jugement,"même nom, faute de trait d'union"
AFFRANCHIS,AFFRANCHIS,normalisation,"mêmes mots une fois accents, ponctuation et articles retirés : « AFFRANCHIS »"
LES AFFRANCHIS,AFFRANCHIS,normalisation,"mêmes mots une fois accents, ponctuation et articles retirés : « AFFRANCHIS »"
AGCE NAL POUR FORMATION PROF ADULTE,AGCE NAT POUR LA FORMATION PRO,jugement,"AFPA, nom abrégé et coupé"
AGCE NAT POUR LA FORMATION PRO,AGCE NAT POUR LA FORMATION PRO,jugement,"AFPA, nom abrégé et coupé"
AGENTS REUNIS,AGENTS REUNIS,normalisation,"mêmes mots une fois accents, ponctuation et articles retirés : « AGENTS REUNIS »"
LES AGENTS REUNIS,AGENTS REUNIS,normalisation,"mêmes mots une fois accents, ponctuation et articles retirés : « AGENTS REUNIS »"
AGIR SOIGNER EDUQUER INSERER,AGIR SOIGNER EDUQUER INSERER,jugement,Même nom avec sigle ASEI ajouté.
AGIR SOIGNER EDUQUER INSERER ASEI,AGIR SOIGNER EDUQUER INSERER,jugement,Même nom avec sigle ASEI ajouté.
AIDE JEUNES HANDIC INTEGR REUSSIE,AIDE JEUNES HANDIC INTEGR REUSSIE,jugement,"Aide Jeunes Handicap Intégration Réussie, abrégé"
AIDE JEUNES HANDICAP INTEGRATION RE,AIDE JEUNES HANDIC INTEGR REUSSIE,jugement,"Aide Jeunes Handicap Intégration Réussie, abrégé"
ALLIANCE DES AVOCATS POUR,ALLIANCE DES AVOCATS POUR,normalisation,"mêmes mots une fois accents, ponctuation et articles retirés : « ALLIANCE AVOCATS POUR »"
ALLIANCE DES AVOCATS POUR LES,ALLIANCE DES AVOCATS POUR,normalisation,"mêmes mots une fois accents, ponctuation et articles retirés : « ALLIANCE AVOCATS POUR »"
ALLO MALTRAITANCE DES PERSONNES AGE,ALLO MALTRAITANCE PERSONNES AGEES,jugement,"même nom, article et troncature à 35 caractères"
ALLO MALTRAITANCE PERSONNES AGEES,ALLO MALTRAITANCE PERSONNES AGEES,jugement,"même nom, article et troncature à 35 caractères"
ALOUETTES DE L ASSOMPTION,ALOUETTES DE L ASSOMPTION,normalisation,"mêmes mots une fois accents, ponctuation et articles retirés : « ALOUETTES ASSOMPTION »"
LES ALOUETTES DE L ASSOMPTION,ALOUETTES DE L ASSOMPTION,normalisation,"mêmes mots une fois accents, ponctuation et articles retirés : « ALOUETTES ASSOMPTION »"
AMBASSADE DE MOLDAVIE,AMBASSADE DE MOLDAVIE,normalisation,"mêmes mots une fois accents, ponctuation et articles retirés : « AMBASSADE MOLDAVIE »"
AMBASSADE MOLDAVIE,AMBASSADE DE MOLDAVIE,normalisation,"mêmes mots une fois accents, ponctuation et articles retirés : « AMBASSADE MOLDAVIE »"
AMI E S DE L EGALITE,AMI E S DE L EGALITE,normalisation,"mêmes mots une fois accents, ponctuation et articles retirés : « AMI E S EGALITE »"
LES AMI E S DE L EGALITE,AMI E S DE L EGALITE,normalisation,"mêmes mots une fois accents, ponctuation et articles retirés : « AMI E S EGALITE »"
AMI E S DU COMEDY CLUB,AMI E S DU COMEDY CLUB,normalisation,"mêmes mots une fois accents, ponctuation et articles retirés : « AMI E S COMEDY CLUB »"
LES AMI E S DU COMEDY CLUB,AMI E S DU COMEDY CLUB,normalisation,"mêmes mots une fois accents, ponctuation et articles retirés : « AMI E S COMEDY CLUB »"
AMI E S DU MAGE,AMI E S DU MAGE,normalisation,"mêmes mots une fois accents, ponctuation et articles retirés : « AMI E S MAGE »"
LES AMI E S DU MAGE,AMI E S DU MAGE,normalisation,"mêmes mots une fois accents, ponctuation et articles retirés : « AMI E S MAGE »"
AMI ES DE LA SERRE DU RUISSEAU,AMI ES DE LA SERRE DU RUISSEAU,jugement,"AMI.ES/AMIES, même nom"
AMIES DE LA SERRE DU RUISSEAU,AMI ES DE LA SERRE DU RUISSEAU,jugement,"AMI.ES/AMIES, même nom"
AMICALE DE CHATEAUBRIANT VOVES,AMICALE DE CHATEAUBRIANT VOVES,normalisation,"mêmes mots une fois accents, ponctuation et articles retirés : « AMICALE CHATEAUBRIANT VOVES »"
L AMICALE DE CHATEAUBRIANT VOVES,AMICALE DE CHATEAUBRIANT VOVES,normalisation,"mêmes mots une fois accents, ponctuation et articles retirés : « AMICALE CHATEAUBRIANT VOVES »"
AMICALE DU CONSERVATOIRE DU 8EME,AMICALE DU CONSERVATOIRE DU 8EME,normalisation,"mêmes mots une fois accents, ponctuation et articles retirés : « AMICALE CONSERVATOIRE 8EME »"
L AMICALE DU CONSERVATOIRE DU 8EME,AMICALE DU CONSERVATOIRE DU 8EME,normalisation,"mêmes mots une fois accents, ponctuation et articles retirés : « AMICALE CONSERVATOIRE 8EME »"
AMIS DE CHARLOTTE DELBO,AMIS DE CHARLOTTE DELBO,normalisation,"mêmes mots une fois accents, ponctuation et articles retirés : « AMIS CHARLOTTE DELBO »"
LES AMIS DE CHARLOTTE DELBO,AMIS DE CHARLOTTE DELBO,normalisation,"mêmes mots une fois accents, ponctuation et articles retirés : « AMIS CHARLOTTE DELBO »"
AMIS DE FARINEZ VOUS,AMIS DE FARINEZ VOUS,normalisation,"mêmes mots une fois accents, ponctuation et articles retirés : « AMIS FARINEZ VOUS »"
AMIS DE FARINEZVOUS,AMIS DE FARINEZ VOUS,jugement,"Même graphie, espace près."
LES AMIS DE FARINEZ VOUS,AMIS DE FARINEZ VOUS,normalisation,"mêmes mots une fois accents, ponctuation et articles retirés : « AMIS FARINEZ VOUS »"
AMIS DE FRANS KRAJCBERG,AMIS DE FRANS KRAJCBERG,normalisation,"mêmes mots une fois accents, ponctuation et articles retirés : « AMIS FRANS KRAJCBERG »"
LES AMIS DE FRANS KRAJCBERG,AMIS DE FRANS KRAJCBERG,normalisation,"mêmes mots une fois accents, ponctuation et articles retirés : « AMIS FRANS KRAJCBERG »"
AMIS DE L ESS PACE,AMIS DE L ESS PACE,normalisation,"mêmes mots une fois accents, ponctuation et articles retirés : « AMIS ESS PACE »"
LES AMIS DE L ESS PACE,AMIS DE L ESS PACE,normalisation,"mêmes mots une fois accents, ponctuation et articles retirés : « AMIS ESS PACE »"
AMIS DE L HOPITAL TROUSSEAU,AMIS DE L HOPITAL TROUSSEAU,normalisation,"mêmes mots une fois accents, ponctuation et articles retirés : « AMIS HOPITAL TROUSSEAU »"
LES AMIS DE L HOPITAL TROUSSEAU,AMIS DE L HOPITAL TROUSSEAU,normalisation,"mêmes mots une fois accents, ponctuation et articles retirés : « AMIS HOPITAL TROUSSEAU »"
AMIS DE L UNIVERSITE POPULAIRE,AMIS DE L UNIVERSITE POPULAIRE,normalisation,"mêmes mots une fois accents, ponctuation et articles retirés : « AMIS UNIVERSITE POPULAIRE »"
LES AMIS DE L UNIVERSITE POPULAIRE,AMIS DE L UNIVERSITE POPULAIRE,normalisation,"mêmes mots une fois accents, ponctuation et articles retirés : « AMIS UNIVERSITE POPULAIRE »"
AMIS DE LA BIENVENUE,AMIS DE LA BIENVENUE,normalisation,"mêmes mots une fois accents, ponctuation et articles retirés : « AMIS BIENVENUE »"
LES AMIS DE LA BIENVENUE,AMIS DE LA BIENVENUE,normalisation,"mêmes mots une fois accents, ponctuation et articles retirés : « AMIS BIENVENUE »"
AMIS DE LA COMMUNE DE PARIS,AMIS DE LA COMMUNE DE PARIS,normalisation,"mêmes mots une fois accents, ponctuation et articles retirés : « AMIS COMMUNE PARIS »"
LES AMIS DE LA COMMUNE DE PARIS,AMIS DE LA COMMUNE DE PARIS,normalisation,"mêmes mots une fois accents, ponctuation et articles retirés : « AMIS COMMUNE PARIS »"
AMIS DE LA MAISON VERTE,AMIS DE LA MAISON VERTE,normalisation,"mêmes mots une fois accents, ponctuation et articles retirés : « AMIS MAISON VERTE »"
LES AMIS DE LA MAISON VERTE,AMIS DE LA MAISON VERTE,normalisation,"mêmes mots une fois accents, ponctuation et articles retirés : « AMIS MAISON VERTE »"
AMIS DE LA TELE LIBRE,AMIS DE LA TELE LIBRE,normalisation,"mêmes mots une fois accents, ponctuation et articles retirés : « AMIS TELE LIBRE »"
LES AMIS DE LA TELE LIBRE,AMIS DE LA TELE LIBRE,normalisation,"mêmes mots une fois accents, ponctuation et articles retirés : « AMIS TELE LIBRE »"
AMIS DE MAGNUM PHOTOS,AMIS DE MAGNUM PHOTOS,normalisation,"mêmes mots une fois accents, ponctuation et articles retirés : « AMIS MAGNUM PHOTOS »"
LES AMIS DE MAGNUM PHOTOS,AMIS DE MAGNUM PHOTOS,normalisation,"mêmes mots une fois accents, ponctuation et articles retirés : « AMIS MAGNUM PHOTOS »"
AMIS DES JARDINS DU RUISSEAU,AMIS DES JARDINS DU RUISSEAU,normalisation,"mêmes mots une fois accents, ponctuation et articles retirés : « AMIS JARDINS RUISSEAU »"
LES AMIS DES JARDINS DU RUISSEAU,AMIS DES JARDINS DU RUISSEAU,normalisation,"mêmes mots une fois accents, ponctuation et articles retirés : « AMIS JARDINS RUISSEAU »"
AMIS DU 18E DU MOI,AMIS DU 18E DU MOI,jugement,"Même nom, « ASSOCIATION » en plus"
ASSOCIATION LES AMIS DU 18E DU MOI,AMIS DU 18E DU MOI,jugement,"Même nom, « ASSOCIATION » en plus"
AMIS DU CINEMA DU REEL,AMIS DU CINEMA DU REEL,normalisation,"mêmes mots une fois accents, ponctuation et articles retirés : « AMIS CINEMA REEL »"
LES AMIS DU CINEMA DU REEL,AMIS DU CINEMA DU REEL,normalisation,"mêmes mots une fois accents, ponctuation et articles retirés : « AMIS CINEMA REEL »"
AMIS DU THEATRE LE RANELAGH,AMIS DU THEATRE LE RANELAGH,normalisation,"mêmes mots une fois accents, ponctuation et articles retirés : « AMIS THEATRE RANELAGH »"
LES AMIS DU THEATRE LE RANELAGH,AMIS DU THEATRE LE RANELAGH,normalisation,"mêmes mots une fois accents, ponctuation et articles retirés : « AMIS THEATRE RANELAGH »"
AMIS MUSE SAPEURS POMPIERS PAR,AMIS MUSE SAPEURS POMPIERS PAR,jugement,ASS abrégé de ASSOCIATION
ASS AMIS MUSE SAPEURS POMPIERS PAR,AMIS MUSE SAPEURS POMPIERS PAR,jugement,ASS abrégé de ASSOCIATION
ASSOCIATION AMIS MUSE SAPEURS POMPIERS PAR,AMIS MUSE SAPEURS POMPIERS PAR,jugement,ASS abrégé de ASSOCIATION
AMIS MUSEE RESISTANCE NATIONALE,AMIS MUSEE RESISTANCE NATIONALE,jugement,"même nom avec ASS abrégé devant, SIREN porté par l'une"
ASS AMIS MUSEE RESISTANCE NATIONALE,AMIS MUSEE RESISTANCE NATIONALE,jugement,"même nom avec ASS abrégé devant, SIREN porté par l'une"
ASSOCIATION AMIS MUSEE RESISTANCE NATIONALE,AMIS MUSEE RESISTANCE NATIONALE,jugement,"ASS = ASSOCIATION, même nom"
AMIS RECYCLEURS,AMIS RECYCLEURS,normalisation,"mêmes mots une fois accents, ponctuation et articles retirés : « AMIS RECYCLEURS »"
LES AMIS RECYCLEURS,AMIS RECYCLEURS,normalisation,"mêmes mots une fois accents, ponctuation et articles retirés : « AMIS RECYCLEURS »"
AMUON LES PIERROTS DE LA NUIT,AMUON LES PIERROTS DE LA NUIT,jugement,"Les Pierrots de la Nuit = programme d'AMUON, même association."
ASS MEDIATION USAGE OPTIMAL NUIT,AMUON LES PIERROTS DE LA NUIT,jugement,Même intitulé coupé à des longueurs différentes (Pierrots de la nuit).
ASS MEDIATION USAGE OPTIMAL NUIT PI,AMUON LES PIERROTS DE LA NUIT,jugement,Même intitulé coupé à des longueurs différentes (Pierrots de la nuit).
ASSOCIATION DE MEDIATION POUR UN USAGE OPTIMAL DE LA NUIT LES PIERROTS DE LA NUIT,AMUON LES PIERROTS DE LA NUIT,jugement,« ASS MEDIATION USAGE OPTIMAL NUIT PI » = forme abrégée et coupée de « Les Pierrots de la nuit ».
ASSOCIATION MEDIATION USAGE OPTIMAL NUIT,AMUON LES PIERROTS DE LA NUIT,jugement,"Même intitulé, ASS/ASSOCIATION, coupé."
LES PIERROTS DE LA NUIT,AMUON LES PIERROTS DE LA NUIT,jugement,"Les Pierrots de la Nuit = programme d'AMUON, même association."
LES PIERROTS DE LA NUIT AMUON,AMUON LES PIERROTS DE LA NUIT,jugement,"Même nom, ordre inversé."
ANIMATION INSERTION CULTURE VE,ANIMATION INSERTION CULTURE VE,jugement,"Même nom, « ASSO » abrégé"
ASSO ANIMATION INSERTION CULTURE VE,ANIMATION INSERTION CULTURE VE,jugement,"Même nom, « ASSO » abrégé"
ASSOCIATION ANIMATION INSERTION CULTURE VE,ANIMATION INSERTION CULTURE VE,jugement,"Même nom, « ASSO » abrégé en « ASSOCIATION »"
ANIMATIONS SPORTIVES CULTURELLE,ANIMATIONS SPORTIVES CULTURELLE,jugement,"même nom, ASS retiré"
ASS ANIMATIONS SPORTIVES CULTURELLE,ANIMATIONS SPORTIVES CULTURELLE,jugement,"même nom, ASS retiré"
ASSOCIATION ANIMATIONS SPORTIVES CULTURELLE,ANIMATIONS SPORTIVES CULTURELLE,jugement,"même nom, ASS/ASSOCIATION"
ANTIN RESIDENCES SA HABITAT,ANTIN RESIDENCES SA HABITAT,jugement,"Antin Résidences SA Habitat, suffixe loyer en plus"
ANTIN RESIDENCES SA HABITAT LOYER M,ANTIN RESIDENCES SA HABITAT,jugement,"Antin Résidences SA Habitat, suffixe loyer en plus"
ANVERS AUX ABBESSES POINTS D ART,ANVERS AUX ABBESSES POINTS D ART,normalisation,"mêmes mots une fois accents, ponctuation et articles retirés : « ANVERS AUX ABBESSES POINTS ART »"
D ANVERS AUX ABBESSES POINTS D ART,ANVERS AUX ABBESSES POINTS D ART,normalisation,"mêmes mots une fois accents, ponctuation et articles retirés : « ANVERS AUX ABBESSES POINTS ART »"
APACHES DES VIGNOLES,APACHES DES VIGNOLES,normalisation,"mêmes mots une fois accents, ponctuation et articles retirés : « APACHES VIGNOLES »"
LES APACHES DES VIGNOLES,APACHES DES VIGNOLES,normalisation,"mêmes mots une fois accents, ponctuation et articles retirés : « APACHES VIGNOLES »"
APASO,APASO,jugement,"APASO = Association Prévention Accueil Soutien Orientation, nom coupé"
ASS PREVENTION ACCUEIL SOUTIEN ET O,APASO,jugement,"APASO = Association Prévention Accueil Soutien Orientation, nom coupé"
ASS PREVENTION ACCUEIL SOUTIEN ORIE,APASO,jugement,"APASO = Association Prévention Accueil Soutien Orientation, nom coupé"
ASSOCIATION PREVENTION ACCUEIL SOUTIEN ET,APASO,jugement,"même préfixe, l'une plus tronquée"
APOSTROPHE A L AVENIR,APOSTROPHE A L AVENIR,normalisation,"mêmes mots une fois accents, ponctuation et articles retirés : « APOSTROPHE A AVENIR »"
L APOSTROPHE A L AVENIR,APOSTROPHE A L AVENIR,normalisation,"mêmes mots une fois accents, ponctuation et articles retirés : « APOSTROPHE A AVENIR »"
APPART,APPART,normalisation,"mêmes mots une fois accents, ponctuation et articles retirés : « APPART »"
L APPART,APPART,normalisation,"mêmes mots une fois accents, ponctuation et articles retirés : « APPART »"
APPELS D ORPHEE,APPELS D ORPHEE,normalisation,"mêmes mots une fois accents, ponctuation et articles retirés : « APPELS ORPHEE »"
LES APPELS D ORPHEE,APPELS D ORPHEE,normalisation,"mêmes mots une fois accents, ponctuation et articles retirés : « APPELS ORPHEE »"
APPRENTI MUSICIEN,APPRENTI MUSICIEN,normalisation,"mêmes mots une fois accents, ponctuation et articles retirés : « APPRENTI MUSICIEN »"
L APPRENTI MUSICIEN,APPRENTI MUSICIEN,normalisation,"mêmes mots une fois accents, ponctuation et articles retirés : « APPRENTI MUSICIEN »"
A P S A J,APSAJ,jugement,Même sigle APSAJ écrit avec espaces.
APSAJ,APSAJ,jugement,Même sigle APSAJ écrit avec espaces.
ARAIGNEE GENTILLE,ARAIGNEE GENTILLE,normalisation,"mêmes mots une fois accents, ponctuation et articles retirés : « ARAIGNEE GENTILLE »"
L ARAIGNEE GENTILLE,ARAIGNEE GENTILLE,normalisation,"mêmes mots une fois accents, ponctuation et articles retirés : « ARAIGNEE GENTILLE »"
ARBRE CONNAIS ASS PROMO SCIENC REC,ARBRE CONNAIS ASSOCIATION PROMO SCIENC REC,jugement,"Même nom, ASS/ASSOCIATION"
ARBRE CONNAIS ASSOCIATION PROMO SCIENC REC,ARBRE CONNAIS ASSOCIATION PROMO SCIENC REC,jugement,"Même nom, ASS/ASSOCIATION"
ASS PROMOSCIENCRECH ARBRECONNAISSAN,ARBRE CONNAIS ASSOCIATION PROMO SCIENC REC,jugement,"Même organisme, noms collés et abrégés"
ARC EQUIPES D AMITIE ARC EA,ARC EQUIPES D AMITIE ARC EA,jugement,"ARC Équipes d'amitié ARC-EA, graphies du même nom."
ARC EQUIPES D AMITIE ARCEA,ARC EQUIPES D AMITIE ARC EA,jugement,"ARC Équipes d'amitié ARC-EA, graphies du même nom."
ARCHERS DES TROIS LYS,ARCHERS DES TROIS LYS,normalisation,"mêmes mots une fois accents, ponctuation et articles retirés : « ARCHERS TROIS LYS »"
LES ARCHERS DES TROIS LYS,ARCHERS DES TROIS LYS,normalisation,"mêmes mots une fois accents, ponctuation et articles retirés : « ARCHERS TROIS LYS »"
ARTIMON,ARTIMON,normalisation,"mêmes mots une fois accents, ponctuation et articles retirés : « ARTIMON »"
L ARTIMON,ARTIMON,normalisation,"mêmes mots une fois accents, ponctuation et articles retirés : « ARTIMON »"
ARTISANIE,ARTISANIE,normalisation,"mêmes mots une fois accents, ponctuation et articles retirés : « ARTISANIE »"
L ARTISANIE,ARTISANIE,normalisation,"mêmes mots une fois accents, ponctuation et articles retirés : « ARTISANIE »"
ARTISTES DU 4EME,ARTISTES DU 4EME,normalisation,"mêmes mots une fois accents, ponctuation et articles retirés : « ARTISTES 4EME »"
LES ARTISTES DU 4EME,ARTISTES DU 4EME,normalisation,"mêmes mots une fois accents, ponctuation et articles retirés : « ARTISTES 4EME »"
AS D COM PRI GU ALGERIE TUNISIE MAR,AS D COM PRI GU ALGERIE TUNISIE MAROC,troncature,nom coupé (« AS D COM PRI GU ALGERIE TUNISIE MAR ») au milieu d'un mot = début de la seule graphie « AS D COM PRI GU ALGERIE TUNISIE MAROC »
AS D COM PRI GU ALGERIE TUNISIE MAROC,AS D COM PRI GU ALGERIE TUNISIE MAROC,troncature,nom coupé (« AS D COM PRI GU ALGERIE TUNISIE MAR ») au milieu d'un mot = début de la seule graphie « AS D COM PRI GU ALGERIE TUNISIE MAROC »
AS PERSONNELS APSAP VP,AS PERSONNELS APSAP VP,jugement,"Association du personnel APSAP-VP, même graphie."
AS PERSONNELS APSAPVP,AS PERSONNELS APSAP VP,jugement,"Association du personnel APSAP-VP, même graphie."
ASSOCIATION PERSONNELS APSAP VP,AS PERSONNELS APSAP VP,jugement,"Association du personnel APSAP-VP, ASSOCIATION/AS."
AS SPORT LYCEE ENS COMM MARIA DERA,AS SPORT LYCEE ENS COMM MARIA DERAISM,troncature,nom coupé (« AS SPORT. LYCEE ENS COMM MARIA DERA ») au milieu d'un mot = début de la seule graphie « AS SPORT. LYCEE ENS COMM MARIA DERAISM »
AS SPORT LYCEE ENS COMM MARIA DERAISM,AS SPORT LYCEE ENS COMM MARIA DERAISM,troncature,nom coupé (« AS SPORT. LYCEE ENS COMM MARIA DERA ») au milieu d'un mot = début de la seule graphie « AS SPORT. LYCEE ENS COMM MARIA DERAISM »
ACTION SOCIA PERSON VIL PARIS DEP PA,ASPP ASSOCIATION D ACTION SOCIALE EN FAVEUR DES PERSONNELS DE LA VILLE DE PARIS,jugement,"Même nom, seule l'espace diffère"
ACTION SOCIA PERSON VIL PARISDEP PA,ASPP ASSOCIATION D ACTION SOCIALE EN FAVEUR DES PERSONNELS DE LA VILLE DE PARIS,jugement,"Même nom, seule l'espace diffère"
ACTION SOCIALE EN FAVEUR DES PERSONNELS DE LA VILLE DE PARIS ET DU,ASPP ASSOCIATION D ACTION SOCIALE EN FAVEUR DES PERSONNELS DE LA VILLE DE PARIS,jugement,"Même association, nom développé puis coupé"
ASPP ASSOCIATION D ACTION SOCIALE EN FAVEUR DES PERSONNELS DE LA VILLE DE PARIS,ASPP ASSOCIATION D ACTION SOCIALE EN FAVEUR DES PERSONNELS DE LA VILLE DE PARIS,jugement,ASPP = association d'action sociale en faveur des personnels de la Ville de Paris
ASSOCIATION ACTION SOCIALE EN FAVEUR DES PERSONNELS DE LA VILLE DE PARIS ET DU DEPARTEMENT DE PARIS,ASPP ASSOCIATION D ACTION SOCIALE EN FAVEUR DES PERSONNELS DE LA VILLE DE PARIS,jugement,"Même association d'action sociale du personnel Ville et Département, nom développé"
ASS ACCORDERIE DU GD BELLEVILLE,ASS ACCORDERIE DU GD BELLEVILLE,jugement,"Même nom, ASS/ASSOCIATION."
ASSOCIATION ACCORDERIE DU GD BELLEVILLE,ASS ACCORDERIE DU GD BELLEVILLE,jugement,"Même nom, ASS/ASSOCIATION."
ACCORDERIE GRAND BELLEVILLE,ASS ACCORDERIE GRAND BELLEVILLE,jugement,même nom sans ASSOCIATION
ASS ACCORDERIE GRAND BELLEVILLE,ASS ACCORDERIE GRAND BELLEVILLE,jugement,ASS abrégé de ASSOCIATION
ASSOCIATION ACCORDERIE GRAND BELLEVILLE,ASS ACCORDERIE GRAND BELLEVILLE,jugement,même nom sans ASSOCIATION
ANQA,ASS ANQA,jugement,"ANQA sigle identique à ASS ANQA, sans autre organisme évident"
ASS ANQA,ASS ANQA,jugement,"même nom, ASS abrégé"
ASSOCIATION ANQA,ASS ANQA,jugement,"même nom, ASS abrégé"
ART CULTURE ET FOI,ASS ART CULTURE ET FOI,jugement,"même nom, seul « ASS » diffère"
ASS ART CULTURE ET FOI,ASS ART CULTURE ET FOI,jugement,"même nom, seul « ASS » diffère"
ASSOCIATION ART CULTURE ET FOI,ASS ART CULTURE ET FOI,jugement,ASS = ASSOCIATION
ASS ARTISANALE ET CIAL DE PARIS BER,ASS ARTISANALE ET CIAL DE PARIS BERCY,troncature,nom coupé (« ASS ARTISANALE ET CIAL DE PARIS BER ») au milieu d'un mot = début de la seule graphie « ASS ARTISANALE ET CIAL DE PARIS BERCY »
ASS ARTISANALE ET CIAL DE PARIS BERCY,ASS ARTISANALE ET CIAL DE PARIS BERCY,troncature,nom coupé (« ASS ARTISANALE ET CIAL DE PARIS BER ») au milieu d'un mot = début de la seule graphie « ASS ARTISANALE ET CIAL DE PARIS BERCY »
ASS ARTISTIQUE CONCERT COLONNE,ASS ARTISTIQUE CONCERT COLONNE,jugement,"ASS = ASSOCIATION, même nom, SIREN sur l'une"
ASSOCIATION ARTISTIQUE CONCERT COLONNE,ASS ARTISTIQUE CONCERT COLONNE,jugement,"ASS = ASSOCIATION, même nom, SIREN sur l'une"
ASS ATELIER MUSICAL DES TROIS TAMBO,ASS ATELIER MUSICAL DES TROIS TAMBO,jugement,"même nom, « ASS » abrégé, SIREN sur l'une"
ASSOCIATION ATELIER MUSICAL DES TROIS TAMBO,ASS ATELIER MUSICAL DES TROIS TAMBO,jugement,"même nom, « ASS » abrégé"
ATELIER MUSICAL DES TROIS TAMBOURS,ASS ATELIER MUSICAL DES TROIS TAMBO,jugement,"même nom, « ASS » abrégé, SIREN sur l'une"
ASS ATOLL 75,ASS ATOLL 75,jugement,"Même nom, ASS abrégé."
ASSOCIATION ATOLL 75,ASS ATOLL 75,jugement,"Même nom, ASS abrégé."
ATOLL 75,ASS ATOLL 75,jugement,"Même nom, ASS abrégé."
ASS AU RENDEZ VOUS BOUT CHOU,ASS AU RENDEZ VOUS BOUT CHOU,jugement,« ASS » = « ASSOCIATION »
ASSOCIATION AU RENDEZ VOUS BOUT CHOU,ASS AU RENDEZ VOUS BOUT CHOU,jugement,« ASS » = « ASSOCIATION »
ASS AUTREMONDE,ASS AUTREMONDE,jugement,"Même nom, « ASS » abrégé"
ASSOCIATION AUTREMONDE,ASS AUTREMONDE,jugement,"Même nom, « ASS » abrégé"
ASS AYYEM ZAMEN,ASS AYYEM ZAMEN,jugement,"ASS/ASSOCIATION, exercices complémentaires"
ASSOCIATION AYYEM ZAMEN,ASS AYYEM ZAMEN,jugement,"ASS/ASSOCIATION, exercices complémentaires"
AYYEM ZAMEN,ASS AYYEM ZAMEN,jugement,même nom avec ou sans « ASS »
ASS BATIK INTERNATIONAL,ASS BATIK INTERNATIONAL,jugement,"abréviation ASS / ASSOCIATION, même nom"
ASSOCIATION BATIK INTERNATIONAL,ASS BATIK INTERNATIONAL,jugement,"abréviation ASS / ASSOCIATION, même nom"
BATIK INTERNATIONAL,ASS BATIK INTERNATIONAL,jugement,"même nom, seul « ASS » est retiré"
ASS BIBLIOTHEQUE RUSSE,ASS BIBLIOTHEQUE RUSSE,jugement,"même nom, « ASS » abrégé"
ASSOCIATION BIBLIOTHEQUE RUSSE,ASS BIBLIOTHEQUE RUSSE,jugement,"même nom, « ASS » abrégé"
BIBLIOTHEQUE RUSSE,ASS BIBLIOTHEQUE RUSSE,jugement,"même nom, « ASS » retiré"
ASS BUS SOCIAL DENTAIRE,ASS BUS SOCIAL DENTAIRE,jugement,"même nom, ASS = association"
ASSOCIATION BUS SOCIAL DENTAIRE,ASS BUS SOCIAL DENTAIRE,jugement,ASS = ASSOCIATION
BUS SOCIAL DENTAIRE,ASS BUS SOCIAL DENTAIRE,jugement,"même nom, ASS = association"
ASS CAFEZOIDE,ASS CAFEZOIDE,jugement,"même nom, « ASS » abrégé"
ASSOCIATION CAFEZOIDE,ASS CAFEZOIDE,jugement,"même nom, « ASS » abrégé"
ASS COLL LES MORTS DE LA RUE,ASS COLL LES MORTS DE LA RUE,jugement,"ASS. = ASSOCIATION, même nom"
ASSOCIATION COLL LES MORTS DE LA RUE,ASS COLL LES MORTS DE LA RUE,jugement,"ASS. = ASSOCIATION, même nom"
COLLECTIF LES MORTS DE LA RUE,ASS COLL LES MORTS DE LA RUE,jugement,"même intitulé Collectif Les Morts de la Rue, exercices complémentaires"
ASS COLLECTIF JEUNE CINEMA,ASS COLLECTIF JEUNE CINEMA,jugement,"même nom, ASS devant"
ASSOCIATION COLLECTIF JEUNE CINEMA,ASS COLLECTIF JEUNE CINEMA,jugement,"même nom, ASSOCIATION/ASS"
COLLECTIF JEUNE CINEMA,ASS COLLECTIF JEUNE CINEMA,jugement,"même nom, ASS devant"
ASS COMITE MONTAIGNE,ASS COMITE MONTAIGNE,jugement,"Même nom, ASS/ASSOCIATION"
ASSOCIATION COMITE MONTAIGNE,ASS COMITE MONTAIGNE,jugement,"Même nom, ASS/ASSOCIATION"
COMITE MONTAIGNE,ASS COMITE MONTAIGNE,jugement,"Même nom, ASS/« Association » ; SIREN sur l'une des graphies"
ASS COMMERCANTS DE MENILMONTANT,ASS COMMERCANTS DE MENILMONTANT,normalisation,"mêmes mots une fois accents, ponctuation et articles retirés : « ASS COMMERCANTS MENILMONTANT »"
ASS DES COMMERCANTS DE MENILMONTANT,ASS COMMERCANTS DE MENILMONTANT,normalisation,"mêmes mots une fois accents, ponctuation et articles retirés : « ASS COMMERCANTS MENILMONTANT »"
ASS COMMERCANTS DU HAUT MONTMARTRE,ASS COMMERCANTS HAUT MONTMARTRE,normalisation,"mêmes mots une fois accents, ponctuation et articles retirés : « ASS COMMERCANTS HAUT MONTMARTRE »"
ASS COMMERCANTS HAUT MONTMARTRE,ASS COMMERCANTS HAUT MONTMARTRE,normalisation,"mêmes mots une fois accents, ponctuation et articles retirés : « ASS COMMERCANTS HAUT MONTMARTRE »"
ASS COMMERCANTS RUE COURCELLES,ASS COMMERCANTS RUE COURCELLES,jugement,"même nom, « ASS » retiré"
ASSOCIATION COMMERCANTS RUE COURCELLES,ASS COMMERCANTS RUE COURCELLES,jugement,"même nom, « ASSOCIATION » devant"
COMMERCANTS RUE COURCELLES,ASS COMMERCANTS RUE COURCELLES,jugement,"même nom, « ASS » retiré"
ASS CONNAIS HISTOIR AFRIQUE CONTEMP,ASS CONNAIS HISTOIR AFRIQUE CONTEMP,jugement,"même association, abrégée"
ASS CONNAISS HISTOIRE AFRIQUE CONTE,ASS CONNAIS HISTOIR AFRIQUE CONTEMP,jugement,"même association, abrégée"
ASS CONTRE VIOLENCES,ASS CONTRE VIOLENCES,jugement,"même nom, ASSOCIATION retiré, montant identique 27000 sur années successives"
ASSOCIATION CONTRE VIOLENCES,ASS CONTRE VIOLENCES,jugement,"ASS abrégé de ASSOCIATION, montant 27000 identique"
CONTRE VIOLENCES,ASS CONTRE VIOLENCES,jugement,"même nom, ASSOCIATION retiré, montant identique 27000 sur années successives"
ASS CRECHE GAN ESTHER,ASS CRECHE GAN ESTHER,jugement,« ASS » = « ASSOCIATION »
ASSOCIATION CRECHE GAN ESTHER,ASS CRECHE GAN ESTHER,jugement,« ASS » = « ASSOCIATION »
CRECHE GAN ESTHER,ASS CRECHE GAN ESTHER,jugement,"« ASS » devant, même nom"
ASS CULTURELLE BERBERE,ASS CULTURELLE BERBERE,jugement,"même nom, « ASS » abrégé"
ASSOCIATION CULTURELLE BERBERE,ASS CULTURELLE BERBERE,jugement,"même nom, « ASS » abrégé"
CULTURELLE BERBERE,ASS CULTURELLE BERBERE,jugement,"même nom, « ASS » abrégé, 2023 comblé"
ASS DE REINSERTION SOCIALE LUXEMBO,ASS DE REINSERTION SOCIALE LUXEMBOU,troncature,nom coupé (« ASS DE REINSERTION SOCIALE LUXEMBO ») au milieu d'un mot = début de la seule graphie « ASS DE REINSERTION SOCIALE LUXEMBOU »
ASS DE REINSERTION SOCIALE LUXEMBOU,ASS DE REINSERTION SOCIALE LUXEMBOU,troncature,nom coupé (« ASS DE REINSERTION SOCIALE LUXEMBO ») au milieu d'un mot = début de la seule graphie « ASS DE REINSERTION SOCIALE LUXEMBOU »
ADPEP ASSOCIATION DÉPARTEMENTALE DES PUPILLES DE L ENSEIGNEMENT PUBLIC,ASS DEP PUPILLES ENSEIG PUBLIC,jugement,"ADPEP = Association départementale des pupilles de l'enseignement public, même intitulé développé"
ASS DEP PUPILLES ENSEIG PUBLIC,ASS DEP PUPILLES ENSEIG PUBLIC,jugement,"même nom, ENSEIG. PUBLIC abrégé"
ASS DEP PUPILLES ENSEIGNEMENT PUBLI,ASS DEP PUPILLES ENSEIG PUBLIC,jugement,"ADPEP = Association départementale des pupilles de l'enseignement public, même intitulé développé"
ASSOCIATION DEP PUPILLES ENSEIGNEMENT PUBLI,ASS DEP PUPILLES ENSEIG PUBLIC,troncature,nom coupé (« ASSOCIATION DEP PUPILLES ENSEIGNEMENT PUBLI ») au milieu d'un mot = début de la seule graphie « ASSOCIATION DEP PUPILLES ENSEIGNEMENT PUBLIC »
ASSOCIATION DEP PUPILLES ENSEIGNEMENT PUBLIC,ASS DEP PUPILLES ENSEIG PUBLIC,troncature,nom coupé (« ASSOCIATION DEP PUPILLES ENSEIGNEMENT PUBLI ») au milieu d'un mot = début de la seule graphie « ASSOCIATION DEP PUPILLES ENSEIGNEMENT PUBLIC »
ASSOCIATION DEPARTEMENTALE DES PUPILLES DE L ENSEIGNEMENT PUBLIC,ASS DEP PUPILLES ENSEIG PUBLIC,jugement,même nom abrégé ou développé
ASS DES CINEMAS INDEPENDANTS,ASS DES CINEMAS INDEPENDANTS,jugement,"même nom, ASS abrégé"
ASSOCIATION DES CINEMAS INDEPENDANTS,ASS DES CINEMAS INDEPENDANTS,jugement,"même nom, ASS abrégé"
CINEMAS INDEPENDANTS,ASS DES CINEMAS INDEPENDANTS,jugement,même nom sans « ASS » ; article conservé
ASS DES MUSICIENS DE JAZZ,ASS DES MUSICIENS DE JAZZ,jugement,"même nom, « ASS » abrégé, exercice 2023 manquant comblé"
ASSOCIATION DES MUSICIENS DE JAZZ,ASS DES MUSICIENS DE JAZZ,jugement,"même nom, « ASS » abrégé"
MUSICIENS DE JAZZ,ASS DES MUSICIENS DE JAZZ,jugement,"même nom, « ASS » abrégé, exercice 2023 manquant comblé"
ASS DOCUMENT SUR GRAND ECRAN,ASS DOCUMENT SUR GRAND ECRAN,jugement,"même nom, DOCUMENT abrégé"
ASS DOCUMENTAIRE SUR GRAND ECRAN,ASS DOCUMENT SUR GRAND ECRAN,jugement,"même nom, DOCUMENT abrégé"
ASSOCIATION DOCUMENTAIRE SUR GRAND ECRAN,ASS DOCUMENT SUR GRAND ECRAN,jugement,ASS développé
DOCUMENTAIRE SUR GRAND ECRAN,ASS DOCUMENT SUR GRAND ECRAN,jugement,même nom sans ASS
ASS DU GENIE DE LA BASTILLE,ASS DU GENIE DE LA BASTILLE,jugement,même nom sans ASS
ASSOCIATION DU GENIE DE LA BASTILLE,ASS DU GENIE DE LA BASTILLE,jugement,ASS développé
GENIE DE LA BASTILLE,ASS DU GENIE DE LA BASTILLE,jugement,même nom sans ASS
ASS ECOLE DE TENNIS DU 12E,ASS ECOLE DE TENNIS DU 12E,jugement,"même nom, 12 vs 12E, ASS abrégé, années successives"
ASSOCIATION ECOLE DE TENNIS DU 12,ASS ECOLE DE TENNIS DU 12E,jugement,"même nom, 12 vs 12E, ASS abrégé, années successives"
ASSOCIATION ECOLE DE TENNIS DU 12E,ASS ECOLE DE TENNIS DU 12E,jugement,"même nom, ASS abrégé de ASSOCIATION"
ASS ECOLE SCHOOL FOR TODAY,ASS ECOLE SCHOOL FOR TODAY,jugement,« ASS » = « ASSOCIATION »
ASSOCIATION ECOLE SCHOOL FOR TODAY,ASS ECOLE SCHOOL FOR TODAY,jugement,« ASS » = « ASSOCIATION »
ECOLE SCHOOL FOR TODAY,ASS ECOLE SCHOOL FOR TODAY,jugement,"« ASS » devant, même nom"
ASS ENSEMBLE LES TALENS LYRIQUES,ASS ENSEMBLE LES TALENS LYRIQUES,jugement,"ASS = ASSOCIATION, même nom"
ASSOCIATION ENSEMBLE LES TALENS LYRIQUES,ASS ENSEMBLE LES TALENS LYRIQUES,jugement,ASS = ASSOCIATION
ASSOCIATION LES TALENS LYRIQUES,ASS ENSEMBLE LES TALENS LYRIQUES,jugement,"Même nom, sans « Ensemble », graphie avec guillemets"
ENSEMBLE LES TALENS LYRIQUES,ASS ENSEMBLE LES TALENS LYRIQUES,jugement,"ASS = ASSOCIATION, même nom"
ASS FAMA,ASS FAMA,jugement,ASS développé
ASSOCIATION FAMA,ASS FAMA,jugement,ASS développé
ASS FAMILIALE ND DE NAZARETH,ASS FAMILIALE ND DE NAZARETH,jugement,Abréviation ASS / ASSOCIATION.
ASSOCIATION FAMILIALE ND DE NAZARETH,ASS FAMILIALE ND DE NAZARETH,jugement,Abréviation ASS / ASSOCIATION.
ASS FAMILLE CATHOLIQUE,ASS FAMILLE CATHOLIQUE,jugement,abréviation ASS / ASSOCIATION
ASSOCIATION FAMILLE CATHOLIQUE,ASS FAMILLE CATHOLIQUE,jugement,abréviation ASS / ASSOCIATION
FAMILLE CATHOLIQUE,ASS FAMILLE CATHOLIQUE,jugement,"même nom, « ASSOCIATION » retiré"
ASS FLORIMONT,ASS FLORIMONT,jugement,"ASS/ASSOCIATION Florimont, exercices complémentaires"
ASSOCIATION FLORIMONT,ASS FLORIMONT,jugement,"ASS/ASSOCIATION Florimont, exercices complémentaires"
FLORIMONT,ASS FLORIMONT,jugement,"Même SIREN 419725601, « ASSOCIATION » en plus"
ASS FORMA AIDE REINSERT,ASS FORMA AIDE REINSERT,jugement,"Même nom, ASS abrégé."
ASSOCIATION FORMA AIDE REINSERT,ASS FORMA AIDE REINSERT,jugement,"Même nom, ASS abrégé."
FORMA AIDE REINSERT,ASS FORMA AIDE REINSERT,jugement,"Même nom, ASS abrégé."
ASS FRANCAISE ASTRONOMIE,ASS FRANCAISE ASTRONOMIE,jugement,"ASS = ASSOCIATION, même nom"
ASSOCIATION FRANCAISE ASTRONOMIE,ASS FRANCAISE ASTRONOMIE,jugement,"ASS = ASSOCIATION, même nom"
FRANCAISE ASTRONOMIE,ASS FRANCAISE ASTRONOMIE,jugement,"même nom sans ASS, exercices complémentaires"
ASS FRANCAISE CIRQUE DE DEMAIN,ASS FRANCAISE CIRQUE DE DEMAIN,jugement,"Même nom, ASS abrégé."
ASSOCIATION FRANCAISE CIRQUE DE DEMAIN,ASS FRANCAISE CIRQUE DE DEMAIN,jugement,"Même nom, ASS abrégé."
FRANCAISE CIRQUE DE DEMAIN,ASS FRANCAISE CIRQUE DE DEMAIN,jugement,"Même nom, ASS abrégé."
ASS FRANCE BENEVOLAT PARIS,ASS FRANCE BENEVOLAT PARIS,jugement,"Même nom, ASS/ASSOCIATION"
ASSOCIATION FRANCE BENEVOLAT PARIS,ASS FRANCE BENEVOLAT PARIS,jugement,"Même nom, ASS/ASSOCIATION"
FRANCE BENEVOLAT PARIS,ASS FRANCE BENEVOLAT PARIS,jugement,"Même nom, ASS devant ; SIREN sur l'autre graphie"
ASS GAN YAEL CRECHE JARDIN ENF,ASS GAN YAEL CRECHE JARDIN ENF,jugement,"Même crèche Gan Yael, sans ASS"
ASSOCIATION GAN YAEL CRECHE JARDIN ENF,ASS GAN YAEL CRECHE JARDIN ENF,jugement,"Même crèche Gan Yael, ASS développé"
GAN YAEL CRECHE JARDIN ENF,ASS GAN YAEL CRECHE JARDIN ENF,jugement,"Même crèche Gan Yael, sans ASS"
ASS GENERALE DES FAMILLES,ASS GENERALE DES FAMILLES,jugement,"même nom développé, exercices complémentaires sans chevauchement"
ASSOCIATION GENERALE DES FAMILLES,ASS GENERALE DES FAMILLES,jugement,"même nom développé, exercices complémentaires sans chevauchement"
ASS GEST CENTRE ANIMAT CULTUR,ASS GEST CENTRE ANIMAT CULTUR,jugement,"même nom, abréviations"
ASS GESTION CENTRE ANIMATION CULTUR,ASS GEST CENTRE ANIMAT CULTUR,jugement,"même nom, abréviations"
ASSOCIATION GESTION CENTRE ANIMATION CULTUR,ASS GEST CENTRE ANIMAT CULTUR,jugement,"même nom, ASS abrégé"
GEST CENTRE ANIMAT CULTUR,ASS GEST CENTRE ANIMAT CULTUR,jugement,même nom sans « ASS »
ASS HABITAT ET HUMANISME IDF,ASS HABITAT ET HUMANISME IDF,jugement,"même nom, ASS abrégé"
ASSOCIATION HABITAT ET HUMANISME IDF,ASS HABITAT ET HUMANISME IDF,jugement,"même nom, ASS abrégé"
ASS HISTOIRE ARCHEOLOGIE XXE ARR PA,ASS HISTOIRE ARCHEOLOGIE XXE ARR PARIS,troncature,nom coupé (« ASS HISTOIRE ARCHEOLOGIE XXE ARR PA ») au milieu d'un mot = début de la seule graphie « ASS HISTOIRE ARCHEOLOGIE XXE ARR PARIS »
ASS HISTOIRE ARCHEOLOGIE XXE ARR PARIS,ASS HISTOIRE ARCHEOLOGIE XXE ARR PARIS,troncature,nom coupé (« ASS HISTOIRE ARCHEOLOGIE XXE ARR PA ») au milieu d'un mot = début de la seule graphie « ASS HISTOIRE ARCHEOLOGIE XXE ARR PARIS »
ASS INCUBATEUR PARIS BIOTECH,ASS INCUBATEUR PARIS BIOTECH,jugement,« ASS » = « ASSOCIATION »
ASSOCIATION INCUBATEUR PARIS BIOTECH,ASS INCUBATEUR PARIS BIOTECH,jugement,« ASS » = « ASSOCIATION »
INCUBATEUR PARIS BIOTECH,ASS INCUBATEUR PARIS BIOTECH,jugement,"« ASS » devant, même nom"
ASS INITIAT RENC ET SOLID 10,ASS INITIAT RENC ET SOLID 10,jugement,même nom avec ou sans « ASS »
ASSOCIATION INITIAT RENC ET SOLID 10,ASS INITIAT RENC ET SOLID 10,jugement,"ASS/ASSOCIATION, exercices complémentaires"
INITIAT RENC ET SOLID 10,ASS INITIAT RENC ET SOLID 10,jugement,même nom avec ou sans « ASS »
ASS INNOVONS CONCERTAT SUR INTERNET,ASS INNOVONS CONCERTATION SUR INTER,jugement,"même nom, coupure à des endroits différents"
ASS INNOVONS CONCERTATION SUR INTER,ASS INNOVONS CONCERTATION SUR INTER,jugement,"même nom, coupure à des endroits différents"
ASS INSTITUT DU TOUT MONDE,ASS INSTITUT DU TOUT MONDE,jugement,"Même nom, « ASS » développé en « ASSOCIATION »."
ASSOCIATION INSTITUT DU TOUT MONDE,ASS INSTITUT DU TOUT MONDE,jugement,"Même nom, « ASS » développé en « ASSOCIATION »."
INSTITUT DU TOUTMONDE,ASS INSTITUT DU TOUT MONDE,jugement,"Institut du Tout-Monde, graphie collée ; même nom."
ASS INTERVALLE CAP DU WEEK END,ASS INTERVALLE CAP DU WEEK END,jugement,"même nom, WEEK END/WEEKEND"
ASSOCIATION INTERVALLE CAP DU WEEK END,ASS INTERVALLE CAP DU WEEK END,jugement,ASS développé
INTERVALLE CAP DU WEEKEND,ASS INTERVALLE CAP DU WEEK END,jugement,"même nom, WEEK END/WEEKEND"
ASS JEUNESSE DE ST VINCENT PAUL,ASS JEUNESSE DE ST VINCENT PAUL,jugement,"même nom, « ASS » abrégé, 2023 comblé"
ASSOCIATION JEUNESSE DE ST VINCENT PAUL,ASS JEUNESSE DE ST VINCENT PAUL,jugement,"même nom, « ASS » abrégé"
JEUNESSE DE ST VINCENT PAUL,ASS JEUNESSE DE ST VINCENT PAUL,jugement,"même nom, « ASS » abrégé, 2023 comblé"
ASS JOSEPHINE POUR BEAUTE FEMMES,ASS JOSEPHINE POUR BEAUTE FEMMES,jugement,ASS abrégé d'ASSOCIATION.
ASSOCIATION JOSEPHINE POUR BEAUTE FEMMES,ASS JOSEPHINE POUR BEAUTE FEMMES,jugement,ASS abrégé d'ASSOCIATION.
JOSEPHINE POUR BEAUTE FEMMES,ASS JOSEPHINE POUR BEAUTE FEMMES,jugement,"Même nom, « ASS » en plus."
ASS JUDO AMICALE PARIS XX,ASS JUDO AMICALE PARIS XX,jugement,"Même nom, préfixe ASS."
ASSOCIATION JUDO AMICALE PARIS XX,ASS JUDO AMICALE PARIS XX,jugement,"Même nom, ASS/ASSOCIATION."
JUDO AMICALE PARIS XX,ASS JUDO AMICALE PARIS XX,jugement,"Même nom, préfixe ASS."
ASS L ECLABOUSSEE,ASS L ECLABOUSSEE,jugement,même nom avec ASS/ASSOCIATION
ASSOCIATION L ECLABOUSSEE,ASS L ECLABOUSSEE,jugement,même nom avec ASS/ASSOCIATION
ASS LA COMPAGNIE DU SON DES RUES,ASS LA COMPAGNIE DU SON DES RUES,jugement,"même nom, « ASS » abrégé, SIREN cohérent"
ASSOCIATION LA COMPAGNIE DU SON DES RUES,ASS LA COMPAGNIE DU SON DES RUES,jugement,"même nom, « ASS » abrégé en « ASSOCIATION »"
COMPAGNIE DU SON DES RUES,ASS LA COMPAGNIE DU SON DES RUES,jugement,"même nom, « ASS » abrégé, SIREN cohérent"
ASS LA GENERALE NORD EST,ASS LA GENERALE NORD EST,jugement,"Même nom, ASS/ASSOCIATION."
ASSOCIATION LA GENERALE NORD EST,ASS LA GENERALE NORD EST,jugement,"Même nom, ASS/ASSOCIATION."
GENERALE NORD EST,ASS LA GENERALE NORD EST,jugement,"Même nom, « LA GENERALE NORD EST » cité dans les noms publiés."
ASS LA VOIE DES LIVRES,ASS LA VOIE DES LIVRES,jugement,"même nom, ASS/ASSOCIATION"
ASSOCIATION LA VOIE DES LIVRES,ASS LA VOIE DES LIVRES,jugement,"même nom, ASS/ASSOCIATION"
ASS LE DAUPHIN BLEU,ASS LE DAUPHIN BLEU,jugement,"même nom, « ASS » développé"
ASSOCIATION LE DAUPHIN BLEU,ASS LE DAUPHIN BLEU,jugement,"même nom, « ASS » développé"
DAUPHIN BLEU,ASS LE DAUPHIN BLEU,jugement,"même nom, SIREN sur l'un des libellés"
ASS LE PARC GEORGES BRASSENS,ASS LE PARC GEORGES BRASSENS,jugement,"même nom, LE/DU, exercices complémentaires"
ASSOCIATION DU PARC GEORGES BRASSENS,ASS LE PARC GEORGES BRASSENS,jugement,"même nom, LE/DU, exercices complémentaires"
AMIES DU MAGE,ASS LES AMIES DU MAGE,jugement,"même nom, ASS/LES"
ASS LES AMIES DU MAGE,ASS LES AMIES DU MAGE,jugement,"même nom, ASS/LES"
ASSOCIATION LES AMIES DU MAGE,ASS LES AMIES DU MAGE,jugement,"même nom, ASS/ASSOCIATION"
ASS LES CROCOS CRECHE PARENTAL,ASS LES CROCOS CRECHE PARENTAL,jugement,"Crocos crèche parental, ASS/LES."
ASSOCIATION LES CROCOS CRECHE PARENTAL,ASS LES CROCOS CRECHE PARENTAL,jugement,"Même nom, ASS/ASSOCIATION."
CROCOS CRECHE PARENTAL,ASS LES CROCOS CRECHE PARENTAL,jugement,"Crocos crèche parental, ASS/LES."
ASS LES TRANSMETTEURS,ASS LES TRANSMETTEURS,jugement,"« ASS » = « ASSOCIATION », même nom"
ASSOCIATION LES TRANSMETTEURS,ASS LES TRANSMETTEURS,jugement,"« ASS » = « ASSOCIATION », même nom"
ASS LOGEMENT JEUNES TRAVAILLEURS,ASS LOGEMENT JEUNES TRAVAILLEURS,jugement,"même intitulé, « ASS » abrégé"
ASSOCIATION LOGEMENT JEUNES TRAVAILLEURS,ASS LOGEMENT JEUNES TRAVAILLEURS,jugement,"même intitulé, « ASS » abrégé"
LOGEMENT JEUNES TRAVAILLEURS,ASS LOGEMENT JEUNES TRAVAILLEURS,jugement,"même intitulé sans « ASS », 2023 comble le trou de la série"
ASS MIEUX ETRE ET LE LOGEMENT DES ISOLES AMLI,ASS MIEUX ETRE ET LE LOGEMENT DES ISOLES AMLI,jugement,"même nom, abréviations et sigle AMLI"
ASS MIEUX ETRE LOGEMENT ISOLES,ASS MIEUX ETRE ET LE LOGEMENT DES ISOLES AMLI,jugement,"même nom, abréviations et sigle AMLI"
ASSOCIATION MIEUX ETRE LOGEMENT ISOLES,ASS MIEUX ETRE ET LE LOGEMENT DES ISOLES AMLI,jugement,"même nom, ASS abrégé"
ASS NAL PREVENTION ALCOOL ADDICTOLO,ASS NAT PREVENT ALCOOL ADDICT,jugement,"Graphies de l'Association nationale de prévention en alcoologie et addictologie, séries continues"
ASS NAT PREVENT ALCOOL ADDICT,ASS NAT PREVENT ALCOOL ADDICT,jugement,"Même nom avec « ASS » en moins (ANPAA), séries continues"
ASSOCIATION NAT PREVENT ALCOOL ADDICT,ASS NAT PREVENT ALCOOL ADDICT,jugement,"Même nom, « ASS » développé en « ASSOCIATION »"
NAT PREVENT ALCOOL ADDICT,ASS NAT PREVENT ALCOOL ADDICT,jugement,"Même nom avec « ASS » en moins (ANPAA), séries continues"
ASS PARENT ELEVE JARDIN ENFANT FR A,ASS PARENT ELEVE JARDIN ENFANT FR A,jugement,même nom sans « ASS »
ASSOCIATION PARENT ELEVE JARDIN ENFANT FR A,ASS PARENT ELEVE JARDIN ENFANT FR A,jugement,"même nom, « ASS » développé"
PARENT ELEVE JARDIN ENFANT FR A,ASS PARENT ELEVE JARDIN ENFANT FR A,jugement,même nom sans « ASS »
ASS PARIS AIDE AUX VICTIMES,ASS PARIS AIDE AUX VICTIMES,jugement,"« ASS » devant, même nom"
ASSOCIATION PARIS AIDE AUX VICTIMES,ASS PARIS AIDE AUX VICTIMES,jugement,« ASS » = « ASSOCIATION »
PARIS AIDE AUX VICTIMES,ASS PARIS AIDE AUX VICTIMES,jugement,"« ASS » devant, même nom"
ASS PARIS AMICALE CAMOU,ASS PARIS AMICALE CAMOU,jugement,"Même nom, ASS développé, années complémentaires."
ASSOCIATION PARIS AMICALE CAMOU,ASS PARIS AMICALE CAMOU,jugement,"Même nom, ASS développé, années complémentaires."
PARIS AMICALE CAMOU,ASS PARIS AMICALE CAMOU,jugement,"Même nom sans ASS, 2023 comble le trou entre 2022 et 2024."
ASS PARIS CULTURE 20EME,ASS PARIS CULTURE 20EME,jugement,"Même nom, « ASS » abrégé en « ASSOCIATION »"
ASSOCIATION PARIS CULTURE 20EME,ASS PARIS CULTURE 20EME,jugement,"Même nom, « ASS » abrégé en « ASSOCIATION »"
PARIS CULTURE 20EME,ASS PARIS CULTURE 20EME,jugement,"Même nom sans « ASS » ; SIREN présent côté b, exercices complémentaires"
ASS PARIS PROMO CONCO MEILL OUVRIER,ASS PARIS PROMO CONCO MEILL OUVRIER FR,jugement,"Même nom, FR pour Française."
ASS PARIS PROMO CONCO MEILL OUVRIER FR,ASS PARIS PROMO CONCO MEILL OUVRIER FR,jugement,"Même nom, FR pour Française."
ASS PARRAINS PAR MILLE,ASS PARRAINS PAR MILLE,jugement,"Même nom, préfixe ASS."
ASSOCIATION PARRAINS PAR MILLE,ASS PARRAINS PAR MILLE,jugement,"Même nom, ASS/ASSOCIATION."
PARRAINS PAR MILLE,ASS PARRAINS PAR MILLE,jugement,"Même nom, préfixe ASS."
ASS PETITE ENFANCE ET PARENTAL,ASS PETITE ENFANCE ET PARENTAL,jugement,"Même nom, ASS/ASSOCIATION"
ASSOCIATION PETITE ENFANCE ET PARENTAL,ASS PETITE ENFANCE ET PARENTAL,jugement,"Même nom, ASS/ASSOCIATION"
PETITE ENFANCE ET PARENTAL,ASS PETITE ENFANCE ET PARENTAL,jugement,"Même nom, ASS omis"
ASS PETITS OISEAUX PRODUCTION,ASS PETITS OISEAUX PRODUCTION,jugement,"Même association, « ASS » abrégé."
ASSOC PETITS OISEAUX PRODUCTION,ASS PETITS OISEAUX PRODUCTION,jugement,"Même association, « ASSOC » abrégé."
ASSOCIATION PETITS OISEAUX PRODUCTI,ASS PETITS OISEAUX PRODUCTION,troncature,nom coupé (« ASSOCIATION PETITS OISEAUX PRODUCTI ») au milieu d'un mot = début de la seule graphie « ASSOCIATION PETITS OISEAUX PRODUCTION »
ASSOCIATION PETITS OISEAUX PRODUCTION,ASS PETITS OISEAUX PRODUCTION,troncature,nom coupé (« ASSOCIATION PETITS OISEAUX PRODUCTI ») au milieu d'un mot = début de la seule graphie « ASSOCIATION PETITS OISEAUX PRODUCTION »
PETITS OISEAUX PRODUCTION,ASS PETITS OISEAUX PRODUCTION,jugement,"Même nom, « ASSOCIATION » en plus."
ASS POUR DEVELOPPE SANTE DES FEMME,ASS POUR DEVELOPPEMENT SANTE FEMMES,jugement,ASS = ASSOCIATION
ASS POUR DEVELOPPEMENT SANTE FEMMES,ASS POUR DEVELOPPEMENT SANTE FEMMES,jugement,abréviations du même nom
ASSOCIATION POUR DEVELOPPE SANTE DES FEMME,ASS POUR DEVELOPPEMENT SANTE FEMMES,jugement,ASS = ASSOCIATION
ASS POUR INSERTION DES JEUNES,ASS POUR INSERTION DES JEUNES,jugement,"Même libellé sans ASS, 2023 comble le trou entre 2020 et 2024."
ASSOCIATION POUR INSERTION DES JEUNES,ASS POUR INSERTION DES JEUNES,jugement,"Même libellé, ASS développé en ASSOCIATION, années complémentaires."
POUR INSERTION DES JEUNES,ASS POUR INSERTION DES JEUNES,jugement,"Même libellé sans ASS, 2023 comble le trou entre 2020 et 2024."
ASS PROM DEVEL CTRE RESS,ASS PROM DEVEL CTRE RESS,jugement,"Même intitulé abrégé, la seconde graphie plus longue."
ASS PROM DEVEL CTRE RESS EUR CLIN T,ASS PROM DEVEL CTRE RESS,jugement,"Même intitulé abrégé, la seconde graphie plus longue."
ASS PROM ET DEVELOP CENTRE RESS,ASS PROM DEVEL CTRE RESS,jugement,"Même intitulé, DEVELOP/CENTRE développés."
ASSOCIATION PROM DEVEL CTRE RESS,ASS PROM DEVEL CTRE RESS,jugement,"Même intitulé, ASS = ASSOCIATION."
ASSOCIATION PROM DEVEL CTRE RESS EUR CLIN T,ASS PROM DEVEL CTRE RESS,jugement,"ASS = ASSOCIATION, même nom."
PROM DEVEL CTRE RESS,ASS PROM DEVEL CTRE RESS,jugement,"Même intitulé abrégé, sans le préfixe."
ASS PSYCHOFORM,ASS PSYCHOFORM,jugement,"ASS = ASSOCIATION, même nom"
ASSOCIATION PSYCHOFORM,ASS PSYCHOFORM,jugement,"ASS = ASSOCIATION, même nom"
ASS PUC RUGBY,ASS PUC RUGBY,jugement,"PUC Rugby, préfixe ASS ; SIREN sur l'une des graphies."
ASSOCIATION PUC RUGBY,ASS PUC RUGBY,jugement,Même nom avec ASS/ASSOCIATION.
PUC RUGBY,ASS PUC RUGBY,jugement,"PUC Rugby, préfixe ASS ; SIREN sur l'une des graphies."
ASS QUARTIER DE SOLEIL,ASS QUARTIER DE SOLEIL,jugement,"même nom, ASS/ASSOCIATION"
ASSOCIATION QUARTIER DE SOLEIL,ASS QUARTIER DE SOLEIL,jugement,"même nom, ASS/ASSOCIATION"
QUARTIER DE SOLEIL,ASS QUARTIER DE SOLEIL,jugement,"même nom sans ASS, années complémentaires"
ASS REFLEXION ACTION PRISON ET JUS,ASS REFLEXION ACTION PRISON ET JUS,troncature,nom coupé (« ASS REFLEXION ACTION PRISON ET JUS ») au milieu d'un mot = début de la seule graphie « ASS REFLEXION ACTION PRISON ET JUST »
ASS REFLEXION ACTION PRISON ET JUST,ASS REFLEXION ACTION PRISON ET JUS,troncature,nom coupé (« ASS REFLEXION ACTION PRISON ET JUS ») au milieu d'un mot = début de la seule graphie « ASS REFLEXION ACTION PRISON ET JUST »
ASS REG ANCIENS RESISTANTS PARIS ID,ASS REG ANCIENS RESISTANTS PARIS ID,troncature,nom coupé (« ASS REG ANCIENS RESISTANTS PARIS ID ») au milieu d'un mot = début de la seule graphie « ASS REG ANCIENS RESISTANTS PARIS IDF »
ASS REG ANCIENS RESISTANTS PARIS IDF,ASS REG ANCIENS RESISTANTS PARIS ID,troncature,nom coupé (« ASS REG ANCIENS RESISTANTS PARIS ID ») au milieu d'un mot = début de la seule graphie « ASS REG ANCIENS RESISTANTS PARIS IDF »
ASS REGIE THEATRALE,ASS REGIE THEATRALE,jugement,"Même nom, « ASS » abrégé"
ASSOCIATION DE LA REGIE THEATRALE,ASS REGIE THEATRALE,normalisation,"mêmes mots une fois accents, ponctuation et articles retirés : « ASSOCIATION REGIE THEATRALE »"
ASSOCIATION REGIE THEATRALE,ASS REGIE THEATRALE,normalisation,"mêmes mots une fois accents, ponctuation et articles retirés : « ASSOCIATION REGIE THEATRALE »"
REGIE THEATRALE,ASS REGIE THEATRALE,jugement,"Même nom, « ASS » abrégé"
ASS SAFE,ASS SAFE,jugement,« ASS » = « ASSOCIATION »
ASSOCIATION SAFE,ASS SAFE,jugement,« ASS » = « ASSOCIATION »
ASS SAINT PLACIDE CHERCHE MIDI,ASS SAINT PLACIDE CHERCHE MIDI,jugement,"Même nom, ASS et tirets."
ASSOCIATION SAINT PLACIDE CHERCHE MIDI,ASS SAINT PLACIDE CHERCHE MIDI,jugement,"Même nom, ASS/ASSOCIATION."
SAINT PLACIDE CHERCHE MIDI,ASS SAINT PLACIDE CHERCHE MIDI,jugement,"Même nom, ASS et tirets."
ASS SCIENCE TECH ART RECHERCHE,ASS SCIENCE TECH ART RECHERCHE,jugement,"Même nom, ASS/ASSOCIATION"
ASSOCIATION SCIENCE TECH ART RECHERCHE,ASS SCIENCE TECH ART RECHERCHE,jugement,"Même nom, ASS/ASSOCIATION"
SCIENCE TECH ART RECHERCHE,ASS SCIENCE TECH ART RECHERCHE,jugement,"Même nom, préfixe ASS retiré"
ASS SOUTIEN DU THEATRE PRIVE,ASS SOUTIEN DU THEATRE PRIVE,jugement,"ASS = association, même nom"
ASSOCIATION SOUTIEN DU THEATRE PRIVE,ASS SOUTIEN DU THEATRE PRIVE,jugement,"ASS = association, même nom"
SOUTIEN DU THEATRE PRIVE,ASS SOUTIEN DU THEATRE PRIVE,jugement,"ASS = association, même nom"
ASS SPORT DANS LA VILLE,ASS SPORT DANS LA VILLE,jugement,"ASS = ASSOCIATION, même nom"
ASSOCIATION SPORT DANS LA VILLE,ASS SPORT DANS LA VILLE,jugement,"ASS = ASSOCIATION, même nom"
SPORT DANS LA VILLE,ASS SPORT DANS LA VILLE,jugement,"ASS = ASSOCIATION, même nom"
ASS SPORT LYC MET HOTEL JEAN DROUAN,ASS SPORT LYC MET HOTEL JEAN DROUAN,troncature,nom coupé (« ASS SPORT LYC MET HOTEL JEAN DROUAN ») au milieu d'un mot = début de la seule graphie « ASS SPORT LYC MET HOTEL JEAN DROUANT »
ASS SPORT LYC MET HOTEL JEAN DROUANT,ASS SPORT LYC MET HOTEL JEAN DROUAN,troncature,nom coupé (« ASS SPORT LYC MET HOTEL JEAN DROUAN ») au milieu d'un mot = début de la seule graphie « ASS SPORT LYC MET HOTEL JEAN DROUANT »
ASS SPORT SCOLAI COLL CAMILLE CLAUD,ASS SPORT SCOLAI COLL CAMILLE CLAUDEL,troncature,nom coupé (« ASS SPORT SCOLAI COLL CAMILLE-CLAUD ») au milieu d'un mot = début de la seule graphie « ASS SPORT SCOLAI COLL CAMILLE-CLAUDEL »
ASS SPORT SCOLAI COLL CAMILLE CLAUDEL,ASS SPORT SCOLAI COLL CAMILLE CLAUDEL,troncature,nom coupé (« ASS SPORT SCOLAI COLL CAMILLE-CLAUD ») au milieu d'un mot = début de la seule graphie « ASS SPORT SCOLAI COLL CAMILLE-CLAUDEL »
ASS SPORTIVE DU BON CONSEIL,ASS SPORTIVE DU BON CONSEIL,jugement,"même nom, « ASS » retiré"
ASSOCIATION SPORTIVE DU BON CONSEIL,ASS SPORTIVE DU BON CONSEIL,jugement,"même nom, ASS abrégé"
SPORTIVE DU BON CONSEIL,ASS SPORTIVE DU BON CONSEIL,jugement,"même nom, « ASS » retiré"
ASS SPORTIVE SCOLAIRE COLL JULES RO,ASS SPORTIVE SCOLAIRE COLL JULES ROMAI,troncature,nom coupé (« ASS SPORTIVE SCOLAIRE COLL JULES-RO ») au milieu d'un mot = début de la seule graphie « ASS SPORTIVE SCOLAIRE COLL JULES-ROMAI »
ASS SPORTIVE SCOLAIRE COLL JULES ROMAI,ASS SPORTIVE SCOLAIRE COLL JULES ROMAI,troncature,nom coupé (« ASS SPORTIVE SCOLAIRE COLL JULES-RO ») au milieu d'un mot = début de la seule graphie « ASS SPORTIVE SCOLAIRE COLL JULES-ROMAI »
ASS TOUT AUTRE CHOSE,ASS TOUT AUTRE CHOSE,jugement,ASS abrégé d'ASSOCIATION.
ASSOCIATION TOUT AUTRE CHOSE,ASS TOUT AUTRE CHOSE,jugement,ASS abrégé d'ASSOCIATION.
TOUT AUTRE CHOSE,ASS TOUT AUTRE CHOSE,jugement,ASS abrégé d'ASSOCIATION.
ASS UNE RADIO ETUDIANTE A PARIS,ASS UNE RADIO ETUDIANTE A PARIS,jugement,"même nom, ASS = association"
ASSOCIATION UNE RADIO ETUDIANTE A PARIS,ASS UNE RADIO ETUDIANTE A PARIS,jugement,ASS = ASSOCIATION
UNE RADIO ETUDIANTE A PARIS,ASS UNE RADIO ETUDIANTE A PARIS,jugement,"même nom, ASS = association"
ASS UNION SPORTIVE DE CHARONNE,ASS UNION SPORTIVE DE CHARONNE,jugement,ASS abrégé de ASSOCIATION
ASSOCIATION UNION SPORTIVE DE CHARONNE,ASS UNION SPORTIVE DE CHARONNE,jugement,ASS abrégé de ASSOCIATION
UNION SPORTIVE DE CHARONNE,ASS UNION SPORTIVE DE CHARONNE,jugement,"même nom, ASS retiré, SIREN présent sur l'une"
ASS VOTRE ECOLE CHEZ VOUS,ASS VOTRE ECOLE CHEZ VOUS,jugement,"« ASS » devant, même nom"
ASSOCIATION VOTRE ECOLE CHEZ VOUS,ASS VOTRE ECOLE CHEZ VOUS,jugement,« ASS » = « ASSOCIATION »
VOTRE ECOLE CHEZ VOUS,ASS VOTRE ECOLE CHEZ VOUS,jugement,"« ASS » devant, même nom"
ASSEM CITOYENNE ORIGINAIRES TURQUIE,ASSEM CITOYENNE ORIGINAIRES TURQUIE,jugement,"même nom, abréviation"
ASSEMBLEE CITOYENNE ORIGINAIRES TUR,ASSEM CITOYENNE ORIGINAIRES TURQUIE,jugement,"même nom, abréviation"
APHP,ASSIST PUBL HOPIT DE PARIS,jugement,APHP = sigle de l'Assistance publique – Hôpitaux de Paris
ASSIST PUBL HOPIT DE PARIS,ASSIST PUBL HOPIT DE PARIS,jugement,"AP-HP, abrégé"
ASSIST PUBLIQUE HOPITAUX DE PARIS,ASSIST PUBL HOPIT DE PARIS,jugement,"AP-HP, abrégé"
ASSIST PUBLIQUE HOPITAUX PARI,ASSIST PUBL HOPIT DE PARIS,jugement,"AP-HP, abrégé"
ASSISTANCE PUBLIQUE DES HOPITAUX DE PARIS,ASSIST PUBL HOPIT DE PARIS,normalisation,"mêmes mots une fois accents, ponctuation et articles retirés : « ASSISTANCE PUBLIQUE HOPITAUX PARIS »"
ASSISTANCE PUBLIQUE HOPITAUX DE PAR,ASSIST PUBL HOPIT DE PARIS,troncature,nom coupé (« ASSISTANCE PUBLIQUE HOPITAUX DE PAR ») au milieu d'un mot = début de la seule graphie « ASSISTANCE PUBLIQUE HOPITAUX DE PARIS »
ASSISTANCE PUBLIQUE HOPITAUX DE PARIS,ASSIST PUBL HOPIT DE PARIS,normalisation,"mêmes mots une fois accents, ponctuation et articles retirés : « ASSISTANCE PUBLIQUE HOPITAUX PARIS »"
ASSISTANCE SCOLAIRE,ASSISTANCE SCOLAIRE,jugement,"« Association d'assistance scolaire », nom tronqué versus complet."
ASSOCIATION D ASSISTANCE SCOLAIRE,ASSISTANCE SCOLAIRE,jugement,"« Association d'assistance scolaire », nom tronqué versus complet."
ACIDULES ET A CROQUER,ASSO ACIDULES ET A CROQUER,jugement,"Acidulés et à croquer, avec ou sans ASSO ; SIREN sur l'une."
ASSO ACIDULES ET A CROQUER,ASSO ACIDULES ET A CROQUER,jugement,"Acidulés et à croquer, avec ou sans ASSO ; SIREN sur l'une."
ASSOCIATION ACIDULES ET A CROQUER,ASSO ACIDULES ET A CROQUER,jugement,"Même nom, ASSO/ASSOCIATION."
AS COMMERCANTS OBERKAMPF PARMENTIER,ASSO COMMERCANTS OBERKAMPF PARMENTI,jugement,"Même nom, AS/ASSO et coupe de fin."
ASSO COMMERCANTS OBERKAMPF PARMENTI,ASSO COMMERCANTS OBERKAMPF PARMENTI,jugement,"Même nom, ASSO abrégé."
ASSOCIATION COMMERCANTS OBERKAMPF PARMENTI,ASSO COMMERCANTS OBERKAMPF PARMENTI,jugement,"Même nom, ASSO abrégé."
ASSO CTE DU 14E ARRONDIS FNACA ALGE,ASSO CTE DU 14E ARRONDIS FNACA ALGERIE,troncature,nom coupé (« ASSO CTE DU 14E ARRONDIS FNACA ALGE ») au milieu d'un mot = début de la seule graphie « ASSO CTE DU 14E ARRONDIS FNACA ALGERIE »
ASSO CTE DU 14E ARRONDIS FNACA ALGERIE,ASSO CTE DU 14E ARRONDIS FNACA ALGERIE,troncature,nom coupé (« ASSO CTE DU 14E ARRONDIS FNACA ALGE ») au milieu d'un mot = début de la seule graphie « ASSO CTE DU 14E ARRONDIS FNACA ALGERIE »
ASSO ENTR PUPILLE ANCIEN PUPILLE ET,ASSO ENTR PUPILLE ANCIEN PUPILLE ET,jugement,"même nom tronqué, préfixe ASSO en plus"
ASSOCIATION ENTR PUPILLE ANCIEN PUPILLE ET,ASSO ENTR PUPILLE ANCIEN PUPILLE ET,jugement,ASSO abrégé de ASSOCIATION
ENTR PUPILLE ANCIEN PUPILLE ET,ASSO ENTR PUPILLE ANCIEN PUPILLE ET,jugement,"même nom tronqué, préfixe ASSO en plus"
ASSO LE CHAINON MANQUANT,ASSO LE CHAINON MANQUANT,jugement,"Même nom, article LE en plus"
CHAINON MANQUANT,ASSO LE CHAINON MANQUANT,jugement,"Même nom, article LE en plus"
ASSO LOISIRS PLURIEL DE PARIS 6,ASSO LOISIRS PLURIEL DE PARIS 6,jugement,"nom tronqué à 35 caractères, Paris 6"
ASSOCIATION LOISIRS PLURIEL DE PARI,ASSO LOISIRS PLURIEL DE PARIS 6,troncature,nom coupé (« ASSOCIATION LOISIRS PLURIEL DE PARI ») au milieu d'un mot = début de la seule graphie « ASSOCIATION LOISIRS PLURIEL DE PARIS 6 »
ASSOCIATION LOISIRS PLURIEL DE PARIS 6,ASSO LOISIRS PLURIEL DE PARIS 6,troncature,nom coupé (« ASSOCIATION LOISIRS PLURIEL DE PARI ») au milieu d'un mot = début de la seule graphie « ASSOCIATION LOISIRS PLURIEL DE PARIS 6 »
LOISIRS PLURIEL DE PARIS 6,ASSO LOISIRS PLURIEL DE PARIS 6,jugement,"même nom, avec ou sans « 6 »"
ASSO MAISON 13 SOLIDAIRE,ASSO MAISON 13 SOLIDAIRE,jugement,"Même nom, « ASSO » développé en « ASSOCIATION »."
ASSOCIATION MAISON 13 SOLIDAIRE,ASSO MAISON 13 SOLIDAIRE,jugement,"Même nom, « ASSO » développé en « ASSOCIATION »."
MAISON 13 SOLIDAIRE,ASSO MAISON 13 SOLIDAIRE,jugement,"Même nom avec ou sans « ASSO » ; SIREN présent d'un seul côté, aucun conflit."
ASSO POUR LA GESTION D ESPACES,ASSO POUR LA GESTION D ESPACES,jugement,"ASSO / ASSOCIATION, même nom"
ASSOCIATION POUR LA GESTION D ESPACE,ASSO POUR LA GESTION D ESPACES,jugement,"Même nom, « ASSO » développé en « ASSOCIATION »."
ASSOCIATION POUR LA GESTION D ESPACES,ASSO POUR LA GESTION D ESPACES,jugement,"ASSO / ASSOCIATION, même nom"
ASSO PRIMO LEVI,ASSO PRIMO LEVI,jugement,ASSO = ASSOCIATION
ASSOCIATION PRIMO LEVI,ASSO PRIMO LEVI,jugement,ASSO = ASSOCIATION
PRIMO LEVI,ASSO PRIMO LEVI,jugement,"même association Primo Levi, années complémentaires"
ASSO SANTE CHARONNE,ASSO SANTE CHARONNE,jugement,"Même nom, ASSO abrégé."
ASSOCIATION SANTE CHARONNE,ASSO SANTE CHARONNE,jugement,"Même nom, ASSO abrégé."
SANTE CHARONNE,ASSO SANTE CHARONNE,jugement,Même nom sans le mot association.
ASSO SPORTIVE DUMAS VOLTAIRE,ASSO SPORTIVE DUMAS VOLTAIRE,jugement,"même nom, ASSO/ASSOCIATION"
ASSOCIATION SPORTIVE DUMAS VOLTAIRE,ASSO SPORTIVE DUMAS VOLTAIRE,jugement,"même nom, ASSO/ASSOCIATION"
ASSO WE LOVE GREEN,ASSO WE LOVE GREEN,jugement,"« ASSO » = « ASSOCIATION », même nom"
ASSOCIATION WE LOVE GREEN,ASSO WE LOVE GREEN,jugement,"« ASSO » = « ASSOCIATION », même nom"
WE LOVE GREEN,ASSO WE LOVE GREEN,jugement,"même nom avec/sans « ASSO », SIREN sur l'un"
ASSOC ASTREE,ASSOC ASTREE,jugement,"Même nom, ASSOC abrégé."
ASSOCIATION ASTREE,ASSOC ASTREE,jugement,"Même nom, ASSOC abrégé."
ASTREE,ASSOC ASTREE,jugement,"Même nom sans le mot association, sans élément contraire."
ASSOC CENTRE ALPHA CHOISY,ASSOC CENTRE ALPHA CHOISY,jugement,"« ASSOC » devant, même nom"
ASSOCIATION CENTRE ALPHA CHOISY,ASSOC CENTRE ALPHA CHOISY,jugement,« ASSOC » = « ASSOCIATION »
CENTRE ALPHA CHOISY,ASSOC CENTRE ALPHA CHOISY,jugement,"« ASSOC » devant, même nom"
ASSOC DES COMMERCANT DE LA RUE BREZ,ASSOC DES COMMERCANT DE LA RUE BREZIN,troncature,nom coupé (« ASSOC DES COMMERCANT DE LA RUE BREZ ») au milieu d'un mot = début de la seule graphie « ASSOC DES COMMERCANT DE LA RUE BREZIN »
ASSOC DES COMMERCANT DE LA RUE BREZIN,ASSOC DES COMMERCANT DE LA RUE BREZIN,troncature,nom coupé (« ASSOC DES COMMERCANT DE LA RUE BREZ ») au milieu d'un mot = début de la seule graphie « ASSOC DES COMMERCANT DE LA RUE BREZIN »
ASSOC DU QUARTIER SAINT BERNARD,ASSOC DU QUARTIER SAINT BERNARD,jugement,"Même nom, mot ASSOC initial absent."
ASSOCIATION DU QUARTIER SAINT BERNARD,ASSOC DU QUARTIER SAINT BERNARD,jugement,"Même nom, ASSOC abrégé."
QUARTIER SAINT BERNARD,ASSOC DU QUARTIER SAINT BERNARD,jugement,"Même nom, mot ASSOC initial absent."
QUARTIER SAINT BERNARD QSB 11,ASSOC DU QUARTIER SAINT BERNARD,jugement,"QSB 11 = Quartier Saint-Bernard, même graphie et exercice 2020 à 0."
ASSOC FAMILLES VICTIMES DU SATURNIS,ASSOC FAMILLES VICTIMES DU SATURNISME AFVS,troncature,nom coupé (« ASSOC FAMILLES VICTIMES DU SATURNIS ») au milieu d'un mot = début de la seule graphie « ASSOC FAMILLES VICTIMES DU SATURNISME (AFVS) »
ASSOC FAMILLES VICTIMES DU SATURNISME AFVS,ASSOC FAMILLES VICTIMES DU SATURNISME AFVS,troncature,nom coupé (« ASSOC FAMILLES VICTIMES DU SATURNIS ») au milieu d'un mot = début de la seule graphie « ASSOC FAMILLES VICTIMES DU SATURNISME (AFVS) »
ASSOC FONDATION INTERNET NOUVEL G,ASSOC FONDATION INTERNET NOUVEL GE,troncature,nom coupé (« ASSOC FONDATION INTERNET NOUVEL. G ») au milieu d'un mot = début de la seule graphie « ASSOC FONDATION INTERNET NOUVEL. GE »
ASSOC FONDATION INTERNET NOUVEL GE,ASSOC FONDATION INTERNET NOUVEL GE,troncature,nom coupé (« ASSOC FONDATION INTERNET NOUVEL. G ») au milieu d'un mot = début de la seule graphie « ASSOC FONDATION INTERNET NOUVEL. GE »
ASSOC GLAZ ART,ASSOC GLAZ ART,jugement,"Même nom, graphie ASSOC/ASSOCIATION, années complémentaires."
ASSOCIATION GLAZ ART,ASSOC GLAZ ART,jugement,"Même nom, graphie ASSOC/ASSOCIATION, années complémentaires."
GLAZ ART,ASSOC GLAZ ART,jugement,"Même nom (Glaz'Art), années complémentaires, un seul SIREN connu."
ASSOC JEAN COTXET,ASSOC JEAN COTXET,jugement,"même nom, ASSOC abrégé ; SIREN sur l'une"
ASSOCIATION JEAN COTXET,ASSOC JEAN COTXET,jugement,"même nom, ASSOC abrégé ; SIREN sur l'une"
JEAN COTXET,ASSOC JEAN COTXET,jugement,même nom sans « ASSOCIATION »
ASSOC L IMPOSSIBLE,ASSOC L IMPOSSIBLE,jugement,"Même nom, ASSOC/ASSOCIATION"
ASSOCIATION L IMPOSSIBLE,ASSOC L IMPOSSIBLE,jugement,"Même nom, ASSOC/ASSOCIATION"
ASSOC LA PORTE ENTR OUVERTE,ASSOC LA PORTE ENTR OUVERTE,jugement,"même association, avec ou sans « Assoc »"
ASSOCIATION LA PORTE ENTR OUVERTE,ASSOC LA PORTE ENTR OUVERTE,jugement,"même nom, « ASSOC » abrégé"
PORTE ENTR OUVERTE,ASSOC LA PORTE ENTR OUVERTE,jugement,"même association, avec ou sans « Assoc »"
ASSOC OEUVRES DES OTAGES,ASSOC OEUVRES DES OTAGES,jugement,ASSOC = ASSOCIATION
ASSOCIATION OEUVRES DES OTAGES,ASSOC OEUVRES DES OTAGES,jugement,ASSOC = ASSOCIATION
OEUVRES DES OTAGES,ASSOC OEUVRES DES OTAGES,jugement,ASSOC = ASSOCIATION
ASSOC PREVENTION SITE VILLETTE,ASSOC PREVENTION SITE VILLETTE,jugement,"ASSOC/ASSOCIATION, exercices complémentaires"
ASSOCIATION PREVENTION SITE VILLETTE,ASSOC PREVENTION SITE VILLETTE,jugement,"ASSOC/ASSOCIATION, exercices complémentaires"
PREVENTION SITE VILLETTE,ASSOC PREVENTION SITE VILLETTE,jugement,même nom sans « ASSOC »
ASSOC RUNGIS BRILLAT PEUPLIERS,ASSOC RUNGIS BRILLAT PEUPLIERS,jugement,Abréviation ASSOC / ASSOCIATION.
ASSOCIATION RUNGIS BRILLAT PEUPLIERS,ASSOC RUNGIS BRILLAT PEUPLIERS,jugement,Abréviation ASSOC / ASSOCIATION.
RUNGIS BRILLAT PEUPLIERS,ASSOC RUNGIS BRILLAT PEUPLIERS,jugement,"Même nom avec ou sans « ASSOC » devant, exercices complémentaires."
ASSOCE,ASSOCE,normalisation,"mêmes mots une fois accents, ponctuation et articles retirés : « ASSOCE »"
L ASSOCE,ASSOCE,normalisation,"mêmes mots une fois accents, ponctuation et articles retirés : « ASSOCE »"
ASSOCIA ANIMATION MATHEMATIQUE,ASSOCIA ANIMATION MATHEMATIQUE,jugement,"Même nom, « ASSOCIA » est une coupe d'« ASSOCIATION »."
ASSOCIATION ANIMATION MATHEMATIQUE,ASSOCIA ANIMATION MATHEMATIQUE,jugement,"Même nom, « ASSOCIA » est une coupe d'« ASSOCIATION »."
ASSOCIAION SPORTIVE COLBERT,ASSOCIAION SPORTIVE COLBERT,jugement,"Faute de frappe, même SIREN."
ASSOCIATION SPORTIVE COLBERT,ASSOCIAION SPORTIVE COLBERT,jugement,"Faute de frappe, même SIREN."
1000 COLLECTES,ASSOCIATION 1000 COLLECTES,jugement,"même nom, « Association » en tête"
ASSOCIATION 1000 COLLECTES,ASSOCIATION 1000 COLLECTES,jugement,"même nom, « Association » en tête"
ASSOCIATION ACCORDERIE,ASSOCIATION ACCORDERIE,normalisation,"mêmes mots une fois accents, ponctuation et articles retirés : « ASSOCIATION ACCORDERIE »"
ASSOCIATION ACCORDERIE DE,ASSOCIATION ACCORDERIE,normalisation,"mêmes mots une fois accents, ponctuation et articles retirés : « ASSOCIATION ACCORDERIE »"
ACCORDERIE PARIS 18,ASSOCIATION ACCORDERIE PARIS 18,jugement,"même nom, SIREN présent"
ASSOCIATION ACCORDERIE PARIS 18,ASSOCIATION ACCORDERIE PARIS 18,jugement,"même nom, SIREN présent"
AFRIQUE AVENIR,ASSOCIATION AFRIQUE AVENIR,jugement,"Même nom, « Association » devant ; SIREN sur l'une des graphies"
ASSOCIATION AFRIQUE AVENIR,ASSOCIATION AFRIQUE AVENIR,jugement,"Même nom, « Association » devant ; SIREN sur l'une des graphies"
ASS AGENCE PROMOTION CREATION INDUS,ASSOCIATION AGENCE PROMOTION CREATION INDUS,jugement,"ASS = ASSOCIATION, même nom"
ASSOCIATION AGENCE PROMOTION CREATION INDUS,ASSOCIATION AGENCE PROMOTION CREATION INDUS,jugement,"ASS = ASSOCIATION, même nom"
ARDHIS,ASSOCIATION ARDHIS,jugement,même nom avec ou sans « ASSOCIATION »
ASSOCIATION ARDHIS,ASSOCIATION ARDHIS,jugement,même nom avec ou sans « ASSOCIATION »
ARTHUR ET MARINE,ASSOCIATION ARTHUR ET MARINE,jugement,"Même nom, avec ou sans ASSOCIATION, SIREN sur l'une."
ASSOCIATION ARTHUR ET MARINE,ASSOCIATION ARTHUR ET MARINE,jugement,"Même nom, avec ou sans ASSOCIATION, SIREN sur l'une."
AS ARTISTE ET ARTISAN D ART DU XI,ASSOCIATION ARTISTES ARTISANS D ART XI,jugement,"Association des artistes et artisans d'art du XIe (sigle 4A), graphie abrégée ; 2023 puis 2024 en continuité."
ASOC ARTISTES ARTISANS D ART XI 4A,ASSOCIATION ARTISTES ARTISANS D ART XI,jugement,"Association des artistes et artisans d'art du XIe (sigle 4A), graphie abrégée ; 2023 puis 2024 en continuité."
ASSOCIATION ARTISTES ARTISANS D ART XI,ASSOCIATION ARTISTES ARTISANS D ART XI,jugement,"Même nom, « ASSOCIATION » développé ; 2021 comble le trou entre 2020 et 2022."
ASSOCIATION AU FIL DE L EAU,ASSOCIATION AU FIL DE L EAU,siren,"même SIREN 538512070 (dossiers votés), noms proches"
AU FIL DE L EAU,ASSOCIATION AU FIL DE L EAU,siren,"même SIREN 538512070 (dossiers votés), noms proches"
ASSO AU SERV DES AUTISTES ET LA PED,ASSOCIATION AU SERV DES AUTISTES ET LA PED,jugement,"ASSO / ASSOCIATION, même nom tronqué"
ASSOCIATION AU SERV DES AUTISTES ET LA PED,ASSOCIATION AU SERV DES AUTISTES ET LA PED,jugement,"ASSO / ASSOCIATION, même nom tronqué"
ASSOCIATION AURORE,ASSOCIATION AURORE,jugement,"Association Aurore, graphie courte"
AURORE,ASSOCIATION AURORE,jugement,"Association Aurore, graphie courte"
ASSOCIATION BAGAGERIE 20,ASSOCIATION BAGAGERIE 20,jugement,"Même nom, « ASSOCIATION » en plus."
BAGAGERIE 20,ASSOCIATION BAGAGERIE 20,jugement,"Même nom, « ASSOCIATION » en plus."
ASSOCIATION BELLEVILLE CITOYENNE,ASSOCIATION BELLEVILLE CITOYENNE,siren,"même SIREN 534870563 (dossiers votés), noms proches"
BELLEVILLE CITOYENNE,ASSOCIATION BELLEVILLE CITOYENNE,siren,"même SIREN 534870563 (dossiers votés), noms proches"
ASSOCIATION CAIREP,ASSOCIATION CAIREP,jugement,même nom avec ou sans « ASSOCIATION »
CAIREP,ASSOCIATION CAIREP,jugement,même nom avec ou sans « ASSOCIATION »
ASSOCIATION CENTRE MANDAPA,ASSOCIATION CENTRE MANDAPA,siren,"même SIREN 510315658 (dossiers votés), noms proches"
CENTRE MANDAPA,ASSOCIATION CENTRE MANDAPA,siren,"même SIREN 510315658 (dossiers votés), noms proches"
ASSOCIATION CERCLE DU CHEVALIER D A,ASSOCIATION CERCLE DU CHEVALIER D ASSAS,troncature,nom coupé (« ASSOCIATION CERCLE DU CHEVALIER D'A ») au milieu d'un mot = début de la seule graphie « ASSOCIATION CERCLE DU CHEVALIER D'ASSAS »
ASSOCIATION CERCLE DU CHEVALIER D ASSAS,ASSOCIATION CERCLE DU CHEVALIER D ASSAS,troncature,nom coupé (« ASSOCIATION CERCLE DU CHEVALIER D'A ») au milieu d'un mot = début de la seule graphie « ASSOCIATION CERCLE DU CHEVALIER D'ASSAS »
ASS CHOMEURS ET PRECAIRES DE PARIS,ASSOCIATION CHOMEURS ET PRECAIRES DE PARIS,jugement,"Même nom, ASS abrégé"
ASSOCIATION CHOMEURS ET PRECAIRES DE PARIS,ASSOCIATION CHOMEURS ET PRECAIRES DE PARIS,jugement,"Même nom, ASS abrégé"
ASSOCIATION CINE ARCHIVES,ASSOCIATION CINE ARCHIVES,jugement,"même nom, « ASSOCIATION » devant"
CINE ARCHIVES,ASSOCIATION CINE ARCHIVES,jugement,"même nom, « ASSOCIATION » devant"
ASSOCIATION COEUR DU CINQ,ASSOCIATION COEUR DU CINQ,jugement,"même nom sans « Association », SIREN sur un exercice, années complémentaires"
COEUR DU CINQ,ASSOCIATION COEUR DU CINQ,jugement,"même nom sans « Association », SIREN sur un exercice, années complémentaires"
ASSOC COMMERCANT RUE COMMERCE ET AD,ASSOCIATION COMMERCANT RUE COMMERCE ET ADJA,jugement,"même nom tronqué, ASSOC abrégé"
ASSOCIATION COMMERCANT RUE COMMERCE ET ADJA,ASSOCIATION COMMERCANT RUE COMMERCE ET ADJA,jugement,"même nom tronqué, ASSOC abrégé"
AS COMMERCANTS DU QUARTIER ORDENER,ASSOCIATION COMMERCANTS QUARTIER ORDENER,jugement,Même association de commerçants du quartier Ordener.
ASS COMMERCANTS QUARTIER ORDENER,ASSOCIATION COMMERCANTS QUARTIER ORDENER,jugement,"Même association de commerçants, « ASS » développé."
ASSOCIATION COMMERCANTS QUARTIER ORDENER,ASSOCIATION COMMERCANTS QUARTIER ORDENER,jugement,"Même association de commerçants, « ASS » développé."
ASS COMMERCANTS VAUGIRARD CONVENTIO,ASSOCIATION COMMERCANTS VAUGIRARD CONVENTIO,jugement,"Même nom, ASS abrégé."
ASSOCIATION COMMERCANTS VAUGIRARD CONVENTIO,ASSOCIATION COMMERCANTS VAUGIRARD CONVENTIO,jugement,"Même nom, ASS abrégé."
AS DES COMMERCANTS VILLAGE AUTEUIL,ASSOCIATION COMMERCANTS VILLAGE D AUTEUIL,jugement,variante abrégée de la même association de commerçants
ASS COMMERCANTS VILLAGE D AUTEUIL,ASSOCIATION COMMERCANTS VILLAGE D AUTEUIL,jugement,abréviation ASS / ASSOCIATION
ASSOCIATION COMMERCANTS VILLAGE D AUTEUIL,ASSOCIATION COMMERCANTS VILLAGE D AUTEUIL,jugement,abréviation ASS / ASSOCIATION
ASSOCIATION COMPAGNIE CAMBALACHE,ASSOCIATION COMPAGNIE CAMBALACHE,jugement,"Même nom, « ASSOCIATION » en plus."
COMPAGNIE CAMBALACHE,ASSOCIATION COMPAGNIE CAMBALACHE,jugement,"Même nom, « ASSOCIATION » en plus."
ASSOCIATION CONCERTS PASDELOUP,ASSOCIATION CONCERTS PASDELOUP,jugement,"Concerts Pasdeloup, avec ou sans ASSOCIATION."
CONCERTS PASDELOUP,ASSOCIATION CONCERTS PASDELOUP,jugement,"Concerts Pasdeloup, avec ou sans ASSOCIATION."
ASS CONTRE VIOLENCES FAITE FEMME TR,ASSOCIATION CONTRE VIOLENCES FAITE FEMME TR,jugement,ASS développé en ASSOCIATION
ASSOCIATION CONTRE VIOLENCES FAITE FEMME TR,ASSOCIATION CONTRE VIOLENCES FAITE FEMME TR,jugement,ASS développé en ASSOCIATION
ASSOCIATION COUP D MAIN,ASSOCIATION COUP DE MAIN,normalisation,"mêmes mots une fois accents, ponctuation et articles retirés : « ASSOCIATION COUP MAIN »"
ASSOCIATION COUP DE MAIN,ASSOCIATION COUP DE MAIN,normalisation,"mêmes mots une fois accents, ponctuation et articles retirés : « ASSOCIATION COUP MAIN »"
COUP DE MAIN,ASSOCIATION COUP DE MAIN,jugement,"même nom, SIREN sur l'un des libellés"
ASSOCIATION CRECHE AVENIR,ASSOCIATION CRECHE AVENIR,jugement,"Crèche Avenir, avec ou sans ASSOCIATION."
CRECHE AVENIR,ASSOCIATION CRECHE AVENIR,jugement,"Crèche Avenir, avec ou sans ASSOCIATION."
ASSOCIATION CULTURE HOPITAL,ASSOCIATION CULTURE HOPITAL,jugement,"Même nom, « ASSOCIATION » en plus"
CULTURE HOPITAL,ASSOCIATION CULTURE HOPITAL,jugement,"Même nom, « ASSOCIATION » en plus"
ASS CULTURES SUR COUR,ASSOCIATION CULTURES SUR COUR,jugement,"Même nom, ASS abrégé."
ASSOCIATION CULTURES SUR COUR,ASSOCIATION CULTURES SUR COUR,jugement,"Même nom, ASS abrégé."
ASSOCIATION DAUPHIN SUBAQUATIQUE CLUB,ASSOCIATION DAUPHIN SUBAQUATIQUE CLUB,jugement,"Même club, sigle DSC ajouté."
ASSOCIATION DAUPHIN SUBAQUATIQUE CLUB DSC,ASSOCIATION DAUPHIN SUBAQUATIQUE CLUB,jugement,"Même club, sigle DSC ajouté."
ASSOCIATION DE COOPERATION POUR,ASSOCIATION DE COOPERATION POUR,normalisation,"mêmes mots une fois accents, ponctuation et articles retirés : « ASSOCIATION COOPERATION POUR »"
L ASSOCIATION DE COOPERATION POUR,ASSOCIATION DE COOPERATION POUR,normalisation,"mêmes mots une fois accents, ponctuation et articles retirés : « ASSOCIATION COOPERATION POUR »"
ASSOCIATION DE LA FOLIE TITON,ASSOCIATION DE LA FOLIE TITON,normalisation,"mêmes mots une fois accents, ponctuation et articles retirés : « ASSOCIATION FOLIE TITON »"
ASSOCIATION LA FOLIE TITON,ASSOCIATION DE LA FOLIE TITON,normalisation,"mêmes mots une fois accents, ponctuation et articles retirés : « ASSOCIATION FOLIE TITON »"
ASS FONDATION ETUDIANTE POUR LA VIL,ASSOCIATION DE LA FONDATION ETUDIANTE POUR LA VILLE,jugement,"même nom avec ou sans « ASS », exercices complémentaires"
ASSOCIATION DE LA FONDATION ETUDIANTE POUR LA VILLE,ASSOCIATION DE LA FONDATION ETUDIANTE POUR LA VILLE,jugement,"même fondation, graphie développée"
ASSOCIATION FONDATION ETUDIANTE POUR LA VIL,ASSOCIATION DE LA FONDATION ETUDIANTE POUR LA VILLE,jugement,"même nom avec ASS/ASSOCIATION, exercices complémentaires"
FONDATION ETUDIANTE POUR LA VIL,ASSOCIATION DE LA FONDATION ETUDIANTE POUR LA VILLE,jugement,"même nom avec ou sans « ASS », exercices complémentaires"
ASSOCIATION COMMERCANTS,ASSOCIATION DES COMMERCANTS,normalisation,"mêmes mots une fois accents, ponctuation et articles retirés : « ASSOCIATION COMMERCANTS »"
ASSOCIATION DES COMMERCANTS,ASSOCIATION DES COMMERCANTS,normalisation,"mêmes mots une fois accents, ponctuation et articles retirés : « ASSOCIATION COMMERCANTS »"
ASSOCIATION DES COMMERCANTS DE L AVENUE SEC,ASSOCIATION DES COMMERCANTS DE L AVENUE SECRETAN,troncature,nom coupé (« ASSOCIATION DES COMMERCANTS DE L'AVENUE SEC ») au milieu d'un mot = début de la seule graphie « ASSOCIATION DES COMMERCANTS DE L'AVENUE SECRETAN »
ASSOCIATION DES COMMERCANTS DE L AVENUE SECRETAN,ASSOCIATION DES COMMERCANTS DE L AVENUE SECRETAN,troncature,nom coupé (« ASSOCIATION DES COMMERCANTS DE L'AVENUE SEC ») au milieu d'un mot = début de la seule graphie « ASSOCIATION DES COMMERCANTS DE L'AVENUE SECRETAN »
ASSOCIATION DES COMMERCANTS DU FUTU,ASSOCIATION DES COMMERCANTS DU FUTU,troncature,nom coupé (« ASSOCIATION DES COMMERCANTS DU FUTU ») au milieu d'un mot = début de la seule graphie « ASSOCIATION DES COMMERCANTS DU FUTUR »
ASSOCIATION DES COMMERCANTS DU FUTUR,ASSOCIATION DES COMMERCANTS DU FUTU,troncature,nom coupé (« ASSOCIATION DES COMMERCANTS DU FUTU ») au milieu d'un mot = début de la seule graphie « ASSOCIATION DES COMMERCANTS DU FUTUR »
ASSOCIATION DES COMMERCANTS ET ARTISANS OLI,ASSOCIATION DES COMMERCANTS ET ARTISANS OLIVIER DE SERRES MORILLONS,troncature,nom coupé (« ASSOCIATION DES COMMERCANTS ET ARTISANS OLI ») au milieu d'un mot = début de la seule graphie « ASSOCIATION DES COMMERCANTS ET ARTISANS OLIVIER DE SERRES MORILLONS »
ASSOCIATION DES COMMERCANTS ET ARTISANS OLIVIER DE SERRES MORILLONS,ASSOCIATION DES COMMERCANTS ET ARTISANS OLIVIER DE SERRES MORILLONS,troncature,nom coupé (« ASSOCIATION DES COMMERCANTS ET ARTISANS OLI ») au milieu d'un mot = début de la seule graphie « ASSOCIATION DES COMMERCANTS ET ARTISANS OLIVIER DE SERRES MORILLONS »
ASSOCIATION DES COMMERCANTS ET RIVE,ASSOCIATION DES COMMERCANTS ET RIVERAINS,troncature,nom coupé (« ASSOCIATION DES COMMERCANTS ET RIVE ») au milieu d'un mot = début de la seule graphie « ASSOCIATION DES COMMERCANTS ET RIVERAINS »
ASSOCIATION DES COMMERCANTS ET RIVERAINS,ASSOCIATION DES COMMERCANTS ET RIVERAINS,troncature,nom coupé (« ASSOCIATION DES COMMERCANTS ET RIVE ») au milieu d'un mot = début de la seule graphie « ASSOCIATION DES COMMERCANTS ET RIVERAINS »
ASSO ORGANI SYNDI LA BOURSE PARIS,ASSOCIATION DES ORGANISATIONS SYNDICALES DE LA BOURSE DU TRAVAIL DE PARIS,jugement,Forme abrégée de l'Association des organisations syndicales de la Bourse du Travail de Paris
ASSOCIATION DES ORGANISATIONS SYNDICALES DE LA BOURSE DU TRAVAIL DE,ASSOCIATION DES ORGANISATIONS SYNDICALES DE LA BOURSE DU TRAVAIL DE PARIS,jugement,"Même association, nom coupé à 35 caractères"
ASSOCIATION DES ORGANISATIONS SYNDICALES DE LA BOURSE DU TRAVAIL DE PARIS,ASSOCIATION DES ORGANISATIONS SYNDICALES DE LA BOURSE DU TRAVAIL DE PARIS,jugement,Forme abrégée de l'Association des organisations syndicales de la Bourse du Travail de Paris
ASSOCIATION ORGANI SYNDI LA BOURSE PARIS,ASSOCIATION DES ORGANISATIONS SYNDICALES DE LA BOURSE DU TRAVAIL DE PARIS,jugement,"Même nom, « ASSO » abrégé en « ASSOCIATION »"
ASS DES PARALYSES DE FRANCE APF,ASSOCIATION DES PARALYSES DE FRANCE APF,jugement,"Même nom, ASS abrégé."
ASSOCIATION DES PARALYSES DE FRANCE APF,ASSOCIATION DES PARALYSES DE FRANCE APF,jugement,"Même nom, ASS abrégé."
ASSOCIATION DES PLAISANCIERS,ASSOCIATION DES PLAISANCIERS,jugement,"même SIREN, article ajouté"
PLAISANCIERS,ASSOCIATION DES PLAISANCIERS,jugement,"même SIREN, article ajouté"
ASSOCIATION DES THEATRES DE LA CARTOUCHERIE,ASSOCIATION DES THEATRES DE LA CARTOUCHERIE,jugement,"Mêmes théâtres de la Cartoucherie, préfixe différent."
THEATRES DE LA CARTOUCHERIE,ASSOCIATION DES THEATRES DE LA CARTOUCHERIE,jugement,"Mêmes théâtres de la Cartoucherie, préfixe différent."
ASSOCIATION DOUBLE FACE,ASSOCIATION DOUBLE FACE,jugement,"Même nom, « Association » devant ; SIREN sur l'une des graphies"
DOUBLE FACE,ASSOCIATION DOUBLE FACE,jugement,"Même nom, « Association » devant ; SIREN sur l'une des graphies"
ASSOCIATION DROITS ET HABITATS,ASSOCIATION DROITS ET HABITATS,jugement,même nom avec ou sans ASSOCIATION
DROITS ET HABITATS,ASSOCIATION DROITS ET HABITATS,jugement,même nom avec ou sans ASSOCIATION
ASSOCIATION DUMAS REUNION,ASSOCIATION DUMAS REUNION,jugement,"même nom, ASSOCIATION retiré, SIREN présent sur l'une"
DUMAS REUNION,ASSOCIATION DUMAS REUNION,jugement,"même nom, ASSOCIATION retiré, SIREN présent sur l'une"
ASSOCIATION DYNAMO,ASSOCIATION DYNAMO,jugement,"même nom sans « ASSOCIATION », comble 2023 avec un montant similaire"
DYNAMO,ASSOCIATION DYNAMO,jugement,"même nom sans « ASSOCIATION », comble 2023 avec un montant similaire"
ASSOCIATION ECOLE A L HOPITAL,ASSOCIATION ECOLE A L HOPITAL,jugement,"Même nom, « Association » devant"
ECOLE A L HOPITAL,ASSOCIATION ECOLE A L HOPITAL,jugement,"Même nom, « Association » devant"
ASSOCIATION ELLE S IMAGINE NT,ASSOCIATION ELLE S IMAGINE NT,jugement,"Même nom, seul « ASSOCIATION » en tête diffère."
ELLE S IMAGINE NT,ASSOCIATION ELLE S IMAGINE NT,jugement,"Même nom, seul « ASSOCIATION » en tête diffère."
ASS ENSEMBLE ALEPH,ASSOCIATION ENSEMBLE ALEPH,jugement,ASS abrégé de ASSOCIATION
ASSOCIATION ENSEMBLE ALEPH,ASSOCIATION ENSEMBLE ALEPH,jugement,ASS abrégé de ASSOCIATION
ASSOCIATION ESPACES,ASSOCIATION ESPACES,jugement,"ESPACES comble 2023 de la série Association Espaces, même sujet"
ESPACES,ASSOCIATION ESPACES,jugement,"ESPACES comble 2023 de la série Association Espaces, même sujet"
ASSOCIATION ESPRIT D EBENE,ASSOCIATION ESPRIT D EBENE,jugement,"Même nom, « ASSOCIATION » en plus"
ESPRIT D EBENE,ASSOCIATION ESPRIT D EBENE,jugement,"Même nom, « ASSOCIATION » en plus"
ASSOC ETUDE MALADIES MOLECULAIRES,ASSOCIATION ETUDE MALADIES MOLECULAIRES,jugement,abréviation ASSOC / ASSOCIATION
ASSOCIATION ETUDE MALADIES MOLECULAIRES,ASSOCIATION ETUDE MALADIES MOLECULAIRES,jugement,abréviation ASSOC / ASSOCIATION
ASS EXECUTIVE COMITE DEP SEINE ST D,ASSOCIATION EXECUTIVE COMITE DEP SEINE ST D,jugement,"« ASS » développé, même nom, années complémentaires"
ASSOCIATION EXECUTIVE COMITE DEP SEINE ST D,ASSOCIATION EXECUTIVE COMITE DEP SEINE ST D,jugement,"« ASS » développé, même nom, années complémentaires"
ASS FAM CATH STS PIERRE DOMINI,ASSOCIATION FAMILIALE CATHOLIQUE SAINT PIERRE SAINT DOMINIQUE,jugement,"même intitulé abrégé différemment (STS PIERRE D / DOMINI), série continue"
ASS FAMILLE CATHOLIQUE STS PIERRE D,ASSOCIATION FAMILIALE CATHOLIQUE SAINT PIERRE SAINT DOMINIQUE,jugement,"même intitulé abrégé différemment (STS PIERRE D / DOMINI), série continue"
ASSOCIATION FAMILIALE CATHOLIQUE SAINT PIERRE SAINT DOMINIQUE,ASSOCIATION FAMILIALE CATHOLIQUE SAINT PIERRE SAINT DOMINIQUE,jugement,"même nom, abrégé"
ASSOCIATION FAMILLE CATHOLIQUE STS PIERRE D,ASSOCIATION FAMILIALE CATHOLIQUE SAINT PIERRE SAINT DOMINIQUE,jugement,"ASS = ASSOCIATION, même nom"
ASSOCIATION FAMILLES TRAUMATISES CRANIENS,ASSOCIATION FAMILLES TRAUMATISES CRANIENS,jugement,"Même nom, fin coupée."
ASSOCIATION FAMILLES TRAUMATISES CRANIENS I,ASSOCIATION FAMILLES TRAUMATISES CRANIENS,jugement,"Même nom, fin coupée."
ASSOCIATION FONDS MEMOIRE D AUSCHWI,ASSOCIATION FONDS MEMOIRE D AUSCHWITZ,troncature,nom coupé (« ASSOCIATION FONDS MEMOIRE D AUSCHWI ») au milieu d'un mot = début de la seule graphie « ASSOCIATION FONDS MEMOIRE D AUSCHWITZ »
ASSOCIATION FONDS MEMOIRE D AUSCHWITZ,ASSOCIATION FONDS MEMOIRE D AUSCHWITZ,troncature,nom coupé (« ASSOCIATION FONDS MEMOIRE D AUSCHWI ») au milieu d'un mot = début de la seule graphie « ASSOCIATION FONDS MEMOIRE D AUSCHWITZ »
ASSOCIATION FOYER JORBALAN,ASSOCIATION FOYER JORBALAN,jugement,même nom sans « ASSOCIATION »
FOYER JORBALAN,ASSOCIATION FOYER JORBALAN,jugement,même nom sans « ASSOCIATION »
ASSOCIATION FOYERS DE JEUNES,ASSOCIATION FOYERS DE JEUNES,jugement,même nom sans « ASSOCIATION »
FOYERS DE JEUNES,ASSOCIATION FOYERS DE JEUNES,jugement,même nom sans « ASSOCIATION »
ASS FOYERS LAVIGIE,ASSOCIATION FOYERS LAVIGIE,jugement,ASS abrégé d'ASSOCIATION.
ASSOCIATION FOYERS LAVIGIE,ASSOCIATION FOYERS LAVIGIE,jugement,ASS abrégé d'ASSOCIATION.
ASS FRANCE BENEVOLAT,ASSOCIATION FRANCE BENEVOLAT,jugement,même nom avec ou sans ASS
ASSOCIATION FRANCE BENEVOLAT,ASSOCIATION FRANCE BENEVOLAT,jugement,même nom avec ou sans ASS
ASS GENERALE DES ETUDIANTS DE PARIS,ASSOCIATION GENERALE DES ETUDIANTS DE PARIS,jugement,"ASS = ASSOCIATION, même nom"
ASSOCIATION GENERALE DES ETUDIANTS DE PARIS,ASSOCIATION GENERALE DES ETUDIANTS DE PARIS,jugement,"ASS = ASSOCIATION, même nom"
ASSOCIATION GENERALE DES FAMILLES DU 6E,ASSOCIATION GENERALE DES FAMILLES DU 6EME,troncature,nom coupé (« ASSOCIATION GENERALE DES FAMILLES DU 6E ») au milieu d'un mot = début de la seule graphie « ASSOCIATION GÉNÉRALE DES FAMILLES DU 6ÉME »
ASSOCIATION GENERALE DES FAMILLES DU 6EME,ASSOCIATION GENERALE DES FAMILLES DU 6EME,troncature,nom coupé (« ASSOCIATION GENERALE DES FAMILLES DU 6E ») au milieu d'un mot = début de la seule graphie « ASSOCIATION GÉNÉRALE DES FAMILLES DU 6ÉME »
ASSOCIATION HALLE SAINT PIERRE,ASSOCIATION HALLE ST PIERRE,jugement,"ST = SAINT, même association"
ASSOCIATION HALLE ST PIERRE,ASSOCIATION HALLE ST PIERRE,jugement,"même association, SIREN présent sur une graphie, ST = SAINT"
HALLE SAINT PIERRE,ASSOCIATION HALLE ST PIERRE,jugement,"même association, SIREN présent sur une graphie, ST = SAINT"
HALLE SAINTPIERRE,ASSOCIATION HALLE ST PIERRE,jugement,"même nom, espacement"
ASS L INST D ETUDES AVANCEES PARI,ASSOCIATION INSTITUT D ETUDES AVANCEES DE PARIS,troncature,nom coupé (« ASS L INST D ETUDES AVANCEES - PARI ») au milieu d'un mot = début de la seule graphie « ASS L INST D ETUDES AVANCEES PARIS »
ASS L INST D ETUDES AVANCEES PARIS,ASSOCIATION INSTITUT D ETUDES AVANCEES DE PARIS,troncature,nom coupé (« ASS L INST D ETUDES AVANCEES - PARI ») au milieu d'un mot = début de la seule graphie « ASS L INST D ETUDES AVANCEES PARIS »
ASSOCIAT POUR L INSTITUT D ETUDES,ASSOCIATION INSTITUT D ETUDES AVANCEES DE PARIS,jugement,"Institut d'études avancées de Paris, graphie abrégée, montants cohérents"
ASSOCIATION INSTITUT D ETUDES AVANCEES DE PARIS,ASSOCIATION INSTITUT D ETUDES AVANCEES DE PARIS,jugement,"même nom, ASSOCIATION développé"
ASSOCIATION L INST D ETUDES AVANCEES PARI,ASSOCIATION INSTITUT D ETUDES AVANCEES DE PARIS,jugement,"même nom, ASS/ASSOCIATION"
INSTITUT D ETUDES AVANCEES DE PARIS,ASSOCIATION INSTITUT D ETUDES AVANCEES DE PARIS,jugement,"Institut d'études avancées de Paris, abrégé"
L INST D ETUDES AVANCEES PARI,ASSOCIATION INSTITUT D ETUDES AVANCEES DE PARIS,jugement,"même nom, sans « ASS »"
AIR,ASSOCIATION INTERMEDIAIRE REAGIR,jugement,"AIR = sigle d'Association Intermédiaire Réagir, années complémentaires"
ASSOCIATION INTERMEDIAIRE REAGIR,ASSOCIATION INTERMEDIAIRE REAGIR,jugement,même nom avec/sans « Association »
INTERMEDIAIRE REAGIR,ASSOCIATION INTERMEDIAIRE REAGIR,jugement,même nom avec/sans « Association »
ASSOCIATION JANGADA,ASSOCIATION JANGADA,jugement,"Même SIREN, ASSOCIATION en tête."
JANGADA,ASSOCIATION JANGADA,jugement,"Même SIREN, ASSOCIATION en tête."
ASSOCIATION DU JARDIN PARTAGE ALICE MILLIAT,ASSOCIATION JARDIN PARTAGE ALICE MILLIAT,normalisation,"mêmes mots une fois accents, ponctuation et articles retirés : « ASSOCIATION JARDIN PARTAGE ALICE MILLIAT »"
ASSOCIATION JARDIN PARTAGE ALICE MILLIAT,ASSOCIATION JARDIN PARTAGE ALICE MILLIAT,normalisation,"mêmes mots une fois accents, ponctuation et articles retirés : « ASSOCIATION JARDIN PARTAGE ALICE MILLIAT »"
ASSOCIATION JETS D ENCRE,ASSOCIATION JETS D ENCRE,jugement,"même nom, SIREN d'un côté"
JETS D ENCRE,ASSOCIATION JETS D ENCRE,jugement,"même nom, SIREN d'un côté"
ASSOCIATION JEUNE CORDEE,ASSOCIATION JEUNE CORDEE,jugement,"« ASSOCIATION » devant, même nom, années complémentaires"
JEUNE CORDEE,ASSOCIATION JEUNE CORDEE,jugement,"« ASSOCIATION » devant, même nom, années complémentaires"
ASSOCIATION JEUNESSE AVENIR,ASSOCIATION JEUNESSE AVENIR,jugement,"Même nom, « ASSOCIATION » en plus"
JEUNESSE AVENIR,ASSOCIATION JEUNESSE AVENIR,jugement,"Même nom, « ASSOCIATION » en plus"
ASSOCIATION JEUNESSE LOUBAVITCH,ASSOCIATION JEUNESSE LOUBAVITCH,jugement,"même nom, « ASSOCIATION » devant"
JEUNESSE LOUBAVITCH,ASSOCIATION JEUNESSE LOUBAVITCH,jugement,"même nom, « ASSOCIATION » devant"
ASSOCIATION KOLONE,ASSOCIATION KOLONE,jugement,Même nom avec ou sans « ASSOCIATION » devant.
KOLONE,ASSOCIATION KOLONE,jugement,Même nom avec ou sans « ASSOCIATION » devant.
ASSOCIATION L AUTRE LIVRE,ASSOCIATION L AUTRE LIVRE,jugement,même nom sans ASSOCIATION
L AUTRE LIVRE,ASSOCIATION L AUTRE LIVRE,jugement,même nom sans ASSOCIATION
ASSOCIATION L ILE AUX LANGUE,ASSOCIATION L ILE AUX LANGUE,jugement,"même association, avec ou sans article"
ILE AUX LANGUE,ASSOCIATION L ILE AUX LANGUE,jugement,"même association, avec ou sans article"
ASSOCIATION L ORANGE ROUGE,ASSOCIATION L ORANGE ROUGE,jugement,même nom avec/sans « Association »
ORANGE ROUGE,ASSOCIATION L ORANGE ROUGE,jugement,même nom avec/sans « Association »
8ÈME ASSURE,ASSOCIATION LE 8 ASSURE,jugement,"même nom (le 8ème assuré), ASSOCIATION en plus"
ASSOCIATION LE 8 ASSURE,ASSOCIATION LE 8 ASSURE,jugement,"même nom (le 8ème assuré), ASSOCIATION en plus"
ASS LE CLUB BARBES,ASSOCIATION LE CLUB BARBES,jugement,"même nom, ASS/ASSOCIATION"
ASSOCIATION LE CLUB BARBES,ASSOCIATION LE CLUB BARBES,jugement,"même nom, ASS/ASSOCIATION"
ASSOCIATION LE FIGUIER,ASSOCIATION LE FIGUIER,jugement,même SIREN 341194249 ; « LE FIGUIER » avec ou sans « ASSOCIATION »
FIGUIER,ASSOCIATION LE FIGUIER,jugement,même SIREN 341194249 ; « LE FIGUIER » avec ou sans « ASSOCIATION »
ASSOCIATION LE FUTUR COMPOSE,ASSOCIATION LE FUTUR COMPOSE,jugement,article et ASSOCIATION devant le même nom
FUTUR COMPOSE,ASSOCIATION LE FUTUR COMPOSE,jugement,article et ASSOCIATION devant le même nom
ASSOCIATION LE GARAGE NUMERIQUE,ASSOCIATION LE GARAGE NUMERIQUE,jugement,"même nom avec/sans « ASSOCIATION », SIREN 753510528"
GARAGE NUMERIQUE,ASSOCIATION LE GARAGE NUMERIQUE,jugement,"même nom avec/sans « ASSOCIATION », SIREN 753510528"
ASSOCIATION LES PETITS LARDONS,ASSOCIATION LES PETITS LARDONS,jugement,même nom sans « ASSOCIATION »
PETITS LARDONS,ASSOCIATION LES PETITS LARDONS,jugement,même nom sans « ASSOCIATION »
ASSOCIATION LIGHT CONE,ASSOCIATION LIGHT CONE,jugement,même nom avec ou sans « ASSOCIATION »
LIGHT CONE,ASSOCIATION LIGHT CONE,jugement,même nom avec ou sans « ASSOCIATION »
ASSOCIATION LTF,ASSOCIATION LTF,jugement,"Même SIREN 878034131, LTF est le sigle de Light Towards Future."
LIGHT TOWARDS FUTURE,ASSOCIATION LTF,jugement,"Même SIREN 878034131, LTF est le sigle de Light Towards Future."
ASSOCIATION MAINS LIBRES,ASSOCIATION MAINS LIBRES,jugement,"Mains Libres, même nom avec SIREN."
MAINS LIBRES,ASSOCIATION MAINS LIBRES,jugement,"Mains Libres, même nom avec SIREN."
ASSOCIATION MARMITE D AFRIQUE,ASSOCIATION MARMITE D AFRIQUE,jugement,"Même nom sans ASSOCIATION, 2023 comble le trou entre 2022 et 2024."
MARMITE D AFRIQUE,ASSOCIATION MARMITE D AFRIQUE,jugement,"Même nom sans ASSOCIATION, 2023 comble le trou entre 2022 et 2024."
ASSOCIATION MERKAZ BETH MYRIAM,ASSOCIATION MERKAZ BETH MYRIAM,jugement,même nom sans « ASSOCIATION »
MERKAZ BETH MYRIAM,ASSOCIATION MERKAZ BETH MYRIAM,jugement,même nom sans « ASSOCIATION »
ASSOCIATION DE LA MONTAGNE SAINTE GENEVIEVE,ASSOCIATION MONTAGNE SAINTE GENEVIEVE,normalisation,"mêmes mots une fois accents, ponctuation et articles retirés : « ASSOCIATION MONTAGNE SAINTE GENEVIEVE »"
ASSOCIATION MONTAGNE SAINTE GENEVIEVE,ASSOCIATION MONTAGNE SAINTE GENEVIEVE,normalisation,"mêmes mots une fois accents, ponctuation et articles retirés : « ASSOCIATION MONTAGNE SAINTE GENEVIEVE »"
ASSOCIATION MULTI COLORS,ASSOCIATION MULTI COLORS,jugement,même nom avec ou sans « ASSOCIATION »
MULTI COLORS,ASSOCIATION MULTI COLORS,jugement,même nom avec ou sans « ASSOCIATION »
ASSOCIATION NEY VILLAGE,ASSOCIATION NEY VILLAGE,jugement,"Même nom, seul « ASSOCIATION » en tête diffère."
NEY VILLAGE,ASSOCIATION NEY VILLAGE,jugement,"Même nom, seul « ASSOCIATION » en tête diffère."
ASSOC NOTRE DAME DE BON SECOURS,ASSOCIATION NOTRE DAME DE BON SECOURS,jugement,"Même nom, ASSOC/ASSOCIATION"
ASSOCIATION NOTRE DAME DE BON SECOURS,ASSOCIATION NOTRE DAME DE BON SECOURS,jugement,"Même nom, ASSOC/ASSOCIATION"
ASSOCIATION PAR ICI,ASSOCIATION PAR ICI,jugement,"même nom avec ou sans « ASSOCIATION », années contiguës"
PAR ICI,ASSOCIATION PAR ICI,jugement,"même nom avec ou sans « ASSOCIATION », années contiguës"
ASSOCIATION PARIS LUTTE PARIS WRESTLING C,ASSOCIATION PARIS LUTTE PARIS WRESTLING CLUB,troncature,nom coupé (« ASSOCIATION PARIS LUTTE - PARIS WRESTLING C ») au milieu d'un mot = début de la seule graphie « ASSOCIATION PARIS LUTTE-PARIS WRESTLING CLUB »
ASSOCIATION PARIS LUTTE PARIS WRESTLING CLUB,ASSOCIATION PARIS LUTTE PARIS WRESTLING CLUB,troncature,nom coupé (« ASSOCIATION PARIS LUTTE - PARIS WRESTLING C ») au milieu d'un mot = début de la seule graphie « ASSOCIATION PARIS LUTTE-PARIS WRESTLING CLUB »
ASSOCIATION PIERRE OLIVAIN,ASSOCIATION PIERRE OLIVAINT,jugement,"Même nom, coupure à 35 caractères"
ASSOCIATION PIERRE OLIVAINT,ASSOCIATION PIERRE OLIVAINT,jugement,"Même nom, coupure à 35 caractères"
ASSOCIATION PIMMS DE PARIS,ASSOCIATION PIMMS DE PARIS,jugement,"Association PIMMS de Paris, ASSOCIATION omis"
PIMMS DE PARIS,ASSOCIATION PIMMS DE PARIS,jugement,"Association PIMMS de Paris, ASSOCIATION omis"
ASSOCIATION PLUS LOIN,ASSOCIATION PLUS LOIN,jugement,"Association Plus Loin, ASSOCIATION omis"
PLUS LOIN,ASSOCIATION PLUS LOIN,jugement,"Association Plus Loin, ASSOCIATION omis"
ASSOCIATION PORTE OUVERTE ET SOLIDARITE,ASSOCIATION PORTE OUVERTE ET SOLIDARITE,jugement,"même nom, ASSOCIATION/ASSOT abrégé"
ASSOT PORTE OUVERTE ET SOLIDARITE,ASSOCIATION PORTE OUVERTE ET SOLIDARITE,jugement,"même nom, ASSOCIATION/ASSOT abrégé"
ASSOCIATION POUR ADULTES ET JEUNES HANDICAPES,ASSOCIATION POUR ADULTES ET JEUNES HANDICAPES,jugement,"Même association, sigle APAJH ajouté."
ASSOCIATION POUR ADULTES ET JEUNES HANDICAPES APAJH,ASSOCIATION POUR ADULTES ET JEUNES HANDICAPES,jugement,"Même association, sigle APAJH ajouté."
ASSOCIATION POUR L EMPLOI L INSERTION,ASSOCIATION POUR L EMPLOI L INSERTION ET LA SOLIDARITE APEIS,jugement,La première graphie est la seconde coupée après « L'INSERTION » ; il s'agit de l'APEIS.
ASSOCIATION POUR L EMPLOI L INSERTION ET LA SOLIDARITE APEIS,ASSOCIATION POUR L EMPLOI L INSERTION ET LA SOLIDARITE APEIS,jugement,La première graphie est la seconde coupée après « L'INSERTION » ; il s'agit de l'APEIS.
AGETA,ASSOCIATION POUR LA GESTION D ESPACES TEMPORAIRES ARTISTIQUES AGETA,jugement,AGETA est le sigle de l'Association pour la gestion d'espaces temporaires artistiques
ASS GESTION ESPAC TEMPOR ARTISTI,ASSOCIATION POUR LA GESTION D ESPACES TEMPORAIRES ARTISTIQUES AGETA,jugement,"AGETA = Association gestion espaces temporaires artistiques, abrégée"
ASS GESTION ESPAC TEMPOR ARTISTI AG,ASSOCIATION POUR LA GESTION D ESPACES TEMPORAIRES ARTISTIQUES AGETA,jugement,"même nom abrégé, sigle AG en fin de nom"
ASSOCIATION POUR LA GESTION D ESPACES TEMPORAIRES ARTISTIQUES AGETA,ASSOCIATION POUR LA GESTION D ESPACES TEMPORAIRES ARTISTIQUES AGETA,jugement,AGETA est le sigle de l'Association pour la gestion d'espaces temporaires artistiques
GESTION ESPACES TEMPOR ARTISTIQUE,ASSOCIATION POUR LA GESTION D ESPACES TEMPORAIRES ARTISTIQUES AGETA,jugement,"AGETA, même nom abrégé, 2020"
ASS POUR LA PREVENTION L ACCUEIL LE,ASSOCIATION POUR LA PREVENTION L ACCUEIL LE,jugement,"Même intitulé coupé, ASS/ASSOCIATION."
ASSOCIATION POUR LA PREVENTION L ACCUEIL LE,ASSOCIATION POUR LA PREVENTION L ACCUEIL LE,jugement,"Même intitulé coupé, ASS/ASSOCIATION."
ASSOC DEVELOPP DE LA DANSE A PARIS,ASSOCIATION POUR LE DEVELOPPEMENT DE LA DANSE A PARIS ADDP,jugement,"même association, « ASSOC » abrégé"
ASSOCIATION DEVELOPP DE LA DANSE A PARIS,ASSOCIATION POUR LE DEVELOPPEMENT DE LA DANSE A PARIS ADDP,jugement,"même association, « ASSOC » abrégé"
ASSOCIATION POUR LE DEVELOPPEMENT DE LA DANSE A PARIS ADDP,ASSOCIATION POUR LE DEVELOPPEMENT DE LA DANSE A PARIS ADDP,jugement,ADDP est le sigle de l'association ; même intitulé développé
DEVELOPP DE LA DANSE A PARIS,ASSOCIATION POUR LE DEVELOPPEMENT DE LA DANSE A PARIS ADDP,jugement,"même association, 2023 comble le trou de la série"
ASS POUR PROMOTION BASKET BALL PARI,ASSOCIATION POUR PROMOTION BASKET BALL PARI,jugement,"Même nom, « ASS » développé en « ASSOCIATION »."
ASSOCIATION POUR PROMOTION BASKET BALL PARI,ASSOCIATION POUR PROMOTION BASKET BALL PARI,jugement,"Même nom, « ASS » développé en « ASSOCIATION »."
ASS PROMO ARTS PLASTIQ URBAINS CONT,ASSOCIATION PROMO ARTS PLASTIQ URBAINS CONT,jugement,"même nom, « ASS » abrégé en « ASSOCIATION »"
ASSOCIATION PROMO ARTS PLASTIQ URBAINS CONT,ASSOCIATION PROMO ARTS PLASTIQ URBAINS CONT,jugement,"même nom, « ASS » abrégé en « ASSOCIATION »"
ASSOC PROMOTION ET PREVENTION LOISI,ASSOCIATION PROMOTION ET PREVENTION LOISI,jugement,"ASSOC = ASSOCIATION, même nom"
ASSOCIATION PROMOTION ET PREVENTION LOISI,ASSOCIATION PROMOTION ET PREVENTION LOISI,jugement,"ASSOC = ASSOCIATION, même nom"
ASS R CITOYENS ARMEE DE TERRE IDF,ASSOCIATION R CITOYENS ARMEE DE TERRE IDF,jugement,"même nom, ASS/ASSOCIATION"
ASSOCIATION R CITOYENS ARMEE DE TERRE IDF,ASSOCIATION R CITOYENS ARMEE DE TERRE IDF,jugement,"même nom, ASS/ASSOCIATION"
ASSOCIATION READAPTATION DEFENSE DEVENUS,ASSOCIATION READAPTATION DEFENSE DEVENUS,jugement,"Même nom, fin coupée."
ASSOCIATION READAPTATION DEFENSE DEVENUS SO,ASSOCIATION READAPTATION DEFENSE DEVENUS,jugement,"Même nom, fin coupée."
ASS RECHERCHE DEVEL METHODE PROCES,ASSOCIATION RECHERCHE DEVEL METHODE PROCES,jugement,ASS = ASSOCIATION
ASSOCIATION RECHERCHE DEVEL METHODE PROCES,ASSOCIATION RECHERCHE DEVEL METHODE PROCES,jugement,ASS = ASSOCIATION
ASSOCIATION RECHERCHE SUR LA VILLE,ASSOCIATION RECHERCHE SUR LA VILLE L HA,jugement,"Même association, fin coupée."
ASSOCIATION RECHERCHE SUR LA VILLE L HA,ASSOCIATION RECHERCHE SUR LA VILLE L HA,jugement,"Même association, fin coupée."
ASSOCIATION RESEAU ALPHA,ASSOCIATION RESEAU ALPHA,jugement,"Même nom, seul « ASSOCIATION » en tête diffère."
RESEAU ALPHA,ASSOCIATION RESEAU ALPHA,jugement,"Même nom, seul « ASSOCIATION » en tête diffère."
ASSOCIATION RESEAU TREIZE,ASSOCIATION RESEAU TREIZE,jugement,"même nom, « ASSOCIATION » devant"
RESEAU TREIZE,ASSOCIATION RESEAU TREIZE,jugement,"même nom, « ASSOCIATION » devant"
ASS SAINTE AGNES,ASSOCIATION SAINTE AGNES,jugement,"même nom, « ASS » abrégé"
ASSOCIATION SAINTE AGNES,ASSOCIATION SAINTE AGNES,jugement,"même nom, « ASS » abrégé"
ASSOCIATION SANTE DAVIEL ASD,ASSOCIATION SANTE DAVIEL ASD,jugement,"même nom, sans « association »"
SANTE DAVIEL ASD,ASSOCIATION SANTE DAVIEL ASD,jugement,"même nom, sans « association »"
ASSOCIATION SAVOIR APPRENDRE,ASSOCIATION SAVOIR APPRENDRE,jugement,"même nom avec/sans « Association », années complémentaires"
SAVOIR APPRENDRE,ASSOCIATION SAVOIR APPRENDRE,jugement,"même nom avec/sans « Association », années complémentaires"
ASSOCIATION SLAM O FEMININ,ASSOCIATION SLAM O FEMININ,jugement,"même nom, ASSOCIATION retiré, SIREN présent sur l'une"
SLAM O FEMININ,ASSOCIATION SLAM O FEMININ,jugement,"même nom, ASSOCIATION retiré, SIREN présent sur l'une"
ASSOCIATION SLAM PRODUCTIONS,ASSOCIATION SLAM PRODUCTIONS,jugement,"Même nom, ASSOCIATION en tête."
SLAM PRODUCTIONS,ASSOCIATION SLAM PRODUCTIONS,jugement,"Même nom, ASSOCIATION en tête."
ASS SOCIETE LITTERAIRE DES GONCOURT,ASSOCIATION SOCIETE LITTERAIRE DES GONCOURT,jugement,"même nom, préfixe ASS en plus"
ASSOCIATION SOCIETE LITTERAIRE DES GONCOURT,ASSOCIATION SOCIETE LITTERAIRE DES GONCOURT,jugement,"même nom, ASS abrégé"
SOCIETE LITTERAIRE DES GONCOURT,ASSOCIATION SOCIETE LITTERAIRE DES GONCOURT,jugement,"même nom, préfixe ASS en plus"
ASS SOLIDARITE INTERNATION INTEGR,ASSOCIATION SOLIDARITE INTERNATION INTEGR,jugement,"« ASS » = « ASSOCIATION », même nom"
ASSOCIATION SOLIDARITE INTERNATION INTEGR,ASSOCIATION SOLIDARITE INTERNATION INTEGR,jugement,"« ASS » = « ASSOCIATION », même nom"
ASSOCIATION SON RE,ASSOCIATION SON RE,jugement,même nom avec ou sans ASSOCIATION
SON RE,ASSOCIATION SON RE,jugement,même nom avec ou sans ASSOCIATION
ASS SPORTIVE BELLEVILLE,ASSOCIATION SPORTIVE BELLEVILLE,jugement,"même nom, ASS/ASSOCIATION"
ASSOCIATION SPORTIVE BELLEVILLE,ASSOCIATION SPORTIVE BELLEVILLE,jugement,"même nom, ASS/ASSOCIATION"
ASSOCIAT SPORTIVE CENTRE DE PARIS,ASSOCIATION SPORTIVE CENTRE DE PARIS,jugement,"ASSOCIAT. / ASSOCIATION, même nom"
ASSOCIATION SPORTIVE CENTRE DE PARI,ASSOCIATION SPORTIVE CENTRE DE PARIS,troncature,nom coupé (« ASSOCIATION SPORTIVE CENTRE DE PARI ») au milieu d'un mot = début de la seule graphie « ASSOCIATION SPORTIVE CENTRE DE PARIS »
ASSOCIATION SPORTIVE CENTRE DE PARIS,ASSOCIATION SPORTIVE CENTRE DE PARIS,troncature,nom coupé (« ASSOCIATION SPORTIVE CENTRE DE PARI ») au milieu d'un mot = début de la seule graphie « ASSOCIATION SPORTIVE CENTRE DE PARIS »
ASSOCIATION SPORTIVE COLLEGE JACQUES DECOU,ASSOCIATION SPORTIVE COLLEGE JACQUES DECOUR,troncature,nom coupé (« ASSOCIATION SPORTIVE COLLEGE JACQUES DECOU ») au milieu d'un mot = début de la seule graphie « ASSOCIATION SPORTIVE COLLEGE JACQUES DECOUR »
ASSOCIATION SPORTIVE COLLEGE JACQUES DECOUR,ASSOCIATION SPORTIVE COLLEGE JACQUES DECOUR,troncature,nom coupé (« ASSOCIATION SPORTIVE COLLEGE JACQUES DECOU ») au milieu d'un mot = début de la seule graphie « ASSOCIATION SPORTIVE COLLEGE JACQUES DECOUR »
ASS SPORTS LOISIRS P AVEUGLES AMBLY,ASSOCIATION SPORTS LOISIRS P AVEUGLES AMBLY,jugement,"ASS = ASSOCIATION, même nom"
ASSOCIATION SPORTS LOISIRS P AVEUGLES AMBLY,ASSOCIATION SPORTS LOISIRS P AVEUGLES AMBLY,jugement,"ASS = ASSOCIATION, même nom"
ASS SYNDICALE LIBRE OLYMPIADES,ASSOCIATION SYNDICALE LIBRE OLYMPIADES,jugement,"même association syndicale libre, nom coupé"
ASSOCIAT SYNDICALE LIBRE OLYMPIADES,ASSOCIATION SYNDICALE LIBRE OLYMPIADES,jugement,"même association syndicale libre, nom coupé"
ASSOCIATION SYNDICALE LIBRE OLYMPIA,ASSOCIATION SYNDICALE LIBRE OLYMPIADES,troncature,nom coupé (« ASSOCIATION SYNDICALE LIBRE OLYMPIA ») au milieu d'un mot = début de la seule graphie « ASSOCIATION SYNDICALE LIBRE OLYMPIADES »
ASSOCIATION SYNDICALE LIBRE OLYMPIADES,ASSOCIATION SYNDICALE LIBRE OLYMPIADES,troncature,nom coupé (« ASSOCIATION SYNDICALE LIBRE OLYMPIA ») au milieu d'un mot = début de la seule graphie « ASSOCIATION SYNDICALE LIBRE OLYMPIADES »
ASSOCIATION TECHNO PLUS,ASSOCIATION TECHNO PLUS,jugement,Même nom avec ou sans « ASSOCIATION » devant.
TECHNO PLUS,ASSOCIATION TECHNO PLUS,jugement,Même nom avec ou sans « ASSOCIATION » devant.
ASS TEMPS JEUNES ACSV,ASSOCIATION TEMPS JEUNES ACSV,jugement,"Même nom, « ASS » développé ; même exercice 2024."
ASSOCIATION TEMPS JEUNES ACSV,ASSOCIATION TEMPS JEUNES ACSV,jugement,"Même nom, « ASS » développé ; même exercice 2024."
TEMPS JEUNES ACSV,ASSOCIATION TEMPS JEUNES ACSV,jugement,Même nom avec ou sans « ASSOCIATION » ; SIREN présent d'un seul côté.
ASSOCIATION TICKET D ENTREE,ASSOCIATION TICKET D ENTREE,jugement,"même nom, ASSOCIATION devant"
TICKET D ENTREE,ASSOCIATION TICKET D ENTREE,jugement,"même nom, ASSOCIATION devant"
ASSOCIATION TONNERRE DE SINGE,ASSOCIATION TONNERRE DE SINGE,jugement,"Même nom, « ASSOCIATION » en plus."
TONNERRE DE SINGE,ASSOCIATION TONNERRE DE SINGE,jugement,"Même nom, « ASSOCIATION » en plus."
ASS TOURNESOL,ASSOCIATION TOURNESOL,jugement,"Même nom, ASS/ASSOCIATION."
ASSOCIATION TOURNESOL,ASSOCIATION TOURNESOL,jugement,"Même nom, ASS/ASSOCIATION."
ASSOCIATION UCPA SPORT LOISIRS,ASSOCIATION UCPA SPORT LOISIRS,jugement,même nom avec ou sans « ASSOCIATION »
UCPA SPORT LOISIRS,ASSOCIATION UCPA SPORT LOISIRS,jugement,même nom avec ou sans « ASSOCIATION »
ASSOCI VILLES DES MUSIQUES DU MONDE,ASSOCIATION VILLES DES MUSIQUES DU MONDE,jugement,abréviation ASSOCI / ASSOCIATION
ASSOCIATION VILLES DES MUSIQUES DU,ASSOCIATION VILLES DES MUSIQUES DU MONDE,jugement,nom coupé de la même association
ASSOCIATION VILLES DES MUSIQUES DU MONDE,ASSOCIATION VILLES DES MUSIQUES DU MONDE,jugement,abréviation ASSOCI / ASSOCIATION
ASSOCIATION YA FOUE I,ASSOCIATION YA FOUE I,jugement,même nom avec/sans « Association »
YA FOUE I,ASSOCIATION YA FOUE I,jugement,même nom avec/sans « Association »
ASSOCIATION ZUP DE CO,ASSOCIATION ZUP DE CO,jugement,"ASSOCIATION devant, SIREN unique"
ZUP DE CO,ASSOCIATION ZUP DE CO,jugement,"ASSOCIATION devant, SIREN unique"
ASTROLIENS,ASTROLIENS,normalisation,"mêmes mots une fois accents, ponctuation et articles retirés : « ASTROLIENS »"
LES ASTROLIENS,ASTROLIENS,normalisation,"mêmes mots une fois accents, ponctuation et articles retirés : « ASTROLIENS »"
ATELIER DE MAURICE ARNOULT,ATELIER DE MAURICE ARNOULT,normalisation,"mêmes mots une fois accents, ponctuation et articles retirés : « ATELIER MAURICE ARNOULT »"
L ATELIER DE MAURICE ARNOULT,ATELIER DE MAURICE ARNOULT,normalisation,"mêmes mots une fois accents, ponctuation et articles retirés : « ATELIER MAURICE ARNOULT »"
ATELIER DOCUMENTAIRE,ATELIER DOCUMENTAIRE,normalisation,"mêmes mots une fois accents, ponctuation et articles retirés : « ATELIER DOCUMENTAIRE »"
L ATELIER DOCUMENTAIRE,ATELIER DOCUMENTAIRE,normalisation,"mêmes mots une fois accents, ponctuation et articles retirés : « ATELIER DOCUMENTAIRE »"
AECS ATELIER EDUCATIF CULTUREL SPOR,ATELIER EDUCATIF CULTUREL SPORTIF,jugement,AECS = sigle de Atelier éducatif culturel sportif
ATELIER EDUCATIF CULTUREL SPORTIF,ATELIER EDUCATIF CULTUREL SPORTIF,jugement,AECS = sigle de Atelier éducatif culturel sportif
ATELIER WOA,ATELIER WOA,normalisation,"mêmes mots une fois accents, ponctuation et articles retirés : « ATELIER WOA »"
SARL ATELIER WOA,ATELIER WOA,normalisation,"mêmes mots une fois accents, ponctuation et articles retirés : « ATELIER WOA »"
ASS ATELIERS ARTISTES BELLEVILLE,ATELIERS ARTISTES BELLEVILLE,jugement,"même nom, abréviations"
ASSOC DES ATELIERS DES ARTISTES BEL,ATELIERS ARTISTES BELLEVILLE,jugement,"même nom, abréviations"
ASSOCIATION DES ATELIERS DES ARTISTES BEL,ATELIERS ARTISTES BELLEVILLE,jugement,"même nom, « ASSOCIATION » développé"
ATELIERS ARTISTES BELLEVILLE,ATELIERS ARTISTES BELLEVILLE,jugement,"même nom, abréviation « ASSOC DES »"
ATELIERS DE BELACQUA,ATELIERS DE BELACQUA,normalisation,"mêmes mots une fois accents, ponctuation et articles retirés : « ATELIERS BELACQUA »"
LES ATELIERS DE BELACQUA,ATELIERS DE BELACQUA,normalisation,"mêmes mots une fois accents, ponctuation et articles retirés : « ATELIERS BELACQUA »"
ATELIERS DE MENILMONTANT,ATELIERS DE MENILMONTANT,normalisation,"mêmes mots une fois accents, ponctuation et articles retirés : « ATELIERS MENILMONTANT »"
LES ATELIERS DE MENILMONTANT,ATELIERS DE MENILMONTANT,normalisation,"mêmes mots une fois accents, ponctuation et articles retirés : « ATELIERS MENILMONTANT »"
ATELIERS DE NATEMA,ATELIERS DE NATEMA,normalisation,"mêmes mots une fois accents, ponctuation et articles retirés : « ATELIERS NATEMA »"
LES ATELIERS DE NATEMA,ATELIERS DE NATEMA,normalisation,"mêmes mots une fois accents, ponctuation et articles retirés : « ATELIERS NATEMA »"
ATELIERS DU CHAUDRON,ATELIERS DU CHAUDRON,normalisation,"mêmes mots une fois accents, ponctuation et articles retirés : « ATELIERS CHAUDRON »"
LES ATELIERS DU CHAUDRON,ATELIERS DU CHAUDRON,normalisation,"mêmes mots une fois accents, ponctuation et articles retirés : « ATELIERS CHAUDRON »"
ATELIERS DU PERE LACHAISE ASSOC,ATELIERS DU PERE LACHAISE ASSOC,normalisation,"mêmes mots une fois accents, ponctuation et articles retirés : « ATELIERS PERE LACHAISE ASSOC »"
ATELIERS DU PERE LACHAISE ASSOCIES,ATELIERS DU PERE LACHAISE ASSOC,troncature,nom coupé (« LES ATELIERS DU PERE LACHAISE ASSOC ») au milieu d'un mot = début de la seule graphie « ATELIERS DU PERE LACHAISE ASSOCIES »
LES ATELIERS DU PERE LACHAISE ASSOC,ATELIERS DU PERE LACHAISE ASSOC,normalisation,"mêmes mots une fois accents, ponctuation et articles retirés : « ATELIERS PERE LACHAISE ASSOC »"
ATELIERS POUR PETITS,ATELIERS POUR PETITS,normalisation,"mêmes mots une fois accents, ponctuation et articles retirés : « ATELIERS POUR PETITS »"
LES ATELIERS POUR PETITS,ATELIERS POUR PETITS,normalisation,"mêmes mots une fois accents, ponctuation et articles retirés : « ATELIERS POUR PETITS »"
ATHEVAINS,ATHEVAINS,normalisation,"mêmes mots une fois accents, ponctuation et articles retirés : « ATHEVAINS »"
LES ATHEVAINS,ATHEVAINS,normalisation,"mêmes mots une fois accents, ponctuation et articles retirés : « ATHEVAINS »"
ATOMES CROCHUS,ATOMES CROCHUS,normalisation,"mêmes mots une fois accents, ponctuation et articles retirés : « ATOMES CROCHUS »"
LES ATOMES CROCHUS,ATOMES CROCHUS,normalisation,"mêmes mots une fois accents, ponctuation et articles retirés : « ATOMES CROCHUS »"
AUDACIEUX,AUDACIEUX,normalisation,"mêmes mots une fois accents, ponctuation et articles retirés : « AUDACIEUX »"
LES AUDACIEUX,AUDACIEUX,normalisation,"mêmes mots une fois accents, ponctuation et articles retirés : « AUDACIEUX »"
ASSO AUTISME PIANO THERAPIE EDUCATI,AUTISME PIANO THERAPIE EDUCATI,jugement,même nom avec ou sans ASSO
ASSOCIATION AUTISME PIANO THERAPIE EDUCATI,AUTISME PIANO THERAPIE EDUCATI,jugement,"même nom, ASSO/ASSOCIATION"
AUTISME PIANO THERAPIE EDUCATI,AUTISME PIANO THERAPIE EDUCATI,jugement,même nom avec ou sans ASSO
AUXILIAIRES DES AVEUGLES,AUXILIAIRES DES AVEUGLES,normalisation,"mêmes mots une fois accents, ponctuation et articles retirés : « AUXILIAIRES AVEUGLES »"
LES AUXILIAIRES DES AVEUGLES,AUXILIAIRES DES AVEUGLES,normalisation,"mêmes mots une fois accents, ponctuation et articles retirés : « AUXILIAIRES AVEUGLES »"
ASSOCIATION L AVENUE DES TERNES,AVENUE DES TERNES,jugement,même nom avec article ou « ASSOCIATION » en plus
AVENUE DES TERNES,AVENUE DES TERNES,jugement,"même nom, SIREN seulement sur une graphie"
AVENUE DES TERNES PARIS X,AVENUE DES TERNES,normalisation,"mêmes mots une fois accents, ponctuation et articles retirés : « AVENUE TERNES PARIS X »"
L AVENUE DES TERNES PARIS X,AVENUE DES TERNES,normalisation,"mêmes mots une fois accents, ponctuation et articles retirés : « AVENUE TERNES PARIS X »"
BAGAGERIE COEUR DU CINQ,BAGAGERIE COEUR DU CINQ,normalisation,"mêmes mots une fois accents, ponctuation et articles retirés : « BAGAGERIE COEUR CINQ »"
LA BAGAGERIE COEUR DU CINQ,BAGAGERIE COEUR DU CINQ,normalisation,"mêmes mots une fois accents, ponctuation et articles retirés : « BAGAGERIE COEUR CINQ »"
BAGAGERIE D ANTIGEL,BAGAGERIE D ANTIGEL,normalisation,"mêmes mots une fois accents, ponctuation et articles retirés : « BAGAGERIE ANTIGEL »"
LA BAGAGERIE D ANTIGEL,BAGAGERIE D ANTIGEL,normalisation,"mêmes mots une fois accents, ponctuation et articles retirés : « BAGAGERIE ANTIGEL »"
BALCON,BALCON,normalisation,"mêmes mots une fois accents, ponctuation et articles retirés : « BALCON »"
LE BALCON,BALCON,normalisation,"mêmes mots une fois accents, ponctuation et articles retirés : « BALCON »"
BALEINE SE MET A L O,BALEINE SE MET A L O,normalisation,"mêmes mots une fois accents, ponctuation et articles retirés : « BALEINE SE MET A O »"
LA BALEINE SE MET A L O,BALEINE SE MET A L O,normalisation,"mêmes mots une fois accents, ponctuation et articles retirés : « BALEINE SE MET A O »"
BALUSTRADE,BALUSTRADE,normalisation,"mêmes mots une fois accents, ponctuation et articles retirés : « BALUSTRADE »"
LA BALUSTRADE,BALUSTRADE,normalisation,"mêmes mots une fois accents, ponctuation et articles retirés : « BALUSTRADE »"
BANDE A GODOT,BANDE A GODOT,normalisation,"mêmes mots une fois accents, ponctuation et articles retirés : « BANDE A GODOT »"
LA BANDE A GODOT,BANDE A GODOT,normalisation,"mêmes mots une fois accents, ponctuation et articles retirés : « BANDE A GODOT »"
BANQUE ALIMENTAIRE PARIS IDF,BANQUE ALIMENTAIRE PARIS IDF,jugement,"Banque alimentaire Paris IDF = Paris Île-de-France, coupé."
BANQUE ALIMENTAIRE PARIS ILE DE FRA,BANQUE ALIMENTAIRE PARIS IDF,jugement,"Banque alimentaire Paris IDF = Paris Île-de-France, coupé."
BANQUE POSTALE,BANQUE POSTALE,normalisation,"mêmes mots une fois accents, ponctuation et articles retirés : « BANQUE POSTALE »"
LA BANQUE POSTALE,BANQUE POSTALE,normalisation,"mêmes mots une fois accents, ponctuation et articles retirés : « BANQUE POSTALE »"
BAR FLOREAL,BAR FLOREAL,normalisation,"mêmes mots une fois accents, ponctuation et articles retirés : « BAR FLOREAL »"
LE BAR FLOREAL,BAR FLOREAL,normalisation,"mêmes mots une fois accents, ponctuation et articles retirés : « BAR FLOREAL »"
BATIGERE EN ILE DE FRANCE,BATIGERE EN ILE DE FRANCE,jugement,"Batigère Île-de-France SA d'HLM, graphies voisines"
BATIGERE ILE DE FRANCE SA D HLM,BATIGERE EN ILE DE FRANCE,jugement,"Batigère Île-de-France SA d'HLM, graphies voisines"
BDB,BDB,normalisation,"mêmes mots une fois accents, ponctuation et articles retirés : « BDB »"
BDB SAS,BDB,normalisation,"mêmes mots une fois accents, ponctuation et articles retirés : « BDB »"
BISCUITERIE HANDI GASPI,BISCUITERIE HANDI GASPI,jugement,"Même nom, avec ou sans espace dans « handi gaspi »."
BISCUITERIE HANDIGASPI,BISCUITERIE HANDI GASPI,jugement,"Même nom, avec ou sans espace dans « handi gaspi »."
BLEU DANS LES YEUX,BLEU DANS LES YEUX,normalisation,"mêmes mots une fois accents, ponctuation et articles retirés : « BLEU DANS YEUX »"
DU BLEU DANS LES YEUX,BLEU DANS LES YEUX,normalisation,"mêmes mots une fois accents, ponctuation et articles retirés : « BLEU DANS YEUX »"
BOUFFES PARISIENS,BOUFFES PARISIENS,normalisation,"mêmes mots une fois accents, ponctuation et articles retirés : « BOUFFES PARISIENS »"
LES BOUFFES PARISIENS,BOUFFES PARISIENS,normalisation,"mêmes mots une fois accents, ponctuation et articles retirés : « BOUFFES PARISIENS »"
BOUFFESQUETAIRES,BOUFFESQUETAIRES,normalisation,"mêmes mots une fois accents, ponctuation et articles retirés : « BOUFFESQUETAIRES »"
LES BOUFFESQUETAIRES,BOUFFESQUETAIRES,normalisation,"mêmes mots une fois accents, ponctuation et articles retirés : « BOUFFESQUETAIRES »"
BOULANG PATISS GRAND PARIS,BOULANG PATISS GRAND PARIS,normalisation,"mêmes mots une fois accents, ponctuation et articles retirés : « BOULANG PATISS GRAND PARIS »"
BOULANGPATISS GRAND PARIS,BOULANG PATISS GRAND PARIS,jugement,"même nom, tiret omis"
LES BOULANG PATISS GRAND PARIS,BOULANG PATISS GRAND PARIS,normalisation,"mêmes mots une fois accents, ponctuation et articles retirés : « BOULANG PATISS GRAND PARIS »"
BOULE DU XEME,BOULE DU XEME,normalisation,"mêmes mots une fois accents, ponctuation et articles retirés : « BOULE XEME »"
LA BOULE DU XEME,BOULE DU XEME,normalisation,"mêmes mots une fois accents, ponctuation et articles retirés : « BOULE XEME »"
BRICOLETTE,BRICOLETTE,normalisation,"mêmes mots une fois accents, ponctuation et articles retirés : « BRICOLETTE »"
LA BRICOLETTE,BRICOLETTE,normalisation,"mêmes mots une fois accents, ponctuation et articles retirés : « BRICOLETTE »"
ASS LES AMIS DU BUS DES FEMMES,BUS DES FEMMES,jugement,"Les Amis du Bus des Femmes gère Le Bus des Femmes, années complémentaires"
BUS DES FEMMES,BUS DES FEMMES,normalisation,"mêmes mots une fois accents, ponctuation et articles retirés : « BUS FEMMES »"
LE BUS DES FEMMES,BUS DES FEMMES,normalisation,"mêmes mots une fois accents, ponctuation et articles retirés : « BUS FEMMES »"
CABANE BLEUE,CABANE BLEUE,normalisation,"mêmes mots une fois accents, ponctuation et articles retirés : « CABANE BLEUE »"
LA CABANE BLEUE,CABANE BLEUE,normalisation,"mêmes mots une fois accents, ponctuation et articles retirés : « CABANE BLEUE »"
CABARET CONTEMPORAIN,CABARET CONTEMPORAIN,normalisation,"mêmes mots une fois accents, ponctuation et articles retirés : « CABARET CONTEMPORAIN »"
LE CABARET CONTEMPORAIN,CABARET CONTEMPORAIN,normalisation,"mêmes mots une fois accents, ponctuation et articles retirés : « CABARET CONTEMPORAIN »"
CABINET LOISELET PERE FILS,CABINET LOISELET PERE FILS,normalisation,"mêmes mots une fois accents, ponctuation et articles retirés : « CABINET LOISELET PERE FILS »"
CABINET LOISELET PERE FILS ET,CABINET LOISELET PERE FILS,normalisation,"mêmes mots une fois accents, ponctuation et articles retirés : « CABINET LOISELET PERE FILS »"
CADE,CADE,normalisation,"mêmes mots une fois accents, ponctuation et articles retirés : « CADE »"
LE CADE,CADE,normalisation,"mêmes mots une fois accents, ponctuation et articles retirés : « CADE »"
CAFE ASSOCIATIF PERNETY,CAFE ASSOCIATIF PERNETY,jugement,« Moulin à café » est le nom d'usage du café associatif Pernety
CAFE ASSOCIATIF PERNETY MOULIN A CAFE,CAFE ASSOCIATIF PERNETY,jugement,« Moulin à café » est le nom d'usage du café associatif Pernety
CAISSE ALLOCATIONS FAMILIALES DE PA,CAISSE ALLOCATIONS FAMILIALES PARIS,jugement,"PA = Paris tronqué, même caisse"
CAISSE ALLOCATIONS FAMILIALES PARIS,CAISSE ALLOCATIONS FAMILIALES PARIS,jugement,"PA = Paris tronqué, même caisse"
CAISSE DES ECOLES 15EME ARRONDISSEM,CAISSE DES ECOLES DU 15EME ARRONDISSEM,normalisation,"mêmes mots une fois accents, ponctuation et articles retirés : « CAISSE ECOLES 15EME ARRONDISSEM »"
CAISSE DES ECOLES DU 15E ARRONDISSE,CAISSE DES ECOLES DU 15EME ARRONDISSEM,jugement,"Caisse des écoles du 15e, graphies abrégées"
CAISSE DES ECOLES DU 15EME ARRONDISSEM,CAISSE DES ECOLES DU 15EME ARRONDISSEM,normalisation,"mêmes mots une fois accents, ponctuation et articles retirés : « CAISSE ECOLES 15EME ARRONDISSEM »"
CAISSE DES ECOLES DU 2E ARRONDISSE,CAISSE DES ECOLES DU 2E ARRONDISSEM,troncature,nom coupé (« CAISSE DES ECOLES DU 2E ARRONDISSE ») au milieu d'un mot = début de la seule graphie « CAISSE DES ECOLES DU 2E ARRONDISSEM »
CAISSE DES ECOLES DU 2E ARRONDISSEM,CAISSE DES ECOLES DU 2E ARRONDISSEM,troncature,nom coupé (« CAISSE DES ECOLES DU 2E ARRONDISSE ») au milieu d'un mot = début de la seule graphie « CAISSE DES ECOLES DU 2E ARRONDISSEM »
CAISSE DES ECOLES DU 3E ARRONDISSE,CAISSE DES ECOLES DU 3E ARRONDISSEM,troncature,nom coupé (« CAISSE DES ECOLES DU 3E ARRONDISSE ») au milieu d'un mot = début de la seule graphie « CAISSE DES ECOLES DU 3E ARRONDISSEM »
CAISSE DES ECOLES DU 3E ARRONDISSEM,CAISSE DES ECOLES DU 3E ARRONDISSEM,troncature,nom coupé (« CAISSE DES ECOLES DU 3E ARRONDISSE ») au milieu d'un mot = début de la seule graphie « CAISSE DES ECOLES DU 3E ARRONDISSEM »
CAISSE DES ECOLES DU 5 E ARRONDISSE,CAISSE DES ECOLES DU 5 EME ARRONDISSEMENT,jugement,"Caisse des écoles du 5e, graphie abrégée"
CAISSE DES ECOLES DU 5 EME ARRONDISSEMENT,CAISSE DES ECOLES DU 5 EME ARRONDISSEMENT,normalisation,"mêmes mots une fois accents, ponctuation et articles retirés : « CAISSE ECOLES 5 EME ARRONDISSEMENT »"
CAISSE ECOLES 5 EME ARRONDISSEMENT,CAISSE DES ECOLES DU 5 EME ARRONDISSEMENT,normalisation,"mêmes mots une fois accents, ponctuation et articles retirés : « CAISSE ECOLES 5 EME ARRONDISSEMENT »"
CAISSE DES ECOLES DU 6E ARRONDISSE,CAISSE DES ECOLES DU 6E ARRONDISSEM,troncature,nom coupé (« CAISSE DES ECOLES DU 6E ARRONDISSE ») au milieu d'un mot = début de la seule graphie « CAISSE DES ECOLES DU 6E ARRONDISSEM »
CAISSE DES ECOLES DU 6E ARRONDISSEM,CAISSE DES ECOLES DU 6E ARRONDISSEM,troncature,nom coupé (« CAISSE DES ECOLES DU 6E ARRONDISSE ») au milieu d'un mot = début de la seule graphie « CAISSE DES ECOLES DU 6E ARRONDISSEM »
CAISSE DES ECOLES DU 7E ARRONDISSE,CAISSE DES ECOLES DU 7EME ARRONDISS,jugement,"Caisse des écoles du 7e, graphie abrégée"
CAISSE DES ECOLES DU 7EME ARRONDISS,CAISSE DES ECOLES DU 7EME ARRONDISS,jugement,"Caisse des écoles du 7e, graphie abrégée"
CAISSE DES ECOLES DU 8E ARROND,CAISSE DES ECOLES DU 8E ARROND,jugement,Même caisse des écoles du 8e
CAISSE DES ECOLES DU 8E ARRONDISSE,CAISSE DES ECOLES DU 8E ARROND,troncature,nom coupé (« CAISSE DES ECOLES DU 8E ARRONDISSE ») au milieu d'un mot = début de la seule graphie « CAISSE DES ECOLES DU 8E ARRONDISSEM »
CAISSE DES ECOLES DU 8E ARRONDISSEM,CAISSE DES ECOLES DU 8E ARROND,troncature,nom coupé (« CAISSE DES ECOLES DU 8E ARRONDISSE ») au milieu d'un mot = début de la seule graphie « CAISSE DES ECOLES DU 8E ARRONDISSEM »
CAISSE DES ECOLES DU 9E ARRONDISSE,CAISSE DES ECOLES DU 9E ARRONDISSEM,troncature,nom coupé (« CAISSE DES ECOLES DU 9E ARRONDISSE ») au milieu d'un mot = début de la seule graphie « CAISSE DES ECOLES DU 9E ARRONDISSEM »
CAISSE DES ECOLES DU 9E ARRONDISSEM,CAISSE DES ECOLES DU 9E ARRONDISSEM,troncature,nom coupé (« CAISSE DES ECOLES DU 9E ARRONDISSE ») au milieu d'un mot = début de la seule graphie « CAISSE DES ECOLES DU 9E ARRONDISSEM »
CAISSE DES REGLEMENTS PECUNIAIRES,CAISSE DES REGLEMENTS PECUNIAIRES EFFECTUES PAR LES AVOCATS A LA COUR DE PARIS CARPA,normalisation,"mêmes mots une fois accents, ponctuation et articles retirés : « CAISSE REGLEMENTS PECUNIAIRES »"
CAISSE DES REGLEMENTS PECUNIAIRES EFFECTUES PAR LES AVOCATS A LA COUR DE PARIS CARPA,CAISSE DES REGLEMENTS PECUNIAIRES EFFECTUES PAR LES AVOCATS A LA COUR DE PARIS CARPA,jugement,"CARPA, même montant, noms abrégés du même organisme"
CAISSE REGLEMENT PECUNIAIRES CARPA,CAISSE DES REGLEMENTS PECUNIAIRES EFFECTUES PAR LES AVOCATS A LA COUR DE PARIS CARPA,jugement,CARPA = Caisse des règlements pécuniaires des avocats ; montants identiques d'une année à l'autre
CAISSE REGLEMENTS PECUNIAIRES,CAISSE DES REGLEMENTS PECUNIAIRES EFFECTUES PAR LES AVOCATS A LA COUR DE PARIS CARPA,normalisation,"mêmes mots une fois accents, ponctuation et articles retirés : « CAISSE REGLEMENTS PECUNIAIRES »"
CAISSE DES ECOLES DU 12 E ARRONDISSE,CAISSE ECOLES 12 EME ARRON PARIS,jugement,"Caisse des écoles du 12e, graphies abrégées"
CAISSE DES ECOLES DU 12 EME ARRON PARIS,CAISSE ECOLES 12 EME ARRON PARIS,normalisation,"mêmes mots une fois accents, ponctuation et articles retirés : « CAISSE ECOLES 12 EME ARRON PARIS »"
CAISSE ECOLES 12 EME ARRON PARIS,CAISSE ECOLES 12 EME ARRON PARIS,normalisation,"mêmes mots une fois accents, ponctuation et articles retirés : « CAISSE ECOLES 12 EME ARRON PARIS »"
CAISSE DES ECOLES DU 16 E ARRONDISSE,CAISSE ECOLES 16 EME ARRON PARIS,jugement,"Caisse des écoles du 16e, graphie abrégée"
CAISSE ECOLES 16 EME ARRON PARIS,CAISSE ECOLES 16 EME ARRON PARIS,jugement,"Caisse des écoles du 16e, graphie abrégée"
CAISSE DES ECOLES DU 19 E ARRONDISSE,CAISSE ECOLES 19 EME ARRON PARIS,jugement,"Caisse des écoles du 19e, graphies abrégées"
CAISSE DES ECOLES DU 19 EME ARRON PARIS,CAISSE ECOLES 19 EME ARRON PARIS,normalisation,"mêmes mots une fois accents, ponctuation et articles retirés : « CAISSE ECOLES 19 EME ARRON PARIS »"
CAISSE ECOLES 19 EME ARRON PARIS,CAISSE ECOLES 19 EME ARRON PARIS,normalisation,"mêmes mots une fois accents, ponctuation et articles retirés : « CAISSE ECOLES 19 EME ARRON PARIS »"
CAISSE DES ECOLES DU 1ER ARR PARIS,CAISSE ECOLES 1ER ARR PARIS,normalisation,"mêmes mots une fois accents, ponctuation et articles retirés : « CAISSE ECOLES 1ER ARR PARIS »"
CAISSE DES ECOLES DU 1ER ARRONDISSE,CAISSE ECOLES 1ER ARR PARIS,jugement,"même caisse des écoles du 1er arrondissement, abréviations"
CAISSE ECOLES 1ER ARR PARIS,CAISSE ECOLES 1ER ARR PARIS,normalisation,"mêmes mots une fois accents, ponctuation et articles retirés : « CAISSE ECOLES 1ER ARR PARIS »"
CAISSE ECOLES 1ER ARRONDISSEMENT PA,CAISSE ECOLES 1ER ARR PARIS,jugement,"même caisse des écoles du 1er arrondissement, abréviations"
CAISSE DES ECOLES DU 20 E ARRONDISSE,CAISSE ECOLES 20 EME ARRON PARIS,jugement,"Caisse des écoles du 20e, graphies abrégées"
CAISSE DES ECOLES DU 20 EME ARRON PARIS,CAISSE ECOLES 20 EME ARRON PARIS,normalisation,"mêmes mots une fois accents, ponctuation et articles retirés : « CAISSE ECOLES 20 EME ARRON PARIS »"
CAISSE ECOLES 20 EME ARRON PARIS,CAISSE ECOLES 20 EME ARRON PARIS,normalisation,"mêmes mots une fois accents, ponctuation et articles retirés : « CAISSE ECOLES 20 EME ARRON PARIS »"
CAISSE DES ECOLES DU 4 E ARRONDISSE,CAISSE ECOLES 4 EME ARROND PARIS,jugement,Même caisse des écoles du 4e
CAISSE ECOLES 4 EME ARROND PARIS,CAISSE ECOLES 4 EME ARROND PARIS,jugement,Même caisse des écoles du 4e
CAISSE ECOLES 4 EME ARRONDISSEMENT,CAISSE ECOLES 4 EME ARROND PARIS,jugement,Même caisse des écoles du 4e
CAISSE EPARGNE ET PREVOYANCE IDF,CAISSE EPARGNE ET PREVOYANCE IDF,normalisation,"mêmes mots une fois accents, ponctuation et articles retirés : « CAISSE EPARGNE PREVOYANCE IDF »"
CAISSE EPARGNE PREVOYANCE ID FRANCE,CAISSE EPARGNE ET PREVOYANCE IDF,jugement,"IDF = ID FRANCE, même caisse"
CAISSE EPARGNE PREVOYANCE IDF,CAISSE EPARGNE ET PREVOYANCE IDF,normalisation,"mêmes mots une fois accents, ponctuation et articles retirés : « CAISSE EPARGNE PREVOYANCE IDF »"
CAMARA OSCURA,CAMARA OSCURA,normalisation,"mêmes mots une fois accents, ponctuation et articles retirés : « CAMARA OSCURA »"
LA CAMARA OSCURA,CAMARA OSCURA,normalisation,"mêmes mots une fois accents, ponctuation et articles retirés : « CAMARA OSCURA »"
CAMILLIENNE,CAMILLIENNE,normalisation,"mêmes mots une fois accents, ponctuation et articles retirés : « CAMILLIENNE »"
LA CAMILLIENNE,CAMILLIENNE,normalisation,"mêmes mots une fois accents, ponctuation et articles retirés : « CAMILLIENNE »"
CAMILLIENNE SPORT 12,CAMILLIENNE SPORT 12,normalisation,"mêmes mots une fois accents, ponctuation et articles retirés : « CAMILLIENNE SPORT 12 »"
LA CAMILLIENNE SPORT 12,CAMILLIENNE SPORT 12,normalisation,"mêmes mots une fois accents, ponctuation et articles retirés : « CAMILLIENNE SPORT 12 »"
CANAUX,CANAUX,normalisation,"mêmes mots une fois accents, ponctuation et articles retirés : « CANAUX »"
LES CANAUX,CANAUX,normalisation,"mêmes mots une fois accents, ponctuation et articles retirés : « CANAUX »"
CANONNIERS DE MENILMONTANT,CANONNIERS DE MENILMONTANT,normalisation,"mêmes mots une fois accents, ponctuation et articles retirés : « CANONNIERS MENILMONTANT »"
LES CANONNIERS DE MENILMONTANT,CANONNIERS DE MENILMONTANT,normalisation,"mêmes mots une fois accents, ponctuation et articles retirés : « CANONNIERS MENILMONTANT »"
CAPUCINE ET PAPILLONS JARDIN,CAPUCINE ET PAPILLONS JARDIN,jugement,"Même nom, l'un coupé ; séries d'années consécutives sans chevauchement."
CAPUCINE ET PAPILLONS JARDIN D ENFA,CAPUCINE ET PAPILLONS JARDIN,jugement,"Même nom, l'un coupé ; séries d'années consécutives sans chevauchement."
CARNETS DE PASSAGE,CARNETS DU PASSAGE,normalisation,"mêmes mots une fois accents, ponctuation et articles retirés : « CARNETS PASSAGE »"
CARNETS DU PASSAGE,CARNETS DU PASSAGE,normalisation,"mêmes mots une fois accents, ponctuation et articles retirés : « CARNETS PASSAGE »"
CARRE DE LA MADELEINE,CARRE DE LA MADELEINE,normalisation,"mêmes mots une fois accents, ponctuation et articles retirés : « CARRE MADELEINE »"
LE CARRE DE LA MADELEINE,CARRE DE LA MADELEINE,normalisation,"mêmes mots une fois accents, ponctuation et articles retirés : « CARRE MADELEINE »"
CARREFOUR 14,CARREFOUR 14E,jugement,"Même nom « Carrefour 14 » avec ou sans « E », exercices complémentaires"
CARREFOUR 14E,CARREFOUR 14E,jugement,"Même nom « Carrefour 14 » avec ou sans « E », exercices complémentaires"
CARTOUCHERIE ATELIER MAISON BLANCHE ASSOCIATION RECHERCHE,CARTOUCHERIE ATELIER MAISON BLANCHE ASSOCIATION RECHERCHE TRADITIONS DE L ACTEUR,jugement,"Même association, fin coupée."
CARTOUCHERIE ATELIER MAISON BLANCHE ASSOCIATION RECHERCHE TRADITIONS DE L ACTEUR,CARTOUCHERIE ATELIER MAISON BLANCHE ASSOCIATION RECHERCHE TRADITIONS DE L ACTEUR,jugement,"Même association, fin coupée."
ASSOCIATION LA CASERNE EPHEMERE,CASERNE EPHEMERE,jugement,"même association, avec ou sans « Association »"
CASERNE EPHEMERE,CASERNE EPHEMERE,normalisation,"mêmes mots une fois accents, ponctuation et articles retirés : « CASERNE EPHEMERE »"
LA CASERNE EPHEMERE,CASERNE EPHEMERE,normalisation,"mêmes mots une fois accents, ponctuation et articles retirés : « CASERNE EPHEMERE »"
CASTOR,CASTOR,normalisation,"mêmes mots une fois accents, ponctuation et articles retirés : « CASTOR »"
LE CASTOR,CASTOR,normalisation,"mêmes mots une fois accents, ponctuation et articles retirés : « CASTOR »"
CCI REGION PARIS IDF,CCI REGION PARIS ILE DE FRANCE,jugement,"CCI Région Paris Île-de-France, IDF abrégé."
CCI REGION PARIS ILE DE FRANCE,CCI REGION PARIS ILE DE FRANCE,normalisation,"mêmes mots une fois accents, ponctuation et articles retirés : « CCI REGION PARIS ILE FRANCE »"
CCI REGION PARIS ILE FRANCE,CCI REGION PARIS ILE DE FRANCE,normalisation,"mêmes mots une fois accents, ponctuation et articles retirés : « CCI REGION PARIS ILE FRANCE »"
CENT ATELIER EN COMMUN,CENT ATELIER EN COMMUN,normalisation,"mêmes mots une fois accents, ponctuation et articles retirés : « CENT ATELIER EN COMMUN »"
LE CENT ATELIER EN COMMUN,CENT ATELIER EN COMMUN,normalisation,"mêmes mots une fois accents, ponctuation et articles retirés : « CENT ATELIER EN COMMUN »"
CENTRE ACCUEIL MEDIC REINSER,CENTRE ACCUEIL MEDIC REINSER,jugement,"même centre d'accueil médical et de réinsertion, abrégé et coupé"
CENTRE ACCUEIL MEDIC REINSER ECON E,CENTRE ACCUEIL MEDIC REINSER,jugement,même intitulé abrégé
CTRE ACCU MEDIC REINSER ECON ET SOC,CENTRE ACCUEIL MEDIC REINSER,jugement,"même centre d'accueil médical et de réinsertion, abrégé et coupé"
CENTRE ANIMATION JEUNESSE PROMOSPOR,CENTRE ANIMATION JEUNESSE PROMOSPOR,jugement,"même nom, tiret en moins"
CENTRE ANIMATION JEUNESSEPROMOSPOR,CENTRE ANIMATION JEUNESSE PROMOSPOR,jugement,"même nom, tiret en moins"
CENTRE ACTION SOCIALE VILLE PARIS,CENTRE D ACTION SOCIALE DE LA VILLE DE PARIS,normalisation,"mêmes mots une fois accents, ponctuation et articles retirés : « CENTRE ACTION SOCIALE VILLE PARIS »"
CENTRE D ACTION SOCIALE DE LA VILLE DE PARIS,CENTRE D ACTION SOCIALE DE LA VILLE DE PARIS,normalisation,"mêmes mots une fois accents, ponctuation et articles retirés : « CENTRE ACTION SOCIALE VILLE PARIS »"
CENTRE D ACTION SOCIALE DE LA VILLE DE PARIS CASVP,CENTRE D ACTION SOCIALE DE LA VILLE DE PARIS,jugement,"CASVP = Centre d'action social de la Ville de Paris, nom tronqué"
CTRE D ACTION SOCIALE DE VILLE DE P,CENTRE D ACTION SOCIALE DE LA VILLE DE PARIS,jugement,"CASVP : graphie tronquée à 35 caractères, exercices 2010-2012 puis 2013+ sans recouvrement"
CENTRE D ACTION SOCIALE PROTESTANT,CENTRE D ACTION SOCIALE PROTESTANT CASP,jugement,"CASP, sigle ajouté"
CENTRE D ACTION SOCIALE PROTESTANT CASP,CENTRE D ACTION SOCIALE PROTESTANT CASP,jugement,"CASP, sigle ajouté"
CENTRE D ACTION SOCIALE PROTESTANT OEUVRE DE SECOURS AUX ENFANTS,CENTRE D ACTION SOCIALE PROTESTANT OEUVRE DE SECOURS AUX ENFANTS,jugement,"même intitulé, graphie Œuvre/OEUVRE"
CENTRE D ACTION SOCIALE PROTESTANT UVRE DE SECOURS AUX ENFANTS,CENTRE D ACTION SOCIALE PROTESTANT OEUVRE DE SECOURS AUX ENFANTS,jugement,"même intitulé, graphie Œuvre/OEUVRE"
CENTRE DES ARTS DE LA SCENE,CENTRE DES ARTS DE LA SCENE,normalisation,"mêmes mots une fois accents, ponctuation et articles retirés : « CENTRE ARTS SCENE »"
CENTRE DES ARTS ET DE LA SCENE,CENTRE DES ARTS DE LA SCENE,normalisation,"mêmes mots une fois accents, ponctuation et articles retirés : « CENTRE ARTS SCENE »"
CENTRE HOSPIT DE MAISON BLANCHE,CENTRE HOSPIT DE MAISON BLANCHE,jugement,"Même centre hospitalier, abrégé"
CENTRE HOSPITALIER DE MAISON BLA,CENTRE HOSPIT DE MAISON BLANCHE,jugement,"Même centre hospitalier, abrégé"
CENTRE HOSPITALIER SAINTE ANNE,CENTRE HOSPITALIER SAINTE ANNE,jugement,"même établissement, nom coupé « PARI »"
CENTRE HOSPITALIER SAINTE ANNE PARI,CENTRE HOSPITALIER SAINTE ANNE,jugement,"même établissement, nom coupé « PARI »"
CENTRE D INFORMATION ET DE DOCUMENTATION JEUNESSE,CENTRE INFORMAT DOCUM JEUNESSE,jugement,"même nom abrégé (CIDJ), même intitulé complet"
CENTRE INFORMAT DOCUM JEUNESSE,CENTRE INFORMAT DOCUM JEUNESSE,jugement,"même nom, abréviations"
CENTRE INFORMATION DOCUMENT JEUNESS,CENTRE INFORMAT DOCUM JEUNESSE,troncature,nom coupé (« CENTRE INFORMATION DOCUMENT JEUNESS ») au milieu d'un mot = début de la seule graphie « CENTRE INFORMATION DOCUMENT JEUNESSE »
CENTRE INFORMATION DOCUMENT JEUNESSE,CENTRE INFORMAT DOCUM JEUNESSE,troncature,nom coupé (« CENTRE INFORMATION DOCUMENT JEUNESS ») au milieu d'un mot = début de la seule graphie « CENTRE INFORMATION DOCUMENT JEUNESSE »
CIDJ,CENTRE INFORMAT DOCUM JEUNESSE,jugement,CIDJ = Centre d'information et de documentation jeunesse
CENTRE GAI ET LESBIEN,CENTRE LESBIEN GAI BI ET TRANS,jugement,"Centre LGBT rebaptisé, années complémentaires"
CENTRE LESBIEN GAI BI ET TRANS,CENTRE LESBIEN GAI BI ET TRANS,jugement,"Centre LGBT rebaptisé, années complémentaires"
CENTRE NATIONAL CHANSON VARIETES JA,CENTRE NATIONAL CHANSON VARIETES JAZZ,troncature,nom coupé (« CENTRE NATIONAL CHANSON VARIETES JA ») au milieu d'un mot = début de la seule graphie « CENTRE NATIONAL CHANSON VARIETES JAZZ »
CENTRE NATIONAL CHANSON VARIETES JAZZ,CENTRE NATIONAL CHANSON VARIETES JAZZ,troncature,nom coupé (« CENTRE NATIONAL CHANSON VARIETES JA ») au milieu d'un mot = début de la seule graphie « CENTRE NATIONAL CHANSON VARIETES JAZZ »
CENTRE PAROISSIAL D INTIATIVES JEUNES OZANAM CEPIJE OZANAM,CENTRE PAROISSIAL D INTIATIVES JEUNES OZANAM CEPIJE OZANAM,jugement,"Même centre paroissial d'initiatives jeunes, graphie abrégée."
CTRE PAROISSIAL INITIATIVES JEUNESS,CENTRE PAROISSIAL D INTIATIVES JEUNES OZANAM CEPIJE OZANAM,jugement,"Même centre paroissial d'initiatives jeunes, graphie abrégée."
CERCLE D AIKIDO PARISIEN LE CAP,CERCLE D AIKIDO PARISIEN LE CAP,normalisation,"mêmes mots une fois accents, ponctuation et articles retirés : « CERCLE AIKIDO PARISIEN CAP »"
LE CERCLE D AIKIDO PARISIEN LE CAP,CERCLE D AIKIDO PARISIEN LE CAP,normalisation,"mêmes mots une fois accents, ponctuation et articles retirés : « CERCLE AIKIDO PARISIEN CAP »"
CERCLE DE LA MONTADE,CERCLE DE LA MONTADE,normalisation,"mêmes mots une fois accents, ponctuation et articles retirés : « CERCLE MONTADE »"
LE CERCLE DE LA MONTADE,CERCLE DE LA MONTADE,normalisation,"mêmes mots une fois accents, ponctuation et articles retirés : « CERCLE MONTADE »"
CERCLE D ETUDE DE LA DEPORTATION ET DE LA SHOAH,CERCLE ETUDE DEPORTATION SHOAH,normalisation,"mêmes mots une fois accents, ponctuation et articles retirés : « CERCLE ETUDE DEPORTATION SHOAH »"
CERCLE ETUDE DEPORTATION SHOAH,CERCLE ETUDE DEPORTATION SHOAH,normalisation,"mêmes mots une fois accents, ponctuation et articles retirés : « CERCLE ETUDE DEPORTATION SHOAH »"
CERCLE FSER,CERCLE FSER,normalisation,"mêmes mots une fois accents, ponctuation et articles retirés : « CERCLE FSER »"
LE CERCLE FSER,CERCLE FSER,normalisation,"mêmes mots une fois accents, ponctuation et articles retirés : « CERCLE FSER »"
CERCLE GUIMARD,CERCLE GUIMARD,normalisation,"mêmes mots une fois accents, ponctuation et articles retirés : « CERCLE GUIMARD »"
LE CERCLE GUIMARD,CERCLE GUIMARD,normalisation,"mêmes mots une fois accents, ponctuation et articles retirés : « CERCLE GUIMARD »"
CHAMPS DE BOOZ,CHAMPS DE BOOZ,normalisation,"mêmes mots une fois accents, ponctuation et articles retirés : « CHAMPS BOOZ »"
LES CHAMPS DE BOOZ,CHAMPS DE BOOZ,normalisation,"mêmes mots une fois accents, ponctuation et articles retirés : « CHAMPS BOOZ »"
CHAMPS DES POSSIBLES,CHAMPS DES POSSIBLES,normalisation,"mêmes mots une fois accents, ponctuation et articles retirés : « CHAMPS POSSIBLES »"
LES CHAMPS DES POSSIBLES,CHAMPS DES POSSIBLES,normalisation,"mêmes mots une fois accents, ponctuation et articles retirés : « CHAMPS POSSIBLES »"
CHANCE POUR LA DIVERSITE,CHANCE POUR LA DIVERSITE,normalisation,"mêmes mots une fois accents, ponctuation et articles retirés : « CHANCE POUR DIVERSITE »"
LA CHANCE POUR LA DIVERSITE,CHANCE POUR LA DIVERSITE,normalisation,"mêmes mots une fois accents, ponctuation et articles retirés : « CHANCE POUR DIVERSITE »"
CHANT DES CHAPEAUX,CHANT DES CHAPEAUX,normalisation,"mêmes mots une fois accents, ponctuation et articles retirés : « CHANT CHAPEAUX »"
LE CHANT DES CHAPEAUX,CHANT DES CHAPEAUX,normalisation,"mêmes mots une fois accents, ponctuation et articles retirés : « CHANT CHAPEAUX »"
CHAPITRE 2,CHAPITRE 2,jugement,"Même SIREN 882684780, années successives (renommage)."
TIRELIRES D AVENIR,CHAPITRE 2,jugement,"Même SIREN 882684780, années successives (renommage)."
CHARTE,CHARTE,normalisation,"mêmes mots une fois accents, ponctuation et articles retirés : « CHARTE »"
LA CHARTE,CHARTE,normalisation,"mêmes mots une fois accents, ponctuation et articles retirés : « CHARTE »"
CHAUSSETTES ORPHELINES,CHAUSSETTES SOLIDAIRES,jugement,Même SIREN 498803972 et mot commun : changement de nom.
CHAUSSETTES SOLIDAIRES,CHAUSSETTES SOLIDAIRES,jugement,Même SIREN 498803972 et mot commun : changement de nom.
CHEMINS DE LA DANSE,CHEMINS DE LA DANSE,normalisation,"mêmes mots une fois accents, ponctuation et articles retirés : « CHEMINS DANSE »"
LES CHEMINS DE LA DANSE,CHEMINS DE LA DANSE,normalisation,"mêmes mots une fois accents, ponctuation et articles retirés : « CHEMINS DANSE »"
CHENE ET L HIBISCUS,CHENE ET L HIBISCUS,normalisation,"mêmes mots une fois accents, ponctuation et articles retirés : « CHENE HIBISCUS »"
LE CHENE ET L HIBISCUS,CHENE ET L HIBISCUS,normalisation,"mêmes mots une fois accents, ponctuation et articles retirés : « CHENE HIBISCUS »"
CHIEN QUI ABOIE EL PERRO QUE,CHIEN QUI ABOIE EL PERRO QUE,normalisation,"mêmes mots une fois accents, ponctuation et articles retirés : « CHIEN QUI ABOIE EL PERRO QUE »"
LE CHIEN QUI ABOIE EL PERRO QUE,CHIEN QUI ABOIE EL PERRO QUE,normalisation,"mêmes mots une fois accents, ponctuation et articles retirés : « CHIEN QUI ABOIE EL PERRO QUE »"
CHOEUR POLYSONS,CHOEUR POLYSONS,normalisation,"mêmes mots une fois accents, ponctuation et articles retirés : « CHOEUR POLYSONS »"
LE CHOEUR POLYSONS,CHOEUR POLYSONS,normalisation,"mêmes mots une fois accents, ponctuation et articles retirés : « CHOEUR POLYSONS »"
CHORBA,CHORBA,normalisation,"mêmes mots une fois accents, ponctuation et articles retirés : « CHORBA »"
LA CHORBA,CHORBA,normalisation,"mêmes mots une fois accents, ponctuation et articles retirés : « CHORBA »"
CHOUINE,CHOUINE,normalisation,"mêmes mots une fois accents, ponctuation et articles retirés : « CHOUINE »"
LA CHOUINE,CHOUINE,normalisation,"mêmes mots une fois accents, ponctuation et articles retirés : « CHOUINE »"
ASS CIE ALOUETTE ACM BALLET THEAT,CIE ALOUETTE ACM BALLET THEAT,jugement,"même nom, ASS/ASSOCIATION"
ASSOCIATION CIE ALOUETTE ACM BALLET THEAT,CIE ALOUETTE ACM BALLET THEAT,jugement,"même nom, ASS/ASSOCIATION"
CIE ALOUETTE ACM BALLET THEAT,CIE ALOUETTE ACM BALLET THEAT,jugement,"même nom, ASS/sans"
CIE BOUCHE A BOUCHE,CIE BOUCHE A BOUCHE,jugement,"Même compagnie ; le nom du metteur en scène est ajouté, années contiguës 2013/2014."
CIE BOUCHE A BOUCHE C HUBEAU,CIE BOUCHE A BOUCHE,jugement,"Même compagnie ; le nom du metteur en scène est ajouté, années contiguës 2013/2014."
COMPAGNIE BOUCHE A BOUCHE,CIE BOUCHE A BOUCHE,jugement,"CIE = COMPAGNIE, même nom."
ASSOCIATION CIE GRAINES DE SOLEIL,CIE GRAINES DE SOLEIL,jugement,"« ASSOCIATION » devant, même nom, séries complémentaires"
CIE GRAINES DE SOLEIL,CIE GRAINES DE SOLEIL,jugement,"« ASSOCIATION » devant, même nom, séries complémentaires"
CIE MPDA,CIE MPDA,jugement,"même SIREN, CIE MPDA = Compagnie Manque pas d'airs"
COMPAGNIE MANQUE PAS D AIRS,CIE MPDA,jugement,"même SIREN, CIE MPDA = Compagnie Manque pas d'airs"
COMPAGNIE MPDA,CIE MPDA,jugement,"CIE = COMPAGNIE, même SIREN que MPDA"
CIMADE SERVICE OECUMENIQUE D ENTR,CIMADE SERVICE OECUMENIQUE ENTRAIDE,jugement,"Cimade, même nom, l'un tronqué."
CIMADE SERVICE OECUMENIQUE ENTRAIDE,CIMADE SERVICE OECUMENIQUE ENTRAIDE,jugement,"Cimade, même nom sans espace."
CIMADESERVICE OECUMENIQUE ENTRAIDE,CIMADE SERVICE OECUMENIQUE ENTRAIDE,jugement,"Cimade, même nom sans espace."
ASS DES CINEMAS INDEPENDANTS PARISI,CINEMAS INDEPENDANTS PARISIENS,jugement,PARISI est la troncature de PARISIENS
CINEMAS INDEPENDANTS PARISIENS,CINEMAS INDEPENDANTS PARISIENS,jugement,PARISI est la troncature de PARISIENS
CINQ PARNASSIENS,CINQ PARNASSIENS,normalisation,"mêmes mots une fois accents, ponctuation et articles retirés : « CINQ PARNASSIENS »"
LES CINQ PARNASSIENS,CINQ PARNASSIENS,normalisation,"mêmes mots une fois accents, ponctuation et articles retirés : « CINQ PARNASSIENS »"
CITE DE LA MUSIQUE,CITE DE LA MUSIQUE,normalisation,"mêmes mots une fois accents, ponctuation et articles retirés : « CITE MUSIQUE »"
LA CITE DE LA MUSIQUE,CITE DE LA MUSIQUE,normalisation,"mêmes mots une fois accents, ponctuation et articles retirés : « CITE MUSIQUE »"
CITE DU DEVELOPPEMENT DURABLE,CITE DU DEVELOPPEMENT DURABLE,normalisation,"mêmes mots une fois accents, ponctuation et articles retirés : « CITE DEVELOPPEMENT DURABLE »"
LA CITE DU DEVELOPPEMENT DURABLE,CITE DU DEVELOPPEMENT DURABLE,normalisation,"mêmes mots une fois accents, ponctuation et articles retirés : « CITE DEVELOPPEMENT DURABLE »"
CITE INTERNAT UNIVERSIT DE PARIS,CITE INTERNAT UNIVERSIT DE PARIS,jugement,"Cité internationale universitaire de Paris, graphies tronquées"
CITE INTERNATION UNIVERSITAIRE DE P,CITE INTERNAT UNIVERSIT DE PARIS,jugement,"Cité internationale universitaire de Paris, graphies tronquées"
CITE S HISTORIQUE ARCHEOLOGIQUE,CITE S HISTORIQUE ARCHEOLOGIQUE,normalisation,"mêmes mots une fois accents, ponctuation et articles retirés : « CITE S HISTORIQUE ARCHEOLOGIQUE »"
LA CITE S HISTORIQUE ARCHEOLOGIQUE,CITE S HISTORIQUE ARCHEOLOGIQUE,normalisation,"mêmes mots une fois accents, ponctuation et articles retirés : « CITE S HISTORIQUE ARCHEOLOGIQUE »"
ASS DES CITES DU SECOURS CATHOLIQUE,CITES CARITAS,jugement,"même nom, ASS/ASSOCIATION"
ASSOCIATION DES CITES DU SECOURS CATHOLIQUE,CITES CARITAS,jugement,"même nom, ASS/ASSOCIATION"
CITES CARITAS,CITES CARITAS,jugement,même SIREN 353305238 ; Cités Caritas est la dénomination de l'association
CITHEA FAM PRO CTR INTERV THERAP AC,CITHEA FAMILLE ET PROFESSIONNEL,jugement,"CITHEA Famille et Professionnel, graphie abrégée puis complète, années consécutives"
CITHEA FAMILLE ET PROFESSIONNEL,CITHEA FAMILLE ET PROFESSIONNEL,jugement,"CITHEA Famille et Professionnel, graphie abrégée puis complète, années consécutives"
ASSOCIATION CITOYENNES INTERCULTURELLES,CITOYENNES INTERCULTURELLES DE PARIS 20EME,jugement,"Même nom, « ASSOCIATION » en tête, nom coupé à 35 caractères."
CITOY INTERCULTURELLES PARIS 20EME,CITOYENNES INTERCULTURELLES DE PARIS 20EME,jugement,"CITOY = Citoyennes, 20EME en plus"
CITOYENNES INTERCULTURELLES DE PARI,CITOYENNES INTERCULTURELLES DE PARIS 20EME,troncature,nom coupé (« CITOYENNES INTERCULTURELLES DE PARI ») au milieu d'un mot = début de la seule graphie « CITOYENNES INTERCULTURELLES DE PARIS 20EME »
CITOYENNES INTERCULTURELLES DE PARIS 20EME,CITOYENNES INTERCULTURELLES DE PARIS 20EME,troncature,nom coupé (« CITOYENNES INTERCULTURELLES DE PARI ») au milieu d'un mot = début de la seule graphie « CITOYENNES INTERCULTURELLES DE PARIS 20EME »
CITOYENNES INTERCULTURELLES PARIS,CITOYENNES INTERCULTURELLES DE PARIS 20EME,jugement,Même nom ; « DE PARI » est la coupure de « PARIS ».
CLAIRIERE,CLAIRIERE,normalisation,"mêmes mots une fois accents, ponctuation et articles retirés : « CLAIRIERE »"
LA CLAIRIERE,CLAIRIERE,normalisation,"mêmes mots une fois accents, ponctuation et articles retirés : « CLAIRIERE »"
CLAJE,CLAJE,jugement,CLAJE = sigle de Culture Loisir Animation Jeunes Educat.
CULTURE LOISIR ANIMATION JEU EDUCAT,CLAJE,jugement,CLAJE = sigle de Culture Loisir Animation Jeunes Educat.
CLOCHE,CLOCHE,normalisation,"mêmes mots une fois accents, ponctuation et articles retirés : « CLOCHE »"
LA CLOCHE,CLOCHE,normalisation,"mêmes mots une fois accents, ponctuation et articles retirés : « CLOCHE »"
CLUB ALPIN FRANCAIS IDF,CLUB ALPIN FRANCAIS IDF,jugement,"IDF = Île-de-France, même Club alpin français"
CLUB ALPIN FRANCAIS ILE DE FRANCE,CLUB ALPIN FRANCAIS IDF,jugement,"IDF = Île-de-France, même Club alpin français"
CLUB DE NATATION DES EPINETTES,CLUB DE NATATION DES EPINETTES,jugement,"même club, « DE PARIS » ajouté"
CLUB DE NATATION DES EPINETTES CNEP,CLUB DE NATATION DES EPINETTES,jugement,"même club, sigle CNEP ajouté"
CLUB DE NATATION DES EPINETTES DE PARIS,CLUB DE NATATION DES EPINETTES,jugement,"même club, « DE PARIS » ajouté"
CLUB DES NAIADES,CLUB DES NAIADES,normalisation,"mêmes mots une fois accents, ponctuation et articles retirés : « CLUB NAIADES »"
LE CLUB DES NAIADES,CLUB DES NAIADES,normalisation,"mêmes mots une fois accents, ponctuation et articles retirés : « CLUB NAIADES »"
CLUB SPORTIF DU MINISTERE DES FINAN,CLUB SPORTIF DU MINISTERE DES FINAN,jugement,"même nom, « DU » omis"
CLUB SPORTIF MINISTERE DES FINANCES,CLUB SPORTIF DU MINISTERE DES FINAN,jugement,"même nom, « DU » omis"
CLUB SPORTIF MULTISPORT 20,CLUB SPORTIF MULTISPORT 20,normalisation,"mêmes mots une fois accents, ponctuation et articles retirés : « CLUB SPORTIF MULTISPORT 20 »"
CLUB SPORTIF MULTISPORT DU 20,CLUB SPORTIF MULTISPORT 20,normalisation,"mêmes mots une fois accents, ponctuation et articles retirés : « CLUB SPORTIF MULTISPORT 20 »"
CNAM,CNAM,jugement,CNAM est le sigle du Conservatoire national des arts et métiers
CONSERVATOIRE NATIONAL ARTS ET METI,CNAM,jugement,CNAM est le sigle du Conservatoire national des arts et métiers
CNRS,CNRS,jugement,CNRS = Centre national de la recherche scientifique
CTRE NAT DE LA RECHER SCIENTIFIQUE,CNRS,jugement,"CNRS, graphies abrégées"
CTRE NAT DE LA RECHERCHE SCIENTIF,CNRS,jugement,"Même graphie CNRS, un caractère de différence de coupure"
CTRE NAT DE LA RECHERCHE SCIENTIFIQ,CNRS,jugement,"Même graphie CNRS, un caractère de différence de coupure"
CTRE NATION RECHERCHE SCIENTIFIQUE,CNRS,jugement,"CNRS, graphies abrégées"
COCKTAIL CARAIBES,COCKTAIL CARAÏBES,normalisation,"mêmes mots une fois accents, ponctuation et articles retirés : « COCKTAIL CARAIBES »"
COCKTAIL CARAÏBES,COCKTAIL CARAÏBES,normalisation,"mêmes mots une fois accents, ponctuation et articles retirés : « COCKTAIL CARAIBES »"
COLLECT ACCIDEN TRAVAIL HANDI RETR,COLLECT ACCIDEN TRAVAIL HANDI RETR,jugement,"même intitulé abrégé, série continue 2023→2024"
COLLECTIF ACCIDENT TRAVAIL HANDICAP,COLLECT ACCIDEN TRAVAIL HANDI RETR,jugement,"même intitulé abrégé, série continue 2023→2024"
COLLECT CULTURE BAR BARS PARIS IDF,COLLECTIF CULTUR BAR BARS PARIS IDF,jugement,"Collectif Culture Bar-Bars Paris/IDF, abréviation de « Collectif »"
COLLECT CULTURE BARBARS PARIS IDF,COLLECTIF CULTUR BAR BARS PARIS IDF,jugement,"Collectif Culture Bar-Bars, écriture attachée ou séparée"
COLLECTIF CULTUR BAR BARS PARIS IDF,COLLECTIF CULTUR BAR BARS PARIS IDF,jugement,"Collectif Culture Bar-Bars Paris/IDF, abréviation de « Collectif »"
COLLECTIF D ANIMATION SOCIO CULTURE,COLLECTIF D ANIMATION SOCIO CULTURE,jugement,"Même nom coupé, SOCIO CULTURE / SOCIOCULTUREL"
COLLECTIF D ANIMATION SOCIOCULTUREL,COLLECTIF D ANIMATION SOCIO CULTURE,jugement,"Même nom coupé, SOCIO CULTURE / SOCIOCULTUREL"
ASS COLLECTIF ENFANTS PARENTS REGIO,COLLECTIF ENFANTS PARENTS REGIO,jugement,"Même nom, ASS abrégé"
ASSOCIATION COLLECTIF ENFANTS PARENTS REGIO,COLLECTIF ENFANTS PARENTS REGIO,jugement,"Même nom, « ASSOCIATION » en plus"
COLLECTIF ENFANTS PARENTS REGIO,COLLECTIF ENFANTS PARENTS REGIO,jugement,"Même nom, « ASSOCIATION » en plus"
COLLEGE ALAIN FOURNIER,COLLEGE ALAIN FOURNIER,jugement,"même collège, graphie avec ou sans trait d'union"
COLLEGE ALAINFOURNIER,COLLEGE ALAIN FOURNIER,jugement,"même collège, graphie avec ou sans trait d'union"
COLLEGE GEORGES CLEMENCEAU,COLLEGE GEORGES CLEMENCEAU,normalisation,"mêmes mots une fois accents, ponctuation et articles retirés : « COLLEGE GEORGES CLEMENCEAU »"
DU COLLEGE GEORGES CLEMENCEAU,COLLEGE GEORGES CLEMENCEAU,normalisation,"mêmes mots une fois accents, ponctuation et articles retirés : « COLLEGE GEORGES CLEMENCEAU »"
COLLEGE INTERNATIONAL DE PHILOSOPHI,COLLEGE INTERNATIONAL DE PHILOSOPHIE,troncature,nom coupé (« COLLEGE INTERNATIONAL DE PHILOSOPHI ») au milieu d'un mot = début de la seule graphie « COLLEGE INTERNATIONAL DE PHILOSOPHIE »
COLLEGE INTERNATIONAL DE PHILOSOPHIE,COLLEGE INTERNATIONAL DE PHILOSOPHIE,troncature,nom coupé (« COLLEGE INTERNATIONAL DE PHILOSOPHI ») au milieu d'un mot = début de la seule graphie « COLLEGE INTERNATIONAL DE PHILOSOPHIE »
COLLEGE JEAN BAPTISTE CLEMENT,COLLEGE JEAN BAPTISTE CLEMENT,jugement,"même collège, trait d'union perdu"
COLLEGE JEANBAPTISTECLEMENT,COLLEGE JEAN BAPTISTE CLEMENT,jugement,"même collège, trait d'union perdu"
COLLEGE JEAN BAPTISTE POQUELIN,COLLEGE JEAN BAPTISTE POQUELIN,jugement,"même collège, graphie du trait d'union"
COLLEGE JEANBAPTISTE POQUELIN,COLLEGE JEAN BAPTISTE POQUELIN,jugement,"même collège, graphie du trait d'union"
COLLEGE JEAN FRANCOIS OEBEN,COLLEGE JEAN FRANCOIS OEBEN,jugement,"Faute de frappe (JEANFRANCOIS), année 2023 manquante dans l'autre série"
COLLEGE JEANFRANCOIS OEBEN,COLLEGE JEAN FRANCOIS OEBEN,jugement,"Faute de frappe (JEANFRANCOIS), année 2023 manquante dans l'autre série"
COLLEGE MAURICE UTRILLO,COLLEGE MAURICE UTRILLO,jugement,"Faute de frappe (MAURICEUTRILLO), année 2023 manquante dans l'autre série"
COLLEGE MAURICEUTRILLO,COLLEGE MAURICE UTRILLO,jugement,"Faute de frappe (MAURICEUTRILLO), année 2023 manquante dans l'autre série"
COLLEGE SAINT EXUPERY,COLLEGE SAINT EXUPERY,jugement,"même collège, trait d'union perdu"
COLLEGE SAINTEXUPERY,COLLEGE SAINT EXUPERY,jugement,"même collège, trait d'union perdu"
COLLEGE STEPHANE MALLARME,COLLEGE STEPHANE MALLARME,normalisation,"mêmes mots une fois accents, ponctuation et articles retirés : « COLLEGE STEPHANE MALLARME »"
COLLÈGE STÉPHANE MALLARME,COLLEGE STEPHANE MALLARME,normalisation,"mêmes mots une fois accents, ponctuation et articles retirés : « COLLEGE STEPHANE MALLARME »"
COLOMBES DE BERCY,COLOMBES DE BERCY,normalisation,"mêmes mots une fois accents, ponctuation et articles retirés : « COLOMBES BERCY »"
LES COLOMBES DE BERCY,COLOMBES DE BERCY,normalisation,"mêmes mots une fois accents, ponctuation et articles retirés : « COLOMBES BERCY »"
COLS VERTS,COLS VERTS,normalisation,"mêmes mots une fois accents, ponctuation et articles retirés : « COLS VERTS »"
LES COLS VERTS,COLS VERTS,normalisation,"mêmes mots une fois accents, ponctuation et articles retirés : « COLS VERTS »"
COM ART PREST SCE PRO LIB CAUMARTIN,COM ART PREST SCE PROF LIB R CAUMAR,jugement,"Même nom abrégé différemment (PRO/PROF, coupe)."
COM ART PREST SCE PROF LIB R CAUMAR,COM ART PREST SCE PROF LIB R CAUMAR,jugement,"Même nom abrégé différemment (PRO/PROF, coupe)."
COM ET ART DE LA JONQUIERE,COM ET ART DE LA JONQUIERE,jugement,COM./ART. abréviations de Commerçants et Artisans de la Jonquière
COMMERCANTS ET ARTISANS DE LA JONQU,COM ET ART DE LA JONQUIERE,jugement,COM./ART. abréviations de Commerçants et Artisans de la Jonquière
COMMERCTS ET ARTIS DE LA JONQUIERE,COM ET ART DE LA JONQUIERE,jugement,"même nom coupé/abrégé, montant constant 8 300 €"
COMEDE COMITE POUR LA SANTE DES EXILES,COMEDE COMITE POUR LA SANTE DES EXILES,jugement,"même sigle COMEDE, mêmes variantes de nom, SIREN sur l'une"
COMEDE COMITE SANTE DES EXILES,COMEDE COMITE POUR LA SANTE DES EXILES,normalisation,"mêmes mots une fois accents, ponctuation et articles retirés : « COMEDE COMITE SANTE EXILES »"
LE COMEDE COMITE SANTE DES EXILES,COMEDE COMITE POUR LA SANTE DES EXILES,normalisation,"mêmes mots une fois accents, ponctuation et articles retirés : « COMEDE COMITE SANTE EXILES »"
COMEDIE DES ANGES,COMEDIE DES ANGES,normalisation,"mêmes mots une fois accents, ponctuation et articles retirés : « COMEDIE ANGES »"
LA COMEDIE DES ANGES,COMEDIE DES ANGES,normalisation,"mêmes mots une fois accents, ponctuation et articles retirés : « COMEDIE ANGES »"
COMEDIE ITALIENNE,COMEDIE ITALIENNE,normalisation,"mêmes mots une fois accents, ponctuation et articles retirés : « COMEDIE ITALIENNE »"
LA COMEDIE ITALIENNE,COMEDIE ITALIENNE,normalisation,"mêmes mots une fois accents, ponctuation et articles retirés : « COMEDIE ITALIENNE »"
COMITE CHAMPS ELYSEES,COMITE CHAMPS ELYSEES,normalisation,"mêmes mots une fois accents, ponctuation et articles retirés : « COMITE CHAMPS ELYSEES »"
COMITE DES CHAMPS ELYSEES,COMITE CHAMPS ELYSEES,normalisation,"mêmes mots une fois accents, ponctuation et articles retirés : « COMITE CHAMPS ELYSEES »"
COMITE DE PARIS DE TENNIS,COMITE DE PARIS DE TENNIS,normalisation,"mêmes mots une fois accents, ponctuation et articles retirés : « COMITE PARIS TENNIS »"
COMITE DE PARIS TENNIS,COMITE DE PARIS DE TENNIS,normalisation,"mêmes mots une fois accents, ponctuation et articles retirés : « COMITE PARIS TENNIS »"
COMITE DEPART BADMINTON PARIS,COMITE DEPART BADMINTON PARIS,jugement,"comité départemental badminton Paris, abrégé"
CTE DEP DE BADMINTON PARIS,COMITE DEPART BADMINTON PARIS,jugement,"comité départemental badminton Paris, abrégé"
COMITE DEPARTEM SPORT ADAPTE PARIS,COMITE DEPARTEM SPORT ADAPTE PARIS,jugement,"Même comité départemental du sport adapté de Paris, nom coupé à 35 caractères, exercices complémentaires."
COMITE DEPARTEMENTAL SPORT ADAPTE P,COMITE DEPARTEM SPORT ADAPTE PARIS,jugement,"Même comité départemental du sport adapté de Paris, nom coupé à 35 caractères, exercices complémentaires."
COMITE DEPARTEMENT D ATHLETISM DE P,COMITE DEPARTEMENT D ATHLETISME,jugement,"Même nom, troncature."
COMITE DEPARTEMENT D ATHLETISME,COMITE DEPARTEMENT D ATHLETISME,jugement,"Même comité, graphie abrégée."
COMITE DEPARTEMENTAL D ATHLETISME DE PARIS,COMITE DEPARTEMENT D ATHLETISME,jugement,"Même comité, graphie abrégée."
COMITE DEPARTEMENTAL CYCLOTOURISME,COMITE DEPT CYCLOTOURISME,jugement,"Même nom, DEPT/DEPARTEMENTAL."
COMITE DEPT CYCLOTOURISME,COMITE DEPT CYCLOTOURISME,jugement,"Même nom, DEPT/DEPARTEMENTAL."
COMITE DES FAMILLES,COMITE DES FAMILLES,normalisation,"mêmes mots une fois accents, ponctuation et articles retirés : « COMITE FAMILLES »"
LE COMITE DES FAMILLES,COMITE DES FAMILLES,normalisation,"mêmes mots une fois accents, ponctuation et articles retirés : « COMITE FAMILLES »"
COMITE DES FETES ET DES OEUVRES SOC,COMITE DES FETES ET DES OEUVRES SOCIALES D 71 AV HENRI MARTIN,troncature,nom coupé (« COMITE DES FETES ET DES OEUVRES SOC ») au milieu d'un mot = début de la seule graphie « COMITE DES FETES ET DES OEUVRES SOCIALES D 71 AV HENRI MARTIN »
COMITE DES FETES ET DES OEUVRES SOCIALES D 71 AV HENRI MARTIN,COMITE DES FETES ET DES OEUVRES SOCIALES D 71 AV HENRI MARTIN,troncature,nom coupé (« COMITE DES FETES ET DES OEUVRES SOC ») au milieu d'un mot = début de la seule graphie « COMITE DES FETES ET DES OEUVRES SOCIALES D 71 AV HENRI MARTIN »
COMITE FETES ET SOLIDARITE DU 13EM,COMITE FETES SOLIDARITE 13EME,jugement,"Même comité, formulation abrégée du 13e"
COMITE FETES SOLIDARITE 13EME,COMITE FETES SOLIDARITE 13EME,jugement,"Même comité, formulation abrégée du 13e"
COMITE MEDICAL POUR LES EXILES,COMITE MEDICAL PR EXILES,jugement,"« PR » = « POUR LES », même comité"
COMITE MEDICAL PR EXILES,COMITE MEDICAL PR EXILES,jugement,"« PR » = « POUR LES », même comité"
COMITE MUNICIPAL DES FETES 10,COMITE MUNICIPAL DES FETES 10,jugement,même comité du 10e
COMITE MUNICIPAL FETES 10 ARR,COMITE MUNICIPAL DES FETES 10,jugement,même comité du 10e
COMITE DES OFFICES MOUVEMENT SPORTIF,COMITE OFFICE MOUV SPORTIF PARIS,jugement,"même comité, « DES » retiré et nom coupé"
COMITE OFFICE MOUV SPORTIF PARIS,COMITE OFFICE MOUV SPORTIF PARIS,jugement,abréviations de Comité des offices du mouvement sportif de Paris
COMITE OFFICES MOUVEMENT SPORTIF PA,COMITE OFFICE MOUV SPORTIF PARIS,jugement,"même comité, « DES » retiré et nom coupé"
ASSOCIATION COMITE QUARTIER LATIN,COMITE QUARTIER LATIN,jugement,"Même nom, « Association » devant ; SIREN sur l'une des graphies"
COMITE QUARTIER LATIN,COMITE QUARTIER LATIN,jugement,"Même nom, « Association » devant ; SIREN sur l'une des graphies"
COMITE DE SAINT GERMAIN DES PRES,COMITE SAINT GERMAIN DES PRES,normalisation,"mêmes mots une fois accents, ponctuation et articles retirés : « COMITE SAINT GERMAIN PRES »"
COMITE SAINT GERMAIN DES PRES,COMITE SAINT GERMAIN DES PRES,normalisation,"mêmes mots une fois accents, ponctuation et articles retirés : « COMITE SAINT GERMAIN PRES »"
COMITE SAINTS PERES,COMITE SAINTS PERES GRENELLE,jugement,"même comité, Grenelle omis en 2010, SIREN sur l'autre"
COMITE SAINTS PERES GRENELLE,COMITE SAINTS PERES GRENELLE,jugement,"même comité, Grenelle omis en 2010, SIREN sur l'autre"
COMITE SAINTSPERES GRENELLE,COMITE SAINTS PERES GRENELLE,jugement,"même nom, trait d'union omis"
ASSO DES COMMERCA DU GROS CAILLOU,COMMERCA DU GROS CAILLOU,jugement,"même nom, ASSO et DES retirés, coupé"
ASSOCIATION DES COMMERCA DU GROS CAILLOU,COMMERCA DU GROS CAILLOU,jugement,ASSO abrégé de ASSOCIATION
COMMERCA DU GROS CAILLOU,COMMERCA DU GROS CAILLOU,jugement,"même nom, ASSO et DES retirés, coupé"
ASS COMMER LE VILLAGE SAINT CHARLES,COMMERCANT VILLAGE ST CHARLES,jugement,"Association des commerçants du village Saint-Charles, abrégée."
ASS COMMERCANT VILLAGE SAINT CHARLE,COMMERCANT VILLAGE ST CHARLES,jugement,"Même nom, « ASS » et « ASSO » abrégés."
ASSO COMMERCANT VILLAGE SAINT CHARL,COMMERCANT VILLAGE ST CHARLES,jugement,"Association des commerçants du village Saint-Charles, abrégée."
ASSO COMMERCANT VILLAGE ST CHARLES,COMMERCANT VILLAGE ST CHARLES,jugement,"Même nom, SAINT / ST CHARLES."
ASSOCIATION COMMERCANT VILLAGE ST CHARLES,COMMERCANT VILLAGE ST CHARLES,jugement,"Même nom, « ASSOCIATION » développé."
COMMERCANT VILLAGE ST CHARLES,COMMERCANT VILLAGE ST CHARLES,jugement,Même nom sans « ASSO ».
ASS DES COMMERCANTS DE LA RUE VIGNO,COMMERCANTS DE LA RUE VIGNON,jugement,même nom avec/sans « ASS DES »
ASSOCIATION DES COMMERCANTS DE LA RUE VIGNO,COMMERCANTS DE LA RUE VIGNON,jugement,"« ASS » = « ASSOCIATION », même nom"
COMMERCANTS DE LA RUE VIGNO,COMMERCANTS DE LA RUE VIGNON,jugement,"même nom, article/préfixe tronqué"
COMMERCANTS DE LA RUE VIGNON,COMMERCANTS DE LA RUE VIGNON,jugement,même nom avec/sans « ASS DES »
ASSO DES COMMERCANTS DU HT MONTMART,COMMERCANTS DU HT MONTMART,jugement,"même nom, ASSO/ASSOCIATION"
ASSOCIATION DES COMMERCANTS DU HT MONTMART,COMMERCANTS DU HT MONTMART,jugement,"même nom, ASSO/ASSOCIATION"
COMMERCANTS DU HT MONTMART,COMMERCANTS DU HT MONTMART,jugement,même nom avec ou sans ASSO
ASSOC COMMERCANTS LECOURBE CAMBRONN,COMMERCANTS LECOURBECAMBRONN,jugement,"Même association, graphie avec adresse en 2012, exercice manquant dans la série de A."
ASSOC COMMERCANTS LECOURBE CAMBRONN 63 RUE LECOURBE,COMMERCANTS LECOURBECAMBRONN,jugement,"Même association, graphie avec adresse en 2012, exercice manquant dans la série de A."
ASSOC COMMERCANTS LECOURBE CAMBRONNE 63 RUE LECOURBE,COMMERCANTS LECOURBECAMBRONN,jugement,"Même association (faute d'orthographe et adresse ajoutée), 2011 comble un trou de la série de A."
ASSOCIATION COMMERCANTS LECOURBE CAMBRONN,COMMERCANTS LECOURBECAMBRONN,jugement,"Même nom, ASSOC développé en ASSOCIATION, 2021 comble un trou de la série."
COMMERCANTS LECOURBECAMBRONN,COMMERCANTS LECOURBECAMBRONN,jugement,"même graphie, trait d'union perdu"
ASS COMMERCANTS LEPIC ABBESSES,COMMERCANTS LEPICABBESSES,normalisation,"mêmes mots une fois accents, ponctuation et articles retirés : « ASS COMMERCANTS LEPIC ABBESSES »"
ASS DES COMMERCANTS LEPIC ABBESSES,COMMERCANTS LEPICABBESSES,normalisation,"mêmes mots une fois accents, ponctuation et articles retirés : « ASS COMMERCANTS LEPIC ABBESSES »"
ASSOCIATION DES COMMERCANTS LEPIC ABBESSES,COMMERCANTS LEPICABBESSES,jugement,"même nom, ASS abrégé"
COMMERCANTS LEPICABBESSES,COMMERCANTS LEPICABBESSES,jugement,"même nom, typographie"
COMMUNAUTE ECOTABLE,COMMUNAUTE ECOTABLE,normalisation,"mêmes mots une fois accents, ponctuation et articles retirés : « COMMUNAUTE ECOTABLE »"
LA COMMUNAUTE ECOTABLE,COMMUNAUTE ECOTABLE,normalisation,"mêmes mots une fois accents, ponctuation et articles retirés : « COMMUNAUTE ECOTABLE »"
COMMUNE LIBRE D ALIGRE,COMMUNE LIBRE D ALIGRE,jugement,"même nom, annexe coupée à 35 caractères"
COMMUNE LIBRE D ALIGRE ASSOC DU QUA,COMMUNE LIBRE D ALIGRE,jugement,"même nom, annexe coupée à 35 caractères"
ASS COMMUNICAT ESPACE REINSERT ALCO,COMMUNICAT ESPACE REINSERT ALCO,jugement,"même nom, ASS = association"
ASSOCIATION COMMUNICAT ESPACE REINSERT ALCO,COMMUNICAT ESPACE REINSERT ALCO,jugement,ASS = ASSOCIATION
COMMUNICAT ESPACE REINSERT ALCO,COMMUNICAT ESPACE REINSERT ALCO,jugement,"même nom, ASS = association"
COMMUNICATION SANS FRONTIERES,COMMUNICATION SANS FRONTIERES,jugement,"CSF = Communication sans frontières, même montant en 2019."
COMMUNICATION SANS FRONTIERES CSF,COMMUNICATION SANS FRONTIERES,jugement,"CSF = Communication sans frontières, même montant en 2019."
COMPAGNIE A L AFFUT,COMPAGNIE A L AFFUT,normalisation,"mêmes mots une fois accents, ponctuation et articles retirés : « COMPAGNIE A AFFUT »"
LA COMPAGNIE A L AFFUT,COMPAGNIE A L AFFUT,normalisation,"mêmes mots une fois accents, ponctuation et articles retirés : « COMPAGNIE A AFFUT »"
COMPAGNIE AVRIL ENCHANTE,COMPAGNIE AVRIL ENCHANTE,siren,"même SIREN 520427402 (dossiers votés), noms proches"
COMPAGNIE AVRIL ENCHANTE C HUBEAU,COMPAGNIE AVRIL ENCHANTE,siren,"même SIREN 520427402 (dossiers votés), noms proches"
COMPAGNIE DES ATTENTIFS,COMPAGNIE DES ATTENTIFS,normalisation,"mêmes mots une fois accents, ponctuation et articles retirés : « COMPAGNIE ATTENTIFS »"
LA COMPAGNIE DES ATTENTIFS,COMPAGNIE DES ATTENTIFS,normalisation,"mêmes mots une fois accents, ponctuation et articles retirés : « COMPAGNIE ATTENTIFS »"
COMPAGNIE DES BAROUDEURS CO DE B,COMPAGNIE DES BAROUDEURS CO DE B,normalisation,"mêmes mots une fois accents, ponctuation et articles retirés : « COMPAGNIE BAROUDEURS CO B »"
LA COMPAGNIE DES BAROUDEURS CO DE B,COMPAGNIE DES BAROUDEURS CO DE B,normalisation,"mêmes mots une fois accents, ponctuation et articles retirés : « COMPAGNIE BAROUDEURS CO B »"
COMPAGNIE DES REVES AYEZ,COMPAGNIE DES REVES AYEZ,normalisation,"mêmes mots une fois accents, ponctuation et articles retirés : « COMPAGNIE REVES AYEZ »"
LA COMPAGNIE DES REVES AYEZ,COMPAGNIE DES REVES AYEZ,normalisation,"mêmes mots une fois accents, ponctuation et articles retirés : « COMPAGNIE REVES AYEZ »"
COMPAGNIE DU LIERRE,COMPAGNIE DU LIERRE,normalisation,"mêmes mots une fois accents, ponctuation et articles retirés : « COMPAGNIE LIERRE »"
LA COMPAGNIE DU LIERRE,COMPAGNIE DU LIERRE,normalisation,"mêmes mots une fois accents, ponctuation et articles retirés : « COMPAGNIE LIERRE »"
COMPAGNIE DU MYSTERE BOUFFE,COMPAGNIE DU MYSTERE BOUFFE,normalisation,"mêmes mots une fois accents, ponctuation et articles retirés : « COMPAGNIE MYSTERE BOUFFE »"
LA COMPAGNIE DU MYSTERE BOUFFE,COMPAGNIE DU MYSTERE BOUFFE,normalisation,"mêmes mots une fois accents, ponctuation et articles retirés : « COMPAGNIE MYSTERE BOUFFE »"
COMPAGNIE GAZELLE,COMPAGNIE GAZELLE,normalisation,"mêmes mots une fois accents, ponctuation et articles retirés : « COMPAGNIE GAZELLE »"
LA COMPAGNIE GAZELLE,COMPAGNIE GAZELLE,normalisation,"mêmes mots une fois accents, ponctuation et articles retirés : « COMPAGNIE GAZELLE »"
COMPAGNIE DE VENT D EST,COMPAGNIE LE VENT D EST,normalisation,"mêmes mots une fois accents, ponctuation et articles retirés : « COMPAGNIE VENT EST »"
COMPAGNIE LE VENT D EST,COMPAGNIE LE VENT D EST,normalisation,"mêmes mots une fois accents, ponctuation et articles retirés : « COMPAGNIE VENT EST »"
ASSOCIATION COMPAGNIE LES REVES FOU,COMPAGNIE LES REVES FOUS,jugement,"même nom, « Association » en tête, nom tronqué"
COMPAGNIE LES REVES FOU,COMPAGNIE LES REVES FOUS,jugement,"même nom, tronqué à 35 caractères"
COMPAGNIE LES REVES FOUS,COMPAGNIE LES REVES FOUS,jugement,"même nom, « Association » en tête, nom tronqué"
COMPAGNIE DE L OCTOGONE,COMPAGNIE OCTOGONE,normalisation,"mêmes mots une fois accents, ponctuation et articles retirés : « COMPAGNIE OCTOGONE »"
COMPAGNIE OCTOGONE,COMPAGNIE OCTOGONE,normalisation,"mêmes mots une fois accents, ponctuation et articles retirés : « COMPAGNIE OCTOGONE »"
COMPAGNIE PAR HAS ARTS,COMPAGNIE PAR HAS ARTS,normalisation,"mêmes mots une fois accents, ponctuation et articles retirés : « COMPAGNIE PAR HAS ARTS »"
LA COMPAGNIE PAR HAS ARTS,COMPAGNIE PAR HAS ARTS,normalisation,"mêmes mots une fois accents, ponctuation et articles retirés : « COMPAGNIE PAR HAS ARTS »"
COMPAGNIE SUSCEPTIBLE,COMPAGNIE SUSCEPTIBLE,normalisation,"mêmes mots une fois accents, ponctuation et articles retirés : « COMPAGNIE SUSCEPTIBLE »"
LA COMPAGNIE SUSCEPTIBLE,COMPAGNIE SUSCEPTIBLE,normalisation,"mêmes mots une fois accents, ponctuation et articles retirés : « COMPAGNIE SUSCEPTIBLE »"
COMPAGNONS DU 8 NOVEMBRE,COMPAGNONS DU 8 NOVEMBRE,normalisation,"mêmes mots une fois accents, ponctuation et articles retirés : « COMPAGNONS 8 NOVEMBRE »"
LES COMPAGNONS DU 8 NOVEMBRE,COMPAGNONS DU 8 NOVEMBRE,normalisation,"mêmes mots une fois accents, ponctuation et articles retirés : « COMPAGNONS 8 NOVEMBRE »"
COMPLICES DE NINA,COMPLICES DE NINA,normalisation,"mêmes mots une fois accents, ponctuation et articles retirés : « COMPLICES NINA »"
LES COMPLICES DE NINA,COMPLICES DE NINA,normalisation,"mêmes mots une fois accents, ponctuation et articles retirés : « COMPLICES NINA »"
CONCERT SPIRITUEL,CONCERT SPIRITUEL,normalisation,"mêmes mots une fois accents, ponctuation et articles retirés : « CONCERT SPIRITUEL »"
LE CONCERT SPIRITUEL,CONCERT SPIRITUEL,normalisation,"mêmes mots une fois accents, ponctuation et articles retirés : « CONCERT SPIRITUEL »"
CONCERTS ROMANTIQUES,CONCERTS ROMANTIQUES,normalisation,"mêmes mots une fois accents, ponctuation et articles retirés : « CONCERTS ROMANTIQUES »"
LES CONCERTS ROMANTIQUES,CONCERTS ROMANTIQUES,normalisation,"mêmes mots une fois accents, ponctuation et articles retirés : « CONCERTS ROMANTIQUES »"
CONCIERGERIE SOLIDAIRE 75,CONCIERGERIE SOLIDAIRE 75,normalisation,"mêmes mots une fois accents, ponctuation et articles retirés : « CONCIERGERIE SOLIDAIRE 75 »"
LA CONCIERGERIE SOLIDAIRE 75,CONCIERGERIE SOLIDAIRE 75,normalisation,"mêmes mots une fois accents, ponctuation et articles retirés : « CONCIERGERIE SOLIDAIRE 75 »"
CONFEDERATION ETUDIANTE,CONFEDERATION ETUDIANTE,normalisation,"mêmes mots une fois accents, ponctuation et articles retirés : « CONFEDERATION ETUDIANTE »"
LA CONFEDERATION ETUDIANTE,CONFEDERATION ETUDIANTE,normalisation,"mêmes mots une fois accents, ponctuation et articles retirés : « CONFEDERATION ETUDIANTE »"
CONFERENCE OLIVAINT,CONFÉRENCE OLIVAINT,normalisation,"mêmes mots une fois accents, ponctuation et articles retirés : « CONFERENCE OLIVAINT »"
CONFÉRENCE OLIVAINT,CONFÉRENCE OLIVAINT,normalisation,"mêmes mots une fois accents, ponctuation et articles retirés : « CONFERENCE OLIVAINT »"
CONSEIL D ARCHITECTURE D URBANISME,CONSEIL D ARCHITECTURE D URBANISME ET DE L ENVIRONNEMENT CAUE,jugement,"CAUE, nom coupé puis complet."
CONSEIL D ARCHITECTURE D URBANISME ET DE L ENVIRONNEMENT CAUE,CONSEIL D ARCHITECTURE D URBANISME ET DE L ENVIRONNEMENT CAUE,jugement,"CAUE, nom coupé puis complet."
CONSEIL DEPARTEMENT PARENTS D ELEVE,CONSEIL DEPARTEMENT PARENTS D ELEVE,jugement,"même nom, article « D » absent"
CONSEIL DEPARTEMENT PARENTS ELEVES,CONSEIL DEPARTEMENT PARENTS D ELEVE,jugement,"même nom, article « D » absent"
CONSEQUENCE,CONSEQUENCE,normalisation,"mêmes mots une fois accents, ponctuation et articles retirés : « CONSEQUENCE »"
LA CONSEQUENCE,CONSEQUENCE,normalisation,"mêmes mots une fois accents, ponctuation et articles retirés : « CONSEQUENCE »"
CONST ARCHITECT URBAIN ENVIRON,CONST ARCHITECT URBAIN ENVIRON,jugement,"même nom, coupé à 35 caractères"
CONST ARCHITECT URBAIN ENVIRONNEMEN,CONST ARCHITECT URBAIN ENVIRON,jugement,"même nom, coupé à 35 caractères"
ASS CONSULTATION LIEU ACCUEIL PSY,CONSULTATION LIEU ACCUEIL PSYCH,jugement,"même nom, ASS abrégé/absent, PSY tronqué"
ASS CONSULTATION LIEU ACCUEIL PSYCH,CONSULTATION LIEU ACCUEIL PSYCH,jugement,"PSY/PSYCH troncature, années successives"
ASSOCIATION CONSULTATION LIEU ACCUEIL PSYCH,CONSULTATION LIEU ACCUEIL PSYCH,jugement,"ASS/ASSOCIATION, années successives"
CONSULTATION LIEU ACCUEIL PSYCH,CONSULTATION LIEU ACCUEIL PSYCH,jugement,"même nom, ASS abrégé/absent, PSY tronqué"
CONSULTATION LIEUD ACCUEILPSYCHANAL,CONSULTATION LIEU ACCUEIL PSYCH,jugement,"même intitulé (psychanalytique), graphies collées, succession d'années"
CONTRE ALLEE,CONTRE ALLEE,normalisation,"mêmes mots une fois accents, ponctuation et articles retirés : « CONTRE ALLEE »"
LA CONTRE ALLEE,CONTRE ALLEE,normalisation,"mêmes mots une fois accents, ponctuation et articles retirés : « CONTRE ALLEE »"
COOL DOUCHE,COOL DOUCHE,normalisation,"mêmes mots une fois accents, ponctuation et articles retirés : « COOL DOUCHE »"
LA COOL DOUCHE,COOL DOUCHE,normalisation,"mêmes mots une fois accents, ponctuation et articles retirés : « COOL DOUCHE »"
COOP ACT EMP COOP LIAIS ARTIST,COOP ACTEMP COOPLIAISARTIST,jugement,"même intitulé de coopérative, ponctuation différente"
COOP ACTEMP COOPLIAISARTIST,COOP ACTEMP COOPLIAISARTIST,jugement,"même intitulé de coopérative, ponctuation différente"
COOP DES COMMUNS,COOP DES COMMUNS,normalisation,"mêmes mots une fois accents, ponctuation et articles retirés : « COOP COMMUNS »"
LA COOP DES COMMUNS,COOP DES COMMUNS,normalisation,"mêmes mots une fois accents, ponctuation et articles retirés : « COOP COMMUNS »"
COOP MIJOTEE,COOP MIJOTEE,normalisation,"mêmes mots une fois accents, ponctuation et articles retirés : « COOP MIJOTEE »"
LA COOP MIJOTEE,COOP MIJOTEE,normalisation,"mêmes mots une fois accents, ponctuation et articles retirés : « COOP MIJOTEE »"
COORD COLLECT PORTUGAISES FRANCE,COORD COLLECT PORTUGAISES FRANCE,jugement,"même nom, abréviations COORD/COORDINATION"
COORDINATION COLLECT PORTUGAISES FR,COORD COLLECT PORTUGAISES FRANCE,jugement,"même nom, abréviations COORD/COORDINATION"
COORDINATION DES BERBERES DE FRANCE,COORDINATION DES BERBERES DE FRANCE CBF,jugement,"Même nom, la seconde graphie ajoute le sigle CBF."
COORDINATION DES BERBERES DE FRANCE CBF,COORDINATION DES BERBERES DE FRANCE CBF,jugement,"Même nom, la seconde graphie ajoute le sigle CBF."
CORVEE,CORVEE,normalisation,"mêmes mots une fois accents, ponctuation et articles retirés : « CORVEE »"
LA CORVEE,CORVEE,normalisation,"mêmes mots une fois accents, ponctuation et articles retirés : « CORVEE »"
COULEURS DE PONT DE FLANDRE,COULEURS DE PONT DE FLANDRE,normalisation,"mêmes mots une fois accents, ponctuation et articles retirés : « COULEURS PONT FLANDRE »"
LES COULEURS DE PONT DE FLANDRE,COULEURS DE PONT DE FLANDRE,normalisation,"mêmes mots une fois accents, ponctuation et articles retirés : « COULEURS PONT FLANDRE »"
ASSOCIATION COUP DE SOLEIL,COUP DE SOLEIL,siren,"même SIREN 384074720 (dossiers votés), noms proches"
COUP DE SOLEIL,COUP DE SOLEIL,siren,"même SIREN 384074720 (dossiers votés), noms proches"
COURT NOUS TIENT,COURT NOUS TIENT,normalisation,"mêmes mots une fois accents, ponctuation et articles retirés : « COURT NOUS TIENT »"
LE COURT NOUS TIENT,COURT NOUS TIENT,normalisation,"mêmes mots une fois accents, ponctuation et articles retirés : « COURT NOUS TIENT »"
CRAMPONS PARISIENS 86,CRAMPONS PARISIENS 86,normalisation,"mêmes mots une fois accents, ponctuation et articles retirés : « CRAMPONS PARISIENS 86 »"
LES CRAMPONS PARISIENS 86,CRAMPONS PARISIENS 86,normalisation,"mêmes mots une fois accents, ponctuation et articles retirés : « CRAMPONS PARISIENS 86 »"
CRAVATE SOLIDARE,CRAVATE SOLIDARE,normalisation,"mêmes mots une fois accents, ponctuation et articles retirés : « CRAVATE SOLIDARE »"
LA CRAVATE SOLIDARE,CRAVATE SOLIDARE,normalisation,"mêmes mots une fois accents, ponctuation et articles retirés : « CRAVATE SOLIDARE »"
ASSOCIATION CREATION SERVICES PARIS,CREATION SERVICES PARIS,jugement,même nom avec ou sans « ASSOCIATION »
CREATION SERVICES PARIS,CREATION SERVICES PARIS,jugement,même nom avec ou sans « ASSOCIATION »
ASS GAN MENAHEM CRECHE HEIKHAL MENA,CRECHE GAN MENAHEM,jugement,"Même crèche Gan Menahem, nom coupé/abrégé, continuité des exercices"
CRECHE GAN MENAHEM,CRECHE GAN MENAHEM,jugement,"Même crèche Gan Menahem, nom coupé/abrégé, continuité des exercices"
CRECHE PARENTALE DU MARAIS,CRECHE PARENTALE DU MARAIS,normalisation,"mêmes mots une fois accents, ponctuation et articles retirés : « CRECHE PARENTALE MARAIS »"
LA CRECHE PARENTALE DU MARAIS,CRECHE PARENTALE DU MARAIS,normalisation,"mêmes mots une fois accents, ponctuation et articles retirés : « CRECHE PARENTALE MARAIS »"
CREDIT LYONNAIS,CREDIT LYONNAIS,normalisation,"mêmes mots une fois accents, ponctuation et articles retirés : « CREDIT LYONNAIS »"
LE CREDIT LYONNAIS,CREDIT LYONNAIS,normalisation,"mêmes mots une fois accents, ponctuation et articles retirés : « CREDIT LYONNAIS »"
CRESUS ILE DE FRANCE,CRESUS ILE DE FRANCE,jugement,"même nom, tirets en moins"
CRESUS ILEDEFRANCE,CRESUS ILE DE FRANCE,jugement,"même nom, tirets en moins"
CRIS DE PARIS,CRIS DE PARIS,normalisation,"mêmes mots une fois accents, ponctuation et articles retirés : « CRIS PARIS »"
LES CRIS DE PARIS,CRIS DE PARIS,normalisation,"mêmes mots une fois accents, ponctuation et articles retirés : « CRIS PARIS »"
CRIS DES VILLES,CRIS DES VILLES,normalisation,"mêmes mots une fois accents, ponctuation et articles retirés : « CRIS VILLES »"
DES CRIS DES VILLES,CRIS DES VILLES,normalisation,"mêmes mots une fois accents, ponctuation et articles retirés : « CRIS VILLES »"
CRL 10,CRL 10,jugement,Même SIREN et même sigle avec ou sans espace.
CRL10,CRL 10,jugement,Même SIREN et même sigle avec ou sans espace.
CROIX ROUGE,CROIX ROUGE FRANCAISE,jugement,"Croix-Rouge française, graphie sans « française »"
CROIX ROUGE FRANCAISE,CROIX ROUGE FRANCAISE,normalisation,"mêmes mots une fois accents, ponctuation et articles retirés : « CROIX ROUGE FRANCAISE »"
LA CROIX ROUGE FRANCAISE,CROIX ROUGE FRANCAISE,normalisation,"mêmes mots une fois accents, ponctuation et articles retirés : « CROIX ROUGE FRANCAISE »"
CTE 17E FED NAL ANC COMB ALG MAR TU,CTE 17E FED NAL ANC COMB ALG MAR TUNI,troncature,nom coupé (« CTE 17E FED NAL ANC COMB ALG MAR TU ») au milieu d'un mot = début de la seule graphie « CTE 17E FED NAL ANC COMB ALG MAR TUNI »
CTE 17E FED NAL ANC COMB ALG MAR TUNI,CTE 17E FED NAL ANC COMB ALG MAR TUNI,troncature,nom coupé (« CTE 17E FED NAL ANC COMB ALG MAR TU ») au milieu d'un mot = début de la seule graphie « CTE 17E FED NAL ANC COMB ALG MAR TUNI »
CTE 18E AR FED NAL ANC COM ALG MAR,CTE 18E AR FED NAL ANC COM ALG MAR TUN,jugement,"Même comité du 18e, TUN coupé."
CTE 18E AR FED NAL ANC COM ALG MAR TUN,CTE 18E AR FED NAL ANC COM ALG MAR TUN,jugement,"Même comité du 18e, TUN coupé."
CTE 5E AR FED NAL ANC COMB ALG MAR,CTE 5E AR FED NAL ANC COMB ALG MAR TUN,jugement,"Même comité du 5e, TUN coupé."
CTE 5E AR FED NAL ANC COMB ALG MAR TUN,CTE 5E AR FED NAL ANC COMB ALG MAR TUN,jugement,"Même comité du 5e, TUN coupé."
CTE DU SOUVENIR DU 1ER ARRONDISSEME,CTE DU SOUVENIR DU 1ER ARRONDISSEMENT,troncature,nom coupé (« CTE DU SOUVENIR DU 1ER ARRONDISSEME ») au milieu d'un mot = début de la seule graphie « CTE DU SOUVENIR DU 1ER ARRONDISSEMENT »
CTE DU SOUVENIR DU 1ER ARRONDISSEMENT,CTE DU SOUVENIR DU 1ER ARRONDISSEMENT,troncature,nom coupé (« CTE DU SOUVENIR DU 1ER ARRONDISSEME ») au milieu d'un mot = début de la seule graphie « CTE DU SOUVENIR DU 1ER ARRONDISSEMENT »
CTE FETES ACTION SOC 6EME ARRT PARI,CTE FETES ACTION SOC 6EME ARRT PARI,troncature,nom coupé (« CTE FETES ACTION SOC 6EME ARRT PARI ») au milieu d'un mot = début de la seule graphie « CTE FETES ACTION SOC 6EME ARRT PARIS »
CTE FETES ACTION SOC 6EME ARRT PARIS,CTE FETES ACTION SOC 6EME ARRT PARI,troncature,nom coupé (« CTE FETES ACTION SOC 6EME ARRT PARI ») au milieu d'un mot = début de la seule graphie « CTE FETES ACTION SOC 6EME ARRT PARIS »
CTE LIAIS A ANC COMB DEP RES 3EME A,CTE LIAIS A ANC COMB DEP RES 3EME ARD,troncature,nom coupé (« CTE LIAIS A ANC COMB DEP RES 3EME A ») au milieu d'un mot = début de la seule graphie « CTE LIAIS A ANC COMB DEP RES 3EME ARD »
CTE LIAIS A ANC COMB DEP RES 3EME ARD,CTE LIAIS A ANC COMB DEP RES 3EME ARD,troncature,nom coupé (« CTE LIAIS A ANC COMB DEP RES 3EME A ») au milieu d'un mot = début de la seule graphie « CTE LIAIS A ANC COMB DEP RES 3EME ARD »
CTE MUN ANIMAT PREMIER ARRONDISSEME,CTE MUN ANIMAT PREMIER ARRONDISSEMENT,troncature,nom coupé (« CTE MUN ANIMAT PREMIER ARRONDISSEME ») au milieu d'un mot = début de la seule graphie « CTE MUN ANIMAT PREMIER ARRONDISSEMENT »
CTE MUN ANIMAT PREMIER ARRONDISSEMENT,CTE MUN ANIMAT PREMIER ARRONDISSEMENT,troncature,nom coupé (« CTE MUN ANIMAT PREMIER ARRONDISSEME ») au milieu d'un mot = début de la seule graphie « CTE MUN ANIMAT PREMIER ARRONDISSEMENT »
CTE PARIS CONTRE MALADIE RESPIRA,CTE PARIS CONTRE MALADIE RESPIRATOI,jugement,même nom coupé à 35 caractères
CTE PARIS CONTRE MALADIE RESPIRATOI,CTE PARIS CONTRE MALADIE RESPIRATOI,jugement,même nom coupé à 35 caractères
CTE ST GERMAIN HIER D AUJOUR ET DEM,CTE ST GERMAIN HIER D AUJOUR ET DEMAIN,troncature,nom coupé (« CTE ST GERMAIN HIER D'AUJOUR ET DEM ») au milieu d'un mot = début de la seule graphie « CTE ST GERMAIN HIER D'AUJOUR ET DEMAIN »
CTE ST GERMAIN HIER D AUJOUR ET DEMAIN,CTE ST GERMAIN HIER D AUJOUR ET DEMAIN,troncature,nom coupé (« CTE ST GERMAIN HIER D'AUJOUR ET DEM ») au milieu d'un mot = début de la seule graphie « CTE ST GERMAIN HIER D'AUJOUR ET DEMAIN »
CTR PROMOT LIVRE JEUNESSE,CTR PROMOT LIVRE JEUNESSE,jugement,"Nom coupé (Seine-St-Denis), séries continues à 50 000–60 000 €"
CTR PROMOT LIVRE JEUNESSE SEINE ST,CTR PROMOT LIVRE JEUNESSE,jugement,"Nom coupé (Seine-St-Denis), séries continues à 50 000–60 000 €"
CTR REGION INFORMATION PREVENTION,CTR REGION INFORMATION PREVENTION,jugement,"même nom, l'un coupé à 35 caractères (S = SIDA)"
CTR REGION INFORMATION PREVENTION S,CTR REGION INFORMATION PREVENTION,jugement,"même nom, l'un coupé à 35 caractères (S = SIDA)"
CTRE DE RECHER INFORM POUR LE DVP,CTRE DE RECHER INFORM POUR LE DVP,jugement,"même intitulé, DVP = développement, coupure à 35 caractères"
CTRE DE RECHERCH INFORM POUR DVP,CTRE DE RECHER INFORM POUR LE DVP,jugement,"Centre de recherche et d'information pour le développement, DVP abrège développement."
CTRE DE RECHERCH INFORM POUR LE D,CTRE DE RECHER INFORM POUR LE DVP,jugement,"Centre de recherche et d'information pour le développement, DVP abrège développement."
CTRE ENTRAIDE PARISIEN PRESSE,CTRE ENTRAIDE PARISIEN PRESSE,jugement,"Même nom, le second coupé à 35 caractères."
CTRE ENTRAIDE PARISIEN PRESSE EDITI,CTRE ENTRAIDE PARISIEN PRESSE,jugement,"Même nom, le second coupé à 35 caractères."
CTRE INFORMAT DROITS FEMMES PARIS,CTRE INFORMAT DROITS FEMMES PARIS,jugement,"Centre d'information sur les droits des femmes de Paris, tronqué"
CTRE INFORMAT SUR DROITS FEMMES PAR,CTRE INFORMAT DROITS FEMMES PARIS,jugement,"Centre d'information sur les droits des femmes de Paris, tronqué"
CTRE LOGEME JEUNES,CTRE LOGEME JEUNES TRAVAI,jugement,"Même nom coupé, montants continus 2023-2025."
CTRE LOGEME JEUNES TRAVAI,CTRE LOGEME JEUNES TRAVAI,jugement,"même intitulé, second plus complet"
CTRE LOGEME JEUNES TRAVAI ETUDIA,CTRE LOGEME JEUNES TRAVAI,jugement,"même intitulé, second plus complet"
CTRE LOGEME JEUNES TRAVAI ETUDIA ST,CTRE LOGEME JEUNES TRAVAI,jugement,"nom coupé, même centre de logement, continuité 2018/2023"
CTRE RESSOURCES AUTISME ILE DE FRAN,CTRE RESSOURCES AUTISME ILE DE FRANCE,troncature,nom coupé (« CTRE RESSOURCES AUTISME ILE DE FRAN ») au milieu d'un mot = début de la seule graphie « CTRE RESSOURCES AUTISME ILE DE FRANCE »
CTRE RESSOURCES AUTISME ILE DE FRANCE,CTRE RESSOURCES AUTISME ILE DE FRANCE,troncature,nom coupé (« CTRE RESSOURCES AUTISME ILE DE FRAN ») au milieu d'un mot = début de la seule graphie « CTRE RESSOURCES AUTISME ILE DE FRANCE »
ASS CTRE DE VICTIMOLOGIE POUR MINEU,CTRE VICTIMOLOGIE POUR MINEURS,jugement,"Même nom, ASS/ASSOCIATION et « DE » omis."
ASS CTRE VICTIMOLOGIE POUR MINEURS,CTRE VICTIMOLOGIE POUR MINEURS,jugement,"Même nom, coupure à 35 caractères de l'une des graphies."
ASSOCIATION CTRE VICTIMOLOGIE POUR MINEURS,CTRE VICTIMOLOGIE POUR MINEURS,jugement,"Même nom, ASS/ASSOCIATION et « DE » omis."
CTRE VICTIMOLOGIE POUR MINEURS,CTRE VICTIMOLOGIE POUR MINEURS,jugement,"Même nom, sans « ASS » ni « DE »."
CINE MA DIFFERENCE,CULTURE RELAX,jugement,"même SIREN, Ciné-ma différence rebaptisée Culture Relax"
CULTURE RELAX,CULTURE RELAX,jugement,"même SIREN, Ciné-ma différence rebaptisée Culture Relax"
CULTURE EN HERBE,CULTURES EN HERBES,jugement,"singulier/pluriel, série sans doublon d'année, montants 5000 concordants"
CULTURES EN HERBES,CULTURES EN HERBES,jugement,"singulier/pluriel, série sans doublon d'année, montants 5000 concordants"
CYCLOFFICINE DE PARIS,CYCLOFFICINE DE PARIS,normalisation,"mêmes mots une fois accents, ponctuation et articles retirés : « CYCLOFFICINE PARIS »"
LA CYCLOFFICINE DE PARIS,CYCLOFFICINE DE PARIS,normalisation,"mêmes mots une fois accents, ponctuation et articles retirés : « CYCLOFFICINE PARIS »"
D UNE LANGUE A L AUTRE,D UNE LANGUE A L AUTRE DULALA,jugement,DULALA est le sigle de D'une langue à l'autre
D UNE LANGUE A L AUTRE DULALA,D UNE LANGUE A L AUTRE DULALA,jugement,DULALA est le sigle de D'une langue à l'autre
DALLE AUX CHAPS,DALLE AUX CHAPS,normalisation,"mêmes mots une fois accents, ponctuation et articles retirés : « DALLE AUX CHAPS »"
LA DALLE AUX CHAPS,DALLE AUX CHAPS,normalisation,"mêmes mots une fois accents, ponctuation et articles retirés : « DALLE AUX CHAPS »"
DANUBE PALACE,DANUBE PALACE,normalisation,"mêmes mots une fois accents, ponctuation et articles retirés : « DANUBE PALACE »"
LE DANUBE PALACE,DANUBE PALACE,normalisation,"mêmes mots une fois accents, ponctuation et articles retirés : « DANUBE PALACE »"
ASSOCIATION DANUBE SOCIAL ET CULTUR,DANUBE SOCIAL ET CULTUR,jugement,"même nom sans « ASSOCIATION », 2023 comblé"
DANUBE SOCIAL ET CULTUR,DANUBE SOCIAL ET CULTUR,jugement,"même nom sans « ASSOCIATION », 2023 comblé"
ASSOCIATION DE MEDIATION INTERCULTU,DE MEDIATION INTERCULTU,jugement,"même nom, « ASSOCIATION » retiré par la troncature"
DE MEDIATION INTERCULTU,DE MEDIATION INTERCULTU,jugement,"même nom, « ASSOCIATION » retiré par la troncature"
DEBROUILLE COMPAGNIE,DEBROUILLE COMPAGNIE,jugement,"Cie = compagnie, 2023 comble le trou entre 2022 et 2024."
DÉBROUILLE ET CIE,DEBROUILLE COMPAGNIE,jugement,"Cie = compagnie, 2023 comble le trou entre 2022 et 2024."
ASS DEFENSE INTERET COMME ARTIS 2E,DEFENSE INTERET COMME ARTIS 2E,jugement,"ASS abrégé, même nom"
ASSOCIATION DEFENSE INTERET COMME ARTIS 2E,DEFENSE INTERET COMME ARTIS 2E,jugement,ASS développé en ASSOCIATION
DEFENSE INTERET COMME ARTIS 2E,DEFENSE INTERET COMME ARTIS 2E,jugement,"ASS abrégé, même nom"
DEFENSE INTERET COMME ARTIS 2E ARR,DEFENSE INTERET COMME ARTIS 2E,jugement,"même nom, suffixe ARR"
DEGOMMEUSES,DEGOMMEUSES,normalisation,"mêmes mots une fois accents, ponctuation et articles retirés : « DEGOMMEUSES »"
LES DEGOMMEUSES,DEGOMMEUSES,normalisation,"mêmes mots une fois accents, ponctuation et articles retirés : « DEGOMMEUSES »"
DEMAINS QUI CHANTENT,DEMAINS QUI CHANTENT,normalisation,"mêmes mots une fois accents, ponctuation et articles retirés : « DEMAINS QUI CHANTENT »"
LES DEMAINS QUI CHANTENT,DEMAINS QUI CHANTENT,normalisation,"mêmes mots une fois accents, ponctuation et articles retirés : « DEMAINS QUI CHANTENT »"
DEMEURE HISTORIQUE,DEMEURE HISTORIQUE,normalisation,"mêmes mots une fois accents, ponctuation et articles retirés : « DEMEURE HISTORIQUE »"
LA DEMEURE HISTORIQUE,DEMEURE HISTORIQUE,normalisation,"mêmes mots une fois accents, ponctuation et articles retirés : « DEMEURE HISTORIQUE »"
ASS DEP ACA PAR EL ENSEI PUB PARIS,DEP ACA PAR EL ENSEI PUB PARIS,jugement,ASS développé
ASSOCIATION DEP ACA PAR EL ENSEI PUB PARIS,DEP ACA PAR EL ENSEI PUB PARIS,jugement,ASS développé
DEP ACA PAR EL ENSEI PUB PARIS,DEP ACA PAR EL ENSEI PUB PARIS,jugement,même nom sans ASS
ASSO DEPART D ENTRAIDE DES PERS,DEPART D ENTRAIDE DES PERS,jugement,"Même département d'entraide, « ASSO » en plus."
DEPART D ENTRAIDE DES PERS,DEPART D ENTRAIDE DES PERS,jugement,"Même département d'entraide, « ASSO » en plus."
DESSINE MOI UN MOUTON,DESSINE MOI UN MOUTON,jugement,"Même nom sans trait d'union, 2023 comble un trou de la série avec SIREN."
DESSINEMOI UN MOUTON,DESSINE MOI UN MOUTON,jugement,"Même nom sans trait d'union, 2023 comble un trou de la série avec SIREN."
DIAGONALE,DIAGONALE,normalisation,"mêmes mots une fois accents, ponctuation et articles retirés : « DIAGONALE »"
LA DIAGONALE,DIAGONALE,normalisation,"mêmes mots une fois accents, ponctuation et articles retirés : « DIAGONALE »"
DIMANCHES SOLIDAIRES,DIMANCHES SOLIDAIRES,normalisation,"mêmes mots une fois accents, ponctuation et articles retirés : « DIMANCHES SOLIDAIRES »"
LES DIMANCHES SOLIDAIRES,DIMANCHES SOLIDAIRES,normalisation,"mêmes mots une fois accents, ponctuation et articles retirés : « DIMANCHES SOLIDAIRES »"
DISTRICT AUTONOME ABIDJAN,DISTRICT AUTONOME D ABIDJAN,normalisation,"mêmes mots une fois accents, ponctuation et articles retirés : « DISTRICT AUTONOME ABIDJAN »"
DISTRICT AUTONOME D ABIDJAN,DISTRICT AUTONOME D ABIDJAN,normalisation,"mêmes mots une fois accents, ponctuation et articles retirés : « DISTRICT AUTONOME ABIDJAN »"
DISTRICT D ABIDJAN,DISTRICT AUTONOME D ABIDJAN,jugement,"District autonome d'Abidjan, même collectivité étrangère sous deux graphies."
DIVERS CULTUR SOC ENFANCE COULEUR,DIVERS CULTUR SOC ENFANCE COULEUR,troncature,nom coupé (« DIVERS CULTUR SOC - ENFANCE COULEUR ») au milieu d'un mot = début de la seule graphie « DIVERS CULTUR SOC- ENFANCE COULEURS »
DIVERS CULTUR SOC ENFANCE COULEURS,DIVERS CULTUR SOC ENFANCE COULEUR,troncature,nom coupé (« DIVERS CULTUR SOC - ENFANCE COULEUR ») au milieu d'un mot = début de la seule graphie « DIVERS CULTUR SOC- ENFANCE COULEURS »
DOMREMY BASKET 13,DOMREMY BASKET 13,normalisation,"mêmes mots une fois accents, ponctuation et articles retirés : « DOMREMY BASKET 13 »"
LA DOMREMY BASKET 13,DOMREMY BASKET 13,normalisation,"mêmes mots une fois accents, ponctuation et articles retirés : « DOMREMY BASKET 13 »"
DOMREMY GYMNASTIQUE,DOMREMY GYMNASTIQUE,normalisation,"mêmes mots une fois accents, ponctuation et articles retirés : « DOMREMY GYMNASTIQUE »"
LA DOMREMY GYMNASTIQUE,DOMREMY GYMNASTIQUE,normalisation,"mêmes mots une fois accents, ponctuation et articles retirés : « DOMREMY GYMNASTIQUE »"
DONNEURS DE VOIX,DONNEURS DE VOIX,normalisation,"mêmes mots une fois accents, ponctuation et articles retirés : « DONNEURS VOIX »"
LES DONNEURS DE VOIX,DONNEURS DE VOIX,normalisation,"mêmes mots une fois accents, ponctuation et articles retirés : « DONNEURS VOIX »"
ASS DROIT A L INITIATIVE ECONOMIQUE,DROIT A L INITIATIVE ECONOMIQUE,jugement,"Même association (droit à l'initiative économique), ASS."
ASS POUR DROIT A L INITIATIVE ECONO,DROIT A L INITIATIVE ECONOMIQUE,jugement,"Association pour le droit à l'initiative économique, graphies abrégées."
ASSOCIATION DROIT A L INITIATIVE ECONOMIQUE,DROIT A L INITIATIVE ECONOMIQUE,jugement,"Association pour le droit à l'initiative économique, graphies abrégées."
ASSOCIATION POUR DROIT A L INITIATIVE ECONO,DROIT A L INITIATIVE ECONOMIQUE,jugement,"Même nom, ASS/ASSOCIATION."
DROIT A L INITIATIVE ECONOMIQUE,DROIT A L INITIATIVE ECONOMIQUE,jugement,"Même association (droit à l'initiative économique), sans préfixe."
DROIT DE REVER,DROIT DE REVER,normalisation,"mêmes mots une fois accents, ponctuation et articles retirés : « DROIT REVER »"
LE DROIT DE REVER,DROIT DE REVER,normalisation,"mêmes mots une fois accents, ponctuation et articles retirés : « DROIT REVER »"
DROITS DEVANT,DROITS DEVANTS,jugement,Même nom à un S près (faute de frappe probable).
DROITS DEVANTS,DROITS DEVANTS,jugement,Même nom à un S près (faute de frappe probable).
EACH ONE,EACH ONE,jugement,"Même SIREN, Wintegreat renommée Each One"
WINTEGREAT,EACH ONE,jugement,"Même SIREN, Wintegreat renommée Each One"
ASSOCIATION EBONY IVORY,EBONY IVORY,jugement,"même nom, « & » ignoré"
EBONY IVORY,EBONY IVORY,jugement,"même nom, « & » ignoré"
ECHO DES AUTRES,ECHO DES AUTRES,normalisation,"mêmes mots une fois accents, ponctuation et articles retirés : « ECHO AUTRES »"
L ECHO DES AUTRES,ECHO DES AUTRES,normalisation,"mêmes mots une fois accents, ponctuation et articles retirés : « ECHO AUTRES »"
ECLAIREURS DE LA NATURE,ECLAIREURS DE LA NATURE,normalisation,"mêmes mots une fois accents, ponctuation et articles retirés : « ECLAIREURS NATURE »"
LES ECLAIREURS DE LA NATURE,ECLAIREURS DE LA NATURE,normalisation,"mêmes mots une fois accents, ponctuation et articles retirés : « ECLAIREURS NATURE »"
ECOLE COMESTIBLE,ECOLE COMESTIBLE,normalisation,"mêmes mots une fois accents, ponctuation et articles retirés : « ECOLE COMESTIBLE »"
L ECOLE COMESTIBLE,ECOLE COMESTIBLE,normalisation,"mêmes mots une fois accents, ponctuation et articles retirés : « ECOLE COMESTIBLE »"
ECOLE DE CHIENS GUIDES POUR AVEUGLES ET MALVOYANTS,ECOLE DES CHIENS GUIDES POUR AVEUGLES ET MALVOYANTS,normalisation,"mêmes mots une fois accents, ponctuation et articles retirés : « ECOLE CHIENS GUIDES POUR AVEUGLES MALVOYANTS »"
ECOLE DES CHIENS GUIDES POUR AVEUGLES ET MALVOYANTS,ECOLE DES CHIENS GUIDES POUR AVEUGLES ET MALVOYANTS,normalisation,"mêmes mots une fois accents, ponctuation et articles retirés : « ECOLE CHIENS GUIDES POUR AVEUGLES MALVOYANTS »"
ECOLE DES CUISTOTS MIGRATEURS,ECOLE DES CUISTOTS MIGRATEURS,normalisation,"mêmes mots une fois accents, ponctuation et articles retirés : « ECOLE CUISTOTS MIGRATEURS »"
L ECOLE DES CUISTOTS MIGRATEURS,ECOLE DES CUISTOTS MIGRATEURS,normalisation,"mêmes mots une fois accents, ponctuation et articles retirés : « ECOLE CUISTOTS MIGRATEURS »"
ECOLE NAL SUP ARCHI PARIS BELLEVILL,ECOLE NAL SUP ARCHI PARIS BELLEVILL,jugement,"même école, graphie abrégée"
ECOLE NAT SUP ARCHIT PARIS BELLEVIL,ECOLE NAL SUP ARCHI PARIS BELLEVILL,jugement,"même école, graphie abrégée"
ECOLE NAT SUP DE CHIMIE DE PARIS,ECOLE NAT SUP DE CHIMIE DE PARIS,jugement,"École nationale supérieure de chimie de Paris, nom tronqué à 35 caractères."
ECOLE NAT SUPERIEURE DE CHIMIE DE P,ECOLE NAT SUP DE CHIMIE DE PARIS,jugement,"École nationale supérieure de chimie de Paris, nom tronqué à 35 caractères."
ECOLE NAT SUPER CREAT INDUSTRIELLE,ECOLE NAT SUPER CREATION INDUSTRIEL,jugement,"Même école, nom abrégé ou coupé."
ECOLE NAT SUPER CREATION INDUSTRIEL,ECOLE NAT SUPER CREATION INDUSTRIEL,jugement,"Même école, nom abrégé ou coupé."
ECOLE SOUS L ARBRE,ECOLE SOUS L ARBRE,normalisation,"mêmes mots une fois accents, ponctuation et articles retirés : « ECOLE SOUS ARBRE »"
L ECOLE SOUS L ARBRE,ECOLE SOUS L ARBRE,normalisation,"mêmes mots une fois accents, ponctuation et articles retirés : « ECOLE SOUS ARBRE »"
ECOUTEURS DE RUES,ECOUTEURS DE RUES,normalisation,"mêmes mots une fois accents, ponctuation et articles retirés : « ECOUTEURS RUES »"
LES ECOUTEURS DE RUES,ECOUTEURS DE RUES,normalisation,"mêmes mots une fois accents, ponctuation et articles retirés : « ECOUTEURS RUES »"
ECRANS DE LA PAIX,ECRANS DE LA PAIX,normalisation,"mêmes mots une fois accents, ponctuation et articles retirés : « ECRANS PAIX »"
LES ECRANS DE LA PAIX,ECRANS DE LA PAIX,normalisation,"mêmes mots une fois accents, ponctuation et articles retirés : « ECRANS PAIX »"
ECRANS DE PARIS,ECRANS DE PARIS,normalisation,"mêmes mots une fois accents, ponctuation et articles retirés : « ECRANS PARIS »"
LES ECRANS DE PARIS,ECRANS DE PARIS,normalisation,"mêmes mots une fois accents, ponctuation et articles retirés : « ECRANS PARIS »"
EDITEURS ASSOCIES,EDITEURS ASSOCIES,normalisation,"mêmes mots une fois accents, ponctuation et articles retirés : « EDITEURS ASSOCIES »"
LES EDITEURS ASSOCIES,EDITEURS ASSOCIES,normalisation,"mêmes mots une fois accents, ponctuation et articles retirés : « EDITEURS ASSOCIES »"
EDITIONS DU BAS PARLEUR,EDITIONS DU BAS PARLEUR,normalisation,"mêmes mots une fois accents, ponctuation et articles retirés : « EDITIONS BAS PARLEUR »"
LES EDITIONS DU BAS PARLEUR,EDITIONS DU BAS PARLEUR,normalisation,"mêmes mots une fois accents, ponctuation et articles retirés : « EDITIONS BAS PARLEUR »"
EGAM EUR GRASSROOTS ANTIRACIST MOV,EGAM EUR GRASSROOTS ANTIRACIST MOV,troncature,nom coupé (« EGAM EUR GRASSROOTS ANTIRACIST MOV. ») au milieu d'un mot = début de la seule graphie « EGAM EUR GRASSROOTS ANTIRACIST MOVE »
EGAM EUR GRASSROOTS ANTIRACIST MOVE,EGAM EUR GRASSROOTS ANTIRACIST MOV,troncature,nom coupé (« EGAM EUR GRASSROOTS ANTIRACIST MOV. ») au milieu d'un mot = début de la seule graphie « EGAM EUR GRASSROOTS ANTIRACIST MOVE »
EMMAUS ALTERNATIVE,EMMAUS ALTERNATIVES,jugement,"singulier/pluriel, même nom Emmaüs Alternatives"
EMMAUS ALTERNATIVES,EMMAUS ALTERNATIVES,jugement,"singulier/pluriel, même nom Emmaüs Alternatives"
EMMAUS CONNECT,EMMAUS CONNECT,jugement,"même association, mention du fondateur en plus"
EMMAUS CONNECT FONDATEUR,EMMAUS CONNECT,jugement,"Emmaüs Connect, nom tronqué"
EMMAUS CONNECT FONDATEUR ABBE PIERR,EMMAUS CONNECT,troncature,nom coupé (« EMMAUS CONNECT FONDATEUR ABBE PIERR ») au milieu d'un mot = début de la seule graphie « EMMAUS CONNECT FONDATEUR ABBE PIERRE »
EMMAUS CONNECT FONDATEUR ABBE PIERRE,EMMAUS CONNECT,troncature,nom coupé (« EMMAUS CONNECT FONDATEUR ABBE PIERR ») au milieu d'un mot = début de la seule graphie « EMMAUS CONNECT FONDATEUR ABBE PIERRE »
EMMAUS DEFI,EMMAUS DEFI,jugement,"même association Emmaüs Défi, libellé complété"
EMMAUS DEFI FONDATEUR ABBE PIERRE,EMMAUS DEFI,jugement,"même association Emmaüs Défi, libellé complété"
EMPOW HER,EMPOW HER GLOBAL,siren,"même SIREN 802356295 (dossiers votés), noms proches"
EMPOW HER GLOBAL,EMPOW HER GLOBAL,siren,"même SIREN 802356295 (dossiers votés), noms proches"
ENFANTS DE LA GOUTTE D OR,ENFANTS DE LA GOUTTE D OR,normalisation,"mêmes mots une fois accents, ponctuation et articles retirés : « ENFANTS GOUTTE OR »"
LES ENFANTS DE LA GOUTTE D OR,ENFANTS DE LA GOUTTE D OR,normalisation,"mêmes mots une fois accents, ponctuation et articles retirés : « ENFANTS GOUTTE OR »"
ENFANTS DE PASSY,ENFANTS DE PASSY,normalisation,"mêmes mots une fois accents, ponctuation et articles retirés : « ENFANTS PASSY »"
LES ENFANTS DE PASSY,ENFANTS DE PASSY,normalisation,"mêmes mots une fois accents, ponctuation et articles retirés : « ENFANTS PASSY »"
ENFANTS DU CANAL,ENFANTS DU CANAL,normalisation,"mêmes mots une fois accents, ponctuation et articles retirés : « ENFANTS CANAL »"
LES ENFANTS DU CANAL,ENFANTS DU CANAL,normalisation,"mêmes mots une fois accents, ponctuation et articles retirés : « ENFANTS CANAL »"
ENFANTS DU CAP VERT,ENFANTS DU CAP VERT,normalisation,"mêmes mots une fois accents, ponctuation et articles retirés : « ENFANTS CAP VERT »"
LES ENFANTS DU CAP VERT,ENFANTS DU CAP VERT,normalisation,"mêmes mots une fois accents, ponctuation et articles retirés : « ENFANTS CAP VERT »"
ENFANTS DU DANUBE,ENFANTS DU DANUBE,normalisation,"mêmes mots une fois accents, ponctuation et articles retirés : « ENFANTS DANUBE »"
LES ENFANTS DU DANUBE,ENFANTS DU DANUBE,normalisation,"mêmes mots une fois accents, ponctuation et articles retirés : « ENFANTS DANUBE »"
ENFANTS DU SOURIRE KHMER,ENFANTS DU SOURIRE KHMER,normalisation,"mêmes mots une fois accents, ponctuation et articles retirés : « ENFANTS SOURIRE KHMER »"
LES ENFANTS DU SOURIRE KHMER,ENFANTS DU SOURIRE KHMER,normalisation,"mêmes mots une fois accents, ponctuation et articles retirés : « ENFANTS SOURIRE KHMER »"
ENGAGE E S ET DETERMINE E S,ENGAGE E S ET DETERMINE E S,jugement,"Même nom, écriture inclusive différente"
ENGAGEES ET DETERMINEES,ENGAGE E S ET DETERMINE E S,jugement,"Même nom, écriture inclusive différente"
COMMUNAUTE ENLARGE YOUR PARIS,ENLARGE YOUR PARIS,siren,"même SIREN 822081956 (dossiers votés), noms proches"
ENLARGE YOUR PARIS,ENLARGE YOUR PARIS,siren,"même SIREN 822081956 (dossiers votés), noms proches"
ENTREPOT,ENTREPOT,normalisation,"mêmes mots une fois accents, ponctuation et articles retirés : « ENTREPOT »"
L ENTREPOT,ENTREPOT,normalisation,"mêmes mots une fois accents, ponctuation et articles retirés : « ENTREPOT »"
ENTREPRISE CULTURELLE,ENTREPRISE CULTURELLE,normalisation,"mêmes mots une fois accents, ponctuation et articles retirés : « ENTREPRISE CULTURELLE »"
L ENTREPRISE CULTURELLE,ENTREPRISE CULTURELLE,normalisation,"mêmes mots une fois accents, ponctuation et articles retirés : « ENTREPRISE CULTURELLE »"
ENVERS DE L ART,ENVERS DE L ART,normalisation,"mêmes mots une fois accents, ponctuation et articles retirés : « ENVERS ART »"
L ENVERS DE L ART,ENVERS DE L ART,normalisation,"mêmes mots une fois accents, ponctuation et articles retirés : « ENVERS ART »"
ENVOLEE,ENVOLEE,normalisation,"mêmes mots une fois accents, ponctuation et articles retirés : « ENVOLEE »"
L ENVOLEE,ENVOLEE,normalisation,"mêmes mots une fois accents, ponctuation et articles retirés : « ENVOLEE »"
EQUIPAGE,EQUIPAGE,normalisation,"mêmes mots une fois accents, ponctuation et articles retirés : « EQUIPAGE »"
L EQUIPAGE,EQUIPAGE,normalisation,"mêmes mots une fois accents, ponctuation et articles retirés : « EQUIPAGE »"
EQUIPE ST VINCENT PERMANENCE,EQUIPE ST VINCENT PERMANENCE,jugement,"même nom, seconde graphie plus longue (Oberkampf)"
EQUIPE ST VINCENT PERMANENCE OBERKA,EQUIPE ST VINCENT PERMANENCE,jugement,"même nom, seconde graphie plus longue (Oberkampf)"
EQUIPES ACT CONTRE PROXENETISME,EQUIPES ACT CONTRE PROXENETISME,jugement,"ACT abrégé de ACTION, même organisation"
EQUIPES ACTION CONTRE LE PROXENETIS,EQUIPES ACT CONTRE PROXENETISME,jugement,"ACT abrégé de ACTION, même organisation"
EQUIPES D AMITIE,EQUIPES D AMITIE,normalisation,"mêmes mots une fois accents, ponctuation et articles retirés : « EQUIPES AMITIE »"
LES EQUIPES D AMITIE,EQUIPES D AMITIE,normalisation,"mêmes mots une fois accents, ponctuation et articles retirés : « EQUIPES AMITIE »"
ERDA,ERDA,jugement,sigle ERDA et forme développée
ERDA EDUCAT RECHER DEVEL ARTIST,ERDA,jugement,"ERDA = éducation recherche développement artistique, abrégé"
ERDA EDUCATION RECHERCHE,ERDA,jugement,"ERDA = éducation recherche développement artistique, abrégé"
ERNEST CIRCUIT COURT RESTAURATION,ERNEST CIRCUITCOURT RESTAURATION,jugement,"même nom, trait d'union omis"
ERNEST CIRCUITCOURT RESTAURATION,ERNEST CIRCUITCOURT RESTAURATION,jugement,"même nom, trait d'union omis"
ESCALE,ESCALE,normalisation,"mêmes mots une fois accents, ponctuation et articles retirés : « ESCALE »"
L ESCALE,ESCALE,normalisation,"mêmes mots une fois accents, ponctuation et articles retirés : « ESCALE »"
ESP CULTURE UNIVERSITAIRE JUIF EURO,ESPACE CULTUREL ET UNIVERSITAIRE JUIF D EUROPE,jugement,"même nom abrégé, SIREN sur l'une"
ESPACE CULTUREL ET UNIVERSITAIRE JUIF D EUROPE,ESPACE CULTUREL ET UNIVERSITAIRE JUIF D EUROPE,jugement,"même nom abrégé, SIREN sur l'une"
ESPAC PARIS HISTO MEMO GUER ALGERIE,ESPACE PARISIEN HISTOIRE MEMOIRE GUERRE D ALGERIE,jugement,"Espace parisien histoire mémoire guerre d'Algérie, abrégé de deux façons"
ESPAC PARISI HIST MEMOI GUER ALGERI,ESPACE PARISIEN HISTOIRE MEMOIRE GUERRE D ALGERIE,jugement,"Espace parisien histoire mémoire guerre d'Algérie, abrégé de deux façons"
ESPACE PARISIEN HISTOIRE MEMOIRE GUERRE D ALGERIE,ESPACE PARISIEN HISTOIRE MEMOIRE GUERRE D ALGERIE,jugement,graphie abrégée et graphie complète du même espace
ESPACE PSYCH ORIENT CONSULT,ESPACE PSYCH ORIENT CONSULT,jugement,"PSYCH. abrégé de PSYCHANALYTIQUE, séries consécutives"
ESPACE PSYCHANALYTIQUE ORIENT CONSU,ESPACE PSYCH ORIENT CONSULT,jugement,"PSYCH. abrégé de PSYCHANALYTIQUE, séries consécutives"
ESPACIL HABITAT,ESPACIL HABITAT SA D HABITATIONS,jugement,"même nom, SA D HABITATIONS ajouté"
ESPACIL HABITAT SA D HABITATIONS,ESPACIL HABITAT SA D HABITATIONS,jugement,"même nom, SA D HABITATIONS ajouté"
ESPERANCE PARIS 19,ESPERANCE PARIS 19E,jugement,"Même nom avec « E », même SIREN sur une graphie, séries continues"
ESPERANCE PARIS 19E,ESPERANCE PARIS 19E,jugement,"Même nom avec « E », même SIREN sur une graphie, séries continues"
ESPRIT DU VENT,ESPRIT DU VENT,normalisation,"mêmes mots une fois accents, ponctuation et articles retirés : « ESPRIT VENT »"
L ESPRIT DU VENT,ESPRIT DU VENT,normalisation,"mêmes mots une fois accents, ponctuation et articles retirés : « ESPRIT VENT »"
ASSO ESPRIT SAVOIR SPORT ET EQUITE,ESPRIT SAVOIR SPORT ET EQUITE,jugement,"même nom, « ASSO » abrégé, mêmes exercices complémentaires"
ASSOCIATION ESPRIT SAVOIR SPORT ET EQUITE,ESPRIT SAVOIR SPORT ET EQUITE,jugement,"même nom, « ASSO » abrégé, mêmes exercices complémentaires"
ESPRIT SAVOIR SPORT ET EQUITE,ESPRIT SAVOIR SPORT ET EQUITE,jugement,même nom sans « ASSO »/« ASSOCIATION »
ASS ETAPE PARCOURS LOGEMENT JEUNES,ETAPE PARCOURS LOGE JEUNES,jugement,"ASS = ASSOCIATION, même nom"
ASS L ETAPE PARCOURS LOGEMENT JEU,ETAPE PARCOURS LOGE JEUNES,jugement,"ASS = ASSOCIATION, même nom"
ASSO L ETAPE PARCOURS LOGE JEUNES,ETAPE PARCOURS LOGE JEUNES,jugement,"ASSO = ASS, même nom"
ASSOCIATION ETAPE PARCOURS LOGEMENT JEUNES,ETAPE PARCOURS LOGE JEUNES,jugement,"ASS = ASSOCIATION, même nom"
ASSOCIATION L ETAPE PARCOURS LOGE JEUNES,ETAPE PARCOURS LOGE JEUNES,jugement,"ASS = ASSOCIATION, même nom"
ETAPE PARCOURS LOGE JEUNES,ETAPE PARCOURS LOGE JEUNES,jugement,"abréviations LOGE / LOGEMENT, même nom"
ETE PARISIEN,ETE PARISIEN,normalisation,"mêmes mots une fois accents, ponctuation et articles retirés : « ETE PARISIEN »"
L ETE PARISIEN,ETE PARISIEN,normalisation,"mêmes mots une fois accents, ponctuation et articles retirés : « ETE PARISIEN »"
ETHNO,ETHNOLOGUES EN HERBE,jugement,"Même SIREN, ETHNO abréviation d'Ethnologues en herbe"
ETHNOLOGUES EN HERBE,ETHNOLOGUES EN HERBE,jugement,"Même SIREN, ETHNO abréviation d'Ethnologues en herbe"
ETOILE DU NORD,ETOILE DU NORD,normalisation,"mêmes mots une fois accents, ponctuation et articles retirés : « ETOILE NORD »"
L ETOILE DU NORD,ETOILE DU NORD,normalisation,"mêmes mots une fois accents, ponctuation et articles retirés : « ETOILE NORD »"
ETS PUB AMENAGEMENT UNIVERSIT IDF,ETS PUB AMENAGEMENT UNIVERSITAIRE I,jugement,"EPAURIF, « I » = Ile-de-France tronqué"
ETS PUB AMENAGEMENT UNIVERSITAIRE I,ETS PUB AMENAGEMENT UNIVERSITAIRE I,jugement,"EPAURIF, « I » = Ile-de-France tronqué"
ETS PUBLIC PARC GRANDE,ETS PUBLIC PARC GRANDE,jugement,"même établissement public (Parc de la Villette), nom coupé à 22 caractères"
ETS PUBLIC PARC GRANDE HALLE VILLET,ETS PUBLIC PARC GRANDE,jugement,"même établissement public (Parc de la Villette), nom coupé à 22 caractères"
FABRICA SPECTACLES,FABRICA SPECTACLES,normalisation,"mêmes mots une fois accents, ponctuation et articles retirés : « FABRICA SPECTACLES »"
LA FABRICA SPECTACLES,FABRICA SPECTACLES,normalisation,"mêmes mots une fois accents, ponctuation et articles retirés : « FABRICA SPECTACLES »"
FABRIK,FABRIK,normalisation,"mêmes mots une fois accents, ponctuation et articles retirés : « FABRIK »"
LA FABRIK,FABRIK,normalisation,"mêmes mots une fois accents, ponctuation et articles retirés : « FABRIK »"
FABRIQUE DE LA DANSE,FABRIQUE DE LA DANSE,normalisation,"mêmes mots une fois accents, ponctuation et articles retirés : « FABRIQUE DANSE »"
LA FABRIQUE DE LA DANSE,FABRIQUE DE LA DANSE,normalisation,"mêmes mots une fois accents, ponctuation et articles retirés : « FABRIQUE DANSE »"
FABRIQUE DE LA GOUTTE D OR,FABRIQUE DE LA GOUTTE D OR,normalisation,"mêmes mots une fois accents, ponctuation et articles retirés : « FABRIQUE GOUTTE OR »"
LA FABRIQUE DE LA GOUTTE D OR,FABRIQUE DE LA GOUTTE D OR,normalisation,"mêmes mots une fois accents, ponctuation et articles retirés : « FABRIQUE GOUTTE OR »"
FABRIQUE DES IMPOSSIBLES,FABRIQUE DES IMPOSSIBLES,normalisation,"mêmes mots une fois accents, ponctuation et articles retirés : « FABRIQUE IMPOSSIBLES »"
LA FABRIQUE DES IMPOSSIBLES,FABRIQUE DES IMPOSSIBLES,normalisation,"mêmes mots une fois accents, ponctuation et articles retirés : « FABRIQUE IMPOSSIBLES »"
FABRIQUE DES PETITS HASARDS,FABRIQUE DES PETITS HASARDS,normalisation,"mêmes mots une fois accents, ponctuation et articles retirés : « FABRIQUE PETITS HASARDS »"
LA FABRIQUE DES PETITS HASARDS,FABRIQUE DES PETITS HASARDS,normalisation,"mêmes mots une fois accents, ponctuation et articles retirés : « FABRIQUE PETITS HASARDS »"
FABRIQUE DOCUMENTAIRE,FABRIQUE DOCUMENTAIRE,normalisation,"mêmes mots une fois accents, ponctuation et articles retirés : « FABRIQUE DOCUMENTAIRE »"
LA FABRIQUE DOCUMENTAIRE,FABRIQUE DOCUMENTAIRE,normalisation,"mêmes mots une fois accents, ponctuation et articles retirés : « FABRIQUE DOCUMENTAIRE »"
FABRIQUE INSOMNIAQUE,FABRIQUE INSOMNIAQUE,normalisation,"mêmes mots une fois accents, ponctuation et articles retirés : « FABRIQUE INSOMNIAQUE »"
LA FABRIQUE INSOMNIAQUE,FABRIQUE INSOMNIAQUE,normalisation,"mêmes mots une fois accents, ponctuation et articles retirés : « FABRIQUE INSOMNIAQUE »"
FABRIQUE NOMADE,FABRIQUE NOMADE,normalisation,"mêmes mots une fois accents, ponctuation et articles retirés : « FABRIQUE NOMADE »"
LA FABRIQUE NOMADE,FABRIQUE NOMADE,normalisation,"mêmes mots une fois accents, ponctuation et articles retirés : « FABRIQUE NOMADE »"
FAISEURS DE SCENES,FAISEURS DE SCENES,normalisation,"mêmes mots une fois accents, ponctuation et articles retirés : « FAISEURS SCENES »"
LES FAISEURS DE SCENES,FAISEURS DE SCENES,normalisation,"mêmes mots une fois accents, ponctuation et articles retirés : « FAISEURS SCENES »"
FAMILLES ET AMIS DES DEPORTES D,FAMILLES ET AMIS DES DEPORTES D,normalisation,"mêmes mots une fois accents, ponctuation et articles retirés : « FAMILLES AMIS DEPORTES »"
LES FAMILLES ET AMIS DES DEPORTES D,FAMILLES ET AMIS DES DEPORTES D,normalisation,"mêmes mots une fois accents, ponctuation et articles retirés : « FAMILLES AMIS DEPORTES »"
ASS LE FAUBOURG ST GERMAIN,FAUBOURG SAINT GERMAIN,jugement,"même nom, ASS et ST abrégés"
FAUBOURG SAINT GERMAIN,FAUBOURG SAINT GERMAIN,normalisation,"mêmes mots une fois accents, ponctuation et articles retirés : « FAUBOURG SAINT GERMAIN »"
FAUBOURG SAINTGERMAIN,FAUBOURG SAINT GERMAIN,jugement,"même nom, SAINT-GERMAIN sans trait d'union"
LE FAUBOURG SAINT GERMAIN,FAUBOURG SAINT GERMAIN,normalisation,"mêmes mots une fois accents, ponctuation et articles retirés : « FAUBOURG SAINT GERMAIN »"
FAYETTE ACCUEIL,FAYETTE ACCUEIL,normalisation,"mêmes mots une fois accents, ponctuation et articles retirés : « FAYETTE ACCUEIL »"
LA FAYETTE ACCUEIL,FAYETTE ACCUEIL,normalisation,"mêmes mots une fois accents, ponctuation et articles retirés : « FAYETTE ACCUEIL »"
FE NAL AN COMB ALGERIE MAROC TUNISI,FE NAL AN COMB ALGERIE MAROC TUNISI,troncature,nom coupé (« FE NAL AN COMB ALGERIE MAROC TUNISI ») au milieu d'un mot = début de la seule graphie « FE NAL AN COMB ALGERIE MAROC TUNISIE »
FE NAL AN COMB ALGERIE MAROC TUNISIE,FE NAL AN COMB ALGERIE MAROC TUNISI,troncature,nom coupé (« FE NAL AN COMB ALGERIE MAROC TUNISI ») au milieu d'un mot = début de la seule graphie « FE NAL AN COMB ALGERIE MAROC TUNISIE »
FED NA ANC COMBA ALGERIE MAROC TUNI,FED NA ANC COMBA ALGERIE MAROC TUNISIE,troncature,nom coupé (« FED NA ANC COMBA ALGERIE MAROC TUNI ») au milieu d'un mot = début de la seule graphie « FED NA ANC COMBA ALGERIE MAROC TUNISIE »
FED NA ANC COMBA ALGERIE MAROC TUNISIE,FED NA ANC COMBA ALGERIE MAROC TUNISIE,troncature,nom coupé (« FED NA ANC COMBA ALGERIE MAROC TUNI ») au milieu d'un mot = début de la seule graphie « FED NA ANC COMBA ALGERIE MAROC TUNISIE »
FED NAL ANCI COMBAT ALG MA TU CTE 1,FED NAL ANCI COMBAT ALG MA TU CTE 13E,troncature,nom coupé (« FED NAL ANCI COMBAT ALG MA TU CTE 1 ») au milieu d'un mot = début de la seule graphie « FED NAL ANCI COMBAT ALG MA TU CTE 13E »
FED NAL ANCI COMBAT ALG MA TU CTE 13E,FED NAL ANCI COMBAT ALG MA TU CTE 13E,troncature,nom coupé (« FED NAL ANCI COMBAT ALG MA TU CTE 1 ») au milieu d'un mot = début de la seule graphie « FED NAL ANCI COMBAT ALG MA TU CTE 13E »
FED NAT DES VICTIMES ATTENTATS,FED NAT DES VICTIMES ATTENTATS,jugement,"même fédération nationale des victimes d'attentats et accidents collectifs, abrégée"
FED NAT VICTIM ATTENTATS ACCID COLL,FED NAT DES VICTIMES ATTENTATS,jugement,"même fédération nationale des victimes d'attentats et accidents collectifs, abrégée"
FEDER ANCIEN COMBAT RESIST PREF POL,FEDER ANCIEN COMBAT RESIST PREF POLICE,troncature,nom coupé (« FEDER ANCIEN COMBAT RESIST PREF POL ») au milieu d'un mot = début de la seule graphie « FEDER ANCIEN COMBAT RESIST PREF POLICE »
FEDER ANCIEN COMBAT RESIST PREF POLICE,FEDER ANCIEN COMBAT RESIST PREF POLICE,troncature,nom coupé (« FEDER ANCIEN COMBAT RESIST PREF POL ») au milieu d'un mot = début de la seule graphie « FEDER ANCIEN COMBAT RESIST PREF POLICE »
FEDER FRANC D ATHLETISME,FEDER FRANC D ATHLETISME,jugement,abréviation de Fédération française d'athlétisme
FEDERATION FRANCAISE D ATHLETISME,FEDER FRANC D ATHLETISME,jugement,abréviation de Fédération française d'athlétisme
FEDERATION ASS SOLIDARITE AVEC TOU,FEDERATION ASSOCIATION SOLIDARITE AVEC TOU,jugement,ASS abrégé d'ASSOCIATION.
FEDERATION ASSOCIATION SOLIDARITE AVEC TOU,FEDERATION ASSOCIATION SOLIDARITE AVEC TOU,jugement,ASS abrégé d'ASSOCIATION.
FEDERATI FR SKI NAUTIQUE WAKEBOARD,FEDERATION FRANCAISE DE SKI NAUTIQU,jugement,"même fédération, nom abrégé ou coupé"
FEDERATION FRANCAISE DE SKI NAUTIQU,FEDERATION FRANCAISE DE SKI NAUTIQU,jugement,"même fédération, nom abrégé ou coupé"
FEDE INTERNATIONALE DROITS L HOMME,FEDERATION INTERNATION DROITS HOMME,jugement,FIDH : même nom abrégé différemment
FEDERATION INTERNATION DROITS HOMME,FEDERATION INTERNATION DROITS HOMME,jugement,FIDH : même nom abrégé différemment
FEDERATION INTERNATIONALE DROITS L,FEDERATION INTERNATION DROITS HOMME,jugement,"FIDH : nom coupé et nom abrégé, exercices complémentaires"
FEDERATION MOI JEU TRI,FEDERATION MOI JEU TRI,siren,"même SIREN 885390328 (dossiers votés), noms proches"
MOI JEU TRI,FEDERATION MOI JEU TRI,siren,"même SIREN 885390328 (dossiers votés), noms proches"
FEDERATION NATIONALE SOLIDARITE FEM,FEDERATION NATIONALE SOLIDARITE FEMMES,troncature,nom coupé (« FEDERATION NATIONALE SOLIDARITE FEM ») au milieu d'un mot = début de la seule graphie « FEDERATION NATIONALE SOLIDARITE FEMMES »
FEDERATION NATIONALE SOLIDARITE FEMMES,FEDERATION NATIONALE SOLIDARITE FEMMES,troncature,nom coupé (« FEDERATION NATIONALE SOLIDARITE FEM ») au milieu d'un mot = début de la seule graphie « FEDERATION NATIONALE SOLIDARITE FEMMES »
FEDERATION NATIONALES ASS SOLIDAIRE,FEDERATION NATIONALES ASSOCIATION SOLIDAIRE,jugement,"Même nom, ASS abrégé."
FEDERATION NATIONALES ASSOCIATION SOLIDAIRE,FEDERATION NATIONALES ASSOCIATION SOLIDAIRE,jugement,"Même nom, ASS abrégé."
FEDERATION PARIS LIGUE DE L ENSEIGN,FEDERATION PARIS LIGUE DE L ENSEIGN,jugement,"Ligue de l'enseignement, fédération de Paris, mouvement d'éducation populaire ; séries contiguës"
FEDERATION PARIS LIGUE L ENS,FEDERATION PARIS LIGUE DE L ENSEIGN,jugement,"même nom, seconde graphie abrégée"
LIGUE ENS FEDERAT PARIS MVT EDUC PO,FEDERATION PARIS LIGUE DE L ENSEIGN,jugement,"Ligue de l'enseignement, fédération de Paris, mouvement d'éducation populaire ; séries contiguës"
FEES PRODUCTIONS,FEES PRODUCTIONS,normalisation,"mêmes mots une fois accents, ponctuation et articles retirés : « FEES PRODUCTIONS »"
LES FEES PRODUCTIONS,FEES PRODUCTIONS,normalisation,"mêmes mots une fois accents, ponctuation et articles retirés : « FEES PRODUCTIONS »"
FELIXCITE,FELIXCITE,normalisation,"mêmes mots une fois accents, ponctuation et articles retirés : « FELIXCITE »"
LA FELIXCITE,FELIXCITE,normalisation,"mêmes mots une fois accents, ponctuation et articles retirés : « FELIXCITE »"
FEMINA SPORT ASSOC SPORTIVE,FEMINA SPORT ASSOC SPORTIVE,jugement,"Même nom, ASSOC/ASSOCIATION développé"
FEMINA SPORT ASSOCIATION SPORTIVE,FEMINA SPORT ASSOC SPORTIVE,jugement,"Même nom, ASSOC/ASSOCIATION développé"
ASS FEMMES POUR LE DIRE FEMME POUR,FEMMES POUR LE DIRE FEMME POUR,jugement,"Même nom, ASS abrégé."
ASSOCIATION FEMMES POUR LE DIRE FEMME POUR,FEMMES POUR LE DIRE FEMME POUR,jugement,"Même nom, ASS abrégé."
FEMMES POUR LE DIRE FEMME POUR,FEMMES POUR LE DIRE FEMME POUR,jugement,"Même nom, ASS abrégé."
FEMMES S INVENTENT,FEMMES S INVENTENT,normalisation,"mêmes mots une fois accents, ponctuation et articles retirés : « FEMMES S INVENTENT »"
LES FEMMES S INVENTENT,FEMMES S INVENTENT,normalisation,"mêmes mots une fois accents, ponctuation et articles retirés : « FEMMES S INVENTENT »"
FESTIVAL D AUTOMNE,FESTIVAL D AUTOMNE A PARIS,jugement,"Festival d'Automne (à Paris), même association"
FESTIVAL D AUTOMNE A PARIS,FESTIVAL D AUTOMNE A PARIS,jugement,"Festival d'Automne (à Paris), même association"
FIL,FIL,normalisation,"mêmes mots une fois accents, ponctuation et articles retirés : « FIL »"
LE FIL,FIL,normalisation,"mêmes mots une fois accents, ponctuation et articles retirés : « FIL »"
FIL DE SOIE,FIL DE SOIE,normalisation,"mêmes mots une fois accents, ponctuation et articles retirés : « FIL SOIE »"
LE FIL DE SOIE,FIL DE SOIE,normalisation,"mêmes mots une fois accents, ponctuation et articles retirés : « FIL SOIE »"
FIL ET LA MAIN,FIL ET LA MAIN,normalisation,"mêmes mots une fois accents, ponctuation et articles retirés : « FIL MAIN »"
LE FIL ET LA MAIN,FIL ET LA MAIN,normalisation,"mêmes mots une fois accents, ponctuation et articles retirés : « FIL MAIN »"
FILEUSES,FILEUSES,normalisation,"mêmes mots une fois accents, ponctuation et articles retirés : « FILEUSES »"
LES FILEUSES,FILEUSES,normalisation,"mêmes mots une fois accents, ponctuation et articles retirés : « FILEUSES »"
FILMS DE L ARLEQUIN,FILMS DE L ARLEQUIN,normalisation,"mêmes mots une fois accents, ponctuation et articles retirés : « FILMS ARLEQUIN »"
LES FILMS DE L ARLEQUIN,FILMS DE L ARLEQUIN,normalisation,"mêmes mots une fois accents, ponctuation et articles retirés : « FILMS ARLEQUIN »"
FILMS DE LA BOUSSOLE,FILMS DE LA BOUSSOLE,normalisation,"mêmes mots une fois accents, ponctuation et articles retirés : « FILMS BOUSSOLE »"
LES FILMS DE LA BOUSSOLE,FILMS DE LA BOUSSOLE,normalisation,"mêmes mots une fois accents, ponctuation et articles retirés : « FILMS BOUSSOLE »"
FILMS DU BELIER,FILMS DU BELIER,normalisation,"mêmes mots une fois accents, ponctuation et articles retirés : « FILMS BELIER »"
LES FILMS DU BELIER,FILMS DU BELIER,normalisation,"mêmes mots une fois accents, ponctuation et articles retirés : « FILMS BELIER »"
FILMS DU POISSON,FILMS DU POISSON,normalisation,"mêmes mots une fois accents, ponctuation et articles retirés : « FILMS POISSON »"
LES FILMS DU POISSON,FILMS DU POISSON,normalisation,"mêmes mots une fois accents, ponctuation et articles retirés : « FILMS POISSON »"
FILMS DU TAMBOUR DE SOIE,FILMS DU TAMBOUR DE SOIE,normalisation,"mêmes mots une fois accents, ponctuation et articles retirés : « FILMS TAMBOUR SOIE »"
LES FILMS DU TAMBOUR DE SOIE,FILMS DU TAMBOUR DE SOIE,normalisation,"mêmes mots une fois accents, ponctuation et articles retirés : « FILMS TAMBOUR SOIE »"
FILMS SAUVAGES,FILMS SAUVAGES,normalisation,"mêmes mots une fois accents, ponctuation et articles retirés : « FILMS SAUVAGES »"
LES FILMS SAUVAGES,FILMS SAUVAGES,normalisation,"mêmes mots une fois accents, ponctuation et articles retirés : « FILMS SAUVAGES »"
FILS DES MORTS POUR LA FRANCE,FILS DES MORTS POUR LA FRANCE,normalisation,"mêmes mots une fois accents, ponctuation et articles retirés : « FILS MORTS POUR FRANCE »"
LES FILS DES MORTS POUR LA FRANCE,FILS DES MORTS POUR LA FRANCE,normalisation,"mêmes mots une fois accents, ponctuation et articles retirés : « FILS MORTS POUR FRANCE »"
FLAMME SOUS L ARC DE TRIOMPHE,FLAMME SOUS L ARC DE TRIOMPHE,normalisation,"mêmes mots une fois accents, ponctuation et articles retirés : « FLAMME SOUS ARC TRIOMPHE »"
LA FLAMME SOUS L ARC DE TRIOMPHE,FLAMME SOUS L ARC DE TRIOMPHE,normalisation,"mêmes mots une fois accents, ponctuation et articles retirés : « FLAMME SOUS ARC TRIOMPHE »"
FLORA TRISTAN LA REGIE DE QUARTIER,FLORA TRISTAN LA REGIE DE QUARTIER,jugement,"Même régie de quartier Flora Tristan (14e), séries d'années consécutives."
FLORA TRISTAN REGIE QUARTIER 14EME,FLORA TRISTAN LA REGIE DE QUARTIER,jugement,"Même régie de quartier Flora Tristan (14e), séries d'années consécutives."
FLORAN TRIST REGIE QUART 14E ASS PR,FLORA TRISTAN LA REGIE DE QUARTIER,jugement,"Même régie de quartier abrégée (FLORAN = faute), 2010 précède la série 2011."
F N P C,FNPC,jugement,"Même sigle FNPC, espaces près."
FNPC,FNPC,jugement,"Même sigle FNPC, espaces près."
FONCIERE DE LA VILLE DE PARIS,FONCIERE DE LA VILLE DE PARIS,normalisation,"mêmes mots une fois accents, ponctuation et articles retirés : « FONCIERE VILLE PARIS »"
LA FONCIERE DE LA VILLE DE PARIS,FONCIERE DE LA VILLE DE PARIS,normalisation,"mêmes mots une fois accents, ponctuation et articles retirés : « FONCIERE VILLE PARIS »"
FONCIERE ET IMMOBILIERE DE PARIS,FONCIERE ET IMMOBILIERE DE PARIS,normalisation,"mêmes mots une fois accents, ponctuation et articles retirés : « FONCIERE IMMOBILIERE PARIS »"
FONCIERE ET IMMOBILIERE DE PARIS SA,FONCIERE ET IMMOBILIERE DE PARIS,normalisation,"mêmes mots une fois accents, ponctuation et articles retirés : « FONCIERE IMMOBILIERE PARIS »"
FOND CITE INTERNATIONALE ARTS,FOND CITE INTERNATIONALE ARTS,jugement,"Fondation Cité internationale des arts, FOND abrégé"
FONDATION CITE INTERNATIONALE ARTS,FOND CITE INTERNATIONALE ARTS,jugement,"Fondation Cité internationale des arts, FOND abrégé"
FOND MAISON CHAMPS ST FRAN ASSISE,FOND MAISON CHAMPS ST FRAN ASSISE,jugement,"même fondation, « FOND. » abrégé, séries d'années complémentaires"
FOND MAISON CHAMPS ST FRANC ASSISE,FOND MAISON CHAMPS ST FRAN ASSISE,jugement,"même fondation, « FOND. » abrégé, séries d'années complémentaires"
FONDAT MAISON CHAMPS ST FRANC D ASS,FOND MAISON CHAMPS ST FRAN ASSISE,jugement,"même fondation, « FOND. » abrégé, séries d'années complémentaires"
FONDATION APPRENTIS D AUTEUIL,FONDATION APPRENTIS D AUTEUIL,jugement,"Fondation d'Auteuil = Apprentis d'Auteuil, même SIREN"
FONDATION D AUTEUIL,FONDATION APPRENTIS D AUTEUIL,jugement,"Fondation d'Auteuil = Apprentis d'Auteuil, même SIREN"
FONDATION CASIP COJASOR,FONDATION CASIP COJASOR,jugement,"même fondation, espace ou tiret dans CASIP-COJASOR"
FONDATION CASIPCOJASOR,FONDATION CASIP COJASOR,jugement,"même fondation, espace ou tiret dans CASIP-COJASOR"
ASSOCIATION NATIONALE LE REFUGE,FONDATION LE REFUGE,jugement,"Même SIREN 449631035, la structure est passée d'association à fondation."
FONDATION LE REFUGE,FONDATION LE REFUGE,jugement,"Même SIREN 449631035, la structure est passée d'association à fondation."
FONDATION NATIONALE SCIENCES,FONDATION NATIONALE SCIENCES,jugement,"Fondation nationale des sciences politiques, nom coupé"
FONDATION NATIONALE SCIENCES POLITI,FONDATION NATIONALE SCIENCES,jugement,"Fondation nationale des sciences politiques, nom coupé"
FOND OEUVRE DE LA CROIX ST SIMON,FONDATION OEUVRE DE LA CROIX,jugement,"Fondation Œuvre de la Croix Saint-Simon, graphies abrégées"
FONDATION OEUVRE DE LA CROIX,FONDATION OEUVRE DE LA CROIX,jugement,"Fondation Œuvre de la Croix Saint-Simon, nom coupé ; montants continus"
FONDATION OEUVRE DE LA CROIX ST SI,FONDATION OEUVRE DE LA CROIX,troncature,nom coupé (« FONDATION OEUVRE DE LA CROIX ST- SI ») au milieu d'un mot = début de la seule graphie « FONDATION OEUVRE DE LA CROIX ST SIM »
FONDATION OEUVRE DE LA CROIX ST SIM,FONDATION OEUVRE DE LA CROIX,troncature,nom coupé (« FONDATION OEUVRE DE LA CROIX ST- SI ») au milieu d'un mot = début de la seule graphie « FONDATION OEUVRE DE LA CROIX ST SIM »
ASSOCIATION OLGA SPITZER,FONDATION OLGA SPITZER,jugement,"même nom, « ASSOCIATION » retiré"
FONDATION OLGA SPITZER,FONDATION OLGA SPITZER,jugement,"même fondation, exercices complémentaires, montants continus"
OLGA SPITZER,FONDATION OLGA SPITZER,jugement,"même nom, « ASSOCIATION » retiré"
FONDATION SCIENCES MATHEMATIQUES,FONDATION SCIENCES MATHEMATIQUES,jugement,"Fondation Sciences Mathématiques de Paris, nom coupé"
FONDATION SCIENCES MATHEMATIQUES PA,FONDATION SCIENCES MATHEMATIQUES,jugement,"Fondation Sciences Mathématiques de Paris, nom coupé"
FORCE FEMME,FORCE FEMMES,jugement,"même graphie au pluriel près, SIREN sur l'une"
FORCE FEMMES,FORCE FEMMES,jugement,"même graphie au pluriel près, SIREN sur l'une"
ASS FORMATION INTEGRATION FAMILLES,FORMATION INTEGRATION FAMILLES,jugement,"« ASS » = « ASSOCIATION », même nom"
ASS POUR FORMATION INTEGRATION FAMI,FORMATION INTEGRATION FAMILLES,jugement,"même nom avec « POUR », tronqué à 35 caractères"
ASSOCIATION FORMATION INTEGRATION FAMILLES,FORMATION INTEGRATION FAMILLES,jugement,"« ASS » = « ASSOCIATION », même nom"
FORMATION INTEGRATION FAMILLES,FORMATION INTEGRATION FAMILLES,jugement,"« ASS » = « ASSOCIATION », même nom"
FORUM DE PARIS POUR LA PAIX,FORUM DE PARIS SUR LA PAIX,jugement,"Forum de Paris sur la Paix, « pour » est une variante de saisie."
FORUM DE PARIS SUR LA PAIX,FORUM DE PARIS SUR LA PAIX,jugement,"Forum de Paris sur la Paix, « pour » est une variante de saisie."
FORUM INSTITUTS CULURELS,FORUM INSTITUTS CULURELS,jugement,"Même nom, seconde graphie tronquée."
FORUM INSTITUTS CULURELS ETRANGERS,FORUM INSTITUTS CULURELS,jugement,"Même nom, seconde graphie tronquée."
FOURMILIERE,FOURMILIERE,normalisation,"mêmes mots une fois accents, ponctuation et articles retirés : « FOURMILIERE »"
LA FOURMILIERE,FOURMILIERE,normalisation,"mêmes mots une fois accents, ponctuation et articles retirés : « FOURMILIERE »"
FOURMIS QUI JARDINENT,FOURMIS QUI JARDINENT,normalisation,"mêmes mots une fois accents, ponctuation et articles retirés : « FOURMIS QUI JARDINENT »"
LES FOURMIS QUI JARDINENT,FOURMIS QUI JARDINENT,normalisation,"mêmes mots une fois accents, ponctuation et articles retirés : « FOURMIS QUI JARDINENT »"
ASS FR DES VICTIMES DU TERRORISME,FR DES VICTIMES DU TERRORISME,jugement,"Association française des victimes du terrorisme, abréviations FR/FRANC"
ASS FRANC VICTIMES DU TERRORISME,FR DES VICTIMES DU TERRORISME,jugement,"Association française des victimes du terrorisme, abréviations FR/FRANC"
ASSOCIATION FR DES VICTIMES DU TERRORISME,FR DES VICTIMES DU TERRORISME,jugement,"Même nom, ASS/ASSOCIATION"
FR DES VICTIMES DU TERRORISME,FR DES VICTIMES DU TERRORISME,jugement,"Même nom, ASS devant"
FRAISES DES BOIS,FRAISES DES BOIS,normalisation,"mêmes mots une fois accents, ponctuation et articles retirés : « FRAISES BOIS »"
LES FRAISES DES BOIS,FRAISES DES BOIS,normalisation,"mêmes mots une fois accents, ponctuation et articles retirés : « FRAISES BOIS »"
ASS FRANCAI DE L AGRI URBAINE PRO,FRANCAI DE L AGRI URBAINE PRO,jugement,"Même association, « ASS » retiré."
ASSOCIATION FRANCAI DE L AGRI URBAINE PRO,FRANCAI DE L AGRI URBAINE PRO,jugement,"Même association, « ASS » abrégé."
FRANCAI DE L AGRI URBAINE PRO,FRANCAI DE L AGRI URBAINE PRO,jugement,"Même association, « ASS » retiré."
ASS FRANCAISE CONTRE LES MYOPATHIES,FRANCAISE CONTRE LES MYOPATHIES,jugement,"Même nom, ASS/ASSOCIATION."
ASSOCIATION FRANCAISE CONTRE LES MYOPATHIES,FRANCAISE CONTRE LES MYOPATHIES,jugement,"Même nom, ASS/ASSOCIATION."
FRANCAISE CONTRE LES MYOPATHIES,FRANCAISE CONTRE LES MYOPATHIES,jugement,"Même nom, « ASS » omis."
FRANCAISE DE THEATRE,FRANCAISE DE THEATRE,normalisation,"mêmes mots une fois accents, ponctuation et articles retirés : « FRANCAISE THEATRE »"
LA FRANCAISE DE THEATRE,FRANCAISE DE THEATRE,normalisation,"mêmes mots une fois accents, ponctuation et articles retirés : « FRANCAISE THEATRE »"
FRANCAS D ILE DE FRANCE,FRANCAS D ILE DE FRANCE,normalisation,"mêmes mots une fois accents, ponctuation et articles retirés : « FRANCAS ILE FRANCE »"
LES FRANCAS D ILE DE FRANCE,FRANCAS D ILE DE FRANCE,normalisation,"mêmes mots une fois accents, ponctuation et articles retirés : « FRANCAS ILE FRANCE »"
ASSO FRANCO CHINOISE PIERRE DUCERF,FRANCO CHINOISE PIERRE DUCERF,jugement,"« ASSO » développé, même nom, SIREN sur une graphie"
ASSOCIATION FRANCO CHINOISE PIERRE DUCERF,FRANCO CHINOISE PIERRE DUCERF,jugement,"« ASSO » développé, même nom, SIREN sur une graphie"
FRANCO CHINOISE PIERRE DUCERF,FRANCO CHINOISE PIERRE DUCERF,jugement,"ASSO abrégé, même nom; l'autre graphie apparaît en 2023"
ASSOCIATION FRANCOIS XAVIER BAGNOUD,FRANCOIS XAVIER BAGNOUD,jugement,même nom avec ou sans « ASSOCIATION »
FRANCOIS XAVIER BAGNOUD,FRANCOIS XAVIER BAGNOUD,jugement,même nom avec ou sans « ASSOCIATION »
FRIGOS SOLIDAIRES,FRIGOS SOLIDAIRES,normalisation,"mêmes mots une fois accents, ponctuation et articles retirés : « FRIGOS SOLIDAIRES »"
LES FRIGOS SOLIDAIRES,FRIGOS SOLIDAIRES,normalisation,"mêmes mots une fois accents, ponctuation et articles retirés : « FRIGOS SOLIDAIRES »"
FRIPONS,FRIPONS,normalisation,"mêmes mots une fois accents, ponctuation et articles retirés : « FRIPONS »"
LES FRIPONS,FRIPONS,normalisation,"mêmes mots une fois accents, ponctuation et articles retirés : « FRIPONS »"
FRONTRUNNERS DE PARIS,FRONTRUNNERS DE PARIS,normalisation,"mêmes mots une fois accents, ponctuation et articles retirés : « FRONTRUNNERS PARIS »"
LES FRONTRUNNERS DE PARIS,FRONTRUNNERS DE PARIS,normalisation,"mêmes mots une fois accents, ponctuation et articles retirés : « FRONTRUNNERS PARIS »"
GAILLARDS PARISIENS,GAILLARDS PARISIENS,normalisation,"mêmes mots une fois accents, ponctuation et articles retirés : « GAILLARDS PARISIENS »"
LES GAILLARDS PARISIENS,GAILLARDS PARISIENS,normalisation,"mêmes mots une fois accents, ponctuation et articles retirés : « GAILLARDS PARISIENS »"
ASS GAN YOSSEF CR JARDIN D ENFANTS,GAN YOSSEF CR JARDIN D ENFANTS,jugement,"CR = crèche, même nom abrégé"
ASS GAN YOSSEF CRECHE JARDIN D ENFA,GAN YOSSEF CR JARDIN D ENFANTS,jugement,"CR = crèche, même nom abrégé"
ASSOCIATION GAN YOSSEF CR JARDIN D ENFANTS,GAN YOSSEF CR JARDIN D ENFANTS,jugement,"même nom, « ASS » développé, CR = crèche"
ASSOCIATION GAN YOSSEF CRECHE JARDIN D ENFA,GAN YOSSEF CR JARDIN D ENFANTS,jugement,"même nom, « ASS » développé"
GAN YOSSEF CR JARDIN D ENFANTS,GAN YOSSEF CR JARDIN D ENFANTS,jugement,"même nom sans « ASS », CR = crèche"
GARE EXPERIMENTALE,GARE EXPERIMENTALE,normalisation,"mêmes mots une fois accents, ponctuation et articles retirés : « GARE EXPERIMENTALE »"
LA GARE EXPERIMENTALE,GARE EXPERIMENTALE,normalisation,"mêmes mots une fois accents, ponctuation et articles retirés : « GARE EXPERIMENTALE »"
GENEPI,GENEPI,jugement,GENEPI = Groupement étudiant national d'enseignement aux personnes incarcérées.
GROUPE ETUDE NAT ENSEIG PERS INCARC,GENEPI,jugement,GENEPI = Groupement étudiant national d'enseignement aux personnes incarcérées.
GENERALE DE PRODUCTION AUDIOVISU,GENERALE DE PRODUCTION AUDIOVISU,normalisation,"mêmes mots une fois accents, ponctuation et articles retirés : « GENERALE PRODUCTION AUDIOVISU »"
LA GENERALE DE PRODUCTION AUDIOVISU,GENERALE DE PRODUCTION AUDIOVISU,normalisation,"mêmes mots une fois accents, ponctuation et articles retirés : « GENERALE PRODUCTION AUDIOVISU »"
GENERALE DE THEATRE,GENERALE DE THEATRE,normalisation,"mêmes mots une fois accents, ponctuation et articles retirés : « GENERALE THEATRE »"
LA GENERALE DE THEATRE,GENERALE DE THEATRE,normalisation,"mêmes mots une fois accents, ponctuation et articles retirés : « GENERALE THEATRE »"
GENERATION FREEDOM RIDE,GENERATION FREEDOM RIDE,jugement,"même nom, suffixe tronqué"
GENERATION FREEDOM RIDE LE COLLEC,GENERATION FREEDOM RIDE,troncature,nom coupé (« GENERATION FREEDOM RIDE - LE COLLEC ») au milieu d'un mot = début de la seule graphie « GENERATION FREEDOM RIDE-LE COLLECTI »
GENERATION FREEDOM RIDE LE COLLECTI,GENERATION FREEDOM RIDE,troncature,nom coupé (« GENERATION FREEDOM RIDE - LE COLLEC ») au milieu d'un mot = début de la seule graphie « GENERATION FREEDOM RIDE-LE COLLECTI »
ASS GESTION RESEAU MESUR POLLUT ATM,GESTION RESEAU MESUR POLLUT ATM,jugement,"même nom, ASS retiré"
ASSOCIATION GESTION RESEAU MESUR POLLUT ATM,GESTION RESEAU MESUR POLLUT ATM,jugement,"même nom, ASS/ASSOCIATION"
GESTION RESEAU MESUR POLLUT ATM,GESTION RESEAU MESUR POLLUT ATM,jugement,"même nom, ASS retiré"
GOUTTE LAIT SAINT LEON,GOUTTE LAIT SAINT LEON,normalisation,"mêmes mots une fois accents, ponctuation et articles retirés : « GOUTTE LAIT SAINT LEON »"
LA GOUTTE LAIT SAINT LEON,GOUTTE LAIT SAINT LEON,normalisation,"mêmes mots une fois accents, ponctuation et articles retirés : « GOUTTE LAIT SAINT LEON »"
GOUTTE VERTE,GOUTTE VERTE,normalisation,"mêmes mots une fois accents, ponctuation et articles retirés : « GOUTTE VERTE »"
LA GOUTTE VERTE,GOUTTE VERTE,normalisation,"mêmes mots une fois accents, ponctuation et articles retirés : « GOUTTE VERTE »"
GPE HIST ARCH MENT URBAINE,GPE HIST ARCH MENT URBAINE,jugement,"Même nom, abrégé différemment."
GPE HIST ARCHITECTURE MENTALITE URB,GPE HIST ARCH MENT URBAINE,jugement,"Même nom, abrégé différemment."
GPT ACTIVITES COURSES ET SERVICES,GPT ACTIVITES COURSES ET SERVICES,jugement,"Même nom, articles ajoutés et fin coupée."
GPT D ACTIVITES DE COURSES DE SER,GPT ACTIVITES COURSES ET SERVICES,jugement,"Même nom, articles ajoutés et fin coupée."
ASS GRAINE DE PARTAGE,GRAINE DE PARTAGE,jugement,"même nom, « ASS » retiré"
ASSOCIATION GRAINE DE PARTAGE,GRAINE DE PARTAGE,jugement,"même nom, « ASS » abrégé"
GRAINE DE PARTAGE,GRAINE DE PARTAGE,jugement,"même nom, « ASS » retiré"
GRAND PAN INTEGRALE BRASSENS,GRAND PAN INTEGRALE BRASSENS,normalisation,"mêmes mots une fois accents, ponctuation et articles retirés : « GRAND PAN INTEGRALE BRASSENS »"
LE GRAND PAN INTEGRALE BRASSENS,GRAND PAN INTEGRALE BRASSENS,normalisation,"mêmes mots une fois accents, ponctuation et articles retirés : « GRAND PAN INTEGRALE BRASSENS »"
GRANDE FUGUE,GRANDE FUGUE,normalisation,"mêmes mots une fois accents, ponctuation et articles retirés : « GRANDE FUGUE »"
LA GRANDE FUGUE,GRANDE FUGUE,normalisation,"mêmes mots une fois accents, ponctuation et articles retirés : « GRANDE FUGUE »"
GRANDES PERSONNES,GRANDES PERSONNES,normalisation,"mêmes mots une fois accents, ponctuation et articles retirés : « GRANDES PERSONNES »"
LES GRANDES PERSONNES,GRANDES PERSONNES,normalisation,"mêmes mots une fois accents, ponctuation et articles retirés : « GRANDES PERSONNES »"
GROUP EMPLOY PROF SPORT ET LOISIRS,GROUP EMPLOYEUR PROF SPORT LOIS,jugement,Même nom abrégé différemment.
GROUP EMPLOYEUR PROF SPORT LOIS,GROUP EMPLOYEUR PROF SPORT LOIS,jugement,Même nom abrégé différemment.
GROUPE D OEUVRES SOCIALES DE BELLEV,GROUPE OEUVRES SOCIALES BELLEVILLE,jugement,"Groupe d'œuvres sociales de Belleville, coupé/sans article"
GROUPE OEUVRES SOCIALES BELLEVILLE,GROUPE OEUVRES SOCIALES BELLEVILLE,jugement,"Groupe d'œuvres sociales de Belleville, coupé/sans article"
GROUPEMENT D AGRICULTURE BIOLOGI,GROUPEMENT D AGRICULTURE BIOLOGI,jugement,"Même nom, coupé à 35 caractères ; 2021 précède la série 2022."
GROUPEMENT D AGRICULTURE BIOLOGIQUE,GROUPEMENT D AGRICULTURE BIOLOGI,jugement,"Même nom, coupé à 35 caractères ; 2021 précède la série 2022."
GRPT PARISIEN INTER BAILL SURVEILL,GRPT PARISIEN INTER BAILL SURVEILL,jugement,"Groupement parisien interbailleurs de surveillance, même nom"
GRPT PARISIEN INTERBAILL SURVEILL,GRPT PARISIEN INTER BAILL SURVEILL,jugement,"Groupement parisien interbailleurs de surveillance, même nom"
GUINGETTE PIRATE,GUINGETTE PIRATE,normalisation,"mêmes mots une fois accents, ponctuation et articles retirés : « GUINGETTE PIRATE »"
LA GUINGETTE PIRATE,GUINGETTE PIRATE,normalisation,"mêmes mots une fois accents, ponctuation et articles retirés : « GUINGETTE PIRATE »"
HABITANTS DE LA BUTTE BERGEYRE,HABITANTS DE LA BUTTE BERGEYRE,normalisation,"mêmes mots une fois accents, ponctuation et articles retirés : « HABITANTS BUTTE BERGEYRE »"
LES HABITANTS DE LA BUTTE BERGEYRE,HABITANTS DE LA BUTTE BERGEYRE,normalisation,"mêmes mots une fois accents, ponctuation et articles retirés : « HABITANTS BUTTE BERGEYRE »"
ASSOCIATION HALAGE,HALAGE,jugement,"Association Halage, avec ou sans ASSOCIATION."
HALAGE,HALAGE,jugement,"Association Halage, avec ou sans ASSOCIATION."
HALL DE LA CHANSON,HALL DE LA CHANSON,normalisation,"mêmes mots une fois accents, ponctuation et articles retirés : « HALL CHANSON »"
LE HALL DE LA CHANSON,HALL DE LA CHANSON,normalisation,"mêmes mots une fois accents, ponctuation et articles retirés : « HALL CHANSON »"
HALTE ENFANT VARET ST CHARL,HALTE ENFANT VARET ST CHARL,normalisation,"mêmes mots une fois accents, ponctuation et articles retirés : « HALTE ENFANT VARET ST CHARL »"
LA HALTE ENFANT VARET ST CHARL,HALTE ENFANT VARET ST CHARL,normalisation,"mêmes mots une fois accents, ponctuation et articles retirés : « HALTE ENFANT VARET ST CHARL »"
HASARD LUDIQUE,HASARD LUDIQUE,normalisation,"mêmes mots une fois accents, ponctuation et articles retirés : « HASARD LUDIQUE »"
LE HASARD LUDIQUE,HASARD LUDIQUE,normalisation,"mêmes mots une fois accents, ponctuation et articles retirés : « HASARD LUDIQUE »"
HAUTS DE BELLEVILLE,HAUTS DE BELLEVILLE,jugement,"MJC Les Hauts de Belleville, exercices consécutifs"
MJC LES HAUTS DE BELLEVILLE,HAUTS DE BELLEVILLE,jugement,"MJC Les Hauts de Belleville, exercices consécutifs"
HIP ET HOP,HIP ET HOP,normalisation,"mêmes mots une fois accents, ponctuation et articles retirés : « HIP HOP »"
HIP HOP,HIP ET HOP,normalisation,"mêmes mots une fois accents, ponctuation et articles retirés : « HIP HOP »"
ASS HIP HOP CITOYEN,HIP HOP CITOYENS,jugement,"Hip Hop Citoyens, singulier/pluriel, séries d'années consécutives 2010-2015 puis 2016-2020."
HIP HOP CITOYENS,HIP HOP CITOYENS,jugement,"Hip Hop Citoyens, singulier/pluriel, séries d'années consécutives 2010-2015 puis 2016-2020."
HIPPOCAMPE ASS RECHERCHE MINE CORPO,HIPPOCAMPE ASSOCIATION RECHERCHE MINE CORPO,jugement,"Même nom, ASS abrégé"
HIPPOCAMPE ASSOCIATION RECHERCHE MINE CORPO,HIPPOCAMPE ASSOCIATION RECHERCHE MINE CORPO,jugement,"Même nom, ASS abrégé"
HISTOIRE PAR LA VIDEO,HISTOIRE PAR LA VIDEO,normalisation,"mêmes mots une fois accents, ponctuation et articles retirés : « HISTOIRE PAR VIDEO »"
L HISTOIRE PAR LA VIDEO,HISTOIRE PAR LA VIDEO,normalisation,"mêmes mots une fois accents, ponctuation et articles retirés : « HISTOIRE PAR VIDEO »"
HOTELS SOLIDAIRES,HOTELS SOLIDAIRES,normalisation,"mêmes mots une fois accents, ponctuation et articles retirés : « HOTELS SOLIDAIRES »"
LES HOTELS SOLIDAIRES,HOTELS SOLIDAIRES,normalisation,"mêmes mots une fois accents, ponctuation et articles retirés : « HOTELS SOLIDAIRES »"
HYPER VOISINS,HYPER VOISINS,normalisation,"mêmes mots une fois accents, ponctuation et articles retirés : « HYPER VOISINS »"
LES HYPER VOISINS,HYPER VOISINS,normalisation,"mêmes mots une fois accents, ponctuation et articles retirés : « HYPER VOISINS »"
IBUKA MEMOIRE ET JUSTICE,IBUKA MEMOIRE ET JUSTICE,normalisation,"mêmes mots une fois accents, ponctuation et articles retirés : « IBUKA MEMOIRE JUSTICE »"
IBUKA MEMOIRE JUSTICE,IBUKA MEMOIRE ET JUSTICE,normalisation,"mêmes mots une fois accents, ponctuation et articles retirés : « IBUKA MEMOIRE JUSTICE »"
IDEES HEUREUSES,IDEES HEUREUSES,normalisation,"mêmes mots une fois accents, ponctuation et articles retirés : « IDEES HEUREUSES »"
LES IDEES HEUREUSES,IDEES HEUREUSES,normalisation,"mêmes mots une fois accents, ponctuation et articles retirés : « IDEES HEUREUSES »"
IMMEDIAT,IMMEDIAT,normalisation,"mêmes mots une fois accents, ponctuation et articles retirés : « IMMEDIAT »"
L IMMEDIAT,IMMEDIAT,normalisation,"mêmes mots une fois accents, ponctuation et articles retirés : « IMMEDIAT »"
I S C ASSOCIATION ASSOCIATION IMPULSION CARRIERE EMPLOI,IMPULSION CARRIERE EMPLOI,jugement,Le nom développé de l'association est Impulsion Carrière Emploi.
IMPULSION CARRIERE EMPLOI,IMPULSION CARRIERE EMPLOI,jugement,Le nom développé de l'association est Impulsion Carrière Emploi.
INALCO,INALCO,jugement,Langues'O est le nom d'usage de l'INALCO
INALCO LANGUES O,INALCO,jugement,Langues'O est le nom d'usage de l'INALCO
INCUBATEUR,INCUBATEUR,normalisation,"mêmes mots une fois accents, ponctuation et articles retirés : « INCUBATEUR »"
L INCUBATEUR,INCUBATEUR,normalisation,"mêmes mots une fois accents, ponctuation et articles retirés : « INCUBATEUR »"
DE L INFANS A L ENFANT,INFANS A L ENFANT,normalisation,"mêmes mots une fois accents, ponctuation et articles retirés : « INFANS A ENFANT »"
INFANS A L ENFANT,INFANS A L ENFANT,normalisation,"mêmes mots une fois accents, ponctuation et articles retirés : « INFANS A ENFANT »"
INST NATIONAL SANTE RECHERCHE,INST NATIONAL SANTE RECHERCHE,jugement,"Inserm, nom tronqué"
INST NATIONAL SANTE RECHERCHE MEDIC,INST NATIONAL SANTE RECHERCHE,jugement,"Inserm, nom tronqué"
INSTITUT D EDUC ET PRATIQUES CITOY,INSTITUT D EDUC ET PRATIQUES CITOY,jugement,"Institut d'éducation et pratiques citoyennes, nom tronqué."
INSTITUT D EDUCATION ET PRATIQUES,INSTITUT D EDUC ET PRATIQUES CITOY,jugement,"Institut d'éducation et pratiques citoyennes, nom tronqué."
INSTITUT KURDE,INSTITUT KURDE DE PARIS,jugement,"Institut kurde de Paris, DE PARIS omis, même exercice 2020 à 0"
INSTITUT KURDE DE PARIS,INSTITUT KURDE DE PARIS,jugement,"Institut kurde de Paris, DE PARIS omis, même exercice 2020 à 0"
INSTITUT MANGALA,INSTITUT MANGALA,normalisation,"mêmes mots une fois accents, ponctuation et articles retirés : « INSTITUT MANGALA »"
L INSTITUT MANGALA,INSTITUT MANGALA,normalisation,"mêmes mots une fois accents, ponctuation et articles retirés : « INSTITUT MANGALA »"
INSTITUT MINES TELECOM,INSTITUT MINES TELECOM,jugement,"Institut Télécom, devenu Institut Mines-Télécom en 2012"
INSTITUT TELECOM,INSTITUT MINES TELECOM,jugement,"Institut Télécom, devenu Institut Mines-Télécom en 2012"
INSTITUT NATIONAL DES JEUNES AVEUGL,INSTITUT NATIONAL DES JEUNES AVEUGLES,troncature,nom coupé (« INSTITUT NATIONAL DES JEUNES AVEUGL ») au milieu d'un mot = début de la seule graphie « INSTITUT NATIONAL DES JEUNES AVEUGLES »
INSTITUT NATIONAL DES JEUNES AVEUGLES,INSTITUT NATIONAL DES JEUNES AVEUGLES,troncature,nom coupé (« INSTITUT NATIONAL DES JEUNES AVEUGL ») au milieu d'un mot = début de la seule graphie « INSTITUT NATIONAL DES JEUNES AVEUGLES »
INSTITUT DE PHYSIQUE DU GLOBE DE PA,INSTITUT PHYSIQUE DU GLOBE,jugement,"Institut de physique du globe de Paris, nom coupé"
INSTITUT PHYSIQUE DU GLOBE,INSTITUT PHYSIQUE DU GLOBE,jugement,"Institut de physique du globe de Paris, nom coupé"
INTER CO,INTER CO,normalisation,"mêmes mots une fois accents, ponctuation et articles retirés : « INTER CO »"
L INTER CO,INTER CO,normalisation,"mêmes mots une fois accents, ponctuation et articles retirés : « INTER CO »"
INTERASSOCIA LESBIEN GAIE BI TRANS,INTERASSOCIATIVE LESBIENNE,jugement,"Interassociative lesbienne gaie bi trans, graphie coupée puis abrégée"
INTERASSOCIATIVE LESBIENNE,INTERASSOCIATIVE LESBIENNE,jugement,"Interassociative lesbienne gaie bi trans, graphie coupée puis abrégée"
ASS INTERNATIONALE DES MAIRES FRANC,INTERNATIONALE MAIRES FRANCOPHO,jugement,"Même association, graphie abrégée différente"
ASS INTERNATIONALE MAIRES FRANCOPHO,INTERNATIONALE MAIRES FRANCOPHO,jugement,"Association internationale des maires francophones, abrégé"
ASSOCIATION INTERNATIONALE MAIRES FRANCOPHO,INTERNATIONALE MAIRES FRANCOPHO,jugement,"Même association, ASS développé"
INTERNATIONALE MAIRES FRANCOPHO,INTERNATIONALE MAIRES FRANCOPHO,jugement,"Association internationale des maires francophones, abrégé"
INTESTINE,INTESTINE,normalisation,"mêmes mots une fois accents, ponctuation et articles retirés : « INTESTINE »"
L INTESTINE,INTESTINE,normalisation,"mêmes mots une fois accents, ponctuation et articles retirés : « INTESTINE »"
ITINERAIRE,ITINERAIRE,normalisation,"mêmes mots une fois accents, ponctuation et articles retirés : « ITINERAIRE »"
L ITINERAIRE,ITINERAIRE,normalisation,"mêmes mots une fois accents, ponctuation et articles retirés : « ITINERAIRE »"
J ACCEDE COM,J ACCEDE COM,jugement,"même association, nom complet ou abrégé"
J ACCEDE COM RESEAU PERS A MOB RED,J ACCEDE COM,jugement,"même association, nom complet ou abrégé"
JARDIN DE LA CITE AUBRY,JARDIN DE LA CITE AUBRY,normalisation,"mêmes mots une fois accents, ponctuation et articles retirés : « JARDIN CITE AUBRY »"
LE JARDIN DE LA CITE AUBRY,JARDIN DE LA CITE AUBRY,normalisation,"mêmes mots une fois accents, ponctuation et articles retirés : « JARDIN CITE AUBRY »"
JARDIN DES DELICES,JARDIN DES DELICES,normalisation,"mêmes mots une fois accents, ponctuation et articles retirés : « JARDIN DELICES »"
LE JARDIN DES DELICES,JARDIN DES DELICES,normalisation,"mêmes mots une fois accents, ponctuation et articles retirés : « JARDIN DELICES »"
JARDIN DES ROOS,JARDIN DES ROOS,normalisation,"mêmes mots une fois accents, ponctuation et articles retirés : « JARDIN ROOS »"
LE JARDIN DES ROOS,JARDIN DES ROOS,normalisation,"mêmes mots une fois accents, ponctuation et articles retirés : « JARDIN ROOS »"
JARDIN DU CARROUSEL,JARDIN DU CARROUSEL,normalisation,"mêmes mots une fois accents, ponctuation et articles retirés : « JARDIN CARROUSEL »"
LE JARDIN DU CARROUSEL,JARDIN DU CARROUSEL,normalisation,"mêmes mots une fois accents, ponctuation et articles retirés : « JARDIN CARROUSEL »"
JARDIN DU COIN,JARDIN DU COIN,normalisation,"mêmes mots une fois accents, ponctuation et articles retirés : « JARDIN COIN »"
LE JARDIN DU COIN,JARDIN DU COIN,normalisation,"mêmes mots une fois accents, ponctuation et articles retirés : « JARDIN COIN »"
JARDIN FESSART,JARDIN FESSART,normalisation,"mêmes mots une fois accents, ponctuation et articles retirés : « JARDIN FESSART »"
LE JARDIN FESSART,JARDIN FESSART,normalisation,"mêmes mots une fois accents, ponctuation et articles retirés : « JARDIN FESSART »"
JARDIN PARTAGE BERTHE WEILL,JARDIN PARTAGE BERTHE WEILL,normalisation,"mêmes mots une fois accents, ponctuation et articles retirés : « JARDIN PARTAGE BERTHE WEILL »"
LE JARDIN PARTAGE BERTHE WEILL,JARDIN PARTAGE BERTHE WEILL,normalisation,"mêmes mots une fois accents, ponctuation et articles retirés : « JARDIN PARTAGE BERTHE WEILL »"
JARDINIERES ET,JARDINIERES ET,normalisation,"mêmes mots une fois accents, ponctuation et articles retirés : « JARDINIERES »"
LES JARDINIERES ET,JARDINIERES ET,normalisation,"mêmes mots une fois accents, ponctuation et articles retirés : « JARDINIERES »"
JARDINIERS DE L AQUEDUC,JARDINIERS DE L AQUEDUC,normalisation,"mêmes mots une fois accents, ponctuation et articles retirés : « JARDINIERS AQUEDUC »"
LES JARDINIERS DE L AQUEDUC,JARDINIERS DE L AQUEDUC,normalisation,"mêmes mots une fois accents, ponctuation et articles retirés : « JARDINIERS AQUEDUC »"
JARDINS NUMERIQUES,JARDINS NUMERIQUES,normalisation,"mêmes mots une fois accents, ponctuation et articles retirés : « JARDINS NUMERIQUES »"
LES JARDINS NUMERIQUES,JARDINS NUMERIQUES,normalisation,"mêmes mots une fois accents, ponctuation et articles retirés : « JARDINS NUMERIQUES »"
JEANNE D ARC DE VAUGIRARD,JEANNE D ARC DE VAUGIRARD,normalisation,"mêmes mots une fois accents, ponctuation et articles retirés : « JEANNE ARC VAUGIRARD »"
LA JEANNE D ARC DE VAUGIRARD,JEANNE D ARC DE VAUGIRARD,normalisation,"mêmes mots une fois accents, ponctuation et articles retirés : « JEANNE ARC VAUGIRARD »"
JEUNE CHAMBRE ECONOMIQUE DE PARI,JEUNE CHAMBRE ECONOMIQUE DE PARIS JCE,jugement,"Même organisation, Paris coupé."
JEUNE CHAMBRE ECONOMIQUE DE PARIS,JEUNE CHAMBRE ECONOMIQUE DE PARIS JCE,jugement,"Même organisation, Paris coupé."
JEUNE CHAMBRE ECONOMIQUE DE PARIS JCE,JEUNE CHAMBRE ECONOMIQUE DE PARIS JCE,jugement,"Même organisation, Paris coupé."
JEUNES ECONOMES,JEUNES ECONOMES,normalisation,"mêmes mots une fois accents, ponctuation et articles retirés : « JEUNES ECONOMES »"
LES JEUNES ECONOMES,JEUNES ECONOMES,normalisation,"mêmes mots une fois accents, ponctuation et articles retirés : « JEUNES ECONOMES »"
DES JEUNES ET DES LETTRES,JEUNES ET DES LETTRES,normalisation,"mêmes mots une fois accents, ponctuation et articles retirés : « JEUNES LETTRES »"
JEUNES ET DES LETTRES,JEUNES ET DES LETTRES,normalisation,"mêmes mots une fois accents, ponctuation et articles retirés : « JEUNES LETTRES »"
JEUNES EUROPEENS FRANCE,JEUNES EUROPEENS FRANCE,jugement,"même nom, tiret absent"
JEUNES EUROPEENSFRANCE,JEUNES EUROPEENS FRANCE,jugement,"même nom, tiret absent"
JOANNAISE DU GROS CAILLOU,JOANNAISE DU GROS CAILLOU,normalisation,"mêmes mots une fois accents, ponctuation et articles retirés : « JOANNAISE GROS CAILLOU »"
LA JOANNAISE DU GROS CAILLOU,JOANNAISE DU GROS CAILLOU,normalisation,"mêmes mots une fois accents, ponctuation et articles retirés : « JOANNAISE GROS CAILLOU »"
JOIE PAR LA DANSE,JOIE PAR LA DANSE,normalisation,"mêmes mots une fois accents, ponctuation et articles retirés : « JOIE PAR DANSE »"
LA JOIE PAR LA DANSE,JOIE PAR LA DANSE,normalisation,"mêmes mots une fois accents, ponctuation et articles retirés : « JOIE PAR DANSE »"
JOURS HEUREUX,JOURS HEUREUX,normalisation,"mêmes mots une fois accents, ponctuation et articles retirés : « JOURS HEUREUX »"
LES JOURS HEUREUX,JOURS HEUREUX,normalisation,"mêmes mots une fois accents, ponctuation et articles retirés : « JOURS HEUREUX »"
JOYEUX RECYCLEURS,JOYEUX RECYCLEURS,normalisation,"mêmes mots une fois accents, ponctuation et articles retirés : « JOYEUX RECYCLEURS »"
LES JOYEUX RECYCLEURS,JOYEUX RECYCLEURS,normalisation,"mêmes mots une fois accents, ponctuation et articles retirés : « JOYEUX RECYCLEURS »"
KAJYN,KAJYN,jugement,KAJYN = initiales de Karaté Aïkido Judo Yoga Nuchaku
KARATE AIKIDO JUDO YOGA NUCHAKU,KAJYN,jugement,KAJYN = initiales de Karaté Aïkido Judo Yoga Nuchaku
KIOSQUE INFOS SIDA,KIOSQUE INFOS SIDA,normalisation,"mêmes mots une fois accents, ponctuation et articles retirés : « KIOSQUE INFOS SIDA »"
LE KIOSQUE INFOS SIDA,KIOSQUE INFOS SIDA,normalisation,"mêmes mots une fois accents, ponctuation et articles retirés : « KIOSQUE INFOS SIDA »"
ACTION MUSICALE,L ACTION MUSICALE,normalisation,"mêmes mots une fois accents, ponctuation et articles retirés : « ACTION MUSICALE »"
L ACTION MUSICALE,L ACTION MUSICALE,normalisation,"mêmes mots une fois accents, ponctuation et articles retirés : « ACTION MUSICALE »"
AGENCE PARISIENNE DU CLIMAT,L AGENCE PARISIENNE DU CLIMAT,normalisation,"mêmes mots une fois accents, ponctuation et articles retirés : « AGENCE PARISIENNE CLIMAT »"
L AGENCE PARISIENNE DU CLIMAT,L AGENCE PARISIENNE DU CLIMAT,normalisation,"mêmes mots une fois accents, ponctuation et articles retirés : « AGENCE PARISIENNE CLIMAT »"
AIRE A MOTS,L AIRE A MOTS,normalisation,"mêmes mots une fois accents, ponctuation et articles retirés : « AIRE A MOTS »"
L AIRE A MOTS,L AIRE A MOTS,normalisation,"mêmes mots une fois accents, ponctuation et articles retirés : « AIRE A MOTS »"
ALTERNATIVE URBAINE,L ALTERNATIVE URBAINE,normalisation,"mêmes mots une fois accents, ponctuation et articles retirés : « ALTERNATIVE URBAINE »"
L ALTERNATIVE URBAINE,L ALTERNATIVE URBAINE,normalisation,"mêmes mots une fois accents, ponctuation et articles retirés : « ALTERNATIVE URBAINE »"
ART DE COUDRE,L ART DE COUDRE,normalisation,"mêmes mots une fois accents, ponctuation et articles retirés : « ART COUDRE »"
L ART DE COUDRE,L ART DE COUDRE,normalisation,"mêmes mots une fois accents, ponctuation et articles retirés : « ART COUDRE »"
ASSOCIATION ENVOL VERT,L ASSOCIATION ENVOL VERT,normalisation,"mêmes mots une fois accents, ponctuation et articles retirés : « ASSOCIATION ENVOL VERT »"
L ASSOCIATION ENVOL VERT,L ASSOCIATION ENVOL VERT,normalisation,"mêmes mots une fois accents, ponctuation et articles retirés : « ASSOCIATION ENVOL VERT »"
AURORE BOREALE,L AURORE BOREALE,normalisation,"mêmes mots une fois accents, ponctuation et articles retirés : « AURORE BOREALE »"
L AURORE BOREALE,L AURORE BOREALE,normalisation,"mêmes mots une fois accents, ponctuation et articles retirés : « AURORE BOREALE »"
AVANT COURRIER,L AVANT COURRIER,normalisation,"mêmes mots une fois accents, ponctuation et articles retirés : « AVANT COURRIER »"
L AVANT COURRIER,L AVANT COURRIER,normalisation,"mêmes mots une fois accents, ponctuation et articles retirés : « AVANT COURRIER »"
ECHIQUIER DE LA BUTTE,L ECHIQUIER DE LA BUTTE,normalisation,"mêmes mots une fois accents, ponctuation et articles retirés : « ECHIQUIER BUTTE »"
L ECHIQUIER DE LA BUTTE,L ECHIQUIER DE LA BUTTE,normalisation,"mêmes mots une fois accents, ponctuation et articles retirés : « ECHIQUIER BUTTE »"
EGALITE C EST PAS SORCIER,L EGALITE C EST PAS SORCIER,normalisation,"mêmes mots une fois accents, ponctuation et articles retirés : « EGALITE C EST PAS SORCIER »"
L EGALITE C EST PAS SORCIER,L EGALITE C EST PAS SORCIER,normalisation,"mêmes mots une fois accents, ponctuation et articles retirés : « EGALITE C EST PAS SORCIER »"
L ENFANT ET LA SHOAH YAD LAYELED FR,L ENFANT ET LA SHOAH YAD LAYELED FRANCE,troncature,nom coupé (« L ENFANT ET LA SHOAH-YAD LAYELED FR ») au milieu d'un mot = début de la seule graphie « L’ENFANT ET LA SHOAH – YAD LAYELED FRANCE »
L ENFANT ET LA SHOAH YAD LAYELED FRANCE,L ENFANT ET LA SHOAH YAD LAYELED FRANCE,troncature,nom coupé (« L ENFANT ET LA SHOAH-YAD LAYELED FR ») au milieu d'un mot = début de la seule graphie « L’ENFANT ET LA SHOAH – YAD LAYELED FRANCE »
ENTREPRISE,L ENTREPRISE,normalisation,"mêmes mots une fois accents, ponctuation et articles retirés : « ENTREPRISE »"
L ENTREPRISE,L ENTREPRISE,normalisation,"mêmes mots une fois accents, ponctuation et articles retirés : « ENTREPRISE »"
ASSOCIATION ESPRIT JAZZ,L ESPRIT JAZZ,jugement,Même nom avec ou sans « ASSOCIATION » et article
ESPRIT JAZZ,L ESPRIT JAZZ,normalisation,"mêmes mots une fois accents, ponctuation et articles retirés : « ESPRIT JAZZ »"
L ESPRIT JAZZ,L ESPRIT JAZZ,normalisation,"mêmes mots une fois accents, ponctuation et articles retirés : « ESPRIT JAZZ »"
ESSOR,L ESSOR,normalisation,"mêmes mots une fois accents, ponctuation et articles retirés : « ESSOR »"
L ESSOR,L ESSOR,normalisation,"mêmes mots une fois accents, ponctuation et articles retirés : « ESSOR »"
HABITATION CONFORTABLE,L HABITATION CONFORTABLE,normalisation,"mêmes mots une fois accents, ponctuation et articles retirés : « HABITATION CONFORTABLE »"
L HABITATION CONFORTABLE,L HABITATION CONFORTABLE,normalisation,"mêmes mots une fois accents, ponctuation et articles retirés : « HABITATION CONFORTABLE »"
L OASIS DE KOUFRA,L OASIS DE KOUFRA,normalisation,"mêmes mots une fois accents, ponctuation et articles retirés : « OASIS KOUFRA »"
OASIS DE KOUFRA,L OASIS DE KOUFRA,normalisation,"mêmes mots une fois accents, ponctuation et articles retirés : « OASIS KOUFRA »"
L OPERA COMIQUE,L OPERA COMIQUE,jugement,"Théâtre national de l'Opéra-Comique, nom abrégé"
THEATRE NATIONAL DE L OPERA COMIQUE,L OPERA COMIQUE,jugement,"Théâtre national de l'Opéra-Comique, nom abrégé"
L ORCHESTRE ATELIER OSTINATO,L ORCHESTRE ATELIER OSTINATO,normalisation,"mêmes mots une fois accents, ponctuation et articles retirés : « ORCHESTRE ATELIER OSTINATO »"
ORCHESTRE ATELIER OSTINATO,L ORCHESTRE ATELIER OSTINATO,normalisation,"mêmes mots une fois accents, ponctuation et articles retirés : « ORCHESTRE ATELIER OSTINATO »"
L UN EST L AUTRE,L UN EST L AUTRE,normalisation,"mêmes mots une fois accents, ponctuation et articles retirés : « UN EST AUTRE »"
UN EST L AUTRE,L UN EST L AUTRE,normalisation,"mêmes mots une fois accents, ponctuation et articles retirés : « UN EST AUTRE »"
BAGAGERIE 188,LA BAGAGERIE 188,normalisation,"mêmes mots une fois accents, ponctuation et articles retirés : « BAGAGERIE 188 »"
LA BAGAGERIE 188,LA BAGAGERIE 188,normalisation,"mêmes mots une fois accents, ponctuation et articles retirés : « BAGAGERIE 188 »"
BELLE AFFAIRE PRODUCTIONS,LA BELLE AFFAIRE PRODUCTIONS,normalisation,"mêmes mots une fois accents, ponctuation et articles retirés : « BELLE AFFAIRE PRODUCTIONS »"
LA BELLE AFFAIRE PRODUCTIONS,LA BELLE AFFAIRE PRODUCTIONS,normalisation,"mêmes mots une fois accents, ponctuation et articles retirés : « BELLE AFFAIRE PRODUCTIONS »"
BELLE EMPREINTE,LA BELLE EMPREINTE,normalisation,"mêmes mots une fois accents, ponctuation et articles retirés : « BELLE EMPREINTE »"
LA BELLE EMPREINTE,LA BELLE EMPREINTE,normalisation,"mêmes mots une fois accents, ponctuation et articles retirés : « BELLE EMPREINTE »"
BOUTIKA,LA BOUTIKA,normalisation,"mêmes mots une fois accents, ponctuation et articles retirés : « BOUTIKA »"
LA BOUTIKA,LA BOUTIKA,normalisation,"mêmes mots une fois accents, ponctuation et articles retirés : « BOUTIKA »"
BOUTIQUE SANS ARGENT,LA BOUTIQUE SANS ARGENT,normalisation,"mêmes mots une fois accents, ponctuation et articles retirés : « BOUTIQUE SANS ARGENT »"
LA BOUTIQUE SANS ARGENT,LA BOUTIQUE SANS ARGENT,normalisation,"mêmes mots une fois accents, ponctuation et articles retirés : « BOUTIQUE SANS ARGENT »"
CITE DES MEMOIRES ETUDIANTES,LA CITE DES MEMOIRES ETUDIANTES,normalisation,"mêmes mots une fois accents, ponctuation et articles retirés : « CITE MEMOIRES ETUDIANTES »"
LA CITE DES MEMOIRES ETUDIANTES,LA CITE DES MEMOIRES ETUDIANTES,normalisation,"mêmes mots une fois accents, ponctuation et articles retirés : « CITE MEMOIRES ETUDIANTES »"
CUVE A SON,LA CUVE A SON,normalisation,"mêmes mots une fois accents, ponctuation et articles retirés : « CUVE A SON »"
LA CUVE A SON,LA CUVE A SON,normalisation,"mêmes mots une fois accents, ponctuation et articles retirés : « CUVE A SON »"
FABRIK PEDALUDIQUE,LA FABRIK PEDALUDIQUE,normalisation,"mêmes mots une fois accents, ponctuation et articles retirés : « FABRIK PEDALUDIQUE »"
LA FABRIK PEDALUDIQUE,LA FABRIK PEDALUDIQUE,normalisation,"mêmes mots une fois accents, ponctuation et articles retirés : « FABRIK PEDALUDIQUE »"
FRONDE,LA FRONDE,normalisation,"mêmes mots une fois accents, ponctuation et articles retirés : « FRONDE »"
LA FRONDE,LA FRONDE,normalisation,"mêmes mots une fois accents, ponctuation et articles retirés : « FRONDE »"
GALERIE DE L IMMOBILIER,LA GALERIE DE L IMMOBILIER,normalisation,"mêmes mots une fois accents, ponctuation et articles retirés : « GALERIE IMMOBILIER »"
LA GALERIE DE L IMMOBILIER,LA GALERIE DE L IMMOBILIER,normalisation,"mêmes mots une fois accents, ponctuation et articles retirés : « GALERIE IMMOBILIER »"
GIRAFE LYRIQUE,LA GIRAFE LYRIQUE,normalisation,"mêmes mots une fois accents, ponctuation et articles retirés : « GIRAFE LYRIQUE »"
LA GIRAFE LYRIQUE,LA GIRAFE LYRIQUE,normalisation,"mêmes mots une fois accents, ponctuation et articles retirés : « GIRAFE LYRIQUE »"
LA MAIZON,LA MAIZON,normalisation,"mêmes mots une fois accents, ponctuation et articles retirés : « MAIZON »"
MAIZON,LA MAIZON,normalisation,"mêmes mots une fois accents, ponctuation et articles retirés : « MAIZON »"
LA MARMITE ANTI GASPILLE,LA MARMITE ANTI GASPILLE,normalisation,"mêmes mots une fois accents, ponctuation et articles retirés : « MARMITE ANTI GASPILLE »"
MARMITE ANTI GASPILLE,LA MARMITE ANTI GASPILLE,normalisation,"mêmes mots une fois accents, ponctuation et articles retirés : « MARMITE ANTI GASPILLE »"
LA MAROQUINERIE,LA MAROQUINERIE,normalisation,"mêmes mots une fois accents, ponctuation et articles retirés : « MAROQUINERIE »"
MAROQUINERIE,LA MAROQUINERIE,normalisation,"mêmes mots une fois accents, ponctuation et articles retirés : « MAROQUINERIE »"
LA MIE QUI VOUS VEUT DU BIEN,LA MIE QUI VOUS VEUT DU BIEN,normalisation,"mêmes mots une fois accents, ponctuation et articles retirés : « MIE QUI VOUS VEUT BIEN »"
MIE QUI VOUS VEUT DU BIEN,LA MIE QUI VOUS VEUT DU BIEN,normalisation,"mêmes mots une fois accents, ponctuation et articles retirés : « MIE QUI VOUS VEUT BIEN »"
LA MUTUELLE DES ETUDIANTS,LA MUTUELLE DES ETUDIANTS,normalisation,"mêmes mots une fois accents, ponctuation et articles retirés : « MUTUELLE ETUDIANTS »"
LA MUTUELLE DES ETUDIANTS LMDE,LA MUTUELLE DES ETUDIANTS,jugement,LMDE = La Mutuelle des étudiants
MUTUELLE DES ETUDIANTS,LA MUTUELLE DES ETUDIANTS,normalisation,"mêmes mots une fois accents, ponctuation et articles retirés : « MUTUELLE ETUDIANTS »"
LA NUIT DU HANDICAP,LA NUIT DU HANDICAP,normalisation,"mêmes mots une fois accents, ponctuation et articles retirés : « NUIT HANDICAP »"
NUIT DU HANDICAP,LA NUIT DU HANDICAP,normalisation,"mêmes mots une fois accents, ponctuation et articles retirés : « NUIT HANDICAP »"
CINEMA LA PAGODE,LA PAGODE CINEMA SARL,jugement,"même cinéma, mots réordonnés, SARL ajouté"
LA PAGODE CINEMA SARL,LA PAGODE CINEMA SARL,jugement,"même cinéma, mots réordonnés, SARL ajouté"
LA PROCURE,LA PROCURE,normalisation,"mêmes mots une fois accents, ponctuation et articles retirés : « PROCURE »"
PROCURE,LA PROCURE,normalisation,"mêmes mots une fois accents, ponctuation et articles retirés : « PROCURE »"
LA REINE BLANCHE,LA REINE BLANCHE,normalisation,"mêmes mots une fois accents, ponctuation et articles retirés : « REINE BLANCHE »"
REINE BLANCHE,LA REINE BLANCHE,normalisation,"mêmes mots une fois accents, ponctuation et articles retirés : « REINE BLANCHE »"
LA RENAISSANCE HARMONIE SNCF REGION,LA RENAISSANCE HARMONIE SNCF REGION,normalisation,"mêmes mots une fois accents, ponctuation et articles retirés : « RENAISSANCE HARMONIE SNCF REGION »"
RENAISSANCE HARMONIE SNCF REGION,LA RENAISSANCE HARMONIE SNCF REGION,normalisation,"mêmes mots une fois accents, ponctuation et articles retirés : « RENAISSANCE HARMONIE SNCF REGION »"
LA RIBAMBELLE,LA RIBAMBELLE,normalisation,"mêmes mots une fois accents, ponctuation et articles retirés : « RIBAMBELLE »"
RIBAMBELLE,LA RIBAMBELLE,normalisation,"mêmes mots une fois accents, ponctuation et articles retirés : « RIBAMBELLE »"
LA TRIBUNE NOUVELLE,LA TRIBUNE NOUVELLE,normalisation,"mêmes mots une fois accents, ponctuation et articles retirés : « TRIBUNE NOUVELLE »"
TRIBUNE NOUVELLE,LA TRIBUNE NOUVELLE,normalisation,"mêmes mots une fois accents, ponctuation et articles retirés : « TRIBUNE NOUVELLE »"
LA VISITE DES CLOWNS,LA VISITE DES CLOWNS,normalisation,"mêmes mots une fois accents, ponctuation et articles retirés : « VISITE CLOWNS »"
VISITE DES CLOWNS,LA VISITE DES CLOWNS,normalisation,"mêmes mots une fois accents, ponctuation et articles retirés : « VISITE CLOWNS »"
LA ZONE D EXPRESSION PRIORITAIRE,LA ZONE D EXPRESSION PRIORITAIRE,normalisation,"mêmes mots une fois accents, ponctuation et articles retirés : « ZONE EXPRESSION PRIORITAIRE »"
ZONE D EXPRESSION PRIORITAIRE,LA ZONE D EXPRESSION PRIORITAIRE,normalisation,"mêmes mots une fois accents, ponctuation et articles retirés : « ZONE EXPRESSION PRIORITAIRE »"
LABO DES HISTOIRES,LABO DES HISTOIRES,normalisation,"mêmes mots une fois accents, ponctuation et articles retirés : « LABO HISTOIRES »"
LE LABO DES HISTOIRES,LABO DES HISTOIRES,normalisation,"mêmes mots une fois accents, ponctuation et articles retirés : « LABO HISTOIRES »"
LABORATOIRE DE L EGALITE,LABORATOIRE DE L ÉGALITÉ,normalisation,"mêmes mots une fois accents, ponctuation et articles retirés : « LABORATOIRE EGALITE »"
LABORATOIRE DE L ÉGALITÉ,LABORATOIRE DE L ÉGALITÉ,normalisation,"mêmes mots une fois accents, ponctuation et articles retirés : « LABORATOIRE EGALITE »"
LABORATOIRE DE LA CREATION,LABORATOIRE DE LA CREATION,normalisation,"mêmes mots une fois accents, ponctuation et articles retirés : « LABORATOIRE CREATION »"
LE LABORATOIRE DE LA CREATION,LABORATOIRE DE LA CREATION,normalisation,"mêmes mots une fois accents, ponctuation et articles retirés : « LABORATOIRE CREATION »"
LA LAITERIE DE PARIS,LAITERIE DE PARIS,normalisation,"mêmes mots une fois accents, ponctuation et articles retirés : « LAITERIE PARIS »"
LAITERIE DE PARIS,LAITERIE DE PARIS,normalisation,"mêmes mots une fois accents, ponctuation et articles retirés : « LAITERIE PARIS »"
LAMES DU MARAIS,LAMES DU MARAIS,normalisation,"mêmes mots une fois accents, ponctuation et articles retirés : « LAMES MARAIS »"
LES LAMES DU MARAIS,LAMES DU MARAIS,normalisation,"mêmes mots une fois accents, ponctuation et articles retirés : « LAMES MARAIS »"
100 ETS CULTUREL SOLIDAIRE,LE 100 ETS CULTUREL SOLIDAIRE,normalisation,"mêmes mots une fois accents, ponctuation et articles retirés : « 100 ETS CULTUREL SOLIDAIRE »"
LE 100 ETS CULTUREL SOLIDAIRE,LE 100 ETS CULTUREL SOLIDAIRE,normalisation,"mêmes mots une fois accents, ponctuation et articles retirés : « 100 ETS CULTUREL SOLIDAIRE »"
CHOEUR DE LA TRINITE,LE CHOEUR DE LA TRINITE,normalisation,"mêmes mots une fois accents, ponctuation et articles retirés : « CHOEUR TRINITE »"
LE CHOEUR DE LA TRINITE,LE CHOEUR DE LA TRINITE,normalisation,"mêmes mots une fois accents, ponctuation et articles retirés : « CHOEUR TRINITE »"
COIN DES BOIS,LE COIN DES BOIS,normalisation,"mêmes mots une fois accents, ponctuation et articles retirés : « COIN BOIS »"
LE COIN DES BOIS,LE COIN DES BOIS,normalisation,"mêmes mots une fois accents, ponctuation et articles retirés : « COIN BOIS »"
FROM,LE FROM,normalisation,"mêmes mots une fois accents, ponctuation et articles retirés : « FROM »"
LE FROM,LE FROM,normalisation,"mêmes mots une fois accents, ponctuation et articles retirés : « FROM »"
JARDIN AUX P TITS OIGNONS,LE JARDIN AUX P TITS OIGNONS,normalisation,"mêmes mots une fois accents, ponctuation et articles retirés : « JARDIN AUX P TITS OIGNONS »"
LE JARDIN AUX P TITS OIGNONS,LE JARDIN AUX P TITS OIGNONS,normalisation,"mêmes mots une fois accents, ponctuation et articles retirés : « JARDIN AUX P TITS OIGNONS »"
JARDIN DES COOPAINS,LE JARDIN DES COOPAINS,normalisation,"mêmes mots une fois accents, ponctuation et articles retirés : « JARDIN COOPAINS »"
LE JARDIN DES COOPAINS,LE JARDIN DES COOPAINS,normalisation,"mêmes mots une fois accents, ponctuation et articles retirés : « JARDIN COOPAINS »"
LE JARDIN DES OURSONS DE SAINT LAMBERT,LE JARDIN DES OURSONS DE SAINT LAMBERT,normalisation,"mêmes mots une fois accents, ponctuation et articles retirés : « JARDIN OURSONS SAINT LAMBERT »"
LE JARDIN DES OURSONS SAINT LAMBERT,LE JARDIN DES OURSONS DE SAINT LAMBERT,normalisation,"mêmes mots une fois accents, ponctuation et articles retirés : « JARDIN OURSONS SAINT LAMBERT »"
JARDIN PARTAGE DE FALBALA,LE JARDIN PARTAGE DE FALBALA,normalisation,"mêmes mots une fois accents, ponctuation et articles retirés : « JARDIN PARTAGE FALBALA »"
LE JARDIN PARTAGE DE FALBALA,LE JARDIN PARTAGE DE FALBALA,normalisation,"mêmes mots une fois accents, ponctuation et articles retirés : « JARDIN PARTAGE FALBALA »"
JARDIN PERCHE,LE JARDIN PERCHE,normalisation,"mêmes mots une fois accents, ponctuation et articles retirés : « JARDIN PERCHE »"
LE JARDIN PERCHE,LE JARDIN PERCHE,normalisation,"mêmes mots une fois accents, ponctuation et articles retirés : « JARDIN PERCHE »"
KAPOKIER,LE KAPOKIER,normalisation,"mêmes mots une fois accents, ponctuation et articles retirés : « KAPOKIER »"
LE KAPOKIER,LE KAPOKIER,normalisation,"mêmes mots une fois accents, ponctuation et articles retirés : « KAPOKIER »"
LAPIN OUVRIER,LE LAPIN OUVRIER,normalisation,"mêmes mots une fois accents, ponctuation et articles retirés : « LAPIN OUVRIER »"
LE LAPIN OUVRIER,LE LAPIN OUVRIER,normalisation,"mêmes mots une fois accents, ponctuation et articles retirés : « LAPIN OUVRIER »"
LE MUR ESCALADE,LE MUR ESCALADE,normalisation,"mêmes mots une fois accents, ponctuation et articles retirés : « MUR ESCALADE »"
MUR ESCALADE,LE MUR ESCALADE,normalisation,"mêmes mots une fois accents, ponctuation et articles retirés : « MUR ESCALADE »"
LE P TIT JARDIN D EUGENIE,LE P TIT JARDIN D EUGENIE,normalisation,"mêmes mots une fois accents, ponctuation et articles retirés : « P TIT JARDIN EUGENIE »"
P TIT JARDIN D EUGENIE,LE P TIT JARDIN D EUGENIE,normalisation,"mêmes mots une fois accents, ponctuation et articles retirés : « P TIT JARDIN EUGENIE »"
LE POTAGER POT A JONCS,LE POTAGER POT A JONCS,normalisation,"mêmes mots une fois accents, ponctuation et articles retirés : « POTAGER POT A JONCS »"
POTAGER POT A JONCS,LE POTAGER POT A JONCS,normalisation,"mêmes mots une fois accents, ponctuation et articles retirés : « POTAGER POT A JONCS »"
LE RESEAU PRIMAVERAS,LE RESEAU PRIMAVERAS,normalisation,"mêmes mots une fois accents, ponctuation et articles retirés : « RESEAU PRIMAVERAS »"
RESEAU PRIMAVERAS,LE RESEAU PRIMAVERAS,normalisation,"mêmes mots une fois accents, ponctuation et articles retirés : « RESEAU PRIMAVERAS »"
LE TRONE,LE TRONE,normalisation,"mêmes mots une fois accents, ponctuation et articles retirés : « TRONE »"
TRONE,LE TRONE,normalisation,"mêmes mots une fois accents, ponctuation et articles retirés : « TRONE »"
LEO LAGRANGE NORD ILE DE FRANCE,LEO LAGRANGE NORD ILE DE FRANCE,jugement,"même association, graphies différentes d'un même nom"
LEO LAGRANGE NORD ILEDEFRANCE,LEO LAGRANGE NORD ILE DE FRANCE,jugement,"même association, graphies différentes d'un même nom"
ALCHIMISTES,LES ALCHIMISTES,normalisation,"mêmes mots une fois accents, ponctuation et articles retirés : « ALCHIMISTES »"
LES ALCHIMISTES,LES ALCHIMISTES,normalisation,"mêmes mots une fois accents, ponctuation et articles retirés : « ALCHIMISTES »"
ATELIERS MARCEAU,LES ATELIERS MARCEAU,normalisation,"mêmes mots une fois accents, ponctuation et articles retirés : « ATELIERS MARCEAU »"
LES ATELIERS MARCEAU,LES ATELIERS MARCEAU,normalisation,"mêmes mots une fois accents, ponctuation et articles retirés : « ATELIERS MARCEAU »"
ECO CHARLIE,LES ECO CHARLIE,normalisation,"mêmes mots une fois accents, ponctuation et articles retirés : « ECO CHARLIE »"
LES ECO CHARLIE,LES ECO CHARLIE,normalisation,"mêmes mots une fois accents, ponctuation et articles retirés : « ECO CHARLIE »"
ENFANTS DE LA MEDITERRANEE,LES ENFANTS DE LA MEDITERRANEE,normalisation,"mêmes mots une fois accents, ponctuation et articles retirés : « ENFANTS MEDITERRANEE »"
LES ENFANTS DE LA MEDITERRANEE,LES ENFANTS DE LA MEDITERRANEE,normalisation,"mêmes mots une fois accents, ponctuation et articles retirés : « ENFANTS MEDITERRANEE »"
ASSOCIATION LES FAUBOURGS NUMERIQUE,LES FAUBOURGS NUMERIQUES,jugement,"Même nom, pluriel tronqué, avec ou sans « ASSOCIATION »."
LES FAUBOURGS NUMERIQUES,LES FAUBOURGS NUMERIQUES,jugement,"Même nom, pluriel tronqué, avec ou sans « ASSOCIATION »."
GRAINS DE SEL,LES GRAINS DE SEL,normalisation,"mêmes mots une fois accents, ponctuation et articles retirés : « GRAINS SEL »"
LES GRAINS DE SEL,LES GRAINS DE SEL,normalisation,"mêmes mots une fois accents, ponctuation et articles retirés : « GRAINS SEL »"
IMPATIENTES,LES IMPATIENTES,normalisation,"mêmes mots une fois accents, ponctuation et articles retirés : « IMPATIENTES »"
LES IMPATIENTES,LES IMPATIENTES,normalisation,"mêmes mots une fois accents, ponctuation et articles retirés : « IMPATIENTES »"
JARDINIERS A VELO,LES JARDINIERS A VELO,normalisation,"mêmes mots une fois accents, ponctuation et articles retirés : « JARDINIERS A VELO »"
LES JARDINIERS A VELO,LES JARDINIERS A VELO,normalisation,"mêmes mots une fois accents, ponctuation et articles retirés : « JARDINIERS A VELO »"
JARDINIERS DU 3EME,LES JARDINIERS DU 3EME,normalisation,"mêmes mots une fois accents, ponctuation et articles retirés : « JARDINIERS 3EME »"
LES JARDINIERS DU 3EME,LES JARDINIERS DU 3EME,normalisation,"mêmes mots une fois accents, ponctuation et articles retirés : « JARDINIERS 3EME »"
JEUNES EN PLACE,LES JEUNES EN PLACE,normalisation,"mêmes mots une fois accents, ponctuation et articles retirés : « JEUNES EN PLACE »"
LES JEUNES EN PLACE,LES JEUNES EN PLACE,normalisation,"mêmes mots une fois accents, ponctuation et articles retirés : « JEUNES EN PLACE »"
JOYEUX BOULOMANES BUTTES CHAUMONT,LES JOYEUX BOULOMANES DES BUTTES CHAUMONT,normalisation,"mêmes mots une fois accents, ponctuation et articles retirés : « JOYEUX BOULOMANES BUTTES CHAUMONT »"
JOYEUX BOULOMANES DES BUTTES CHAUMONT,LES JOYEUX BOULOMANES DES BUTTES CHAUMONT,normalisation,"mêmes mots une fois accents, ponctuation et articles retirés : « JOYEUX BOULOMANES BUTTES CHAUMONT »"
LES JOYEUX BOULOMANES DES BUTTES CHAUMONT,LES JOYEUX BOULOMANES DES BUTTES CHAUMONT,normalisation,"mêmes mots une fois accents, ponctuation et articles retirés : « JOYEUX BOULOMANES BUTTES CHAUMONT »"
KYKLOS,LES KYKLOS,normalisation,"mêmes mots une fois accents, ponctuation et articles retirés : « KYKLOS »"
LES KYKLOS,LES KYKLOS,normalisation,"mêmes mots une fois accents, ponctuation et articles retirés : « KYKLOS »"
LES LUCIOLES DU DOC,LES LUCIOLES DU DOC,normalisation,"mêmes mots une fois accents, ponctuation et articles retirés : « LUCIOLES DOC »"
LUCIOLES DU DOC,LES LUCIOLES DU DOC,normalisation,"mêmes mots une fois accents, ponctuation et articles retirés : « LUCIOLES DOC »"
LES MUSI TERRIENS,LES MUSI TERRIENS,normalisation,"mêmes mots une fois accents, ponctuation et articles retirés : « MUSI TERRIENS »"
MUSI TERRIENS,LES MUSI TERRIENS,normalisation,"mêmes mots une fois accents, ponctuation et articles retirés : « MUSI TERRIENS »"
LES PETITES HEURES,LES PETITES HEURES,normalisation,"mêmes mots une fois accents, ponctuation et articles retirés : « PETITES HEURES »"
PETITES HEURES,LES PETITES HEURES,normalisation,"mêmes mots une fois accents, ponctuation et articles retirés : « PETITES HEURES »"
ASSOCIATION LES PETITS RIENS,LES PETITS RIENS,jugement,même nom avec ou sans « ASSOCIATION »
LES PETITS RIENS,LES PETITS RIENS,jugement,même nom avec ou sans « ASSOCIATION »
LES QUATRE HORIZONS,LES QUATRE HORIZONS,normalisation,"mêmes mots une fois accents, ponctuation et articles retirés : « QUATRE HORIZONS »"
QUATRE HORIZONS,LES QUATRE HORIZONS,normalisation,"mêmes mots une fois accents, ponctuation et articles retirés : « QUATRE HORIZONS »"
LES RENOVATEURS FRANCILIENS,LES RENOVATEURS FRANCILIENS,normalisation,"mêmes mots une fois accents, ponctuation et articles retirés : « RENOVATEURS FRANCILIENS »"
RENOVATEURS FRANCILIENS,LES RENOVATEURS FRANCILIENS,normalisation,"mêmes mots une fois accents, ponctuation et articles retirés : « RENOVATEURS FRANCILIENS »"
LES RESTOS DU C UR,LES RESTOS DU C UR,normalisation,"mêmes mots une fois accents, ponctuation et articles retirés : « RESTOS C UR »"
RESTOS DU C UR,LES RESTOS DU C UR,normalisation,"mêmes mots une fois accents, ponctuation et articles retirés : « RESTOS C UR »"
LES SENS DES MOTS,LES SENS DES MOTS,normalisation,"mêmes mots une fois accents, ponctuation et articles retirés : « SENS MOTS »"
SENS DES MOTS,LES SENS DES MOTS,normalisation,"mêmes mots une fois accents, ponctuation et articles retirés : « SENS MOTS »"
LES TITIS DE LA BUTTE D OR,LES TITIS DE LA BUTTE D OR,normalisation,"mêmes mots une fois accents, ponctuation et articles retirés : « TITIS BUTTE OR »"
TITIS DE LA BUTTE D OR,LES TITIS DE LA BUTTE D OR,normalisation,"mêmes mots une fois accents, ponctuation et articles retirés : « TITIS BUTTE OR »"
LES VOIX ANDALOUSES,LES VOIX ANDALOUSES,normalisation,"mêmes mots une fois accents, ponctuation et articles retirés : « VOIX ANDALOUSES »"
VOIX ANDALOUSES,LES VOIX ANDALOUSES,normalisation,"mêmes mots une fois accents, ponctuation et articles retirés : « VOIX ANDALOUSES »"
LEVALLOIS PARIS SAINT CLOUD,LEVALLOIS PARIS SAINT CLOUD,jugement,"même nom, tiret différent"
LEVALLOIS PARIS SAINTCLOUD,LEVALLOIS PARIS SAINT CLOUD,jugement,"même nom, tiret différent"
LA LIBELLULE DE PARIS,LIBELLULE DE PARIS,normalisation,"mêmes mots une fois accents, ponctuation et articles retirés : « LIBELLULE PARIS »"
LIBELLULE DE PARIS,LIBELLULE DE PARIS,normalisation,"mêmes mots une fois accents, ponctuation et articles retirés : « LIBELLULE PARIS »"
LE LIEU DU DESIGN EN ILE DE FRANCE,LIEU DU DESIGN EN ILE DE FRANCE,normalisation,"mêmes mots une fois accents, ponctuation et articles retirés : « LIEU DESIGN EN ILE FRANCE »"
LIEU DU DESIGN EN ILE DE FRANCE,LIEU DU DESIGN EN ILE DE FRANCE,normalisation,"mêmes mots une fois accents, ponctuation et articles retirés : « LIEU DESIGN EN ILE FRANCE »"
ASSOCIATION LE LIEU MAINS D OEUVRES,LIEU MAINS D OEUVRES,jugement,"même nom, « ASSOCIATION » en plus"
LIEU MAINS D OEUVRES,LIEU MAINS D OEUVRES,jugement,"même nom, « ASSOCIATION » en plus"
LA LIGUE DE L ENSEIGNEMENT,LIGUE DE L ENSEIGNEMENT,normalisation,"mêmes mots une fois accents, ponctuation et articles retirés : « LIGUE ENSEIGNEMENT »"
LIGUE DE L ENSEIGNEMENT,LIGUE DE L ENSEIGNEMENT,normalisation,"mêmes mots une fois accents, ponctuation et articles retirés : « LIGUE ENSEIGNEMENT »"
LIGUE FRANC PROT OISEAUX,LIGUE FRANC PROT OISEAUX,jugement,"même ligue, abrégée"
LIGUE FRANCAISE PROTECTION OISEAUX,LIGUE FRANC PROT OISEAUX,jugement,"même ligue, abrégée"
LIGUE FRANCAISE DEFENSE DROITS DE L H,LIGUE FRANCAISE DEFENSE DROITS DE L H,jugement,"même intitulé, coquille « FRCAISE » et coupure"
LIGUE FRCAISE DEFENSE DROITS DE L H,LIGUE FRANCAISE DEFENSE DROITS DE L H,jugement,"même intitulé, coquille « FRCAISE » et coupure"
LA LIGUE FRANCAISE POUR LA SANTE ME,LIGUE FRANCAISE POUR LA SANTE ME,normalisation,"mêmes mots une fois accents, ponctuation et articles retirés : « LIGUE FRANCAISE POUR SANTE ME »"
LIGUE FRANCAISE POUR LA SANTE ME,LIGUE FRANCAISE POUR LA SANTE ME,normalisation,"mêmes mots une fois accents, ponctuation et articles retirés : « LIGUE FRANCAISE POUR SANTE ME »"
LIG INTER CONTR RACISM ANTISEM,LIGUE INTERNATIONALE CONTRE LE RACISME ET L ANTISÉMITISME,jugement,"LICRA abrégée, même nom"
LIGUE INTERNATIONALE CONTRE LE RACISME ET L ANTISÉMITISME,LIGUE INTERNATIONALE CONTRE LE RACISME ET L ANTISÉMITISME,jugement,"LICRA abrégée, même nom"
LIGUE PARIS IDF DU SPORT UNIVERSIT,LIGUE PARIS ILE DE FRANCE DU SPORT UNIVERSITAIRE,jugement,"nom coupé de la même ligue, IDF = Île-de-France"
LIGUE PARIS ILE DE FRANCE DU SPORT UNIVERSITAIRE,LIGUE PARIS ILE DE FRANCE DU SPORT UNIVERSITAIRE,jugement,"nom coupé de la même ligue, IDF = Île-de-France"
LE LIVRE DE L AVEUGLE,LIVRE DE L AVEUGLE,normalisation,"mêmes mots une fois accents, ponctuation et articles retirés : « LIVRE AVEUGLE »"
LIVRE DE L AVEUGLE,LIVRE DE L AVEUGLE,normalisation,"mêmes mots une fois accents, ponctuation et articles retirés : « LIVRE AVEUGLE »"
LA LOGE CDC PRODUCTIONS,LOGE CDC PRODUCTIONS,normalisation,"mêmes mots une fois accents, ponctuation et articles retirés : « LOGE CDC PRODUCTIONS »"
LOGE CDC PRODUCTIONS,LOGE CDC PRODUCTIONS,normalisation,"mêmes mots une fois accents, ponctuation et articles retirés : « LOGE CDC PRODUCTIONS »"
LOISIRS PLURIEL 19E,LOISIRS PLURIEL DU 19EME,jugement,"Loisirs Pluriel du 19e, 19E/19EME"
LOISIRS PLURIEL 19EME,LOISIRS PLURIEL DU 19EME,normalisation,"mêmes mots une fois accents, ponctuation et articles retirés : « LOISIRS PLURIEL 19EME »"
LOISIRS PLURIEL DU 19EME,LOISIRS PLURIEL DU 19EME,normalisation,"mêmes mots une fois accents, ponctuation et articles retirés : « LOISIRS PLURIEL 19EME »"
LA LOUVE AIMANTEE,LOUVE AIMANTEE,normalisation,"mêmes mots une fois accents, ponctuation et articles retirés : « LOUVE AIMANTEE »"
LOUVE AIMANTEE,LOUVE AIMANTEE,normalisation,"mêmes mots une fois accents, ponctuation et articles retirés : « LOUVE AIMANTEE »"
LA LUCARNE D ARIANE,LUCARNE D ARIANE,normalisation,"mêmes mots une fois accents, ponctuation et articles retirés : « LUCARNE ARIANE »"
LUCARNE D ARIANE,LUCARNE D ARIANE,normalisation,"mêmes mots une fois accents, ponctuation et articles retirés : « LUCARNE ARIANE »"
LE LUCERNAIRE FORUM,LUCERNAIRE FORUM,normalisation,"mêmes mots une fois accents, ponctuation et articles retirés : « LUCERNAIRE FORUM »"
LUCERNAIRE FORUM,LUCERNAIRE FORUM,normalisation,"mêmes mots une fois accents, ponctuation et articles retirés : « LUCERNAIRE FORUM »"
LYCEE CAMILLE JENATZY,LYCEE CAMILLE JENATZY,jugement,"même lycée Camille Jenatzy, « PROFESSIONNEL » ajouté"
LYCEE PROFESSIONNEL CAMILLE JENATZY,LYCEE CAMILLE JENATZY,jugement,"même lycée Camille Jenatzy, « PROFESSIONNEL » ajouté"
M U,M U,jugement,"Même SIREN 448495291, MU = M.U."
MU,M U,jugement,"Même SIREN 448495291, MU = M.U."
LE M U R XIII,M U R XIII,normalisation,"mêmes mots une fois accents, ponctuation et articles retirés : « M U R XIII »"
M U R XIII,M U R XIII,normalisation,"mêmes mots une fois accents, ponctuation et articles retirés : « M U R XIII »"
MACCABI PARIS METROPOLE,MACCABI PARIS METROPOLE,jugement,"même nom, préfixe UJA en plus ou en moins"
UJA MACCABI PARIS METROPOLE,MACCABI PARIS METROPOLE,jugement,"même nom, préfixe UJA en plus ou en moins"
LE MAGHREB DES FILMS,MAGHREB DES FILMS,normalisation,"mêmes mots une fois accents, ponctuation et articles retirés : « MAGHREB FILMS »"
MAGHREB DES FILMS,MAGHREB DES FILMS,normalisation,"mêmes mots une fois accents, ponctuation et articles retirés : « MAGHREB FILMS »"
LA MAIN DE L AUTRE,MAIN DE L AUTRE,normalisation,"mêmes mots une fois accents, ponctuation et articles retirés : « MAIN AUTRE »"
MAIN DE L AUTRE,MAIN DE L AUTRE,normalisation,"mêmes mots une fois accents, ponctuation et articles retirés : « MAIN AUTRE »"
MAINE SAS,MAINE SAS,normalisation,"mêmes mots une fois accents, ponctuation et articles retirés : « MAINE »"
SARL DU MAINE,MAINE SAS,normalisation,"mêmes mots une fois accents, ponctuation et articles retirés : « MAINE »"
ASSOCIATION MAISON BAKHITA,MAISON BAKHITA,jugement,"Même nom, seul « ASSOCIATION » en tête diffère."
MAISON BAKHITA,MAISON BAKHITA,jugement,"Même nom, seul « ASSOCIATION » en tête diffère."
LA MAISON BLEUE PORTE MONTMARTRE,MAISON BLEUE PORTE MONTMARTRE,normalisation,"mêmes mots une fois accents, ponctuation et articles retirés : « MAISON BLEUE PORTE MONTMARTRE »"
MAISON BLEUE PORTE DE MONTMARTRE,MAISON BLEUE PORTE MONTMARTRE,normalisation,"mêmes mots une fois accents, ponctuation et articles retirés : « MAISON BLEUE PORTE MONTMARTRE »"
MAISON BLEUE PORTE MONTMARTRE,MAISON BLEUE PORTE MONTMARTRE,normalisation,"mêmes mots une fois accents, ponctuation et articles retirés : « MAISON BLEUE PORTE MONTMARTRE »"
LA MAISON DE L ENFANCE,MAISON DE L ENFANCE,normalisation,"mêmes mots une fois accents, ponctuation et articles retirés : « MAISON ENFANCE »"
MAISON DE L ENFANCE,MAISON DE L ENFANCE,normalisation,"mêmes mots une fois accents, ponctuation et articles retirés : « MAISON ENFANCE »"
MAISON DE L EUROPE DE PARIS,MAISON DE L EUROPE DE PARIS CTRE,jugement,"Maison de l'Europe de Paris, montants continus, exercices complémentaires"
MAISON DE L EUROPE DE PARIS CTRE,MAISON DE L EUROPE DE PARIS CTRE,jugement,"Maison de l'Europe de Paris, montants continus, exercices complémentaires"
LA MAISON DE LA MEDIATION,MAISON DE LA MEDIATION,normalisation,"mêmes mots une fois accents, ponctuation et articles retirés : « MAISON MEDIATION »"
MAISON DE LA MEDIATION,MAISON DE LA MEDIATION,normalisation,"mêmes mots une fois accents, ponctuation et articles retirés : « MAISON MEDIATION »"
LA MAISON DE LA PLACE DES FETES,MAISON DE LA PLACE DES FETES,normalisation,"mêmes mots une fois accents, ponctuation et articles retirés : « MAISON PLACE FETES »"
MAISON DE LA PLACE DES FETES,MAISON DE LA PLACE DES FETES,normalisation,"mêmes mots une fois accents, ponctuation et articles retirés : « MAISON PLACE FETES »"
LA MAISON DE LA PLAGE,MAISON DE LA PLAGE,normalisation,"mêmes mots une fois accents, ponctuation et articles retirés : « MAISON PLAGE »"
MAISON DE LA PLAGE,MAISON DE LA PLAGE,normalisation,"mêmes mots une fois accents, ponctuation et articles retirés : « MAISON PLAGE »"
MAISON ADOLESCENTS ROBERT DEBRE GCS,MAISON DES ADOS ROBERT DEBRE GCSMS,jugement,"Maison des adolescents Robert-Debré, GCS/GCSMS, même intitulé."
MAISON DES ADOS ROBERT DEBRE GCSMS,MAISON DES ADOS ROBERT DEBRE GCSMS,jugement,"Maison des adolescents Robert-Debré, GCS/GCSMS, même intitulé."
LA MAISON DES BOUT CHOU,MAISON DES BOUT CHOU,normalisation,"mêmes mots une fois accents, ponctuation et articles retirés : « MAISON BOUT CHOU »"
LA MAISON DES BOUT CHOU AUPARAVANT LA MAISON ENCHANTEE,MAISON DES BOUT CHOU,jugement,"même association, même SIREN, mention « auparavant » ajoutée"
MAISON DES BOUT CHOU,MAISON DES BOUT CHOU,normalisation,"mêmes mots une fois accents, ponctuation et articles retirés : « MAISON BOUT CHOU »"
LA MAISON DES CONTES ET DES HISTOIR,MAISON DES CONTES ET DES HISTOIR,normalisation,"mêmes mots une fois accents, ponctuation et articles retirés : « MAISON CONTES HISTOIR »"
MAISON DES CONTES ET DES HISTOIR,MAISON DES CONTES ET DES HISTOIR,normalisation,"mêmes mots une fois accents, ponctuation et articles retirés : « MAISON CONTES HISTOIR »"
LA MAISON DES FOUGERES,MAISON DES FOUGERES,normalisation,"mêmes mots une fois accents, ponctuation et articles retirés : « MAISON FOUGERES »"
MAISON DES FOUGERES,MAISON DES FOUGERES,normalisation,"mêmes mots une fois accents, ponctuation et articles retirés : « MAISON FOUGERES »"
LA MAISON DES ILLUSTRATEURS,MAISON DES ILLUSTRATEURS,normalisation,"mêmes mots une fois accents, ponctuation et articles retirés : « MAISON ILLUSTRATEURS »"
MAISON DES ILLUSTRATEURS,MAISON DES ILLUSTRATEURS,normalisation,"mêmes mots une fois accents, ponctuation et articles retirés : « MAISON ILLUSTRATEURS »"
LA MAISON DES JOURNALISTES,MAISON DES JOURNALISTES,normalisation,"mêmes mots une fois accents, ponctuation et articles retirés : « MAISON JOURNALISTES »"
MAISON DES JOURNALISTES,MAISON DES JOURNALISTES,normalisation,"mêmes mots une fois accents, ponctuation et articles retirés : « MAISON JOURNALISTES »"
EP LOCAL DE LA MAISON DES METALLOS,MAISON DES METALLOS,jugement,"établissement public local de la Maison des Métallos, continuité 2014/2015"
MAISON DES METALLOS,MAISON DES METALLOS,jugement,"établissement public local de la Maison des Métallos, continuité 2014/2015"
MAISON DES PRATIQUES ARTISTIQUES AMATEURS,MAISON DES PRATIQUES ARTISTIQUES AMATEURS,jugement,"Maison des pratiques artistiques amateurs, abrégé"
MAISON PRATIQUES ARTISTIQUES AMATEU,MAISON DES PRATIQUES ARTISTIQUES AMATEURS,jugement,"Maison des pratiques artistiques amateurs, abrégé"
ASSOCIAITON MAISON DES VOLONTAIRES,MAISON DES VOLONTAIRES,jugement,"Même nom, faute de frappe ASSOCIAITON"
ASSOCIATION MAISON DES VOLONTAIRES,MAISON DES VOLONTAIRES,jugement,Même nom avec une faute de frappe.
ASSOCIATON MAISON DES VOLONTAIRES,MAISON DES VOLONTAIRES,jugement,Même nom avec une faute de frappe.
MAISON DES VOLONTAIRES,MAISON DES VOLONTAIRES,jugement,"Même nom, faute de frappe ASSOCIAITON"
LA MAISON DU HIP HOP,MAISON DU HIP HOP,normalisation,"mêmes mots une fois accents, ponctuation et articles retirés : « MAISON HIP HOP »"
MAISON DU HIP HOP,MAISON DU HIP HOP,normalisation,"mêmes mots une fois accents, ponctuation et articles retirés : « MAISON HIP HOP »"
MAISON GESTE IMAGE,MAISON GESTE IMAGE,jugement,"même association, libellé complété"
MAISON GESTE IMAGE CTRE RECHERC EDU,MAISON GESTE IMAGE,jugement,"même association, libellé complété"
LA MAISON KANGOUROU,MAISON KANGOUROU,normalisation,"mêmes mots une fois accents, ponctuation et articles retirés : « MAISON KANGOUROU »"
MAISON KANGOUROU,MAISON KANGOUROU,normalisation,"mêmes mots une fois accents, ponctuation et articles retirés : « MAISON KANGOUROU »"
LA MAISON OUVERTE,MAISON OUVERTE,normalisation,"mêmes mots une fois accents, ponctuation et articles retirés : « MAISON OUVERTE »"
MAISON OUVERTE,MAISON OUVERTE,normalisation,"mêmes mots une fois accents, ponctuation et articles retirés : « MAISON OUVERTE »"
LE MAKILA DANSE THEATRE,MAKILA DANSE THEATRE,normalisation,"mêmes mots une fois accents, ponctuation et articles retirés : « MAKILA DANSE THEATRE »"
MAKILA DANSE THEATRE,MAKILA DANSE THEATRE,normalisation,"mêmes mots une fois accents, ponctuation et articles retirés : « MAKILA DANSE THEATRE »"
LA MANUFACTURE,MANUFACTURE,normalisation,"mêmes mots une fois accents, ponctuation et articles retirés : « MANUFACTURE »"
MANUFACTURE,MANUFACTURE,normalisation,"mêmes mots une fois accents, ponctuation et articles retirés : « MANUFACTURE »"
LE RESEAU MUSIQUES ACTUELLES PARIS,MAP MUSIQUES ACTUELLES A PARIS,normalisation,"mêmes mots une fois accents, ponctuation et articles retirés : « RESEAU MUSIQUES ACTUELLES PARIS »"
MAP LE RESEAU DES MUSIQUES ACTUEL,MAP MUSIQUES ACTUELLES A PARIS,jugement,« MAP - LE RESEAU DES MUSIQUES ACTUEL » désigne le même réseau MAP
MAP MUSIQUES ACTUELLES A PARIS,MAP MUSIQUES ACTUELLES A PARIS,jugement,"MAP = Musiques Actuelles à Paris, réseau ; relais d'exercices contigus"
RESEAU MUSIQUES ACTUELLES DE,MAP MUSIQUES ACTUELLES A PARIS,jugement,"Réseau des musiques actuelles de Paris, graphie coupée après DE."
RESEAU MUSIQUES ACTUELLES PARIS,MAP MUSIQUES ACTUELLES A PARIS,normalisation,"mêmes mots une fois accents, ponctuation et articles retirés : « RESEAU MUSIQUES ACTUELLES PARIS »"
LE MARCHE SOLIDAIRE,MARCHE SOLIDAIRE,normalisation,"mêmes mots une fois accents, ponctuation et articles retirés : « MARCHE SOLIDAIRE »"
MARCHE SOLIDAIRE,MARCHE SOLIDAIRE,normalisation,"mêmes mots une fois accents, ponctuation et articles retirés : « MARCHE SOLIDAIRE »"
ASSOCIATION MARIE THERESE,MARIE THERESE,jugement,"Même nom, « ASSOCIATION » en plus."
MARIE THERESE,MARIE THERESE,jugement,"Même nom, « ASSOCIATION » en plus."
LES MARMOULINS DE MENIL,MARMOULINS DE MENIL,normalisation,"mêmes mots une fois accents, ponctuation et articles retirés : « MARMOULINS MENIL »"
MARMOULINS DE MENIL,MARMOULINS DE MENIL,normalisation,"mêmes mots une fois accents, ponctuation et articles retirés : « MARMOULINS MENIL »"
LA MECANIQUE DE L INSTANT,MECANIQUE DE L INSTANT,normalisation,"mêmes mots une fois accents, ponctuation et articles retirés : « MECANIQUE INSTANT »"
MECANIQUE DE L INSTANT,MECANIQUE DE L INSTANT,normalisation,"mêmes mots une fois accents, ponctuation et articles retirés : « MECANIQUE INSTANT »"
LA MEMOIRE NECROPOLITAINE,MEMOIRE NECROPOLITAINE,normalisation,"mêmes mots une fois accents, ponctuation et articles retirés : « MEMOIRE NECROPOLITAINE »"
MEMOIRE NECROPOLITAINE,MEMOIRE NECROPOLITAINE,normalisation,"mêmes mots une fois accents, ponctuation et articles retirés : « MEMOIRE NECROPOLITAINE »"
MEMOIRE DES RESISTANTS JUIFS DE LA,MEMOIRE RESISTANTS JUIFS M O I,jugement,"Mémoire des résistants juifs de la MOI, graphie coupée."
MEMOIRE RESISTANTS JUIFS M O I,MEMOIRE RESISTANTS JUIFS M O I,jugement,"Mémoire des résistants juifs de la MOI, graphie coupée."
MEMOIRE RESISTANTS JUIFS MOI,MEMOIRE RESISTANTS JUIFS M O I,jugement,"MOI tronquée dans le premier nom, même intitulé"
MENAGERIE DE VERRE,MENAGERIE DE VERRE,jugement,"La Ménagerie de Verre, continuité 2022/2023"
MENAGERIE VERRE S A R L ATELIERS DA,MENAGERIE DE VERRE,jugement,"La Ménagerie de Verre, continuité 2022/2023"
LA MER A BOIRE PRODUCTIONS,MER A BOIRE PRODUCTIONS,normalisation,"mêmes mots une fois accents, ponctuation et articles retirés : « MER A BOIRE PRODUCTIONS »"
MER A BOIRE PRODUCTIONS,MER A BOIRE PRODUCTIONS,normalisation,"mêmes mots une fois accents, ponctuation et articles retirés : « MER A BOIRE PRODUCTIONS »"
LES MERES EN PLACE,MERES EN PLACE,normalisation,"mêmes mots une fois accents, ponctuation et articles retirés : « MERES EN PLACE »"
MERES EN PLACE,MERES EN PLACE,normalisation,"mêmes mots une fois accents, ponctuation et articles retirés : « MERES EN PLACE »"
LES METAMORPHOSES SINGULIERES,METAMORPHOSES SINGULIERES,normalisation,"mêmes mots une fois accents, ponctuation et articles retirés : « METAMORPHOSES SINGULIERES »"
METAMORPHOSES SINGULIERES,METAMORPHOSES SINGULIERES,normalisation,"mêmes mots une fois accents, ponctuation et articles retirés : « METAMORPHOSES SINGULIERES »"
ASSOCIATION MEXICO A PARIS,MEXICO À PARIS,jugement,"même intitulé, « ASSOCIATION » retiré"
MEXICO À PARIS,MEXICO À PARIS,jugement,"même intitulé, « ASSOCIATION » retiré"
LE MEXIQUE DANSE EN FRANCE,MEXIQUE DANSE EN FRANCE,normalisation,"mêmes mots une fois accents, ponctuation et articles retirés : « MEXIQUE DANSE EN FRANCE »"
MEXIQUE DANSE EN FRANCE,MEXIQUE DANSE EN FRANCE,normalisation,"mêmes mots une fois accents, ponctuation et articles retirés : « MEXIQUE DANSE EN FRANCE »"
LES MICHES TINGUETTES,MICHES TINGUETTES,normalisation,"mêmes mots une fois accents, ponctuation et articles retirés : « MICHES TINGUETTES »"
MICHES TINGUETTES,MICHES TINGUETTES,normalisation,"mêmes mots une fois accents, ponctuation et articles retirés : « MICHES TINGUETTES »"
MIJE,MIJE,jugement,MIJE = Maison internationale de jeunes et d'étudiants
MIJE MAISON INTER JEUNES ETUD,MIJE,jugement,MIJE = Maison internationale de jeunes et d'étudiants
ASS MILLE ET UNE IMAGES,MILLE ET UNE IMAGES,jugement,"Même nom, « ASS » en plus."
ASSOCIATION MILLE ET UNE IMAGES,MILLE ET UNE IMAGES,jugement,"Même nom, ASS/ASSOCIATION."
MILLE ET UNE IMAGES,MILLE ET UNE IMAGES,jugement,"Même nom, « ASS » en plus."
LES MILLE FEUILLES,MILLE FEUILLES,normalisation,"mêmes mots une fois accents, ponctuation et articles retirés : « MILLE FEUILLES »"
MILLE FEUILLES,MILLE FEUILLES,normalisation,"mêmes mots une fois accents, ponctuation et articles retirés : « MILLE FEUILLES »"
LES MILLE PRINTEMPS,MILLE PRINTEMPS,normalisation,"mêmes mots une fois accents, ponctuation et articles retirés : « MILLE PRINTEMPS »"
MILLE PRINTEMPS,MILLE PRINTEMPS,normalisation,"mêmes mots une fois accents, ponctuation et articles retirés : « MILLE PRINTEMPS »"
LA MINUTIEUSE,MINUTIEUSE,normalisation,"mêmes mots une fois accents, ponctuation et articles retirés : « MINUTIEUSE »"
MINUTIEUSE,MINUTIEUSE,normalisation,"mêmes mots une fois accents, ponctuation et articles retirés : « MINUTIEUSE »"
MISSION D INTERV ET DE SENSIBILIS,MISSION D INTERV ET DE SENSIBILIS,jugement,"même nom, abréviations"
MISSION INTER ET DE SENSIBILISATION,MISSION D INTERV ET DE SENSIBILIS,jugement,"même nom, abréviations"
MISSION LOCALE DE PARIS,MISSION LOCALE DE PARIS,normalisation,"mêmes mots une fois accents, ponctuation et articles retirés : « MISSION LOCALE PARIS »"
MISSION LOCALE PARIS,MISSION LOCALE DE PARIS,normalisation,"mêmes mots une fois accents, ponctuation et articles retirés : « MISSION LOCALE PARIS »"
LE M U R MODULABLE URBAIN REACTIF,MODULABLE URBAIN REACTIF,normalisation,"mêmes mots une fois accents, ponctuation et articles retirés : « M U R MODULABLE URBAIN REACTIF »"
M U R MODULABLE URBAIN REACTIF,MODULABLE URBAIN REACTIF,normalisation,"mêmes mots une fois accents, ponctuation et articles retirés : « M U R MODULABLE URBAIN REACTIF »"
MODULABLE URBAIN REACTIF,MODULABLE URBAIN REACTIF,jugement,"même nom, article et points ajoutés"
LA MOME BIJOU,MOME BIJOU,normalisation,"mêmes mots une fois accents, ponctuation et articles retirés : « MOME BIJOU »"
MOME BIJOU,MOME BIJOU,normalisation,"mêmes mots une fois accents, ponctuation et articles retirés : « MOME BIJOU »"
LE MONDE CREOLE,MONDE CREOLE,normalisation,"mêmes mots une fois accents, ponctuation et articles retirés : « MONDE CREOLE »"
MONDE CREOLE,MONDE CREOLE,normalisation,"mêmes mots une fois accents, ponctuation et articles retirés : « MONDE CREOLE »"
ASSOC MOSAIQUE L ATELIER DES ENFANT,MOSAIQUE L ATELIER DES ENFANT,jugement,"Même nom, ASSOC omis"
ASSOCIATION MOSAIQUE L ATELIER DES ENFANT,MOSAIQUE L ATELIER DES ENFANT,jugement,"Même nom, ASSOC/ASSOCIATION"
MOSAIQUE L ATELIER DES ENFANT,MOSAIQUE L ATELIER DES ENFANT,jugement,"Même nom, ASSOC omis"
LES MOTS PARLEURS,MOTS PARLEURS,normalisation,"mêmes mots une fois accents, ponctuation et articles retirés : « MOTS PARLEURS »"
MOTS PARLEURS,MOTS PARLEURS,normalisation,"mêmes mots une fois accents, ponctuation et articles retirés : « MOTS PARLEURS »"
LES MOUETTES DE PARIS,MOUETTES DE PARIS,normalisation,"mêmes mots une fois accents, ponctuation et articles retirés : « MOUETTES PARIS »"
MOUETTES DE PARIS,MOUETTES DE PARIS,normalisation,"mêmes mots une fois accents, ponctuation et articles retirés : « MOUETTES PARIS »"
LES MOUETTES DES ECLUSES,MOUETTES DES ECLUSES,normalisation,"mêmes mots une fois accents, ponctuation et articles retirés : « MOUETTES ECLUSES »"
MOUETTES DES ECLUSES,MOUETTES DES ECLUSES,normalisation,"mêmes mots une fois accents, ponctuation et articles retirés : « MOUETTES ECLUSES »"
LES MOUFETTES,MOUFETTES,normalisation,"mêmes mots une fois accents, ponctuation et articles retirés : « MOUFETTES »"
MOUFETTES,MOUFETTES,normalisation,"mêmes mots une fois accents, ponctuation et articles retirés : « MOUFETTES »"
LE MOULIN BLEU,MOULIN BLEU,normalisation,"mêmes mots une fois accents, ponctuation et articles retirés : « MOULIN BLEU »"
MOULIN BLEU,MOULIN BLEU,normalisation,"mêmes mots une fois accents, ponctuation et articles retirés : « MOULIN BLEU »"
LES MOUSTIQUES,MOUSTIQUES,normalisation,"mêmes mots une fois accents, ponctuation et articles retirés : « MOUSTIQUES »"
MOUSTIQUES,MOUSTIQUES,normalisation,"mêmes mots une fois accents, ponctuation et articles retirés : « MOUSTIQUES »"
ASS MOUVEMENT FR PLANNING FAMILIAL,MOUVEMENT FR PLANNING FAMILIAL,jugement,"Même nom, préfixe ASS."
ASSOCIATION MOUVEMENT FR PLANNING FAMILIAL,MOUVEMENT FR PLANNING FAMILIAL,jugement,"Même nom, préfixe ASSOCIATION."
MOUVEMENT FR PLANNING FAMILIAL,MOUVEMENT FR PLANNING FAMILIAL,jugement,"Même nom, préfixe ASSOCIATION."
MOUVEMENT FRANCAIS POUR LE PLANNING FAMILIAL MFPF,MOUVEMENT FR PLANNING FAMILIAL,jugement,MFPF : même nom développé.
MOUVEMENT DES ENTREPRENEURS SOCIAUX,MOUVEMENT IMPACT FRANCE,jugement,"Même SIREN ; Mouvement Impact France, ex-Mouvement des entrepreneurs sociaux."
MOUVEMENT IMPACT FRANCE,MOUVEMENT IMPACT FRANCE,jugement,"Même SIREN ; Mouvement Impact France, ex-Mouvement des entrepreneurs sociaux."
LE MOUVEMENT NI PUTES NI SOUMISES,MOUVEMENT NI PUTES NI SOUMISES,normalisation,"mêmes mots une fois accents, ponctuation et articles retirés : « MOUVEMENT NI PUTES NI SOUMISES »"
MOUVEMENT NI PUTES NI SOUMISES,MOUVEMENT NI PUTES NI SOUMISES,normalisation,"mêmes mots une fois accents, ponctuation et articles retirés : « MOUVEMENT NI PUTES NI SOUMISES »"
MUSEE D ART ET D HISTOIRE DU JUDAIS,MUSEE D ART ET D HISTOIRE DU JUDAISME,troncature,nom coupé (« MUSEE D ART ET D HISTOIRE DU JUDAIS ») au milieu d'un mot = début de la seule graphie « MUSEE D'ART ET D'HISTOIRE DU JUDAISME »
MUSEE D ART ET D HISTOIRE DU JUDAISME,MUSEE D ART ET D HISTOIRE DU JUDAISME,troncature,nom coupé (« MUSEE D ART ET D HISTOIRE DU JUDAIS ») au milieu d'un mot = début de la seule graphie « MUSEE D'ART ET D'HISTOIRE DU JUDAISME »
LE MUSEE DU MONTPARNASSE,MUSEE DU MONTPARNASSE,normalisation,"mêmes mots une fois accents, ponctuation et articles retirés : « MUSEE MONTPARNASSE »"
MUSEE DU MONTPARNASSE,MUSEE DU MONTPARNASSE,normalisation,"mêmes mots une fois accents, ponctuation et articles retirés : « MUSEE MONTPARNASSE »"
MUSEUM NATIONAL D HISTOIRE,MUSEUM NATIONAL D HISTOIRE,jugement,"MNHN, nom coupé, exercices consécutifs"
MUSEUM NATIONAL D HISTOIRE NATURELL,MUSEUM NATIONAL D HISTOIRE,troncature,nom coupé (« MUSEUM NATIONAL D HISTOIRE NATURELL ») au milieu d'un mot = début de la seule graphie « MUSEUM NATIONAL D'HISTOIRE NATURELLE »
MUSEUM NATIONAL D HISTOIRE NATURELLE,MUSEUM NATIONAL D HISTOIRE,normalisation,"mêmes mots une fois accents, ponctuation et articles retirés : « MUSEUM NATIONAL HISTOIRE NATURELLE »"
MUSEUM NATIONAL HISTOIRE NATURELLE,MUSEUM NATIONAL D HISTOIRE,normalisation,"mêmes mots une fois accents, ponctuation et articles retirés : « MUSEUM NATIONAL HISTOIRE NATURELLE »"
MUT FONCTION PUBLIQUE ACT SANTE SOC,MUTUALITE FONCTION PUBLIQUE ACTION,jugement,"même mutuelle, abrégée"
MUTUALITE FONCTION PUBLIQUE ACTION,MUTUALITE FONCTION PUBLIQUE ACTION,jugement,"même mutuelle, abrégée"
ASS NAT PREVENTION HANDICAPS INFORM,NAT PREVENTION HANDICAPS INFORM,jugement,"Même nom, ASS retiré"
ASSOCIATION NAT PREVENTION HANDICAPS INFORM,NAT PREVENTION HANDICAPS INFORM,jugement,"Même nom, ASS/ASSOCIATION"
NAT PREVENTION HANDICAPS INFORM,NAT PREVENTION HANDICAPS INFORM,jugement,"Même nom, ASS retiré"
ASS NICOLAITE DE CHAILLOT,NICOLAITE DE CHAILLOT,jugement,ASS abrégé d'ASSOCIATION.
ASSOCIATION NICOLAITE DE CHAILLOT,NICOLAITE DE CHAILLOT,jugement,ASS abrégé d'ASSOCIATION.
NICOLAITE DE CHAILLOT,NICOLAITE DE CHAILLOT,jugement,ASS abrégé d'ASSOCIATION.
NIGHTLINE FRANCE,NIGHTLINE FRANCE,jugement,Même SIREN 824092605 et noms de même famille.
NIGHTLINE PARIS,NIGHTLINE FRANCE,jugement,Même SIREN 824092605 et noms de même famille.
LES NOUVEAUX GITANS,NOUVEAUX GITANS,normalisation,"mêmes mots une fois accents, ponctuation et articles retirés : « NOUVEAUX GITANS »"
NOUVEAUX GITANS,NOUVEAUX GITANS,normalisation,"mêmes mots une fois accents, ponctuation et articles retirés : « NOUVEAUX GITANS »"
LA NOUVELLE ETOILE DES ENFANTS DE F,NOUVELLE ETOILE DES ENFANTS,normalisation,"mêmes mots une fois accents, ponctuation et articles retirés : « NOUVELLE ETOILE ENFANTS F »"
NOUVELLE ETOILE DES ENFANTS,NOUVELLE ETOILE DES ENFANTS,normalisation,"mêmes mots une fois accents, ponctuation et articles retirés : « NOUVELLE ETOILE ENFANTS »"
NOUVELLE ETOILE DES ENFANTS DE,NOUVELLE ETOILE DES ENFANTS,normalisation,"mêmes mots une fois accents, ponctuation et articles retirés : « NOUVELLE ETOILE ENFANTS »"
NOUVELLE ETOILE DES ENFANTS DE F,NOUVELLE ETOILE DES ENFANTS,normalisation,"mêmes mots une fois accents, ponctuation et articles retirés : « NOUVELLE ETOILE ENFANTS F »"
LA NOUVELLE FABRIQUE,NOUVELLE FABRIQUE,normalisation,"mêmes mots une fois accents, ponctuation et articles retirés : « NOUVELLE FABRIQUE »"
NOUVELLE FABRIQUE,NOUVELLE FABRIQUE,normalisation,"mêmes mots une fois accents, ponctuation et articles retirés : « NOUVELLE FABRIQUE »"
NOUVELLE IDEE DE LA CRECHE PARIS,NOUVELLE IDEE DE LA CRECHE PARIS,jugement,"même nom, « UNE » initial, coupé à 35 caractères; exercices successifs"
UNE NOUVELLE IDEE DE LA CRECHE PARI,NOUVELLE IDEE DE LA CRECHE PARIS,jugement,"même nom, « UNE » initial, coupé à 35 caractères; exercices successifs"
NOVIGERE SOCIETE ANONYME,NOVIGERE SOCIETE ANONYME,jugement,"Novigère société anonyme, même préfixe de nom."
NOVIGERE SOCIETE ANONYME D HABITA,NOVIGERE SOCIETE ANONYME,jugement,"Novigère société anonyme, même préfixe de nom."
LA NUIT COMME EN PLEIN JOUR,NUIT COMME EN PLEIN JOUR,normalisation,"mêmes mots une fois accents, ponctuation et articles retirés : « NUIT COMME EN PLEIN JOUR »"
NUIT COMME EN PLEIN JOUR,NUIT COMME EN PLEIN JOUR,normalisation,"mêmes mots une fois accents, ponctuation et articles retirés : « NUIT COMME EN PLEIN JOUR »"
ASSOCIATION NUIT VIVE,NUIT VIVE,jugement,"même nom, « ASSOCIATION » retiré"
NUIT VIVE,NUIT VIVE,jugement,"même nom, « ASSOCIATION » retiré"
OBSERVAT LOYERS AGGLO PARISIENNE,OBSERVAT LOYERS AGGLO PARISIENNE,jugement,"même observatoire, graphie AGGLO/coquille"
OBSERVAT LOYERS AGGLOMERATOIN PARIS,OBSERVAT LOYERS AGGLO PARISIENNE,jugement,"même observatoire, graphie AGGLO/coquille"
OBSERVATOIRE REGION DU BRUIT EN IDF,OBSERVATOIRE REGION DU BRUIT EN IDF,jugement,"Observatoire régional du bruit en IdF, graphie tronquée"
OBSERVATOIRE REGIONAL DU BRUIT EN I,OBSERVATOIRE REGION DU BRUIT EN IDF,jugement,"Observatoire régional du bruit en IdF, graphie tronquée"
L OEIL DU HUIT,OEIL DU HUIT,normalisation,"mêmes mots une fois accents, ponctuation et articles retirés : « OEIL HUIT »"
OEIL DU HUIT,OEIL DU HUIT,normalisation,"mêmes mots une fois accents, ponctuation et articles retirés : « OEIL HUIT »"
LA MIE DE PAIN,OEUVRE DE LA MIE DE PAIN,jugement,La Mie de Pain = nom d'usage de l'Œuvre de la Mie de Pain
OEUVRE DE LA MIE DE PAIN,OEUVRE DE LA MIE DE PAIN,jugement,La Mie de Pain = nom d'usage de l'Œuvre de la Mie de Pain
OEUVRE ORPHELIN PREFECTURE DE POLI,OEUVRE ORPHELIN PREFECTURE DE POLI,troncature,nom coupé (« OEUVRE ORPHELIN PREFECTURE DE POLI ») au milieu d'un mot = début de la seule graphie « OEUVRE ORPHELIN PREFECTURE DE POLIC »
OEUVRE ORPHELIN PREFECTURE DE POLIC,OEUVRE ORPHELIN PREFECTURE DE POLI,troncature,nom coupé (« OEUVRE ORPHELIN PREFECTURE DE POLI ») au milieu d'un mot = début de la seule graphie « OEUVRE ORPHELIN PREFECTURE DE POLIC »
ASSOCIATION OEUVRE PARTICIPATIVE,OEUVRE PARTICIPATIVE,jugement,"Même nom, « ASSOCIATION » en plus."
OEUVRE PARTICIPATIVE,OEUVRE PARTICIPATIVE,jugement,"Même nom, « ASSOCIATION » en plus."
OEUVRES HOSP FR DE L ORDRE DE MALTE,OEUVRES HOSP FR DE L ORDRE DE MALTE,jugement,"abréviation HOSP FR / HOSPITALIERES FR, même ordre de Malte"
OEUVRES HOSPITAL FR ORDRE MALTE,OEUVRES HOSP FR DE L ORDRE DE MALTE,jugement,"abréviation HOSPITAL. FR., même ordre de Malte"
OEUVRES HOSPITALIERES FR ORDRE MALT,OEUVRES HOSP FR DE L ORDRE DE MALTE,jugement,"abréviation HOSP FR / HOSPITALIERES FR, même ordre de Malte"
OFFICE CENTR COOPERAT ECOLE PARIS,OFFICE CENTR COOPERAT ECOLE PARIS,jugement,"même nom abrégé/tronqué (OCCE Paris), exercices complémentaires"
OFFICE CENTRAL COOPERATION ECOLE PA,OFFICE CENTR COOPERAT ECOLE PARIS,jugement,"même nom abrégé/tronqué (OCCE Paris), exercices complémentaires"
OFFICE CENTRAL DE LA COOPERATION A L ECOLE,OFFICE CENTRAL DE LA COOPERATION A L ECOLE,jugement,"Même office, sigle OCCE ajouté."
OFFICE CENTRAL DE LA COOPERATION A L ECOLE OCCE,OFFICE CENTRAL DE LA COOPERATION A L ECOLE,jugement,"Même office, sigle OCCE ajouté."
OFFICE DU MOUV SPORTIF 18EME ARDT,OFFICE DU MOUV SPORTIF 18EME ARDT,jugement,"Office du mouvement sportif du 18e, abrégé."
OFFICE DU MOUVEMENT SPORTIF DU 18,OFFICE DU MOUV SPORTIF 18EME ARDT,jugement,"Office du mouvement sportif du 18e, graphie abrégée."
OFFICE MOUVEMENT SPORTIF 18EME ARDT,OFFICE DU MOUV SPORTIF 18EME ARDT,jugement,"Office du mouvement sportif du 18e, graphie abrégée."
OFFICE DU MOUVEMENT SPORTIF DU 15E,OFFICE MOUVEMENT SPORTIF 15EME ARRO,jugement,"même office du mouvement sportif du 15e, abrégé"
OFFICE MOUVEMENT SPORTIF 15EME ARRO,OFFICE MOUVEMENT SPORTIF 15EME ARRO,jugement,"même office du mouvement sportif du 15e, abrégé"
OFFICE DU MOUVEMENT SPORTIF 17EME,OFFICE MOUVEMENT SPORTIF 17E ARROND,jugement,Même office du mouvement sportif du 17e
OFFICE DU MOUVEMENT SPORTIF DU 17E,OFFICE MOUVEMENT SPORTIF 17E ARROND,jugement,Même office du mouvement sportif du 17e
OFFICE MOUVEMENT SPORTIF 17E ARROND,OFFICE MOUVEMENT SPORTIF 17E ARROND,jugement,Même office du mouvement sportif du 17e
OFFICE DU MOUVEMENT SPORTIF DU 4EME,OFFICE MUNICIP SPORT 4EME ARR,jugement,"office du mouvement sportif du 4e, même arrondissement, années contiguës"
OFFICE DU MOUVEMENT SPORTIF DU 4EME ARDT 2 PLACE BAUDOYER,OFFICE MUNICIP SPORT 4EME ARR,jugement,"Même office du 4e, adresse ajoutée."
OFFICE MUNICIP SPORT 4EME ARR,OFFICE MUNICIP SPORT 4EME ARR,jugement,"office du mouvement sportif du 4e, même arrondissement, années contiguës"
ASS OFFICE MVT SPORTIF DU 14EME ARR,OFFICE MVT SPORTIF 14EME ARR,jugement,"même office du mouvement sportif du 14e, « ASS » en plus"
OFFICE MVT SPORTIF 14EME ARR,OFFICE MVT SPORTIF 14EME ARR,jugement,"même office du mouvement sportif du 14e, « ASS » en plus"
OFFICE DE TOURISME ET DES CONGRES P,OFFICE TOURISME CONGRES PARIS,troncature,nom coupé (« OFFICE DE TOURISME ET DES CONGRES P ») au milieu d'un mot = début de la seule graphie « OFFICE DE TOURISME ET DES CONGRES PARIS »
OFFICE DE TOURISME ET DES CONGRES PARIS,OFFICE TOURISME CONGRES PARIS,normalisation,"mêmes mots une fois accents, ponctuation et articles retirés : « OFFICE TOURISME CONGRES PARIS »"
OFFICE TOURISME CONGRES PARIS,OFFICE TOURISME CONGRES PARIS,normalisation,"mêmes mots une fois accents, ponctuation et articles retirés : « OFFICE TOURISME CONGRES PARIS »"
OFFICE TOURISME ET CONGRES PARIS,OFFICE TOURISME CONGRES PARIS,normalisation,"mêmes mots une fois accents, ponctuation et articles retirés : « OFFICE TOURISME CONGRES PARIS »"
L OGRESSE,OGRESSE,normalisation,"mêmes mots une fois accents, ponctuation et articles retirés : « OGRESSE »"
OGRESSE,OGRESSE,normalisation,"mêmes mots une fois accents, ponctuation et articles retirés : « OGRESSE »"
LES OISEAUX MAL HABILLES,OISEAUX MAL HABILLES,normalisation,"mêmes mots une fois accents, ponctuation et articles retirés : « OISEAUX MAL HABILLES »"
OISEAUX MAL HABILLES,OISEAUX MAL HABILLES,normalisation,"mêmes mots une fois accents, ponctuation et articles retirés : « OISEAUX MAL HABILLES »"
L OLYMPIQUE CITESTAR FOOTBALL CLUB,OLYMPIQUE CITESTAR FOOTBALL CLUB,normalisation,"mêmes mots une fois accents, ponctuation et articles retirés : « OLYMPIQUE CITESTAR FOOTBALL CLUB »"
OLYMPIQUE CITESTAR FOOTBALL CLUB,OLYMPIQUE CITESTAR FOOTBALL CLUB,normalisation,"mêmes mots une fois accents, ponctuation et articles retirés : « OLYMPIQUE CITESTAR FOOTBALL CLUB »"
L ONDE ET CYBELE,ONDE ET CYBELE,normalisation,"mêmes mots une fois accents, ponctuation et articles retirés : « ONDE CYBELE »"
ONDE ET CYBELE,ONDE ET CYBELE,normalisation,"mêmes mots une fois accents, ponctuation et articles retirés : « ONDE CYBELE »"
ONG INTERNATIONALE DES MEDECINS,ONG INTERNATIONALE DES MEDECINS,normalisation,"mêmes mots une fois accents, ponctuation et articles retirés : « ONG INTERNATIONALE MEDECINS »"
ONG INTERNATIONALE DES MEDECINS ET,ONG INTERNATIONALE DES MEDECINS,normalisation,"mêmes mots une fois accents, ponctuation et articles retirés : « ONG INTERNATIONALE MEDECINS »"
ONZIEME EVENEMENTS,ONZIEME EVENEMENTS,jugement,"même association, festival ajouté"
ONZIEME EVENEMENTS FESTIVAL ONZE BOUGE,ONZIEME EVENEMENTS,jugement,"même association, festival ajouté"
L OPCOMMERCE,OPCOMMERCE,normalisation,"mêmes mots une fois accents, ponctuation et articles retirés : « OPCOMMERCE »"
OPCOMMERCE,OPCOMMERCE,normalisation,"mêmes mots une fois accents, ponctuation et articles retirés : « OPCOMMERCE »"
ASS ORCHESTRE CONCERTS LAMOUREUX,ORCHESTRE DES CONCERTS LAMOUREUX,jugement,"Même nom, abréviation ASS/ASSOCIATION"
ASSOCIATION ORCHESTRE CONCERTS LAMO,ORCHESTRE DES CONCERTS LAMOUREUX,jugement,"Même nom, abréviation ASS/ASSOCIATION"
ORCHESTRE CONCERTS LAMO,ORCHESTRE DES CONCERTS LAMOUREUX,jugement,"Même nom, ASSOCIATION omis"
ORCHESTRE DES CONCERTS LAMOUREUX,ORCHESTRE DES CONCERTS LAMOUREUX,jugement,"Même orchestre, nom coupé puis complet"
L OREILLE DE DAUPHINE,OREILLE DE DAUPHINE,normalisation,"mêmes mots une fois accents, ponctuation et articles retirés : « OREILLE DAUPHINE »"
OREILLE DE DAUPHINE,OREILLE DE DAUPHINE,normalisation,"mêmes mots une fois accents, ponctuation et articles retirés : « OREILLE DAUPHINE »"
LES ORPAILLEURS,ORPAILLEURS,normalisation,"mêmes mots une fois accents, ponctuation et articles retirés : « ORPAILLEURS »"
ORPAILLEURS,ORPAILLEURS,normalisation,"mêmes mots une fois accents, ponctuation et articles retirés : « ORPAILLEURS »"
ASS OZAR HATORAH PARIS ONZE CRECHE,OZAR HATORAH PARIS ONZE CRECHE,jugement,"Même nom, ASS développé, années complémentaires."
ASSOCIATION OZAR HATORAH PARIS ONZE CRECHE,OZAR HATORAH PARIS ONZE CRECHE,jugement,"Même nom, ASS développé, années complémentaires."
OZAR HATORAH PARIS ONZE CRECHE,OZAR HATORAH PARIS ONZE CRECHE,jugement,"Même nom sans ASS, 2023 comble le trou entre 2022 et 2024."
DU PAIN ET DES ROSES,PAIN ET DES ROSES,normalisation,"mêmes mots une fois accents, ponctuation et articles retirés : « PAIN ROSES »"
PAIN ET DES ROSES,PAIN ET DES ROSES,normalisation,"mêmes mots une fois accents, ponctuation et articles retirés : « PAIN ROSES »"
LES PALADINS,PALADINS,normalisation,"mêmes mots une fois accents, ponctuation et articles retirés : « PALADINS »"
PALADINS,PALADINS,normalisation,"mêmes mots une fois accents, ponctuation et articles retirés : « PALADINS »"
LE PALAIS ROYAL,PALAIS ROYAL,normalisation,"mêmes mots une fois accents, ponctuation et articles retirés : « PALAIS ROYAL »"
PALAIS ROYAL,PALAIS ROYAL,normalisation,"mêmes mots une fois accents, ponctuation et articles retirés : « PALAIS ROYAL »"
LE PANDA ROUX,PANDA ROUX,normalisation,"mêmes mots une fois accents, ponctuation et articles retirés : « PANDA ROUX »"
PANDA ROUX,PANDA ROUX,normalisation,"mêmes mots une fois accents, ponctuation et articles retirés : « PANDA ROUX »"
LES PAPILLONS BLANCS DE PARIS APEI 75,PAPILLONS BLANCS DE PARIS,jugement,"Même nom, APEI 75 / APEI7 tronqué"
LES PAPILLONS BLANCS DE PARIS APEI7,PAPILLONS BLANCS DE PARIS,normalisation,"mêmes mots une fois accents, ponctuation et articles retirés : « PAPILLONS BLANCS PARIS APEI7 »"
PAPILLONS BLANCS DE PARIS,PAPILLONS BLANCS DE PARIS,jugement,"Même nom, LES en plus ; SIREN sur l'une des graphies"
PAPILLONS BLANCS DE PARIS APEI,PAPILLONS BLANCS DE PARIS,troncature,nom coupé (« LES PAPILLONS BLANCS DE PARIS APEI ») au milieu d'un mot = début de la seule graphie « LES PAPILLONS BLANCS DE PARIS APEI7 »
PAPILLONS BLANCS DE PARIS APEI7,PAPILLONS BLANCS DE PARIS,normalisation,"mêmes mots une fois accents, ponctuation et articles retirés : « PAPILLONS BLANCS PARIS APEI7 »"
ASS PARIS 13 DES SPORTS SUR ROULETT,PARIS 13 DES SPORTS SUR ROULETT,jugement,"Même nom, ASS abrégé"
ASSOCIATION PARIS 13 DES SPORTS SUR ROULETT,PARIS 13 DES SPORTS SUR ROULETT,jugement,"Même nom, « ASSOCIATION » en plus"
PARIS 13 DES SPORTS SUR ROULETT,PARIS 13 DES SPORTS SUR ROULETT,jugement,"Même nom, ASS abrégé"
PARIS 2024 COMITE D ORGANISAT DES,PARIS 2024 COMITE D ORGANISATION,jugement,"Paris 2024 comité d'organisation, nom coupé"
PARIS 2024 COMITE D ORGANISATION,PARIS 2024 COMITE D ORGANISATION,jugement,"Paris 2024 comité d'organisation, nom coupé"
PARIS ACAD RESPECT INTEGRITE SPORT,PARIS ACAD RESPECT INTEGRITE SPORT,jugement,"ACAD abrégé de ACADEMIE, nom coupé"
PARIS ACADEMIE RESPECT INTEGRITE SP,PARIS ACAD RESPECT INTEGRITE SPORT,jugement,"ACAD abrégé de ACADEMIE, nom coupé"
ASS PARIS ANIMATION CULT ET SPORT,PARIS ANIMATION CULT ET SPORT,jugement,"même nom, « ASS » développé"
ASSOCIATION PARIS ANIMATION CULT ET SPORT,PARIS ANIMATION CULT ET SPORT,jugement,"même nom, « ASS » développé"
PARIS ANIMATION CULT ET SPORT,PARIS ANIMATION CULT ET SPORT,jugement,même nom sans « ASS »
PARIS BASKET BALL ASSOCIATION,PARIS BASKET BALL ASSOCIATION,jugement,"Même nom, orthographe basket-ball/basketball"
PARIS BASKETBALL ASSOCIATION,PARIS BASKET BALL ASSOCIATION,jugement,"Même nom, orthographe basket-ball/basketball"
LE PARIS DES FAUBOURGS,PARIS DES FAUBOURGS,normalisation,"mêmes mots une fois accents, ponctuation et articles retirés : « PARIS FAUBOURGS »"
PARI S DES FAUBOURG,PARIS DES FAUBOURGS,jugement,variante orthographique de LE PARIS DES FAUBOURGS
PARIS DES FAUBOURGS,PARIS DES FAUBOURGS,normalisation,"mêmes mots une fois accents, ponctuation et articles retirés : « PARIS FAUBOURGS »"
LE PARIS DES FEMMES,PARIS DES FEMMES,normalisation,"mêmes mots une fois accents, ponctuation et articles retirés : « PARIS FEMMES »"
PARIS DES FEMMES,PARIS DES FEMMES,normalisation,"mêmes mots une fois accents, ponctuation et articles retirés : « PARIS FEMMES »"
LE PARIS DES ORGUES,PARIS DES ORGUES,normalisation,"mêmes mots une fois accents, ponctuation et articles retirés : « PARIS ORGUES »"
PARIS DES ORGUES,PARIS DES ORGUES,normalisation,"mêmes mots une fois accents, ponctuation et articles retirés : « PARIS ORGUES »"
PARIS INITIATIVE ENTREPRISE,PARIS INITIATIVES ENTREPRISES,siren,"même SIREN 348027053 (dossiers votés), noms proches"
PARIS INITIATIVES ENTREPRISES,PARIS INITIATIVES ENTREPRISES,siren,"même SIREN 348027053 (dossiers votés), noms proches"
PARIS JEAN BOUIN,PARIS JEAN BOUIN,jugement,"même club Paris Jean-Bouin, sigle CASG en plus, séries successives"
PARIS JEAN BOUIN C A S G,PARIS JEAN BOUIN,jugement,"même club Paris Jean-Bouin, sigle CASG en plus, séries successives"
PARIS LIBRAIRIES ASS LIBRAIRIES PA,PARIS LIBRAIRIES ASS LIBRAIRIES PA,jugement,ASS abrégé d'ASSOCIATION.
PARIS LIBRAIRIES ASSOCIATION LIBRAIRIES PA,PARIS LIBRAIRIES ASS LIBRAIRIES PA,jugement,ASS abrégé d'ASSOCIATION.
PARIS SAINT GERMAIN HANDBALL ASSOC,PARIS SAINTGERMAIN HANDBALL,troncature,nom coupé (« PARIS SAINT-GERMAIN HANDBALL ASSOC. ») au milieu d'un mot = début de la seule graphie « PARIS SAINT-GERMAIN HANDBALL ASSOCIATION »
PARIS SAINT GERMAIN HANDBALL ASSOCIATION,PARIS SAINTGERMAIN HANDBALL,troncature,nom coupé (« PARIS SAINT-GERMAIN HANDBALL ASSOC. ») au milieu d'un mot = début de la seule graphie « PARIS SAINT-GERMAIN HANDBALL ASSOCIATION »
PARIS SAINTGERMAIN HANDBALL,PARIS SAINTGERMAIN HANDBALL,jugement,"Même nom, typographie et « ASSOC. » en plus."
ASS PARIS TOUT P TITS,PARIS TOUT P TITS,jugement,« ASS » = « ASSOCIATION »
ASSOCIATION PARIS TOUT P TITS,PARIS TOUT P TITS,jugement,« ASS » = « ASSOCIATION »
PARIS TOUT P TITS,PARIS TOUT P TITS,jugement,"« ASS » devant, même nom"
PARISIEN D UN JOUR PARISIEN TOUJ,PARISIEN D UN JOUR PARISIEN TOUJ,jugement,"même nom, apostrophe/pluriel seulement"
PARISIENS D UN JOUR PARISIENS TOUJO,PARISIEN D UN JOUR PARISIEN TOUJ,jugement,"même nom, apostrophe/pluriel seulement"
LE PARISOLIDAIRE,PARISOLIDAIRE,normalisation,"mêmes mots une fois accents, ponctuation et articles retirés : « PARISOLIDAIRE »"
PARISOLIDAIRE,PARISOLIDAIRE,normalisation,"mêmes mots une fois accents, ponctuation et articles retirés : « PARISOLIDAIRE »"
LA PAROLE AUX SOURDS,PAROLE AUX SOURDS,normalisation,"mêmes mots une fois accents, ponctuation et articles retirés : « PAROLE AUX SOURDS »"
PAROLE AUX SOURDS,PAROLE AUX SOURDS,normalisation,"mêmes mots une fois accents, ponctuation et articles retirés : « PAROLE AUX SOURDS »"
LES PARQUES,PARQUES,normalisation,"mêmes mots une fois accents, ponctuation et articles retirés : « PARQUES »"
PARQUES,PARQUES,normalisation,"mêmes mots une fois accents, ponctuation et articles retirés : « PARQUES »"
LE PARTENARIAT,PARTENARIAT,normalisation,"mêmes mots une fois accents, ponctuation et articles retirés : « PARTENARIAT »"
PARTENARIAT,PARTENARIAT,normalisation,"mêmes mots une fois accents, ponctuation et articles retirés : « PARTENARIAT »"
LES PARVIS POETIQUES,PARVIS POETIQUES,normalisation,"mêmes mots une fois accents, ponctuation et articles retirés : « PARVIS POETIQUES »"
PARVIS POETIQUES,PARVIS POETIQUES,normalisation,"mêmes mots une fois accents, ponctuation et articles retirés : « PARVIS POETIQUES »"
LES PAS SAGES DES VIGNOLES,PAS SAGES DES VIGNOLES,normalisation,"mêmes mots une fois accents, ponctuation et articles retirés : « PAS SAGES VIGNOLES »"
PAS SAGES DES VIGNOLES,PAS SAGES DES VIGNOLES,normalisation,"mêmes mots une fois accents, ponctuation et articles retirés : « PAS SAGES VIGNOLES »"
PASS SPORT S POUR L EMPLO,PASS SPORT S POUR L EMPLOI,jugement,"Même nom, ponctuation et troncature."
PASS SPORT S POUR L EMPLOI,PASS SPORT S POUR L EMPLOI,jugement,"Même nom, ponctuation et troncature."
PASS SPORTS POUR L EMPLO,PASS SPORT S POUR L EMPLOI,jugement,"Même nom, ponctuation et troncature."
PASSERELLE 17 AS POUR LA REGIE,PASSERELLE 17 AS POUR LA REGIE,jugement,"Passerelle(s) 17 pour la Régie, singulier/pluriel et abréviations"
PASSERELLES 17 ASS REGIE,PASSERELLE 17 AS POUR LA REGIE,jugement,"Passerelle(s) 17 pour la Régie, singulier/pluriel et abréviations"
LE PAYS VASQUE,PAYS VASQUE,normalisation,"mêmes mots une fois accents, ponctuation et articles retirés : « PAYS VASQUE »"
PAYS VASQUE,PAYS VASQUE,normalisation,"mêmes mots une fois accents, ponctuation et articles retirés : « PAYS VASQUE »"
LE PAYSAN URBAIN,PAYSAN URBAIN,normalisation,"mêmes mots une fois accents, ponctuation et articles retirés : « PAYSAN URBAIN »"
PAYSAN URBAIN,PAYSAN URBAIN,normalisation,"mêmes mots une fois accents, ponctuation et articles retirés : « PAYSAN URBAIN »"
ASS PAZAPAS BELLEVILLE,PAZAPAS BELLEVILLE,jugement,"ASS = ASSOCIATION, même nom"
ASSOCIATION PAZAPAS BELLEVILLE,PAZAPAS BELLEVILLE,jugement,"ASS = ASSOCIATION, même nom"
PAZAPAS BELLEVILLE,PAZAPAS BELLEVILLE,jugement,"même nom sans ASS, années contiguës"
LA PENICHE DU COEUR,PENICHE DU COEUR,normalisation,"mêmes mots une fois accents, ponctuation et articles retirés : « PENICHE COEUR »"
PENICHE DU COEUR,PENICHE DU COEUR,normalisation,"mêmes mots une fois accents, ponctuation et articles retirés : « PENICHE COEUR »"
LA PEPINIERE,PEPINIERE,normalisation,"mêmes mots une fois accents, ponctuation et articles retirés : « PEPINIERE »"
PEPINIERE,PEPINIERE,normalisation,"mêmes mots une fois accents, ponctuation et articles retirés : « PEPINIERE »"
LA PEPINIERE MATHIS,PEPINIERE MATHIS,normalisation,"mêmes mots une fois accents, ponctuation et articles retirés : « PEPINIERE MATHIS »"
PEPINIERE MATHIS,PEPINIERE MATHIS,normalisation,"mêmes mots une fois accents, ponctuation et articles retirés : « PEPINIERE MATHIS »"
PEPINS PROD LA PEPINIERE DE QUART,PEPINS PROD LA PEPINIERE DE QUART,jugement,"PROD./PRODUCTION, même nom tronqué"
PEPINS PRODUCTION LA PEPINIERE QUAR,PEPINS PROD LA PEPINIERE DE QUART,jugement,"PROD./PRODUCTION, même nom tronqué"
ASS PERMANENCE ACCUEIL DES JEUNES,PERMANENCE ACCUEIL DES JEUNES,jugement,"Même nom, « ASS » abrégé"
ASSOCIATION PERMANENCE ACCUEIL DES JEUNES,PERMANENCE ACCUEIL DES JEUNES,jugement,"Même nom, « ASS » abrégé en « ASSOCIATION »"
PERMANENCE ACCUEIL DES JEUNES,PERMANENCE ACCUEIL DES JEUNES,jugement,"Même nom, « ASS » abrégé"
LA PETANQUE BATIGNOLLAISE,PETANQUE BATIGNOLLAISE,normalisation,"mêmes mots une fois accents, ponctuation et articles retirés : « PETANQUE BATIGNOLLAISE »"
PETANQUE BATIGNOLLAISE,PETANQUE BATIGNOLLAISE,normalisation,"mêmes mots une fois accents, ponctuation et articles retirés : « PETANQUE BATIGNOLLAISE »"
LE PETIT BICLOU,PETIT BICLOU,normalisation,"mêmes mots une fois accents, ponctuation et articles retirés : « PETIT BICLOU »"
PETIT BICLOU,PETIT BICLOU,normalisation,"mêmes mots une fois accents, ponctuation et articles retirés : « PETIT BICLOU »"
LE PETIT ESCARGOT,PETIT ESCARGOT,normalisation,"mêmes mots une fois accents, ponctuation et articles retirés : « PETIT ESCARGOT »"
PETIT ESCARGOT,PETIT ESCARGOT,normalisation,"mêmes mots une fois accents, ponctuation et articles retirés : « PETIT ESCARGOT »"
LE PETIT NEY,PETIT NEY,normalisation,"mêmes mots une fois accents, ponctuation et articles retirés : « PETIT NEY »"
PETIT NEY,PETIT NEY,normalisation,"mêmes mots une fois accents, ponctuation et articles retirés : « PETIT NEY »"
LA PETITE REINE,PETITE REINE,normalisation,"mêmes mots une fois accents, ponctuation et articles retirés : « PETITE REINE »"
PETITE REINE,PETITE REINE,normalisation,"mêmes mots une fois accents, ponctuation et articles retirés : « PETITE REINE »"
LA PETITE ROCKETTE,PETITE ROCKETTE,normalisation,"mêmes mots une fois accents, ponctuation et articles retirés : « PETITE ROCKETTE »"
PETITE ROCKETTE,PETITE ROCKETTE,normalisation,"mêmes mots une fois accents, ponctuation et articles retirés : « PETITE ROCKETTE »"
LES PETITES CANTINES PARIS,PETITES CANTINES PARIS,normalisation,"mêmes mots une fois accents, ponctuation et articles retirés : « PETITES CANTINES PARIS »"
PETITES CANTINES PARIS,PETITES CANTINES PARIS,normalisation,"mêmes mots une fois accents, ponctuation et articles retirés : « PETITES CANTINES PARIS »"
LES PETITES FRAPPES,PETITES FRAPPES,normalisation,"mêmes mots une fois accents, ponctuation et articles retirés : « PETITES FRAPPES »"
PETITES FRAPPES,PETITES FRAPPES,normalisation,"mêmes mots une fois accents, ponctuation et articles retirés : « PETITES FRAPPES »"
LES PETITS BONHEURS,PETITS BONHEURS,normalisation,"mêmes mots une fois accents, ponctuation et articles retirés : « PETITS BONHEURS »"
PETITS BONHEURS,PETITS BONHEURS,normalisation,"mêmes mots une fois accents, ponctuation et articles retirés : « PETITS BONHEURS »"
LES PETITS DEBROUILLARDS,PETITS DEBROUILLARDS,normalisation,"mêmes mots une fois accents, ponctuation et articles retirés : « PETITS DEBROUILLARDS »"
PETITS DEBROUILLARDS,PETITS DEBROUILLARDS,normalisation,"mêmes mots une fois accents, ponctuation et articles retirés : « PETITS DEBROUILLARDS »"
LES PETITS FRERES DES PAUVRES,PETITS FRERES DES PAUVRES,normalisation,"mêmes mots une fois accents, ponctuation et articles retirés : « PETITS FRERES PAUVRES »"
PETITS FRERES DES PAUVRES,PETITS FRERES DES PAUVRES,normalisation,"mêmes mots une fois accents, ponctuation et articles retirés : « PETITS FRERES PAUVRES »"
LES PETITS PANIERS,PETITS PANIERS,normalisation,"mêmes mots une fois accents, ponctuation et articles retirés : « PETITS PANIERS »"
PETITS PANIERS,PETITS PANIERS,normalisation,"mêmes mots une fois accents, ponctuation et articles retirés : « PETITS PANIERS »"
LES PETITS POULBOTS,PETITS POULBOTS,normalisation,"mêmes mots une fois accents, ponctuation et articles retirés : « PETITS POULBOTS »"
PETITS POULBOTS,PETITS POULBOTS,normalisation,"mêmes mots une fois accents, ponctuation et articles retirés : « PETITS POULBOTS »"
LES PETITS RUISSEAUX,PETITS RUISSEAUX,normalisation,"mêmes mots une fois accents, ponctuation et articles retirés : « PETITS RUISSEAUX »"
PETITS RUISSEAUX,PETITS RUISSEAUX,normalisation,"mêmes mots une fois accents, ponctuation et articles retirés : « PETITS RUISSEAUX »"
LA PHOTOTHEQUE DES JEUNES PARISIENS,PHOTOTHEQUE DES JEUNES PARISIENS,normalisation,"mêmes mots une fois accents, ponctuation et articles retirés : « PHOTOTHEQUE JEUNES PARISIENS »"
PHOTOTHEQUE DES JEUNES PARISIENS,PHOTOTHEQUE DES JEUNES PARISIENS,normalisation,"mêmes mots une fois accents, ponctuation et articles retirés : « PHOTOTHEQUE JEUNES PARISIENS »"
LE PICOULET MISSION POPULAIRE XIE,PICOULET MISSION POPULAIRE XIE,normalisation,"mêmes mots une fois accents, ponctuation et articles retirés : « PICOULET MISSION POPULAIRE XIE »"
PICOULET MISSION POPULAIRE XIE,PICOULET MISSION POPULAIRE XIE,normalisation,"mêmes mots une fois accents, ponctuation et articles retirés : « PICOULET MISSION POPULAIRE XIE »"
LES PIEDS TENDRES,PIEDS TENDRES,normalisation,"mêmes mots une fois accents, ponctuation et articles retirés : « PIEDS TENDRES »"
PIEDS TENDRES,PIEDS TENDRES,normalisation,"mêmes mots une fois accents, ponctuation et articles retirés : « PIEDS TENDRES »"
PIK PIK ENVIRONNEMENT,PIK PIK ENVIRONNEMENT,jugement,"même nom, espace en moins"
PIKPIK ENVIRONNEMENT,PIK PIK ENVIRONNEMENT,jugement,"même nom, espace en moins"
LA PLACE CENTRE CULTUREL HIP HOP,PLACE CENTRE CULTUREL HIPHOP,normalisation,"mêmes mots une fois accents, ponctuation et articles retirés : « PLACE CENTRE CULTUREL HIP HOP »"
LA PLACE CENTRE CULTUREL HIPHOP,PLACE CENTRE CULTUREL HIPHOP,normalisation,"mêmes mots une fois accents, ponctuation et articles retirés : « PLACE CENTRE CULTUREL HIPHOP »"
PLACE CENTRE CULTUREL HIP HOP,PLACE CENTRE CULTUREL HIPHOP,normalisation,"mêmes mots une fois accents, ponctuation et articles retirés : « PLACE CENTRE CULTUREL HIP HOP »"
PLACE CENTRE CULTUREL HIPHOP,PLACE CENTRE CULTUREL HIPHOP,normalisation,"mêmes mots une fois accents, ponctuation et articles retirés : « PLACE CENTRE CULTUREL HIPHOP »"
LA PLANETE DES ENFANTS,PLANETE DES ENFANTS,normalisation,"mêmes mots une fois accents, ponctuation et articles retirés : « PLANETE ENFANTS »"
PLANETE DES ENFANTS,PLANETE DES ENFANTS,normalisation,"mêmes mots une fois accents, ponctuation et articles retirés : « PLANETE ENFANTS »"
PLATE FORME POUR COMMERCE EQUITABLE,PLATE FORME POUR COMMERCE EQUITABLE,jugement,"même intitulé abrégé, années proches"
PLATE FORME POUR LE COMMERCE EQ,PLATE FORME POUR COMMERCE EQUITABLE,jugement,"même intitulé abrégé, années proches"
LES PLATEAUX SAUVAGES,PLATEAUX SAUVAGES,normalisation,"mêmes mots une fois accents, ponctuation et articles retirés : « PLATEAUX SAUVAGES »"
PLATEAUX SAUVAGES,PLATEAUX SAUVAGES,normalisation,"mêmes mots une fois accents, ponctuation et articles retirés : « PLATEAUX SAUVAGES »"
LA PLUIE CHANTE,PLUIE CHANTE,normalisation,"mêmes mots une fois accents, ponctuation et articles retirés : « PLUIE CHANTE »"
PLUIE CHANTE,PLUIE CHANTE,normalisation,"mêmes mots une fois accents, ponctuation et articles retirés : « PLUIE CHANTE »"
LA PLUME BENEVOLE APB 19E,PLUME BENEVOLE APB 19E,normalisation,"mêmes mots une fois accents, ponctuation et articles retirés : « PLUME BENEVOLE APB 19E »"
PLUME BENEVOLE APB 19E,PLUME BENEVOLE APB 19E,normalisation,"mêmes mots une fois accents, ponctuation et articles retirés : « PLUME BENEVOLE APB 19E »"
LA PLUME NOIRE,PLUME NOIRE,normalisation,"mêmes mots une fois accents, ponctuation et articles retirés : « PLUME NOIRE »"
PLUME NOIRE,PLUME NOIRE,normalisation,"mêmes mots une fois accents, ponctuation et articles retirés : « PLUME NOIRE »"
LA PLUME VAGABONDE,PLUME VAGABONDE,normalisation,"mêmes mots une fois accents, ponctuation et articles retirés : « PLUME VAGABONDE »"
PLUME VAGABONDE,PLUME VAGABONDE,normalisation,"mêmes mots une fois accents, ponctuation et articles retirés : « PLUME VAGABONDE »"
LE PLUS PETIT CIRQUE DU MONDE,PLUS PETIT CIRQUE DU MONDE,normalisation,"mêmes mots une fois accents, ponctuation et articles retirés : « PLUS PETIT CIRQUE MONDE »"
PLUS PETIT CIRQUE DU MONDE,PLUS PETIT CIRQUE DU MONDE,normalisation,"mêmes mots une fois accents, ponctuation et articles retirés : « PLUS PETIT CIRQUE MONDE »"
ASS POLITIQUE CRIMINELLE APPLIQUEE,POLITIQUE CRIMINELLE APPLIQUEE,jugement,"même nom, « ASS » retiré"
ASSOCIATION POLITIQUE CRIMINELLE APPLIQUEE,POLITIQUE CRIMINELLE APPLIQUEE,jugement,"même nom, « ASSOCIATION » devant"
POLITIQUE CRIMINELLE APPLIQUEE,POLITIQUE CRIMINELLE APPLIQUEE,jugement,"même nom, « ASS » retiré"
LE PONT QIAOLIANG,PONT QIAOLIANG,normalisation,"mêmes mots une fois accents, ponctuation et articles retirés : « PONT QIAOLIANG »"
PONT QIAOLIANG,PONT QIAOLIANG,normalisation,"mêmes mots une fois accents, ponctuation et articles retirés : « PONT QIAOLIANG »"
LA PENICHE OPERA,POP,normalisation,"mêmes mots une fois accents, ponctuation et articles retirés : « PENICHE OPERA »"
LA POP,POP,normalisation,"mêmes mots une fois accents, ponctuation et articles retirés : « POP »"
PENICHE OPERA,POP,normalisation,"mêmes mots une fois accents, ponctuation et articles retirés : « PENICHE OPERA »"
POP,POP,normalisation,"mêmes mots une fois accents, ponctuation et articles retirés : « POP »"
LA PORTE A COTE,PORTE A COTE,normalisation,"mêmes mots une fois accents, ponctuation et articles retirés : « PORTE A COTE »"
PORTE A COTE,PORTE A COTE,normalisation,"mêmes mots une fois accents, ponctuation et articles retirés : « PORTE A COTE »"
LA PORTE OUVERTE,PORTE OUVERTE,normalisation,"mêmes mots une fois accents, ponctuation et articles retirés : « PORTE OUVERTE »"
PORTE OUVERTE,PORTE OUVERTE,normalisation,"mêmes mots une fois accents, ponctuation et articles retirés : « PORTE OUVERTE »"
LA POSSIBLE ECHAPPEE,POSSIBLE ECHAPPEE,normalisation,"mêmes mots une fois accents, ponctuation et articles retirés : « POSSIBLE ECHAPPEE »"
POSSIBLE ECHAPPEE,POSSIBLE ECHAPPEE,normalisation,"mêmes mots une fois accents, ponctuation et articles retirés : « POSSIBLE ECHAPPEE »"
ASS POUR COUPLE ET ENFANT PARIS,POUR COUPLE ET ENFANT PARIS,jugement,Même nom abrégé.
ASS POUR LE COUPLE ET L ENFANT A PA,POUR COUPLE ET ENFANT PARIS,jugement,Même nom abrégé.
ASSOCIATION POUR COUPLE ET ENFANT PARIS,POUR COUPLE ET ENFANT PARIS,jugement,"Même nom, article et abréviation en moins."
ASSOCIATION POUR LE COUPLE ET L ENFANT A PA,POUR COUPLE ET ENFANT PARIS,jugement,"ASS = ASSOCIATION, même nom."
POUR COUPLE ET ENFANT PARIS,POUR COUPLE ET ENFANT PARIS,jugement,"Même nom, article et abréviation en moins."
ASS POUR DIALOGUE ORIENTATION SCO,POUR DIALOGUE ORIENTATION SCO,jugement,"Même nom, préfixe ASS, & omis."
ASSOCIATION POUR DIALOGUE ORIENTATION SCO,POUR DIALOGUE ORIENTATION SCO,jugement,"Même nom, ASS/ASSOCIATION."
POUR DIALOGUE ORIENTATION SCO,POUR DIALOGUE ORIENTATION SCO,jugement,"Même nom, préfixe ASS, & omis."
ASSOC POUR L AIDE AUX MERES DE FAMI,POUR L AIDE AUX MERES DE FAMI,jugement,"Même nom, préfixe ASSOC omis"
ASSOCIATION POUR L AIDE AUX MERES DE FAMI,POUR L AIDE AUX MERES DE FAMI,jugement,"Même nom, ASSOC/ASSOCIATION"
POUR L AIDE AUX MERES DE FAMI,POUR L AIDE AUX MERES DE FAMI,jugement,"Même nom, préfixe ASSOC omis"
ASS INSERT REINSERT PROF HUMAIN HAN,POUR L INSERTION ET LA REINSERTION PROFESSIONNELLE ET HUMAINE DES HANDICAPES,jugement,"Même nom, ASS/ASSOCIATION."
ASSOCIATION INSERT REINSERT PROF HUMAIN HAN,POUR L INSERTION ET LA REINSERTION PROFESSIONNELLE ET HUMAINE DES HANDICAPES,jugement,"Même intitulé, abrégé (insert, reinsert, prof, humain, han) puis complet."
POUR L INSERTION ET LA REINSERTION PROFESSIONNELLE ET HUMAINE DES HANDICAPES,POUR L INSERTION ET LA REINSERTION PROFESSIONNELLE ET HUMAINE DES HANDICAPES,jugement,"Même intitulé, abrégé (insert, reinsert, prof, humain, han) puis complet."
ASSOC POUR LE DVLPT ANALYSE DE DROG,POUR LE DVLPT ANALYSE DE DROG,jugement,"même nom, ASSOC abrégé"
POUR LE DVLPT ANALYSE DE DROG,POUR LE DVLPT ANALYSE DE DROG,jugement,"même nom, ASSOC abrégé"
LES POUSSINS D ANNAM,POUSSINS D ANNAM,normalisation,"mêmes mots une fois accents, ponctuation et articles retirés : « POUSSINS ANNAM »"
POUSSINS D ANNAM,POUSSINS D ANNAM,normalisation,"mêmes mots une fois accents, ponctuation et articles retirés : « POUSSINS ANNAM »"
LES POUSSINS TERRIBLES,POUSSINS TERRIBLES,normalisation,"mêmes mots une fois accents, ponctuation et articles retirés : « POUSSINS TERRIBLES »"
POUSSINS TERRIBLES,POUSSINS TERRIBLES,normalisation,"mêmes mots une fois accents, ponctuation et articles retirés : « POUSSINS TERRIBLES »"
PREFECTURE DE POLICE,PREFECTURE DE POLICE DE PARIS,jugement,"Préfecture de police, avec ou sans « de Paris »"
PREFECTURE DE POLICE DE PARIS,PREFECTURE DE POLICE DE PARIS,jugement,"Préfecture de police, avec ou sans « de Paris »"
PREMIERE URGENCE AIDE MED INTERNAT,PREMIERE URGENCE INTERNATIONALE,jugement,"Première Urgence - Aide médicale internationale, ancien nom de la même association."
PREMIERE URGENCE AIDE MEDICALE INTE,PREMIERE URGENCE INTERNATIONALE,jugement,"Première Urgence - Aide médicale internationale, ancien nom de la même association."
PREMIERE URGENCE INTERNATIONALE,PREMIERE URGENCE INTERNATIONALE,jugement,"Première Urgence - Aide médicale internationale, ancien nom de la même association."
PRESSE CITE,PRESSE CITE,normalisation,"mêmes mots une fois accents, ponctuation et articles retirés : « PRESSE CITE »"
PRESSE ET CITE,PRESSE CITE,normalisation,"mêmes mots une fois accents, ponctuation et articles retirés : « PRESSE CITE »"
LA PREVENTION ROUTIERE,PREVENTION ROUTIERE,normalisation,"mêmes mots une fois accents, ponctuation et articles retirés : « PREVENTION ROUTIERE »"
PREVENTION ROUTIERE,PREVENTION ROUTIERE,normalisation,"mêmes mots une fois accents, ponctuation et articles retirés : « PREVENTION ROUTIERE »"
ASS PRO AID AUTISME A P A A,PRO AID AUTISMEAPAA,jugement,"Même nom, sigle A.P.A.A. collé et « ASS » omis."
ASSOCIATION PRO AID AUTISME A P A A,PRO AID AUTISMEAPAA,jugement,"Même nom, ASS/ASSOCIATION."
PRO AID AUTISMEAPAA,PRO AID AUTISMEAPAA,jugement,"Même nom, sigle A.P.A.A. collé et « ASS » omis."
LE PRODUCTEUR LOCAL PARIS 20,PRODUCTEUR LOCAL PARIS 20,normalisation,"mêmes mots une fois accents, ponctuation et articles retirés : « PRODUCTEUR LOCAL PARIS 20 »"
PRODUCTEUR LOCAL PARIS 20,PRODUCTEUR LOCAL PARIS 20,normalisation,"mêmes mots une fois accents, ponctuation et articles retirés : « PRODUCTEUR LOCAL PARIS 20 »"
LES PRODUCTIONS BELLEVILLOISES,PRODUCTIONS BELLEVILLOISES,normalisation,"mêmes mots une fois accents, ponctuation et articles retirés : « PRODUCTIONS BELLEVILLOISES »"
PRODUCTIONS BELLEVILLOISES,PRODUCTIONS BELLEVILLOISES,normalisation,"mêmes mots une fois accents, ponctuation et articles retirés : « PRODUCTIONS BELLEVILLOISES »"
ASS PROF MODE DESIGN GOUTTE D OR,PROF MODE DESIGN GOUTTE D OR,jugement,"même nom, « ASS » abrégé"
ASS PROFESSIONNELS MODE GOUTTE,PROF MODE DESIGN GOUTTE D OR,jugement,"professionnels de la mode Goutte d'Or, graphie coupée puis complétée"
ASSOCIATION PROF MODE DESIGN GOUTTE D OR,PROF MODE DESIGN GOUTTE D OR,jugement,"même nom, « ASSOCIATION » devant"
PROF MODE DESIGN GOUTTE D OR,PROF MODE DESIGN GOUTTE D OR,jugement,"même nom, « ASSOCIATION » devant"
LES PROMENADES URBAINES,PROMENADES URBAINES,normalisation,"mêmes mots une fois accents, ponctuation et articles retirés : « PROMENADES URBAINES »"
PROMENADES URBAINES,PROMENADES URBAINES,normalisation,"mêmes mots une fois accents, ponctuation et articles retirés : « PROMENADES URBAINES »"
PROTECTION CIVILE DE PARIS,PROTECTION CIVILE PARIS SEINE,jugement,"Protection civile de Paris et Paris Seine : 2023 comble le trou de la série, même montant en 2024"
PROTECTION CIVILE PARIS SEINE,PROTECTION CIVILE PARIS SEINE,jugement,"Protection civile de Paris et Paris Seine : 2023 comble le trou de la série, même montant en 2024"
ASSOCIATION PROTECTION SOCIALE VAUGIRARD,PROTECTION SOCIALE DE VAUGIRARD,jugement,"même nom, « Association » en tête"
PROTECTION SOCIALE DE VAUGIRARD,PROTECTION SOCIALE DE VAUGIRARD,normalisation,"mêmes mots une fois accents, ponctuation et articles retirés : « PROTECTION SOCIALE VAUGIRARD »"
PROTECTION SOCIALE VAUGIRARD,PROTECTION SOCIALE DE VAUGIRARD,normalisation,"mêmes mots une fois accents, ponctuation et articles retirés : « PROTECTION SOCIALE VAUGIRARD »"
LE QUATRIEME CAFE,QUATRIEME CAFE,normalisation,"mêmes mots une fois accents, ponctuation et articles retirés : « QUATRIEME CAFE »"
QUATRIEME CAFE,QUATRIEME CAFE,normalisation,"mêmes mots une fois accents, ponctuation et articles retirés : « QUATRIEME CAFE »"
L R EN JEU,R EN JEU,normalisation,"mêmes mots une fois accents, ponctuation et articles retirés : « R EN JEU »"
R EN JEU,R EN JEU,normalisation,"mêmes mots une fois accents, ponctuation et articles retirés : « R EN JEU »"
LA RAFALE,RAFALE,normalisation,"mêmes mots une fois accents, ponctuation et articles retirés : « RAFALE »"
RAFALE,RAFALE,normalisation,"mêmes mots une fois accents, ponctuation et articles retirés : « RAFALE »"
RAVAD,RAVAD,jugement,RAVAD = Réseau d'assistance aux victimes d'agressions et de discriminations
RES ASSIST VICTIMES AGRESS DISCRIMI,RAVAD,jugement,RAVAD = Réseau d'assistance aux victimes d'agressions et de discriminations
LE RECHO,RECHO,normalisation,"mêmes mots une fois accents, ponctuation et articles retirés : « RECHO »"
RECHO,RECHO,normalisation,"mêmes mots une fois accents, ponctuation et articles retirés : « RECHO »"
LA RECOLTE CITADINE,RECOLTE CITADINE,normalisation,"mêmes mots une fois accents, ponctuation et articles retirés : « RECOLTE CITADINE »"
RECOLTE CITADINE,RECOLTE CITADINE,normalisation,"mêmes mots une fois accents, ponctuation et articles retirés : « RECOLTE CITADINE »"
ASSOC REEL SYMBOL IMAGINAIRE LA,REEL SYMBOL IMAGINAIRE LA RES,jugement,Même intitulé (Réel Symbolique Imaginaire) coupé à des longueurs différentes.
ASSOC REEL SYMBOL IMAGINAIRE LA RES,REEL SYMBOL IMAGINAIRE LA RES,jugement,Même intitulé (Réel Symbolique Imaginaire) coupé à des longueurs différentes.
ASSOCIATION REEL SYMBOL IMAGINAIRE LA,REEL SYMBOL IMAGINAIRE LA RES,jugement,"Même intitulé coupé, ASSOC / ASSOCIATION."
ASSOCIATION REEL SYMBOL IMAGINAIRE LA RES,REEL SYMBOL IMAGINAIRE LA RES,jugement,"ASSOC / ASSOCIATION, même intitulé."
REEL SYMBOL IMAGINAIRE LA RES,REEL SYMBOL IMAGINAIRE LA RES,jugement,Même intitulé sans « ASSOC » devant.
LES REFLETS DE L EAU,REFLETS DE L EAU,normalisation,"mêmes mots une fois accents, ponctuation et articles retirés : « REFLETS EAU »"
REFLETS DE L EAU,REFLETS DE L EAU,normalisation,"mêmes mots une fois accents, ponctuation et articles retirés : « REFLETS EAU »"
RATP,REGIE AUTONOME DES TRANSPORTS PARISIENS RATP,jugement,RATP = sigle de la Régie autonome des transports parisiens
REGIE AUTONOME DES TRANSPORTS PARIS,REGIE AUTONOME DES TRANSPORTS PARISIENS RATP,jugement,"Régie autonome des transports parisiens, nom tronqué"
REGIE AUTONOME DES TRANSPORTS PARISIENS RATP,REGIE AUTONOME DES TRANSPORTS PARISIENS RATP,jugement,"RATP, même nom avec ou sans article"
REGIE AUTONOME TRANSPORTS PARISIENS,REGIE AUTONOME DES TRANSPORTS PARISIENS RATP,normalisation,"mêmes mots une fois accents, ponctuation et articles retirés : « REGIE AUTONOME TRANSPORTS PARISIENS »"
RÉGIE AUTONOME DES TRANSPORTS PARISIENS,REGIE AUTONOME DES TRANSPORTS PARISIENS RATP,normalisation,"mêmes mots une fois accents, ponctuation et articles retirés : « REGIE AUTONOME TRANSPORTS PARISIENS »"
REGIE IMMOBIL DE LA VILLE DE PARIS,REGIE IMMOBILIERE VILLE DE PARIS RIVP,jugement,"Même nom, abrégé (RIVP)"
REGIE IMMOBILIERE DE LA VILLE DE PA,REGIE IMMOBILIERE VILLE DE PARIS RIVP,troncature,nom coupé (« REGIE IMMOBILIERE DE LA VILLE DE PA ») au milieu d'un mot = début de la seule graphie « REGIE IMMOBILIERE DE LA VILLE DE PARIS »
REGIE IMMOBILIERE DE LA VILLE DE PARIS,REGIE IMMOBILIERE VILLE DE PARIS RIVP,normalisation,"mêmes mots une fois accents, ponctuation et articles retirés : « REGIE IMMOBILIERE VILLE PARIS »"
REGIE IMMOBILIERE DE LA VILLE PARIS,REGIE IMMOBILIERE VILLE DE PARIS RIVP,normalisation,"mêmes mots une fois accents, ponctuation et articles retirés : « REGIE IMMOBILIERE VILLE PARIS »"
REGIE IMMOBILIERE VILLE DE PARIS,REGIE IMMOBILIERE VILLE DE PARIS RIVP,normalisation,"mêmes mots une fois accents, ponctuation et articles retirés : « REGIE IMMOBILIERE VILLE PARIS »"
REGIE IMMOBILIERE VILLE DE PARIS RIVP,REGIE IMMOBILIERE VILLE DE PARIS RIVP,jugement,Graphie tronquée de la Régie immobilière de la Ville de Paris (RIVP)
RIVP,REGIE IMMOBILIERE VILLE DE PARIS RIVP,jugement,RIVP = sigle de la Régie immobilière de la Ville de Paris
ASS REGION INSERTION ECONOMIQUE SOC,REGION INSERTION ECONOMIQUE SOC,jugement,"ASS = ASSOCIATION, même nom"
ASSOCIATION REGION INSERTION ECONOMIQUE SOC,REGION INSERTION ECONOMIQUE SOC,jugement,"même nom tronqué avec ou sans ASSOCIATION devant, montants continus"
REGION INSERTION ECONOMIQUE SOC,REGION INSERTION ECONOMIQUE SOC,jugement,"même nom tronqué avec ou sans ASSOCIATION devant, montants continus"
ASSOC REGIONALE DES CEMEA IDF,REGIONALE DES CEMEA IDF,jugement,"Même nom, ASSOC en plus."
REGIONALE DES CEMEA IDF,REGIONALE DES CEMEA IDF,jugement,"Même nom, ASSOC en plus."
LA REGULIERE,REGULIERE,normalisation,"mêmes mots une fois accents, ponctuation et articles retirés : « REGULIERE »"
REGULIERE,REGULIERE,normalisation,"mêmes mots une fois accents, ponctuation et articles retirés : « REGULIERE »"
LA RELEVE BARIOLEE,RELEVE BARIOLEE,normalisation,"mêmes mots une fois accents, ponctuation et articles retirés : « RELEVE BARIOLEE »"
RELEVE BARIOLEE,RELEVE BARIOLEE,normalisation,"mêmes mots une fois accents, ponctuation et articles retirés : « RELEVE BARIOLEE »"
LES RENCONTRES,RENCONTRES,normalisation,"mêmes mots une fois accents, ponctuation et articles retirés : « RENCONTRES »"
RENCONTRES,RENCONTRES,normalisation,"mêmes mots une fois accents, ponctuation et articles retirés : « RENCONTRES »"
RES ECHANGES RECIPROQUES SAVOIR 9EM,RES ECHANGES RECIPROQUES SAVOIR 9EM,troncature,nom coupé (« RES ECHANGES RECIPROQUES SAVOIR 9EM ») au milieu d'un mot = début de la seule graphie « RES ECHANGES RECIPROQUES SAVOIR 9EME »
RES ECHANGES RECIPROQUES SAVOIR 9EME,RES ECHANGES RECIPROQUES SAVOIR 9EM,troncature,nom coupé (« RES ECHANGES RECIPROQUES SAVOIR 9EM ») au milieu d'un mot = début de la seule graphie « RES ECHANGES RECIPROQUES SAVOIR 9EME »
REFER RESEAU FRANCILIEN DU REEMPLOI,RESEAU FRANCILIEN DU REEMPLOI,jugement,REFER = Réseau francilien du réemploi
RESEAU FRANCILIEN DU REEMPLOI,RESEAU FRANCILIEN DU REEMPLOI,jugement,REFER = Réseau francilien du réemploi
LA RESERVE DES ARTS,RESERVE DES ARTS,normalisation,"mêmes mots une fois accents, ponctuation et articles retirés : « RESERVE ARTS »"
RESERVE DES ARTS,RESERVE DES ARTS,normalisation,"mêmes mots une fois accents, ponctuation et articles retirés : « RESERVE ARTS »"
LA RESSOURCERIE CREATIVE,RESSOURCERIE CREATIVE,normalisation,"mêmes mots une fois accents, ponctuation et articles retirés : « RESSOURCERIE CREATIVE »"
RESSOURCERIE CREATIVE,RESSOURCERIE CREATIVE,normalisation,"mêmes mots une fois accents, ponctuation et articles retirés : « RESSOURCERIE CREATIVE »"
LA RESSOURCERIE DU SPECTACLE,RESSOURCERIE DU SPECTACLE,normalisation,"mêmes mots une fois accents, ponctuation et articles retirés : « RESSOURCERIE SPECTACLE »"
RESSOURCERIE DU SPECTACLE,RESSOURCERIE DU SPECTACLE,normalisation,"mêmes mots une fois accents, ponctuation et articles retirés : « RESSOURCERIE SPECTACLE »"
LES RESTAURANTS DU C UR,RESTAURANTS DU C UR,normalisation,"mêmes mots une fois accents, ponctuation et articles retirés : « RESTAURANTS C UR »"
RESTAURANTS DU C UR,RESTAURANTS DU C UR,normalisation,"mêmes mots une fois accents, ponctuation et articles retirés : « RESTAURANTS C UR »"
LES RESTAURANTS DU COEUR,RESTAURANTS DU COEUR,normalisation,"mêmes mots une fois accents, ponctuation et articles retirés : « RESTAURANTS COEUR »"
RESTAURANTS DU COEUR,RESTAURANTS DU COEUR,normalisation,"mêmes mots une fois accents, ponctuation et articles retirés : « RESTAURANTS COEUR »"
RETOUR D IMAGE,RETOUR D IMAGES,jugement,"Singulier/pluriel du même nom, une seule structure plausible."
RETOUR D IMAGES,RETOUR D IMAGES,jugement,"Singulier/pluriel du même nom, une seule structure plausible."
RETRAITE CONSEILLERS MUNICIPAUX PAR,RETRAITE CONSEILLERS MUNICIPAUX PARIS,troncature,nom coupé (« RETRAITE CONSEILLERS MUNICIPAUX PAR ») au milieu d'un mot = début de la seule graphie « RETRAITE CONSEILLERS MUNICIPAUX PARIS »
RETRAITE CONSEILLERS MUNICIPAUX PARIS,RETRAITE CONSEILLERS MUNICIPAUX PARIS,troncature,nom coupé (« RETRAITE CONSEILLERS MUNICIPAUX PAR ») au milieu d'un mot = début de la seule graphie « RETRAITE CONSEILLERS MUNICIPAUX PARIS »
SOC RET CONSE MUN PARIS CONS GEN SE,RETRAITE CONSEILLERS MUNICIPAUX PARIS,jugement,"Société de retraite des conseillers municipaux de Paris, abrégée"
DU RIFIFI AUX BATIGNOLLES,RIFIFI AUX BATIGNOLLES,normalisation,"mêmes mots une fois accents, ponctuation et articles retirés : « RIFIFI AUX BATIGNOLLES »"
RIFIFI AUX BATIGNOLLES,RIFIFI AUX BATIGNOLLES,normalisation,"mêmes mots une fois accents, ponctuation et articles retirés : « RIFIFI AUX BATIGNOLLES »"
LE RING DU 14EME ARRONDISSEMENT,RING DU 14E ARRONDISSEMENT,jugement,"Même nom, « LE » et 14EME/14E ; même arrondissement."
RING DU 14E ARRONDISSEMENT,RING DU 14E ARRONDISSEMENT,jugement,"Même nom, « LE » et 14EME/14E ; même arrondissement."
LE RIRE MEDECIN,RIRE MEDECIN,normalisation,"mêmes mots une fois accents, ponctuation et articles retirés : « RIRE MEDECIN »"
RIRE MEDECIN,RIRE MEDECIN,normalisation,"mêmes mots une fois accents, ponctuation et articles retirés : « RIRE MEDECIN »"
LES RIVAGES,RIVAGES,normalisation,"mêmes mots une fois accents, ponctuation et articles retirés : « RIVAGES »"
RIVAGES,RIVAGES,normalisation,"mêmes mots une fois accents, ponctuation et articles retirés : « RIVAGES »"
LA ROOKERIE,ROOKERIE,normalisation,"mêmes mots une fois accents, ponctuation et articles retirés : « ROOKERIE »"
ROOKERIE,ROOKERIE,normalisation,"mêmes mots une fois accents, ponctuation et articles retirés : « ROOKERIE »"
LA RUCHE DES ARTS,RUCHE DES ARTS,normalisation,"mêmes mots une fois accents, ponctuation et articles retirés : « RUCHE ARTS »"
RUCHE DES ARTS,RUCHE DES ARTS,normalisation,"mêmes mots une fois accents, ponctuation et articles retirés : « RUCHE ARTS »"
LA RUCHE DEVELOPPEMENT,RUCHE DEVELOPPEMENT,normalisation,"mêmes mots une fois accents, ponctuation et articles retirés : « RUCHE DEVELOPPEMENT »"
RUCHE DEVELOPPEMENT,RUCHE DEVELOPPEMENT,normalisation,"mêmes mots une fois accents, ponctuation et articles retirés : « RUCHE DEVELOPPEMENT »"
LES RUCHES POP,RUCHES POP,normalisation,"mêmes mots une fois accents, ponctuation et articles retirés : « RUCHES POP »"
RUCHES POP,RUCHES POP,normalisation,"mêmes mots une fois accents, ponctuation et articles retirés : « RUCHES POP »"
LA RUE BLANCHE,RUE BLANCHE,normalisation,"mêmes mots une fois accents, ponctuation et articles retirés : « RUE BLANCHE »"
RUE BLANCHE,RUE BLANCHE,normalisation,"mêmes mots une fois accents, ponctuation et articles retirés : « RUE BLANCHE »"
REGIE DE QUARTIER DU 19E,RÉGIE DE QUARTIER DU 19EME,jugement,"Régie de quartier du 19e, 19E/19EME"
RÉGIE DE QUARTIER DU 19EME,RÉGIE DE QUARTIER DU 19EME,jugement,"Régie de quartier du 19e, 19E/19EME"
S A P N A SOUTH ASIA PARIS NEW AR,S A P N A SOUTH ASIA PARIS NEW ART,troncature,nom coupé (« S.A.P.N.A. SOUTH ASIA PARIS NEW AR ») au milieu d'un mot = début de la seule graphie « S.A.P.N.A.(SOUTH ASIA PARIS NEW ART »
S A P N A SOUTH ASIA PARIS NEW ART,S A P N A SOUTH ASIA PARIS NEW ART,troncature,nom coupé (« S.A.P.N.A. SOUTH ASIA PARIS NEW AR ») au milieu d'un mot = début de la seule graphie « S.A.P.N.A.(SOUTH ASIA PARIS NEW ART »
SA D HLM TOIT ET JOIE,SA D HLM TOIT ET JOIE,jugement,"Toit et Joie, SA d'HLM, même nom"
TOIT ET JOIE,SA D HLM TOIT ET JOIE,jugement,"Toit et Joie, SA d'HLM, même nom"
SA IMMO MOULIN VERT SA HAB,SA IMMO MOULIN VERT SA HAB,jugement,"même SA d'HLM, nom coupé sur « loyer modéré »"
SA IMMO MOULIN VERT SA HAB LOYER MO,SA IMMO MOULIN VERT SA HAB,jugement,"même SA d'HLM, nom coupé sur « loyer modéré »"
LA SAINT LOUIS DE VAUGIRARD,SAINT LOUIS DE VAUGIRARD,normalisation,"mêmes mots une fois accents, ponctuation et articles retirés : « SAINT LOUIS VAUGIRARD »"
SAINT LOUIS DE VAUGIRARD,SAINT LOUIS DE VAUGIRARD,normalisation,"mêmes mots une fois accents, ponctuation et articles retirés : « SAINT LOUIS VAUGIRARD »"
LA SALESIENNE DE PARIS,SALESIENNE DE PARIS,normalisation,"mêmes mots une fois accents, ponctuation et articles retirés : « SALESIENNE PARIS »"
SALESIENNE DE PARIS,SALESIENNE DE PARIS,normalisation,"mêmes mots une fois accents, ponctuation et articles retirés : « SALESIENNE PARIS »"
SAMU SOCIAL,SAMU SOCIAL DE PARIS,jugement,"Samu social de Paris, graphie courte"
SAMU SOCIAL DE PARIS,SAMU SOCIAL DE PARIS,jugement,"Samu social de Paris, graphie courte"
LES SANS COU,SANS COU,normalisation,"mêmes mots une fois accents, ponctuation et articles retirés : « SANS COU »"
SANS COU,SANS COU,normalisation,"mêmes mots une fois accents, ponctuation et articles retirés : « SANS COU »"
BRIGADE DE SAPEURS POMPIERS DE PARIS,SAPEURS POMPIERS DE PARIS,normalisation,"mêmes mots une fois accents, ponctuation et articles retirés : « BRIGADE SAPEURS POMPIERS PARIS »"
BRIGADE SAPEURS POMPIERS DE PARIS,SAPEURS POMPIERS DE PARIS,normalisation,"mêmes mots une fois accents, ponctuation et articles retirés : « BRIGADE SAPEURS POMPIERS PARIS »"
SAPEURS POMPIERS DE PARIS,SAPEURS POMPIERS DE PARIS,jugement,"Brigade de sapeurs-pompiers de Paris, même unité de l'État"
SARL DES AUTEURS REALIS PRODUCT,SARL DES AUTEURS REALIS PRODUCT,jugement,"Même SARL, abrégée ou coupée ; séries d'années consécutives."
SARL DES AUTEURS REALISATEURS PRODU,SARL DES AUTEURS REALIS PRODUCT,jugement,"Même SARL, abrégée ou coupée ; séries d'années consécutives."
LA SCABREUSE,SCABREUSE,normalisation,"mêmes mots une fois accents, ponctuation et articles retirés : « SCABREUSE »"
SCABREUSE,SCABREUSE,normalisation,"mêmes mots une fois accents, ponctuation et articles retirés : « SCABREUSE »"
LA SCENE DES MUSES,SCENE DES MUSES,normalisation,"mêmes mots une fois accents, ponctuation et articles retirés : « SCENE MUSES »"
SCENE DES MUSES,SCENE DES MUSES,normalisation,"mêmes mots une fois accents, ponctuation et articles retirés : « SCENE MUSES »"
LA SCENE DU BALCON,SCENE DU BALCON,normalisation,"mêmes mots une fois accents, ponctuation et articles retirés : « SCENE BALCON »"
SCENE DU BALCON,SCENE DU BALCON,normalisation,"mêmes mots une fois accents, ponctuation et articles retirés : « SCENE BALCON »"
SCENE ET PUBLIC,SCENE ET PUBLIC,normalisation,"mêmes mots une fois accents, ponctuation et articles retirés : « SCENE PUBLIC »"
SCENE PUBLIC,SCENE ET PUBLIC,normalisation,"mêmes mots une fois accents, ponctuation et articles retirés : « SCENE PUBLIC »"
SCORP IO SOFT,SCORPIO SOFT,jugement,"Même nom, seule la ponctuation diffère."
SCORPIO SOFT,SCORPIO SOFT,jugement,"Même nom, seule la ponctuation diffère."
SDC 96 BD MASSENA 75013 PARIS,SDC 96 BD MASSENA 75013 PARIS,jugement,"Même syndicat de copropriété, même adresse, SDC/SYND COPR."
SYND COPR 96 BD MASSENA 75013 PAR,SDC 96 BD MASSENA 75013 PARIS,troncature,nom coupé (« SYND.COPR. 96 BD MASSENA 75013 PAR ») au milieu d'un mot = début de la seule graphie « SYND COPR 96 BD MASSENA 75013 PARIS »
SYND COPR 96 BD MASSENA 75013 PARIS,SDC 96 BD MASSENA 75013 PARIS,troncature,nom coupé (« SYND.COPR. 96 BD MASSENA 75013 PAR ») au milieu d'un mot = début de la seule graphie « SYND COPR 96 BD MASSENA 75013 PARIS »
SDC HORIZONTAL MASSENA,SDC HORIZONTAL MASSENA,jugement,"Même syndicat, « chez NCG » est l'adresse du syndic."
SDC HORIZONTAL MASSENA CHEZ NCG,SDC HORIZONTAL MASSENA,jugement,"Même syndicat, « chez NCG » est l'adresse du syndic."
SEINE ST DENIS TOURISME AGENCE DE,SEINE ST DENIS TOURISME AGENCE DE,jugement,"Même nom, ponctuation différente."
SEINESTDENIS TOURISME AGENCE DE,SEINE ST DENIS TOURISME AGENCE DE,jugement,"Même nom, ponctuation différente."
SEIZIEM ART,SEIZIEM ART,normalisation,"mêmes mots une fois accents, ponctuation et articles retirés : « SEIZIEM ART »"
SEIZIÈM ART,SEIZIEM ART,normalisation,"mêmes mots une fois accents, ponctuation et articles retirés : « SEIZIEM ART »"
SEMAEST,SEMAEST,jugement,SEMAEST = société d'économie mixte d'animation économique du secteur
SOC ECONOMIE MIXTE ANIM ECO SCE TER,SEMAEST,jugement,SEMAEST = société d'économie mixte d'animation économique du secteur
SEQENS STE A HABITAT LOYER MODERE,SEQENS STE A HABITATLOYER MODERE,jugement,"même nom, point de ponctuation en moins"
SEQENS STE A HABITATLOYER MODERE,SEQENS STE A HABITATLOYER MODERE,jugement,"même nom, point de ponctuation en moins"
SEQUENS SOLIDARITES,SEQUENS SOLIDARITES,jugement,"même société, mention « SOC ANONYME » ajoutée"
SEQUENS SOLIDARITES SOC ANONYME,SEQUENS SOLIDARITES,jugement,"même société, mention « SOC ANONYME » ajoutée"
LES SEROPOTES,SEROPOTES,normalisation,"mêmes mots une fois accents, ponctuation et articles retirés : « SEROPOTES »"
SEROPOTES,SEROPOTES,normalisation,"mêmes mots une fois accents, ponctuation et articles retirés : « SEROPOTES »"
LES SERRURIERS MAGIQUES,SERRURIERS MAGIQUES,normalisation,"mêmes mots une fois accents, ponctuation et articles retirés : « SERRURIERS MAGIQUES »"
SERRURIERS MAGIQUES,SERRURIERS MAGIQUES,normalisation,"mêmes mots une fois accents, ponctuation et articles retirés : « SERRURIERS MAGIQUES »"
LA SIERRA PROD,SIERRA PROD,normalisation,"mêmes mots une fois accents, ponctuation et articles retirés : « SIERRA PROD »"
SIERRA PROD,SIERRA PROD,normalisation,"mêmes mots une fois accents, ponctuation et articles retirés : « SIERRA PROD »"
SNCF GARES CONNEXION NUIT BLANCHE,SNCF GARES CONNEXION PARIS EN SEINE,jugement,"même société SNCF Gares & Connexions, mention d'événement"
SNCF GARES CONNEXION PARIS EN SEINE,SNCF GARES CONNEXION PARIS EN SEINE,jugement,"même société SNCF Gares & Connexions, mention d'événement"
SNCF GARES CONNEXIONS,SNCF GARES CONNEXION PARIS EN SEINE,jugement,"même société SNCF Gares & Connexions, mention d'événement"
RESEAU FERRE DE FRANCE,SNCF RESEAU,renommage,"RFF renommé SNCF Réseau au 1er janvier 2015 (loi n° 2014-872 du 4 août 2014), même EPIC, même SIREN 412 280 737"
SNCF RESEAU,SNCF RESEAU,renommage,"RFF renommé SNCF Réseau au 1er janvier 2015 (loi n° 2014-872 du 4 août 2014), même EPIC, même SIREN 412 280 737"
SOC HISTORIQUE ET ARCHEOLOGIQUE 15,SOC HISTORIQUE ET ARCHEOLOGIQUE 15,troncature,nom coupé (« SOC HISTORIQUE ET ARCHEOLOGIQUE 15 ») au milieu d'un mot = début de la seule graphie « SOC HISTORIQUE ET ARCHEOLOGIQUE 15ù »
SOC HISTORIQUE ET ARCHEOLOGIQUE 15U,SOC HISTORIQUE ET ARCHEOLOGIQUE 15,troncature,nom coupé (« SOC HISTORIQUE ET ARCHEOLOGIQUE 15 ») au milieu d'un mot = début de la seule graphie « SOC HISTORIQUE ET ARCHEOLOGIQUE 15ù »
SOC IMMO ECONOMIE MIXTE VILLE PARIS,SOC IMMO ECONOMIE MIXTE VILLE PARIS,jugement,"Même société immobilière d'économie mixte Ville de Paris, graphies abrégées"
SOC IMMOB ECONOMIE MIXTE VILLE PARI,SOC IMMO ECONOMIE MIXTE VILLE PARIS,jugement,"Même société immobilière d'économie mixte Ville de Paris, graphies abrégées"
SOCIETE D EXPLOITATION DE LA GAITE LYRIQUE,SOCIETE D EXPLOITATION DE LA GAITE LYRIQUE,jugement,"même société, SOCIETE/STE"
STE D EXPLOITATION DE LA GAITE LYRI,SOCIETE D EXPLOITATION DE LA GAITE LYRIQUE,jugement,"même société, SOCIETE/STE"
STE EXPLOITAT DE LA GAITE LYRIQUE,SOCIETE D EXPLOITATION DE LA GAITE LYRIQUE,jugement,"même société, abréviations différentes"
SOCIETE DE DIFFUSION AUDIO VISUELLE,SOCIETE DE DIFFUSION AUDIO VISUELLE,jugement,"Audio visuelle / audiovisuelle, même dénomination."
SOCIETE DE DIFFUSION AUDIOVISUELLE,SOCIETE DE DIFFUSION AUDIO VISUELLE,jugement,"Audio visuelle / audiovisuelle, même dénomination."
SOC REQUALICATION QUARTIERS ANCIENS,SOCIETE DE REQUALICATION,jugement,"Société de requalification des quartiers anciens, graphies abrégées"
SOCIETE DE REQUALICATION,SOCIETE DE REQUALICATION,jugement,"SOREQA, nom coupé, continuité des exercices 2020/2021"
STE REQUALICATION QUARTIER ANCIEN,SOCIETE DE REQUALICATION,jugement,"Société de requalification des quartiers anciens, graphies abrégées"
SOCIETE DES MEMBRES DE LA LEGION D HONNEUR,SOCIETE DES MEMBRES DE LA LEGION D HONNEUR,jugement,"Même nom complet, la seconde graphie ajoute seulement le sigle SMLH."
SOCIETE DES MEMBRES DE LA LEGION D HONNEUR SMLH,SOCIETE DES MEMBRES DE LA LEGION D HONNEUR,jugement,"Même nom complet, la seconde graphie ajoute seulement le sigle SMLH."
SOCIETE HISTORIQUE DU 6E,SOCIETE HISTORIQUE DU 6EME ARRDT,jugement,"6E = 6EME ARRDT, même société"
SOCIETE HISTORIQUE DU 6EME ARRDT,SOCIETE HISTORIQUE DU 6EME ARRDT,jugement,"6E = 6EME ARRDT, même société"
SOC PUBLIQUE LOCALE CARREAU TEMPLE,SOCIETE PUBLIQUE LOCALE LE CARREAU DU TEMPLE,jugement,"Société publique locale Le Carreau du Temple, graphie abrégée."
SOCIETE PUBLIQUE LOCALE DU CARREAU DU TEMPLE,SOCIETE PUBLIQUE LOCALE LE CARREAU DU TEMPLE,normalisation,"mêmes mots une fois accents, ponctuation et articles retirés : « SOCIETE PUBLIQUE LOCALE CARREAU TEMPLE »"
SOCIETE PUBLIQUE LOCALE LE CARREAU DU TEMPLE,SOCIETE PUBLIQUE LOCALE LE CARREAU DU TEMPLE,normalisation,"mêmes mots une fois accents, ponctuation et articles retirés : « SOCIETE PUBLIQUE LOCALE CARREAU TEMPLE »"
SOCIETE D HISTOIRE DES JUIFS DE TUN,SOCIÉTÉ D HISTOIRE DES JUIFS DE TUNISIE,jugement,"Même société, Tunisie coupé."
SOCIETE D HISTOIRE DES JUIFS DE TUNISIE SHJT,SOCIÉTÉ D HISTOIRE DES JUIFS DE TUNISIE,jugement,"Même société, Tunisie coupé."
SOCIÉTÉ D HISTOIRE DES JUIFS DE TUNISIE,SOCIÉTÉ D HISTOIRE DES JUIFS DE TUNISIE,jugement,"Même société, Tunisie coupé."
CENTRE SOCIAL SOLEIL BLAISE,SOLEIL BLAISE,jugement,"Centre social Soleil Blaise, même association, montant nul 2020"
SOLEIL BLAISE,SOLEIL BLAISE,jugement,"Centre social Soleil Blaise, même association, montant nul 2020"
ASS SOLIDARITE NOTRE DAME DE TANGER,SOLIDARITE NOTRE DAME DE TANGER,jugement,"même nom, ASS retiré"
ASSOCIATION SOLIDARITE NOTRE DAME DE TANGER,SOLIDARITE NOTRE DAME DE TANGER,jugement,ASS abrégé de ASSOCIATION
SOLIDARITE NOTRE DAME DE TANGER,SOLIDARITE NOTRE DAME DE TANGER,jugement,"même nom, ASS retiré"
CENTRE SOCIAL ET CULTUREL SOLIDARITE ROQUETTE,SOLIDARITE ROQUETTE,jugement,"même centre social, « et culturel » en plus"
CENTRE SOCIAL SOLIDARITE ROQUETTE,SOLIDARITE ROQUETTE,jugement,"Centre social Solidarité Roquette, même association."
SOLIDARITE ROQUETTE,SOLIDARITE ROQUETTE,jugement,"Centre social Solidarité Roquette, même association."
SOLIDARITE THERAP ET INITIATIVES,SOLIDARITE THERAP ET INITIATIVES,jugement,graphie tronquée de Solidarité thérapeutique et initiatives
SOLIDARITE THERAPEUT ET INITIATIVES,SOLIDARITE THERAP ET INITIATIVES,jugement,"variante d'abréviation, même association"
SOLIDARITE THERAPEUTIQ INITIATIVE,SOLIDARITE THERAP ET INITIATIVES,jugement,"graphie tronquée, même association"
SOLIDARITE THERAPEUTIQ INITIATIVE S,SOLIDARITE THERAP ET INITIATIVES,jugement,graphie tronquée de Solidarité thérapeutique et initiatives
SOLIDARITE NOUVELLE FACE AU CHOMAGE,SOLIDARITES NOUVELLES FACE AU CHOMAGE,jugement,"Même nom, faute de singulier"
SOLIDARITES NOUVELLES FACE AU CHOMA,SOLIDARITES NOUVELLES FACE AU CHOMAGE,troncature,nom coupé (« SOLIDARITES NOUVELLES FACE AU CHOMA ») au milieu d'un mot = début de la seule graphie « SOLIDARITES NOUVELLES FACE AU CHOMAGE »
SOLIDARITES NOUVELLES FACE AU CHOMAGE,SOLIDARITES NOUVELLES FACE AU CHOMAGE,troncature,nom coupé (« SOLIDARITES NOUVELLES FACE AU CHOMA ») au milieu d'un mot = début de la seule graphie « SOLIDARITES NOUVELLES FACE AU CHOMAGE »
SOLIDARITES NOUVELLES FACE CHOMAGE,SOLIDARITES NOUVELLES FACE AU CHOMAGE,jugement,"Même nom, article « au » en plus"
SOLIDARITES NOUVELLES POUR LE LOGEM,SOLIDARITES NOUVELLES POUR LE LOGEMENT SNL,troncature,nom coupé (« SOLIDARITES NOUVELLES POUR LE LOGEM ») au milieu d'un mot = début de la seule graphie « SOLIDARITES NOUVELLES POUR LE LOGEMENT (SNL) »
SOLIDARITES NOUVELLES POUR LE LOGEMENT SNL,SOLIDARITES NOUVELLES POUR LE LOGEMENT SNL,troncature,nom coupé (« SOLIDARITES NOUVELLES POUR LE LOGEM ») au milieu d'un mot = début de la seule graphie « SOLIDARITES NOUVELLES POUR LE LOGEMENT (SNL) »
LA SONNERIE HUMAINE,SONNERIE HUMAINE,normalisation,"mêmes mots une fois accents, ponctuation et articles retirés : « SONNERIE HUMAINE »"
SONNERIE HUMAINE,SONNERIE HUMAINE,normalisation,"mêmes mots une fois accents, ponctuation et articles retirés : « SONNERIE HUMAINE »"
SOS RACISME,SOS RACISME TOUCHE PAS MON POTE,jugement,"SOS Racisme - Touche pas à mon pote, même association"
SOS RACISME TOUCHE PAS MON POTE,SOS RACISME TOUCHE PAS MON POTE,jugement,"SOS Racisme - Touche pas à mon pote, même association"
LE SOUFFLE CLOWN,SOUFFLE CLOWN,normalisation,"mêmes mots une fois accents, ponctuation et articles retirés : « SOUFFLE CLOWN »"
SOUFFLE CLOWN,SOUFFLE CLOWN,normalisation,"mêmes mots une fois accents, ponctuation et articles retirés : « SOUFFLE CLOWN »"
LE SOULIER DES FOUGERES,SOULIER DES FOUGERES,normalisation,"mêmes mots une fois accents, ponctuation et articles retirés : « SOULIER FOUGERES »"
SOULIER DES FOUGERES,SOULIER DES FOUGERES,normalisation,"mêmes mots une fois accents, ponctuation et articles retirés : « SOULIER FOUGERES »"
SOURCE GAROUSTE PARIS,SOURCE GAROUSTE PARIS,jugement,"Même SIREN, La Source avec ou sans Garouste."
SOURCE PARIS,SOURCE GAROUSTE PARIS,jugement,"Même SIREN, La Source avec ou sans Garouste."
LE SOUVENIR FRANCAIS,SOUVENIR FRANCAIS,normalisation,"mêmes mots une fois accents, ponctuation et articles retirés : « SOUVENIR FRANCAIS »"
SOUVENIR FRANCAIS,SOUVENIR FRANCAIS,normalisation,"mêmes mots une fois accents, ponctuation et articles retirés : « SOUVENIR FRANCAIS »"
ASS SOUVENIR FUSILLE MT VALERIEN I,SOUVENIR FUSILLE MT VALERIEN I,jugement,"Même nom, ASS devant."
ASSOCIATION SOUVENIR FUSILLE MT VALERIEN I,SOUVENIR FUSILLE MT VALERIEN I,jugement,"Même nom, ASS abrégé."
SOUVENIR FUSILLE MT VALERIEN I,SOUVENIR FUSILLE MT VALERIEN I,jugement,"Même nom, ASS devant."
LES SPORTIFS VE S,SPORTIFS VE S,normalisation,"mêmes mots une fois accents, ponctuation et articles retirés : « SPORTIFS VE S »"
SPORTIFS VE S,SPORTIFS VE S,normalisation,"mêmes mots une fois accents, ponctuation et articles retirés : « SPORTIFS VE S »"
SPORTING CLUB UNIVERS FRANCE,SPORTING CLUB UNIVERS FRANCE,jugement,"SCUF = Sporting Club universitaire de France, nom coupé; SIREN porté par b"
SPORTING CLUB UNIVERSITAIRE DE FRANCE,SPORTING CLUB UNIVERS FRANCE,siren,"même SIREN 784714214 (dossiers votés), noms proches"
SPORTING CLUB UNIVERSITAIRE DE FRANCE SCUF,SPORTING CLUB UNIVERS FRANCE,siren,"même SIREN 784714214 (dossiers votés), noms proches"
ASS SPORTIVE JUDO CLUB BAUDRICOURT,SPORTIVE JUDO CLUB BAUDRICOURT,jugement,"même nom sans ASS, années contiguës"
ASSOCIATION SPORTIVE JUDO CLUB BAUDRICOURT,SPORTIVE JUDO CLUB BAUDRICOURT,jugement,"ASS = ASSOCIATION, même nom"
SPORTIVE JUDO CLUB BAUDRICOURT,SPORTIVE JUDO CLUB BAUDRICOURT,jugement,"même nom sans ASS, années contiguës"
LE SQUARE IMMOBILIER,SQUARE IMMOBILIER,normalisation,"mêmes mots une fois accents, ponctuation et articles retirés : « SQUARE IMMOBILIER »"
SQUARE IMMOBILIER,SQUARE IMMOBILIER,normalisation,"mêmes mots une fois accents, ponctuation et articles retirés : « SQUARE IMMOBILIER »"
ASSOCIATION DU STADE FRANCAIS,STADE FRANCAIS,jugement,"Stade Français, « ASSOCIATION DU » retiré"
STADE FRANCAIS,STADE FRANCAIS,jugement,"Stade Français, « ASSOCIATION DU » retiré"
ASSOC STARTING BLOCK,STARTING BLOCK,jugement,"« ASSOC » abrégé, même nom, années complémentaires"
ASSOCIATION STARTING BLOCK,STARTING BLOCK,jugement,"« ASSOC/ASSOCIATION » devant, même nom"
STARTING BLOCK,STARTING BLOCK,jugement,"« ASSOC » abrégé, même nom, années complémentaires"
SOLIDEO,STE LIVRAISON OUVRAGES OLYMPIQUES SOLIDEO,jugement,SOLIDEO = Société de livraison des ouvrages olympiques
STE LIVRAISON OUVRAGES OLYMPIQUES,STE LIVRAISON OUVRAGES OLYMPIQUES SOLIDEO,jugement,"SOLIDEO, même société"
STE LIVRAISON OUVRAGES OLYMPIQUES SOLIDEO,STE LIVRAISON OUVRAGES OLYMPIQUES SOLIDEO,jugement,"SOLIDEO, même société"
ASS STRATA J M,STRATA J M PARIS,jugement,"Strata'J'M, avec ou sans ASS/PARIS"
STRATA J M PARIS,STRATA J M PARIS,jugement,"Strata'J'M, avec ou sans ASS/PARIS"
LE STUDIO DES URSULINES,STUDIO DES URSULINES,normalisation,"mêmes mots une fois accents, ponctuation et articles retirés : « STUDIO URSULINES »"
STUDIO DES URSULINES,STUDIO DES URSULINES,normalisation,"mêmes mots une fois accents, ponctuation et articles retirés : « STUDIO URSULINES »"
SYNDICAT DU LOGT ET DE LA CONSOM PA,SYNDICAT DU LOGT ET DE LA CONSOM PARIS,troncature,nom coupé (« SYNDICAT DU LOGT ET DE LA CONSOM.PA ») au milieu d'un mot = début de la seule graphie « SYNDICAT DU LOGT ET DE LA CONSOM.PARIS »
SYNDICAT DU LOGT ET DE LA CONSOM PARIS,SYNDICAT DU LOGT ET DE LA CONSOM PARIS,troncature,nom coupé (« SYNDICAT DU LOGT ET DE LA CONSOM.PA ») au milieu d'un mot = début de la seule graphie « SYNDICAT DU LOGT ET DE LA CONSOM.PARIS »
SYNDICAT DU LOGT ET DE LA CONSOMPA,SYNDICAT DU LOGT ET DE LA CONSOM PARIS,jugement,"Même intitulé, seule la nature déclarée diffère."
AUTOLIB,SYNDICAT MIXTE AUTOLIB ET VELIB METROPOLE,jugement,Autolib' devenu syndicat Autolib' et Vélib' Métropole
AUTOLIB VELIB METROPOLE,SYNDICAT MIXTE AUTOLIB ET VELIB METROPOLE,jugement,"Syndicat mixte Autolib' et Vélib' Métropole, « SM » omis"
SM AUTOLIB ET VELIB METROPOLE,SYNDICAT MIXTE AUTOLIB ET VELIB METROPOLE,jugement,"Syndicat mixte Autolib' et Vélib' Métropole, « SM » omis"
SYND MIXTE AUTOLIB,SYNDICAT MIXTE AUTOLIB ET VELIB METROPOLE,jugement,"Même nom, « SYND » abrégé"
SYNDICAT MIXTE AUTOLIB,SYNDICAT MIXTE AUTOLIB ET VELIB METROPOLE,jugement,"Même nom, « SYND » abrégé"
SYNDICAT MIXTE AUTOLIB ET VELIB METROPOLE,SYNDICAT MIXTE AUTOLIB ET VELIB METROPOLE,jugement,"Syndicat mixte Autolib' et Vélib' Métropole, graphie abrégée"
SYNDICAT MIXTE AUTOLIB METROPOLE,SYNDICAT MIXTE AUTOLIB ET VELIB METROPOLE,jugement,"Syndicat mixte Autolib' rebaptisé « Métropole », même personne morale"
SYNDICAT NAT UNITAIRE INST PROF EC,SYNDICAT NAT UNITAIRE INST PROF ECO,troncature,nom coupé (« SYNDICAT NAT UNITAIRE INST PROF EC ») au milieu d'un mot = début de la seule graphie « SYNDICAT NAT UNITAIRE INST PROF ECO »
SYNDICAT NAT UNITAIRE INST PROF ECO,SYNDICAT NAT UNITAIRE INST PROF ECO,troncature,nom coupé (« SYNDICAT NAT UNITAIRE INST PROF EC ») au milieu d'un mot = début de la seule graphie « SYNDICAT NAT UNITAIRE INST PROF ECO »
LE SYSTEME D ECHANGE LOCAL DE PARIS,SYSTÈME D ECHANGE LOCAL DE PARIS,normalisation,"mêmes mots une fois accents, ponctuation et articles retirés : « SYSTEME ECHANGE LOCAL PARIS »"
SYSTÈME D ECHANGE LOCAL DE PARIS,SYSTÈME D ECHANGE LOCAL DE PARIS,normalisation,"mêmes mots une fois accents, ponctuation et articles retirés : « SYSTEME ECHANGE LOCAL PARIS »"
T RAIT R EFLET A CTION C ONTRASTE,T RAIT R EFLET A CTION C ONTRASTE,jugement,"Même intitulé, l'une coupée d'un « E » final."
T RAIT R EFLET A CTION C ONTRASTE E,T RAIT R EFLET A CTION C ONTRASTE,jugement,"Même intitulé, l'une coupée d'un « E » final."
LA TABLE DE CANA,TABLE DE CANA,normalisation,"mêmes mots une fois accents, ponctuation et articles retirés : « TABLE CANA »"
TABLE DE CANA,TABLE DE CANA,normalisation,"mêmes mots une fois accents, ponctuation et articles retirés : « TABLE CANA »"
LA TABLE DE CANA PARIS NORD OUEST,TABLE DE CANA PARIS NORD OUEST,normalisation,"mêmes mots une fois accents, ponctuation et articles retirés : « TABLE CANA PARIS NORD OUEST »"
TABLE DE CANA PARIS NORD OUEST,TABLE DE CANA PARIS NORD OUEST,normalisation,"mêmes mots une fois accents, ponctuation et articles retirés : « TABLE CANA PARIS NORD OUEST »"
LA TABLE DES MATIERES,TABLE DES MATIERES,normalisation,"mêmes mots une fois accents, ponctuation et articles retirés : « TABLE MATIERES »"
TABLE DES MATIERES,TABLE DES MATIERES,normalisation,"mêmes mots une fois accents, ponctuation et articles retirés : « TABLE MATIERES »"
LA TABLE DU RECHO,TABLE DU RECHO,normalisation,"mêmes mots une fois accents, ponctuation et articles retirés : « TABLE RECHO »"
TABLE DU RECHO,TABLE DU RECHO,normalisation,"mêmes mots une fois accents, ponctuation et articles retirés : « TABLE RECHO »"
LA TABLE OUVERTE,TABLE OUVERTE,normalisation,"mêmes mots une fois accents, ponctuation et articles retirés : « TABLE OUVERTE »"
TABLE OUVERTE,TABLE OUVERTE,normalisation,"mêmes mots une fois accents, ponctuation et articles retirés : « TABLE OUVERTE »"
LE TATOU THEATRE,TATOU THEATRE,normalisation,"mêmes mots une fois accents, ponctuation et articles retirés : « TATOU THEATRE »"
TATOU THEATRE,TATOU THEATRE,normalisation,"mêmes mots une fois accents, ponctuation et articles retirés : « TATOU THEATRE »"
LE TEMPS DES MOTS,TEMPS DES MOTS,normalisation,"mêmes mots une fois accents, ponctuation et articles retirés : « TEMPS MOTS »"
TEMPS DES MOTS,TEMPS DES MOTS,normalisation,"mêmes mots une fois accents, ponctuation et articles retirés : « TEMPS MOTS »"
LE TEMPS DES RUES,TEMPS DES RUES,normalisation,"mêmes mots une fois accents, ponctuation et articles retirés : « TEMPS RUES »"
TEMPS DES RUES,TEMPS DES RUES,normalisation,"mêmes mots une fois accents, ponctuation et articles retirés : « TEMPS RUES »"
TENNIS CLUB 11E AS ST BERNARD,TENNIS CLUB 11E AS ST BERNARD,jugement,"Même club, « AS » et « ST » abrégés ; même arrondissement (11e)."
TENNIS CLUB DU 11EME SAINT BERNARD,TENNIS CLUB 11E AS ST BERNARD,jugement,"Même club, « AS » et « ST » abrégés ; même arrondissement (11e)."
LA TERRASSE DU T3,TERRASSE DU T3,normalisation,"mêmes mots une fois accents, ponctuation et articles retirés : « TERRASSE T3 »"
TERRASSE DU T3,TERRASSE DU T3,normalisation,"mêmes mots une fois accents, ponctuation et articles retirés : « TERRASSE T3 »"
TERRE DE LIENS ILE DE FRANCE,TERRE DE LIENS ILE DE FRANCE,jugement,"Même nom, tirets omis."
TERRE DE LIENS ILEDEFRANCE,TERRE DE LIENS ILE DE FRANCE,jugement,"Même nom, tirets omis."
LA TEXTILERIE,TEXTILERIE,normalisation,"mêmes mots une fois accents, ponctuation et articles retirés : « TEXTILERIE »"
TEXTILERIE,TEXTILERIE,normalisation,"mêmes mots une fois accents, ponctuation et articles retirés : « TEXTILERIE »"
THE C40 CITIES CLIMATE LEADERSCHIP,THE C40 CITIES CLIMATE LEADERSHIP,jugement,"Même nom, faute de frappe LEADERSCHIP."
THE C40 CITIES CLIMATE LEADERSHIP,THE C40 CITIES CLIMATE LEADERSHIP,jugement,"Même nom, faute de frappe LEADERSCHIP."
LE THEATRE DE L HOMME,THEATRE DE L HOMME,normalisation,"mêmes mots une fois accents, ponctuation et articles retirés : « THEATRE HOMME »"
THEATRE DE L HOMME,THEATRE DE L HOMME,normalisation,"mêmes mots une fois accents, ponctuation et articles retirés : « THEATRE HOMME »"
LE THEATRE DE LA MICHODIERE,THEATRE DE LA MICHODIERE,normalisation,"mêmes mots une fois accents, ponctuation et articles retirés : « THEATRE MICHODIERE »"
THEATRE DE LA MICHODIERE,THEATRE DE LA MICHODIERE,normalisation,"mêmes mots une fois accents, ponctuation et articles retirés : « THEATRE MICHODIERE »"
LE THEATRE DE LA TEMPETE,THEATRE DE LA TEMPETE,normalisation,"mêmes mots une fois accents, ponctuation et articles retirés : « THEATRE TEMPETE »"
THEATRE DE LA TEMPETE,THEATRE DE LA TEMPETE,normalisation,"mêmes mots une fois accents, ponctuation et articles retirés : « THEATRE TEMPETE »"
LE THEATRE DU BOUT DU MONDE,THEATRE DU BOUT DU MONDE,normalisation,"mêmes mots une fois accents, ponctuation et articles retirés : « THEATRE BOUT MONDE »"
THEATRE DU BOUT DU MONDE,THEATRE DU BOUT DU MONDE,normalisation,"mêmes mots une fois accents, ponctuation et articles retirés : « THEATRE BOUT MONDE »"
LE THEATRE DU MANTOIS,THEATRE DU MANTOIS,normalisation,"mêmes mots une fois accents, ponctuation et articles retirés : « THEATRE MANTOIS »"
THEATRE DU MANTOIS,THEATRE DU MANTOIS,normalisation,"mêmes mots une fois accents, ponctuation et articles retirés : « THEATRE MANTOIS »"
CTRE NAL DRAMAT CONTEMP THEAT OUV,THEATRE OUVERT,jugement,"Centre national des dramaturgies contemporaines - Théâtre Ouvert, abrégé"
CTRE NATION DRAMATURG CONTEMPORAIN,THEATRE OUVERT,jugement,"Centre national des dramaturgies contemporaines - Théâtre Ouvert, abrégé"
THEATRE OUVERT,THEATRE OUVERT,jugement,"Théâtre Ouvert, centre dramatique national de création contemporaine, séries consécutives"
THEATRE SILVIA MONFORT,THEATRE SYLVIA MONFORT,renommage,"même théâtre (Paris 14e, nommé d'après Silvia Monfort) ; « SYLVIA » est la graphie de l'annexe 2010-2021 et 2024-2025, « SILVIA » celle de 2022-2023 ; subvention de fonctionnement suivie d'une année à l'autre"
THEATRE SYLVIA MONFORT,THEATRE SYLVIA MONFORT,renommage,"même théâtre (Paris 14e, nommé d'après Silvia Monfort) ; « SYLVIA » est la graphie de l'annexe 2010-2021 et 2024-2025, « SILVIA » celle de 2022-2023 ; subvention de fonctionnement suivie d'une année à l'autre"
LES TOILES ENCHANTEES,TOILES ENCHANTEES,normalisation,"mêmes mots une fois accents, ponctuation et articles retirés : « TOILES ENCHANTEES »"
TOILES ENCHANTEES,TOILES ENCHANTEES,normalisation,"mêmes mots une fois accents, ponctuation et articles retirés : « TOILES ENCHANTEES »"
LA TORNADE,TORNADE,normalisation,"mêmes mots une fois accents, ponctuation et articles retirés : « TORNADE »"
TORNADE,TORNADE,normalisation,"mêmes mots une fois accents, ponctuation et articles retirés : « TORNADE »"
DES TOURS AU JARDIN,TOURS AU JARDIN,normalisation,"mêmes mots une fois accents, ponctuation et articles retirés : « TOURS AU JARDIN »"
TOURS AU JARDIN,TOURS AU JARDIN,normalisation,"mêmes mots une fois accents, ponctuation et articles retirés : « TOURS AU JARDIN »"
LA TOUTE PETITE LIBRAIRIE,TOUTE PETITE LIBRAIRIE,normalisation,"mêmes mots une fois accents, ponctuation et articles retirés : « TOUTE PETITE LIBRAIRIE »"
TOUTE PETITE LIBRAIRIE,TOUTE PETITE LIBRAIRIE,normalisation,"mêmes mots une fois accents, ponctuation et articles retirés : « TOUTE PETITE LIBRAIRIE »"
TPG,TPG,normalisation,"mêmes mots une fois accents, ponctuation et articles retirés : « TPG »"
TPG SA,TPG,normalisation,"mêmes mots une fois accents, ponctuation et articles retirés : « TPG »"
TRACES RESEAU CLINIQUE INTERNATIO,TRACES RESEAU CLINIQUE INTERNATIO,troncature,nom coupé (« TRACES - RESEAU CLINIQUE INTERNATIO ») au milieu d'un mot = début de la seule graphie « TRACES RESEAU CLINIQUE INTERNATION »
TRACES RESEAU CLINIQUE INTERNATION,TRACES RESEAU CLINIQUE INTERNATIO,troncature,nom coupé (« TRACES - RESEAU CLINIQUE INTERNATIO ») au milieu d'un mot = début de la seule graphie « TRACES RESEAU CLINIQUE INTERNATION »
LES TRAILERS DE PARIS ILE DE FRANC,TRAILERS DE PARIS ILE DE FRANC,normalisation,"mêmes mots une fois accents, ponctuation et articles retirés : « TRAILERS PARIS ILE FRANC »"
TRAILERS DE PARIS ILE DE FRANC,TRAILERS DE PARIS ILE DE FRANC,normalisation,"mêmes mots une fois accents, ponctuation et articles retirés : « TRAILERS PARIS ILE FRANC »"
LA TRANSPLANISPHERE,TRANSPLANISPHERE,normalisation,"mêmes mots une fois accents, ponctuation et articles retirés : « TRANSPLANISPHERE »"
TRANSPLANISPHERE,TRANSPLANISPHERE,normalisation,"mêmes mots une fois accents, ponctuation et articles retirés : « TRANSPLANISPHERE »"
ASS TRAVAILLEURS MAGHREBINS FRANCE,TRAVAILLEURS MAGHREBINS FRANCE,jugement,"ASS = ASSOCIATION, même nom"
ASSOCIATION TRAVAILLEURS MAGHREBINS FRANCE,TRAVAILLEURS MAGHREBINS FRANCE,jugement,"ASS = ASSOCIATION, même nom"
TRAVAILLEURS MAGHREBINS FRANCE,TRAVAILLEURS MAGHREBINS FRANCE,jugement,"ASS = ASSOCIATION, même nom"
LA TRAVERSE,TRAVERSE,normalisation,"mêmes mots une fois accents, ponctuation et articles retirés : « TRAVERSE »"
TRAVERSE,TRAVERSE,normalisation,"mêmes mots une fois accents, ponctuation et articles retirés : « TRAVERSE »"
TRESORERIE CENTRE ACTION SOCIALE PA,TRESORERIE CENTRE ACTION SOCIALE PA,jugement,"Trésorerie du centre d'action sociale de la Ville de Paris, coupé"
TRESORERIE DE CENTRE D ACTION SOCIA,TRESORERIE CENTRE ACTION SOCIALE PA,jugement,"Trésorerie du centre d'action sociale de la Ville de Paris, coupé"
LE TRUC MECANIQUE,TRUC MECANIQUE,normalisation,"mêmes mots une fois accents, ponctuation et articles retirés : « TRUC MECANIQUE »"
TRUC MECANIQUE,TRUC MECANIQUE,normalisation,"mêmes mots une fois accents, ponctuation et articles retirés : « TRUC MECANIQUE »"
ASSOCIATION DES TUNISIENS EN FRANCE,TUNISIENS EN FRANCE,jugement,même nom sans « association »
TUNISIENS EN FRANCE,TUNISIENS EN FRANCE,jugement,même nom sans « association »
PASSEURS D ARTS,TUTTI PASSEURS D ARTS,siren,"même SIREN 753067719 (dossiers votés), noms proches"
TUTTI PASSEURS D ARTS,TUTTI PASSEURS D ARTS,siren,"même SIREN 753067719 (dossiers votés), noms proches"
UN BALLON POUR L INSERTION,UN BALLON POUR L INSERTION,jugement,"Même association, séries d'années successives sans chevauchement, suffixe ajouté ou retiré."
UN BALLON POUR L INSERTION CLO,UN BALLON POUR L INSERTION,jugement,"Même nom, coupé différemment, séries d'années successives."
UN BALLON POUR L INSERTION CLO PARI,UN BALLON POUR L INSERTION,jugement,"Même association, séries d'années successives sans chevauchement, suffixe ajouté ou retiré."
LA CHORBA POUR TOUS,UNE CHORBA POUR TOUS,jugement,"Même association, article « La » ou « Une » selon la saisie"
UNE CHORBA POUR TOUS,UNE CHORBA POUR TOUS,jugement,"Même association, article « La » ou « Une » selon la saisie"
UNE GOUTTE D ORGANISATION PRODUC,UNE GOUTTE ORGANISATION PRODUCTION,jugement,"Même nom, coupure et « D » en moins."
UNE GOUTTE D ORGANISATION PRODUCT,UNE GOUTTE ORGANISATION PRODUCTION,jugement,"Même nom, coupure et « D » en moins."
UNE GOUTTE D ORGANISATION PRODUCTIO,UNE GOUTTE ORGANISATION PRODUCTION,jugement,"Même nom, coupure et « D » en moins."
UNE GOUTTE ORGANISATION PRODUCTION,UNE GOUTTE ORGANISATION PRODUCTION,troncature,nom coupé (« UNE GOUTTE ORGANISATION PRODUCTION ») au milieu d'un mot = début de la seule graphie « UNE GOUTTE ORGANISATION PRODUCTIONS »
UNE GOUTTE ORGANISATION PRODUCTIONS,UNE GOUTTE ORGANISATION PRODUCTION,troncature,nom coupé (« UNE GOUTTE ORGANISATION PRODUCTION ») au milieu d'un mot = début de la seule graphie « UNE GOUTTE ORGANISATION PRODUCTIONS »
D UNE OREILLE A L AUTRE,UNE OREILLE A L AUTRE,normalisation,"mêmes mots une fois accents, ponctuation et articles retirés : « UNE OREILLE A AUTRE »"
UNE OREILLE A L AUTRE,UNE OREILLE A L AUTRE,normalisation,"mêmes mots une fois accents, ponctuation et articles retirés : « UNE OREILLE A AUTRE »"
UNI FR ASS COMB VICT GUER LOC PAR 1,UNI FR ASS COMB VICT GUER LOC PAR 18E,troncature,nom coupé (« UNI FR ASS COMB VICT GUER LOC PAR 1 ») au milieu d'un mot = début de la seule graphie « UNI FR ASS COMB VICT GUER LOC PAR 18E »
UNI FR ASS COMB VICT GUER LOC PAR 18E,UNI FR ASS COMB VICT GUER LOC PAR 18E,troncature,nom coupé (« UNI FR ASS COMB VICT GUER LOC PAR 1 ») au milieu d'un mot = début de la seule graphie « UNI FR ASS COMB VICT GUER LOC PAR 18E »
UNION AMIC MEMOIRE MONDE COMBAT VIC,UNION AMIC MEMOIRE MONDE COMBAT VICTIM,troncature,nom coupé (« UNION AMIC MEMOIRE MONDE COMBAT VIC ») au milieu d'un mot = début de la seule graphie « UNION AMIC MEMOIRE MONDE COMBAT VICTIM »
UNION AMIC MEMOIRE MONDE COMBAT VICTIM,UNION AMIC MEMOIRE MONDE COMBAT VICTIM,troncature,nom coupé (« UNION AMIC MEMOIRE MONDE COMBAT VIC ») au milieu d'un mot = début de la seule graphie « UNION AMIC MEMOIRE MONDE COMBAT VICTIM »
UNION DEPARTE ASS FAMILIAL PARIS,UNION DEPARTE ASSOCIATION FAMILIAL PARIS,jugement,"UDAF de Paris, même graphie abrégée, années successives"
UNION DEPARTE ASSOCIATION FAMILIAL PARIS,UNION DEPARTE ASSOCIATION FAMILIAL PARIS,jugement,"UDAF de Paris, nom tronqué/abrégé, séries d'années consécutives"
UNION DEPARTEMEN ASS FAMILIAL PARIS,UNION DEPARTE ASSOCIATION FAMILIAL PARIS,jugement,"UDAF de Paris, nom tronqué/abrégé, séries d'années consécutives"
UNION DEPARTEMENTALE ASS FAMILIAL P,UNION DEPARTE ASSOCIATION FAMILIAL PARIS,jugement,"UDAF de Paris, « P » = Paris tronqué, années successives"
UNION DEPARTEMENTALE DES ASSOCIATIONS FAMILIALES,UNION DEPARTE ASSOCIATION FAMILIAL PARIS,jugement,"UDAF de Paris, graphie abrégée."
UNION DEPARTEMENTALE CFE CGC DE PARIS,UNION DEPARTEMENTALE CFE CGC DE PARIS,jugement,"Union départementale CFE-CGC de Paris, ordre des mots"
UNION DEPARTEMENTALE DE PARIS CFE C,UNION DEPARTEMENTALE CFE CGC DE PARIS,jugement,"CFE-CGC, même union départementale, graphie différente"
UNION DEPARTEMENTALE PARIS CFE CGC,UNION DEPARTEMENTALE CFE CGC DE PARIS,jugement,"CFE-CGC, même union départementale, graphie différente"
UNION DEPARTEMENTALE PARIS CFECGC,UNION DEPARTEMENTALE CFE CGC DE PARIS,jugement,"CFE-CGC, même union départementale, graphie différente"
UNION DES SYNDICATS CGT DE PARIS,UNION DES SYNDICATS CGT DE PARIS,normalisation,"mêmes mots une fois accents, ponctuation et articles retirés : « UNION SYNDICATS CGT PARIS »"
UNION SYNDICATS CGT PARIS,UNION DES SYNDICATS CGT DE PARIS,normalisation,"mêmes mots une fois accents, ponctuation et articles retirés : « UNION SYNDICATS CGT PARIS »"
UNION DES ETUDIANTS JUIFS DE FRA,UNION ETUDIANT JUIFS DE FRANCE,jugement,"Union des étudiants juifs de France, même intitulé coupé."
UNION ETUDIANT JUIFS DE FRANCE,UNION ETUDIANT JUIFS DE FRANCE,jugement,"Union des étudiants juifs de France, même intitulé coupé."
UNION FED INTERV STRUCT CULTUR,UNION FED INTERV STRUCT CULTUR,jugement,"même nom, abréviations"
UNION FED INTERVE STRUCTURES CULTUR,UNION FED INTERV STRUCT CULTUR,jugement,"même nom, abréviations"
UNION FEDE D INTER DES STRUC CULT,UNION FED INTERV STRUCT CULTUR,jugement,"même nom, abréviations"
UNION DES INSTITUTIONS SOCIALES,UNION INSTITUTIONS SOCIALES,normalisation,"mêmes mots une fois accents, ponctuation et articles retirés : « UNION INSTITUTIONS SOCIALES »"
UNION INSTITUTIONS SOCIALES,UNION INSTITUTIONS SOCIALES,normalisation,"mêmes mots une fois accents, ponctuation et articles retirés : « UNION INSTITUTIONS SOCIALES »"
ASSO UNION INTERPROF RUE CLER GRENE,UNION INTERPROF RUE CLER GRENE,jugement,"même nom, avec ou sans « ASSO »"
ASSOCIATION UNION INTERPROF RUE CLER GRENE,UNION INTERPROF RUE CLER GRENE,jugement,"même nom, « ASSO » devant"
UNION INTERPROF RUE CLER GRENE,UNION INTERPROF RUE CLER GRENE,jugement,"même nom, avec ou sans « ASSO »"
UNION INTERPROFESSIONNELLE RUE CLER,UNION INTERPROF RUE CLER GRENE,jugement,"même union interprofessionnelle de la rue Cler, nom abrégé"
UNION NAT ASS PARE ENFAN DEFIC AUD,UNION NAT ASS PARE ENFAN DEFIC AUDI,troncature,nom coupé (« UNION NAT ASS PARE ENFAN DEFIC AUD ») au milieu d'un mot = début de la seule graphie « UNION NAT ASS PARE ENFAN DEFIC AUDI »
UNION NAT ASS PARE ENFAN DEFIC AUDI,UNION NAT ASS PARE ENFAN DEFIC AUDI,troncature,nom coupé (« UNION NAT ASS PARE ENFAN DEFIC AUD ») au milieu d'un mot = début de la seule graphie « UNION NAT ASS PARE ENFAN DEFIC AUDI »
UNION NAT CTRES SPORTIFS PLEIN AIR,UNION NAT CTRES SPORTIFS PLEIN AIR,jugement,"Même nom, NAT abrégé de NATIONALE."
UNION NATIONALE CTRES SPORTIFS PLEI,UNION NAT CTRES SPORTIFS PLEIN AIR,jugement,"Même nom, NAT abrégé de NATIONALE."
UNION NATIONALE COMBATTANTS,UNION NATIONALE DES COMBATTANTS,normalisation,"mêmes mots une fois accents, ponctuation et articles retirés : « UNION NATIONALE COMBATTANTS »"
UNION NATIONALE DES COMBATTANTS,UNION NATIONALE DES COMBATTANTS,normalisation,"mêmes mots une fois accents, ponctuation et articles retirés : « UNION NATIONALE COMBATTANTS »"
UNION NATIONALE PREVENTION DU SUICI,UNION NATIONALE PREVENTION DU SUICIDE,troncature,nom coupé (« UNION NATIONALE PREVENTION DU SUICI ») au milieu d'un mot = début de la seule graphie « UNION NATIONALE PREVENTION DU SUICIDE »
UNION NATIONALE PREVENTION DU SUICIDE,UNION NATIONALE PREVENTION DU SUICIDE,troncature,nom coupé (« UNION NATIONALE PREVENTION DU SUICI ») au milieu d'un mot = début de la seule graphie « UNION NATIONALE PREVENTION DU SUICIDE »
UNION REG HABITAT JEUNES IDFRANCE,UNION REG HABITAT JEUNES IDFRANCE,jugement,"Union régionale pour l'habitat des jeunes Île-de-France, abrégée"
UNION REGIONALE POUR L HABITAT DES,UNION REG HABITAT JEUNES IDFRANCE,jugement,"Union régionale pour l'habitat des jeunes Île-de-France, abrégée"
UNION SPORTIVE DES BRETONS DE,UNION SPORTIVE DES BRETONS DE PARIS,jugement,"nom coupé, seule suite plausible « de Paris »"
UNION SPORTIVE DES BRETONS DE PARIS,UNION SPORTIVE DES BRETONS DE PARIS,jugement,"nom coupé, seule suite plausible « de Paris »"
UNION SPORTIVE ENSEIGN 1ER DEGRE P,UNION SPORTIVE ENSEIGN 1ER DEGRE PARIS,troncature,nom coupé (« UNION SPORTIVE ENSEIGN. 1ER DEGRE P ») au milieu d'un mot = début de la seule graphie « UNION SPORTIVE ENSEIGN 1ER DEGRE PARIS »
UNION SPORTIVE ENSEIGN 1ER DEGRE PARIS,UNION SPORTIVE ENSEIGN 1ER DEGRE PARIS,troncature,nom coupé (« UNION SPORTIVE ENSEIGN. 1ER DEGRE P ») au milieu d'un mot = début de la seule graphie « UNION SPORTIVE ENSEIGN 1ER DEGRE PARIS »
UNION SYNDICALE SOLIDAIRES DE PARIS,UNION SYNDICALE SOLIDAIRES PARIS,normalisation,"mêmes mots une fois accents, ponctuation et articles retirés : « UNION SYNDICALE SOLIDAIRES PARIS »"
UNION SYNDICALE SOLIDAIRES PARIS,UNION SYNDICALE SOLIDAIRES PARIS,normalisation,"mêmes mots une fois accents, ponctuation et articles retirés : « UNION SYNDICALE SOLIDAIRES PARIS »"
UNIR UNIVERSITES ET REFUGIE E S,UNIR UNIVERSITES ET REFUGIEES,jugement,"Même nom, graphie différente"
UNIR UNIVERSITES ET REFUGIEES,UNIR UNIVERSITES ET REFUGIEES,jugement,"Même nom, graphie différente"
ASSOCIATION UNIVERSAL LOVE,UNIVERSAL LOVE,jugement,même nom avec ou sans ASSOCIATION
UNIVERSAL LOVE,UNIVERSAL LOVE,jugement,même nom avec ou sans ASSOCIATION
UNIVERSITE DE PARIS 5 RENE DESCARTE,UNIVERSITE PARIS 5 RENE DESCARTES,jugement,"même université, graphie avec ou sans « DE » et « S » final"
UNIVERSITE PARIS 5 RENE DESCARTES,UNIVERSITE PARIS 5 RENE DESCARTES,jugement,"même université, graphie avec ou sans « DE » et « S » final"
UNIVERSITE DE PARIS,UNIVERSITE PARIS CITE,jugement,"Université de Paris a été renommée Université Paris Cité en 2022, même établissement, exercices consécutifs sans recouvrement"
UNIVERSITE PARIS CITE,UNIVERSITE PARIS CITE,jugement,"Université de Paris a été renommée Université Paris Cité en 2022, même établissement, exercices consécutifs sans recouvrement"
UNIVERSITE PARIS III SORBONNE,UNIVERSITE PARIS III SORBONNE,jugement,"nom coupé à 35 caractères, même université"
UNIVERSITE PARIS III SORBONNE NOUVE,UNIVERSITE PARIS III SORBONNE,jugement,"nom coupé à 35 caractères, même université"
ASSOCIATION URBANISME ET DEMOCRATIE,URBANISME ET DEMOCRATIE,jugement,"Même nom, « Association » devant ; SIREN sur l'une des graphies"
URBANISME ET DEMOCRATIE,URBANISME ET DEMOCRATIE,jugement,"Même nom, « Association » devant ; SIREN sur l'une des graphies"
L USAGE DU MONDE AU 21E SIECLE,USAGE DU MONDE AU 21E SIECLE,normalisation,"mêmes mots une fois accents, ponctuation et articles retirés : « USAGE MONDE AU 21E SIECLE »"
USAGE DU MONDE AU 21E SIECLE,USAGE DU MONDE AU 21E SIECLE,normalisation,"mêmes mots une fois accents, ponctuation et articles retirés : « USAGE MONDE AU 21E SIECLE »"
ASSOCIATION DES USAGERS DES TRANSPO,USAGERS DES TRANSPO,jugement,"Même nom, mot ASSOCIATION initial absent."
USAGERS DES TRANSPO,USAGERS DES TRANSPO,jugement,"Même nom, mot ASSOCIATION initial absent."
L USINE A LIEGES,USINE A LIEGES,normalisation,"mêmes mots une fois accents, ponctuation et articles retirés : « USINE A LIEGES »"
USINE A LIEGES,USINE A LIEGES,normalisation,"mêmes mots une fois accents, ponctuation et articles retirés : « USINE A LIEGES »"
OEUVRE NOUVEL CRECH PARISIENNE,UVRE NOUVELLE DES CRECHES PARISIENNES,jugement,"Œuvre nouvelle des crèches parisiennes, abrégée"
UVRE NOUVELLE DES CRECHES PARISIENNES,UVRE NOUVELLE DES CRECHES PARISIENNES,jugement,"Œuvre nouvelle des crèches parisiennes, abrégée"
LA VAGUE A L AME,VAGUE A L AME,normalisation,"mêmes mots une fois accents, ponctuation et articles retirés : « VAGUE A AME »"
VAGUE A L AME,VAGUE A L AME,normalisation,"mêmes mots une fois accents, ponctuation et articles retirés : « VAGUE A AME »"
LES VALSEURS,VALSEURS,normalisation,"mêmes mots une fois accents, ponctuation et articles retirés : « VALSEURS »"
VALSEURS,VALSEURS,normalisation,"mêmes mots une fois accents, ponctuation et articles retirés : « VALSEURS »"
LES VAROIS DE PARIS,VAROIS DE PARIS,normalisation,"mêmes mots une fois accents, ponctuation et articles retirés : « VAROIS PARIS »"
VAROIS DE PARIS,VAROIS DE PARIS,normalisation,"mêmes mots une fois accents, ponctuation et articles retirés : « VAROIS PARIS »"
DU VERT EN BOCAL,VERT EN BOCAL,normalisation,"mêmes mots une fois accents, ponctuation et articles retirés : « VERT EN BOCAL »"
VERT EN BOCAL,VERT EN BOCAL,normalisation,"mêmes mots une fois accents, ponctuation et articles retirés : « VERT EN BOCAL »"
LES VETERANS DU PARIS HOCKEY CLUB,VETERANS DU PARIS HOCKEY CLUB,normalisation,"mêmes mots une fois accents, ponctuation et articles retirés : « VETERANS PARIS HOCKEY CLUB »"
VETERANS DU PARIS HOCKEY CLUB,VETERANS DU PARIS HOCKEY CLUB,normalisation,"mêmes mots une fois accents, ponctuation et articles retirés : « VETERANS PARIS HOCKEY CLUB »"
ASSOCIATION LA VIE BREVE,VIE BREVE,jugement,"même nom, « ASSOCIATION » retiré"
LA VIE BREVE,VIE BREVE,normalisation,"mêmes mots une fois accents, ponctuation et articles retirés : « VIE BREVE »"
VIE BREVE,VIE BREVE,normalisation,"mêmes mots une fois accents, ponctuation et articles retirés : « VIE BREVE »"
LE VILLAGE DE LEVIS,VILLAGE DE LEVIS,normalisation,"mêmes mots une fois accents, ponctuation et articles retirés : « VILLAGE LEVIS »"
VILLAGE DE LEVIS,VILLAGE DE LEVIS,normalisation,"mêmes mots une fois accents, ponctuation et articles retirés : « VILLAGE LEVIS »"
LE VILLAGE LOSSERAND PORTE DE VAN,VILLAGE LOSSERAND PORTE DE VAN,normalisation,"mêmes mots une fois accents, ponctuation et articles retirés : « VILLAGE LOSSERAND PORTE VAN »"
VILLAGE LOSSERAND PORTE DE VAN,VILLAGE LOSSERAND PORTE DE VAN,normalisation,"mêmes mots une fois accents, ponctuation et articles retirés : « VILLAGE LOSSERAND PORTE VAN »"
LES VILLAGES DE MOUFFETARD,VILLAGES DE MOUFFETARD,normalisation,"mêmes mots une fois accents, ponctuation et articles retirés : « VILLAGES MOUFFETARD »"
VILLAGES DE MOUFFETARD,VILLAGES DE MOUFFETARD,normalisation,"mêmes mots une fois accents, ponctuation et articles retirés : « VILLAGES MOUFFETARD »"
VILOGIA SA D HLM,VILOGIA SOCIETE ANONYME D HLM,jugement,"SOCIETE ANONYME D HLM = SA D HLM, même bailleur"
VILOGIA SOCIETE ANONYME D HLM,VILOGIA SOCIETE ANONYME D HLM,jugement,"SOCIETE ANONYME D HLM = SA D HLM, même bailleur"
LA VITRINE DES ARTISTES,VITRINE DES ARTISTES,normalisation,"mêmes mots une fois accents, ponctuation et articles retirés : « VITRINE ARTISTES »"
VITRINE DES ARTISTES,VITRINE DES ARTISTES,normalisation,"mêmes mots une fois accents, ponctuation et articles retirés : « VITRINE ARTISTES »"
LA VOIE DE LA LUNE,VOIE DE LA LUNE,normalisation,"mêmes mots une fois accents, ponctuation et articles retirés : « VOIE LUNE »"
VOIE DE LA LUNE,VOIE DE LA LUNE,normalisation,"mêmes mots une fois accents, ponctuation et articles retirés : « VOIE LUNE »"
LE WAGON ALUMNI,WAGON ALUMNI,normalisation,"mêmes mots une fois accents, ponctuation et articles retirés : « WAGON ALUMNI »"
WAGON ALUMNI,WAGON ALUMNI,normalisation,"mêmes mots une fois accents, ponctuation et articles retirés : « WAGON ALUMNI »"
WOMEN ENGAGE FOR A COMMON,WOMEN ENGAGE FOR A COMMON,jugement,Women in Europe for a Common Future renommée Women Engage for a Common Future
WOMEN IN EUR FOR A COMMON FUTURE,WOMEN ENGAGE FOR A COMMON,jugement,Women in Europe for a Common Future renommée Women Engage for a Common Future
L YEUSE,YEUSE,normalisation,"mêmes mots une fois accents, ponctuation et articles retirés : « YEUSE »"
YEUSE,YEUSE,normalisation,"mêmes mots une fois accents, ponctuation et articles retirés : « YEUSE »"
LES YEUX DE L OUIE,YEUX DE L OUIE,normalisation,"mêmes mots une fois accents, ponctuation et articles retirés : « YEUX OUIE »"
YEUX DE L OUIE,YEUX DE L OUIE,normalisation,"mêmes mots une fois accents, ponctuation et articles retirés : « YEUX OUIE »"
ECOLE D ART MUSICAL,ÉCOLE D ART MUSICAL,normalisation,"mêmes mots une fois accents, ponctuation et articles retirés : « ECOLE ART MUSICAL »"
ÉCOLE D ART MUSICAL,ÉCOLE D ART MUSICAL,normalisation,"mêmes mots une fois accents, ponctuation et articles retirés : « ECOLE ART MUSICAL »"
REGIE ECOLE SUP PHYSIQUE CHIMIE IND,ÉCOLE SUPÉRIEURE DE PHYSIQUE ET DE CHIMIE INDUSTRIELLES DE LA VILLE DE PARIS,jugement,"ESPCI, régie de la Ville, graphie abrégée"
ÉCOLE SUPÉRIEURE DE PHYSIQUE ET DE CHIMIE INDUSTRIELLES DE LA VILLE DE PARIS,ÉCOLE SUPÉRIEURE DE PHYSIQUE ET DE CHIMIE INDUSTRIELLES DE LA VILLE DE PARIS,jugement,"ESPCI, régie de la Ville, graphie abrégée"
ETABLISSEMENT FRANCAIS DU SANG,ÉTABLISSEMENT FRANÇAIS DU SANG,normalisation,"mêmes mots une fois accents, ponctuation et articles retirés : « ETABLISSEMENT FRANCAIS SANG »"
ÉTABLISSEMENT FRANÇAIS DU SANG,ÉTABLISSEMENT FRANÇAIS DU SANG,normalisation,"mêmes mots une fois accents, ponctuation et articles retirés : « ETABLISSEMENT FRANCAIS SANG »"
